# Drone swarm trace: 3 drones, 10002 events
# system_processes: Drone1|Drone2|Drone3
eid,processes,vc,timestamp,props,event_type,msg_partner
init_Drone1,Drone1,Drone1:1;Drone2:0;Drone3:0,0.0,idle,local,
init_Drone2,Drone2,Drone1:0;Drone2:1;Drone3:0,0.0,idle,local,
init_Drone3,Drone3,Drone1:0;Drone2:0;Drone3:1,0.0,idle,local,
Drone3_e2,Drone3,Drone1:0;Drone2:0;Drone3:2,0.1112,idle,send,Drone2
Drone1_e2,Drone1,Drone1:2;Drone2:0;Drone3:0,0.2192,idle,local,
Drone3_e3,Drone3,Drone1:0;Drone2:0;Drone3:3,0.1692,idle,send,Drone2
Drone1_e3,Drone1,Drone1:3;Drone2:0;Drone3:0,0.4095,idle,send,Drone2
Drone3_e4,Drone3,Drone1:0;Drone2:0;Drone3:4,0.3554,idle,local,
Drone1_e4,Drone1,Drone1:4;Drone2:0;Drone3:0,0.5290,idle,local,
Drone1_e5,Drone1,Drone1:5;Drone2:0;Drone3:0,0.6189,idle,local,
Drone2_e2,Drone2,Drone1:0;Drone2:2;Drone3:2,0.2151,idle,receive,Drone3
Drone2_e3,Drone2,Drone1:3;Drone2:3;Drone3:2,0.4837,idle,receive,Drone1
Drone2_e4,Drone2,Drone1:3;Drone2:4;Drone3:2,0.7354,idle,local,
Drone3_e5,Drone3,Drone1:0;Drone2:0;Drone3:5,0.4366,idle,local,
Drone2_e5,Drone2,Drone1:3;Drone2:5;Drone3:3,0.9928,idle,receive,Drone3
Drone3_e6,Drone3,Drone1:0;Drone2:0;Drone3:6,0.5770,idle,local,
Drone1_e6,Drone1,Drone1:6;Drone2:0;Drone3:0,0.6804,idle,local,
Drone1_e7,Drone1,Drone1:7;Drone2:0;Drone3:0,0.9767,idle,local,
Drone1_e8,Drone1,Drone1:8;Drone2:0;Drone3:0,1.1217,idle,local,
Drone2_e6,Drone2,Drone1:3;Drone2:6;Drone3:3,1.1340,idle,local,
Drone2_e7,Drone2,Drone1:3;Drone2:7;Drone3:3,1.3516,idle,local,
Drone3_e7,Drone3,Drone1:0;Drone2:0;Drone3:7,0.7890,idle,local,
Drone3_e8,Drone3,Drone1:0;Drone2:0;Drone3:8,0.9726,idle,local,
Drone1_e9,Drone1,Drone1:9;Drone2:0;Drone3:0,1.2392,idle,send,Drone3
Drone3_e9,Drone3,Drone1:0;Drone2:0;Drone3:9,1.0775,idle,local,
Drone2_e8,Drone2,Drone1:3;Drone2:8;Drone3:3,1.5956,idle,local,
Drone1_e10,Drone1,Drone1:10;Drone2:0;Drone3:0,1.4905,idle,local,
Drone2_e9,Drone2,Drone1:3;Drone2:9;Drone3:3,1.8738,idle,send,Drone1
Drone3_e10,Drone3,Drone1:0;Drone2:0;Drone3:10,1.2061,idle,local,
Drone3_e11,Drone3,Drone1:0;Drone2:0;Drone3:11,1.4773,idle,local,
Drone3_e12,Drone3,Drone1:0;Drone2:0;Drone3:12,1.5935,scanning,local,
Drone1_e11,Drone1,Drone1:11;Drone2:0;Drone3:0,1.6752,idle,local,
Drone3_e13,Drone3,Drone1:0;Drone2:0;Drone3:13,1.8680,scanning,local,
Drone2_e10,Drone2,Drone1:3;Drone2:10;Drone3:3,2.1732,idle,local,
Drone1_e12,Drone1,Drone1:12;Drone2:0;Drone3:0,1.7480,scanning,local,
Drone1_e13,Drone1,Drone1:13;Drone2:0;Drone3:0,1.8362,scanning,local,
Drone1_e14,Drone1,Drone1:14;Drone2:0;Drone3:0,1.9917,scanning,local,
Drone1_e15,Drone1,Drone1:15;Drone2:9;Drone3:3,2.1740,scanning,receive,Drone2
Drone3_e14,Drone3,Drone1:0;Drone2:0;Drone3:14,1.9209,scanning,local,
Drone3_e15,Drone3,Drone1:9;Drone2:0;Drone3:15,2.1630,scanning,receive,Drone1
Drone2_e11,Drone2,Drone1:3;Drone2:11;Drone3:3,2.2627,idle,send,Drone3
Drone1_e16,Drone1,Drone1:16;Drone2:9;Drone3:3,2.4430,scanning,local,
Drone2_e12,Drone2,Drone1:3;Drone2:12;Drone3:3,2.5032,scanning,local,
Drone3_e16,Drone3,Drone1:9;Drone2:0;Drone3:16,2.4306,scanning,local,
Drone2_e13,Drone2,Drone1:3;Drone2:13;Drone3:3,2.6801,scanning,local,
Drone1_e17,Drone1,Drone1:17;Drone2:9;Drone3:3,2.6278,scanning,send,Drone2
Drone3_e17,Drone3,Drone1:9;Drone2:0;Drone3:17,2.6304,scanning,local,
Drone2_e14,Drone2,Drone1:17;Drone2:14;Drone3:3,2.9498,scanning,receive,Drone1
Drone2_e15,Drone2,Drone1:17;Drone2:15;Drone3:3,3.2193,scanning,send,Drone1
Drone1_e18,Drone1,Drone1:18;Drone2:15;Drone3:3,3.4733,scanning,receive,Drone2
Drone3_e18,Drone3,Drone1:9;Drone2:0;Drone3:18,2.7125,scanning,local,
Drone2_e16,Drone2,Drone1:17;Drone2:16;Drone3:3,3.3106,scanning,local,
Drone3_e19,Drone3,Drone1:9;Drone2:0;Drone3:19,2.8683,scanning,local,
Drone1_e19,Drone1,Drone1:19;Drone2:15;Drone3:3,3.7121,scanning,local,
Drone3_e20,Drone3,Drone1:9;Drone2:11;Drone3:20,3.0180,scanning,receive,Drone2
Drone3_e21,Drone3,Drone1:9;Drone2:11;Drone3:21,3.1775,scanning,local,
Drone3_e22,Drone3,Drone1:9;Drone2:11;Drone3:22,3.2895,target_found,local,
Drone1_e20,Drone1,Drone1:20;Drone2:15;Drone3:3,3.9092,scanning,local,
Drone1_e21,Drone1,Drone1:21;Drone2:15;Drone3:3,3.9610,scanning,local,
Drone3_e23,Drone3,Drone1:9;Drone2:11;Drone3:23,3.3967,target_found,local,
Drone1_e22,Drone1,Drone1:22;Drone2:15;Drone3:3,4.0287,target_found,local,
Drone1_e23,Drone1,Drone1:23;Drone2:15;Drone3:3,4.1323,target_found,send,Drone3
Drone1_e24,Drone1,Drone1:24;Drone2:15;Drone3:3,4.4029,target_found,local,
Drone3_e24,Drone3,Drone1:9;Drone2:11;Drone3:24,3.6429,target_found,local,
Drone2_e17,Drone2,Drone1:17;Drone2:17;Drone3:3,3.5253,scanning,send,Drone1
Drone2_e18,Drone2,Drone1:17;Drone2:18;Drone3:3,3.6921,scanning,local,
Drone3_e25,Drone3,Drone1:23;Drone2:15;Drone3:25,4.1974,target_found,receive,Drone1
Drone3_e26,Drone3,Drone1:23;Drone2:15;Drone3:26,4.4628,target_found,local,
Drone1_e25,Drone1,Drone1:25;Drone2:17;Drone3:3,4.4879,target_found,receive,Drone2
Drone1_e26,Drone1,Drone1:26;Drone2:17;Drone3:3,4.7565,target_found,send,Drone2
Drone1_e27,Drone1,Drone1:27;Drone2:17;Drone3:3,5.0219,target_found,local,
Drone3_e27,Drone3,Drone1:23;Drone2:15;Drone3:27,4.7551,target_found,send,Drone1
Drone1_e28,Drone1,Drone1:28;Drone2:17;Drone3:27,5.1922,target_found,receive,Drone3
Drone2_e19,Drone2,Drone1:17;Drone2:19;Drone3:3,3.7832,scanning,local,
Drone1_e29,Drone1,Drone1:29;Drone2:17;Drone3:27,5.3085,target_found,local,
Drone2_e20,Drone2,Drone1:26;Drone2:20;Drone3:3,4.8452,scanning,receive,Drone1
Drone2_e21,Drone2,Drone1:26;Drone2:21;Drone3:3,5.0400,scanning,send,Drone1
Drone3_e28,Drone3,Drone1:23;Drone2:15;Drone3:28,4.8194,target_found,send,Drone2
Drone3_e29,Drone3,Drone1:23;Drone2:15;Drone3:29,5.0992,target_found,local,
Drone3_e30,Drone3,Drone1:23;Drone2:15;Drone3:30,5.3621,target_found,send,Drone1
Drone1_e30,Drone1,Drone1:30;Drone2:17;Drone3:27,5.5273,target_found,local,
Drone1_e31,Drone1,Drone1:31;Drone2:17;Drone3:27,5.8127,target_found,local,
Drone3_e31,Drone3,Drone1:23;Drone2:15;Drone3:31,5.5669,target_found,send,Drone1
Drone2_e22,Drone2,Drone1:26;Drone2:22;Drone3:3,5.2313,target_found,local,
Drone2_e23,Drone2,Drone1:26;Drone2:23;Drone3:3,5.3324,target_found,local,
Drone3_e32,Drone3,Drone1:23;Drone2:15;Drone3:32,5.6833,position_measured,local,
Drone1_e32,Drone1,Drone1:32;Drone2:17;Drone3:27,5.9377,position_measured,local,
Drone2_e24,Drone2,Drone1:26;Drone2:24;Drone3:3,5.6163,target_found,local,
Drone1_e33,Drone1,Drone1:33;Drone2:17;Drone3:27,6.2373,position_measured,local,
Drone1_e34,Drone1,Drone1:34;Drone2:21;Drone3:27,6.4138,position_measured,receive,Drone2
Drone1_e35,Drone1,Drone1:35;Drone2:21;Drone3:27,6.6840,position_measured,local,
Drone1_e36,Drone1,Drone1:36;Drone2:21;Drone3:30,6.8436,position_measured,receive,Drone3
Drone3_e33,Drone3,Drone1:23;Drone2:15;Drone3:33,5.8862,position_measured,local,
Drone3_e34,Drone3,Drone1:23;Drone2:15;Drone3:34,6.1032,position_measured,local,
Drone3_e35,Drone3,Drone1:23;Drone2:15;Drone3:35,6.3879,position_measured,send,Drone1
Drone1_e37,Drone1,Drone1:37;Drone2:21;Drone3:31,7.0792,position_measured,receive,Drone3
Drone1_e38,Drone1,Drone1:38;Drone2:21;Drone3:35,7.3086,position_measured,receive,Drone3
Drone1_e39,Drone1,Drone1:39;Drone2:21;Drone3:35,7.5718,position_measured,local,
Drone3_e36,Drone3,Drone1:23;Drone2:15;Drone3:36,6.6643,position_measured,local,
Drone1_e40,Drone1,Drone1:40;Drone2:21;Drone3:35,7.8291,position_measured,send,Drone3
Drone1_e41,Drone1,Drone1:41;Drone2:21;Drone3:35,8.0384,position_measured,send,Drone2
Drone2_e25,Drone2,Drone1:41;Drone2:25;Drone3:35,8.2263,target_found,receive,Drone1
Drone2_e26,Drone2,Drone1:41;Drone2:26;Drone3:35,8.3043,target_found,local,
Drone3_e37,Drone3,Drone1:23;Drone2:15;Drone3:37,6.8507,position_measured,local,
Drone2_e27,Drone2,Drone1:41;Drone2:27;Drone3:35,8.3913,target_found,local,
Drone1_e42,Drone1,Drone1:42;Drone2:21;Drone3:35,8.3131,position_sent,send,Drone3
Drone1_e43,Drone1,Drone1:43;Drone2:21;Drone3:35,8.4157,position_sent,local,
Drone1_e44,Drone1,Drone1:44;Drone2:21;Drone3:35,8.5541,position_sent,local,
Drone3_e38,Drone3,Drone1:23;Drone2:15;Drone3:38,7.0023,position_measured,local,
Drone3_e39,Drone3,Drone1:23;Drone2:15;Drone3:39,7.2837,position_measured,local,
Drone1_e45,Drone1,Drone1:45;Drone2:21;Drone3:35,8.8481,position_sent,local,
Drone1_e46,Drone1,Drone1:46;Drone2:21;Drone3:35,8.9043,position_sent,local,
Drone3_e40,Drone3,Drone1:23;Drone2:15;Drone3:40,7.5293,position_measured,local,
Drone2_e28,Drone2,Drone1:41;Drone2:28;Drone3:35,8.6573,target_found,local,
Drone1_e47,Drone1,Drone1:47;Drone2:21;Drone3:35,9.0500,position_sent,send,Drone2
Drone1_e48,Drone1,Drone1:48;Drone2:21;Drone3:35,9.1556,position_sent,local,
Drone2_e29,Drone2,Drone1:41;Drone2:29;Drone3:35,8.7631,target_found,receive,Drone3
Drone3_e41,Drone3,Drone1:40;Drone2:21;Drone3:41,7.9488,position_measured,receive,Drone1
Drone1_e49,Drone1,Drone1:49;Drone2:21;Drone3:35,9.2754,position_sent,local,
Drone3_e42,Drone3,Drone1:40;Drone2:21;Drone3:42,8.1687,position_sent,local,
Drone3_e43,Drone3,Drone1:42;Drone2:21;Drone3:43,8.3920,position_sent,receive,Drone1
Drone2_e30,Drone2,Drone1:47;Drone2:30;Drone3:35,9.1095,target_found,receive,Drone1
Drone3_e44,Drone3,Drone1:42;Drone2:21;Drone3:44,8.6241,position_sent,local,
Drone2_e31,Drone2,Drone1:47;Drone2:31;Drone3:35,9.4056,target_found,local,
Drone1_e50,Drone1,Drone1:50;Drone2:21;Drone3:35,9.4695,position_sent,local,
Drone2_e32,Drone2,Drone1:47;Drone2:32;Drone3:35,9.4560,position_measured,send,Drone3
Drone3_e45,Drone3,Drone1:42;Drone2:21;Drone3:45,8.9092,position_sent,local,
Drone3_e46,Drone3,Drone1:42;Drone2:21;Drone3:46,9.0502,position_sent,local,
Drone1_e51,Drone1,Drone1:51;Drone2:21;Drone3:35,9.7497,position_sent,local,
Drone3_e47,Drone3,Drone1:47;Drone2:32;Drone3:47,9.6860,position_sent,receive,Drone2
Drone2_e33,Drone2,Drone1:47;Drone2:33;Drone3:35,9.6727,position_measured,local,
Drone2_e34,Drone2,Drone1:47;Drone2:34;Drone3:35,9.7967,position_measured,local,
Drone1_e52,Drone1,Drone1:52;Drone2:21;Drone3:35,9.9690,processing,send,Drone3
Drone1_e53,Drone1,Drone1:53;Drone2:21;Drone3:35,10.0943,processing,local,
Drone3_e48,Drone3,Drone1:47;Drone2:32;Drone3:48,9.8119,position_sent,local,
Drone1_e54,Drone1,Drone1:54;Drone2:21;Drone3:35,10.2893,processing,local,
Drone3_e49,Drone3,Drone1:52;Drone2:32;Drone3:49,10.1296,position_sent,receive,Drone1
Drone1_e55,Drone1,Drone1:55;Drone2:21;Drone3:35,10.5377,processing,local,
Drone3_e50,Drone3,Drone1:52;Drone2:32;Drone3:50,10.2505,position_sent,send,Drone1
Drone3_e51,Drone3,Drone1:52;Drone2:32;Drone3:51,10.3843,position_sent,local,
Drone1_e56,Drone1,Drone1:56;Drone2:21;Drone3:35,10.6439,processing,local,
Drone1_e57,Drone1,Drone1:57;Drone2:32;Drone3:50,10.7551,processing,receive,Drone3
Drone2_e35,Drone2,Drone1:47;Drone2:35;Drone3:35,10.0388,position_measured,local,
Drone2_e36,Drone2,Drone1:47;Drone2:36;Drone3:35,10.2462,position_measured,local,
Drone1_e58,Drone1,Drone1:58;Drone2:32;Drone3:50,10.9011,processing,local,
Drone2_e37,Drone2,Drone1:47;Drone2:37;Drone3:35,10.5194,position_measured,send,Drone1
Drone1_e59,Drone1,Drone1:59;Drone2:32;Drone3:50,11.0058,processing,local,
Drone3_e52,Drone3,Drone1:52;Drone2:32;Drone3:52,10.4469,processing,local,
Drone1_e60,Drone1,Drone1:60;Drone2:32;Drone3:50,11.0861,processing,local,
Drone1_e61,Drone1,Drone1:61;Drone2:32;Drone3:50,11.3030,processing,local,
Drone3_e53,Drone3,Drone1:52;Drone2:32;Drone3:53,10.7344,processing,local,
Drone2_e38,Drone2,Drone1:47;Drone2:38;Drone3:35,10.7492,position_measured,local,
Drone3_e54,Drone3,Drone1:52;Drone2:32;Drone3:54,11.0111,processing,local,
Drone2_e39,Drone2,Drone1:47;Drone2:39;Drone3:35,10.9851,position_measured,local,
Drone2_e40,Drone2,Drone1:47;Drone2:40;Drone3:35,11.2231,position_measured,local,
Drone3_e55,Drone3,Drone1:52;Drone2:32;Drone3:55,11.2178,processing,send,Drone2
Drone2_e41,Drone2,Drone1:47;Drone2:41;Drone3:35,11.4514,position_measured,local,
Drone1_e62,Drone1,Drone1:62;Drone2:37;Drone3:50,11.5763,relative_computed,receive,Drone2
Drone1_e63,Drone1,Drone1:63;Drone2:37;Drone3:50,11.7220,relative_computed,send,Drone2
Drone1_e64,Drone1,Drone1:64;Drone2:37;Drone3:50,11.7881,relative_computed,local,
Drone2_e42,Drone2,Drone1:63;Drone2:42;Drone3:50,11.8760,position_sent,receive,Drone1
Drone1_e65,Drone1,Drone1:65;Drone2:37;Drone3:50,11.9355,relative_computed,local,
Drone3_e56,Drone3,Drone1:52;Drone2:32;Drone3:56,11.2727,processing,local,
Drone3_e57,Drone3,Drone1:52;Drone2:32;Drone3:57,11.3241,processing,local,
Drone2_e43,Drone2,Drone1:63;Drone2:43;Drone3:55,12.1393,position_sent,receive,Drone3
Drone2_e44,Drone2,Drone1:63;Drone2:44;Drone3:55,12.3730,position_sent,local,
Drone3_e58,Drone3,Drone1:52;Drone2:32;Drone3:58,11.4962,processing,local,
Drone2_e45,Drone2,Drone1:63;Drone2:45;Drone3:55,12.4302,position_sent,local,
Drone2_e46,Drone2,Drone1:63;Drone2:46;Drone3:55,12.6798,position_sent,local,
Drone3_e59,Drone3,Drone1:52;Drone2:32;Drone3:59,11.7761,processing,send,Drone2
Drone3_e60,Drone3,Drone1:52;Drone2:32;Drone3:60,12.0528,processing,local,
Drone3_e61,Drone3,Drone1:52;Drone2:32;Drone3:61,12.1096,processing,local,
Drone3_e62,Drone3,Drone1:52;Drone2:32;Drone3:62,12.3763,relative_computed,local,
Drone1_e66,Drone1,Drone1:66;Drone2:37;Drone3:50,12.0673,relative_computed,send,Drone3
Drone2_e47,Drone2,Drone1:63;Drone2:47;Drone3:59,12.7993,position_sent,receive,Drone3
Drone2_e48,Drone2,Drone1:63;Drone2:48;Drone3:59,12.9669,position_sent,send,Drone1
Drone3_e63,Drone3,Drone1:52;Drone2:32;Drone3:63,12.6763,relative_computed,local,
Drone2_e49,Drone2,Drone1:63;Drone2:49;Drone3:59,13.2122,position_sent,send,Drone1
Drone3_e64,Drone3,Drone1:66;Drone2:37;Drone3:64,12.9637,relative_computed,receive,Drone1
Drone1_e67,Drone1,Drone1:67;Drone2:37;Drone3:50,12.2726,relative_computed,local,
Drone1_e68,Drone1,Drone1:68;Drone2:48;Drone3:59,13.1579,relative_computed,receive,Drone2
Drone1_e69,Drone1,Drone1:69;Drone2:48;Drone3:59,13.2720,relative_computed,local,
Drone2_e50,Drone2,Drone1:63;Drone2:50;Drone3:59,13.4567,position_sent,send,Drone1
Drone1_e70,Drone1,Drone1:70;Drone2:48;Drone3:59,13.3490,relative_computed,local,
Drone1_e71,Drone1,Drone1:71;Drone2:48;Drone3:59,13.5429,relative_computed,local,
Drone2_e51,Drone2,Drone1:63;Drone2:51;Drone3:59,13.6854,position_sent,local,
Drone1_e72,Drone1,Drone1:72;Drone2:48;Drone3:59,13.8006,formation_hold,local,
Drone1_e73,Drone1,Drone1:73;Drone2:49;Drone3:59,14.0632,formation_hold,receive,Drone2
Drone3_e65,Drone3,Drone1:66;Drone2:37;Drone3:65,13.2127,relative_computed,local,
Drone3_e66,Drone3,Drone1:66;Drone2:37;Drone3:66,13.3495,relative_computed,local,
Drone2_e52,Drone2,Drone1:63;Drone2:52;Drone3:59,13.7527,processing,local,
Drone3_e67,Drone3,Drone1:66;Drone2:37;Drone3:67,13.6119,relative_computed,local,
Drone2_e53,Drone2,Drone1:63;Drone2:53;Drone3:59,13.9616,processing,send,Drone3
Drone2_e54,Drone2,Drone1:63;Drone2:54;Drone3:59,14.1204,processing,local,
Drone3_e68,Drone3,Drone1:66;Drone2:37;Drone3:68,13.8245,relative_computed,local,
Drone3_e69,Drone3,Drone1:66;Drone2:37;Drone3:69,14.0091,relative_computed,local,
Drone2_e55,Drone2,Drone1:63;Drone2:55;Drone3:59,14.3769,processing,local,
Drone3_e70,Drone3,Drone1:66;Drone2:53;Drone3:70,14.2668,relative_computed,receive,Drone2
Drone1_e74,Drone1,Drone1:74;Drone2:50;Drone3:59,14.1741,formation_hold,receive,Drone2
Drone2_e56,Drone2,Drone1:63;Drone2:56;Drone3:59,14.5939,processing,local,
Drone2_e57,Drone2,Drone1:63;Drone2:57;Drone3:59,14.6894,processing,send,Drone3
Drone1_e75,Drone1,Drone1:75;Drone2:50;Drone3:59,14.2887,formation_hold,local,
Drone2_e58,Drone2,Drone1:63;Drone2:58;Drone3:59,14.9147,processing,local,
Drone2_e59,Drone2,Drone1:63;Drone2:59;Drone3:59,15.0938,processing,local,
Drone1_e76,Drone1,Drone1:76;Drone2:50;Drone3:59,14.4609,formation_hold,send,Drone3
Drone1_e77,Drone1,Drone1:77;Drone2:50;Drone3:59,14.6723,formation_hold,local,
Drone2_e60,Drone2,Drone1:63;Drone2:60;Drone3:59,15.1481,processing,local,
Drone2_e61,Drone2,Drone1:63;Drone2:61;Drone3:59,15.2747,processing,send,Drone1
Drone3_e71,Drone3,Drone1:66;Drone2:57;Drone3:71,14.8458,relative_computed,receive,Drone2
Drone3_e72,Drone3,Drone1:66;Drone2:57;Drone3:72,14.9837,formation_hold,local,
Drone2_e62,Drone2,Drone1:63;Drone2:62;Drone3:59,15.3823,relative_computed,send,Drone3
Drone3_e73,Drone3,Drone1:76;Drone2:57;Drone3:73,15.2194,formation_hold,receive,Drone1
Drone3_e74,Drone3,Drone1:76;Drone2:62;Drone3:74,15.6170,formation_hold,receive,Drone2
Drone2_e63,Drone2,Drone1:63;Drone2:63;Drone3:59,15.6765,relative_computed,local,
Drone3_e75,Drone3,Drone1:76;Drone2:62;Drone3:75,15.9121,formation_hold,local,
Drone1_e78,Drone1,Drone1:78;Drone2:61;Drone3:59,15.3696,formation_hold,receive,Drone2
Drone1_e79,Drone1,Drone1:79;Drone2:61;Drone3:59,15.4512,formation_hold,local,
Drone1_e80,Drone1,Drone1:80;Drone2:61;Drone3:59,15.6395,formation_hold,local,
Drone3_e76,Drone3,Drone1:76;Drone2:62;Drone3:76,16.1216,formation_hold,local,
Drone2_e64,Drone2,Drone1:63;Drone2:64;Drone3:59,15.8700,relative_computed,send,Drone1
Drone2_e65,Drone2,Drone1:63;Drone2:65;Drone3:59,16.0052,relative_computed,local,
Drone1_e81,Drone1,Drone1:81;Drone2:64;Drone3:59,15.9485,formation_hold,receive,Drone2
Drone1_e82,Drone1,Drone1:82;Drone2:64;Drone3:59,16.0170,idle,local,
Drone3_e77,Drone3,Drone1:76;Drone2:62;Drone3:77,16.2095,formation_hold,local,
Drone3_e78,Drone3,Drone1:76;Drone2:62;Drone3:78,16.2808,formation_hold,local,
Drone1_e83,Drone1,Drone1:83;Drone2:64;Drone3:59,16.2186,idle,send,Drone3
Drone3_e79,Drone3,Drone1:83;Drone2:64;Drone3:79,16.4434,formation_hold,receive,Drone1
Drone2_e66,Drone2,Drone1:63;Drone2:66;Drone3:59,16.1315,relative_computed,send,Drone3
Drone3_e80,Drone3,Drone1:83;Drone2:66;Drone3:80,16.7303,formation_hold,receive,Drone2
Drone1_e84,Drone1,Drone1:84;Drone2:64;Drone3:59,16.3348,idle,local,
Drone1_e85,Drone1,Drone1:85;Drone2:64;Drone3:59,16.5228,idle,send,Drone2
Drone1_e86,Drone1,Drone1:86;Drone2:64;Drone3:59,16.7451,idle,send,Drone3
Drone2_e67,Drone2,Drone1:85;Drone2:67;Drone3:59,16.6448,relative_computed,receive,Drone1
Drone2_e68,Drone2,Drone1:85;Drone2:68;Drone3:59,16.8083,relative_computed,local,
Drone3_e81,Drone3,Drone1:86;Drone2:66;Drone3:81,16.9921,formation_hold,receive,Drone1
Drone3_e82,Drone3,Drone1:86;Drone2:66;Drone3:82,17.2431,idle,local,
Drone1_e87,Drone1,Drone1:87;Drone2:64;Drone3:59,16.9313,idle,local,
Drone3_e83,Drone3,Drone1:86;Drone2:66;Drone3:83,17.4997,idle,send,Drone2
Drone1_e88,Drone1,Drone1:88;Drone2:64;Drone3:59,17.1300,idle,send,Drone3
Drone3_e84,Drone3,Drone1:86;Drone2:66;Drone3:84,17.6595,idle,local,
Drone2_e69,Drone2,Drone1:85;Drone2:69;Drone3:59,17.0332,relative_computed,local,
Drone2_e70,Drone2,Drone1:85;Drone2:70;Drone3:59,17.2067,relative_computed,local,
Drone1_e89,Drone1,Drone1:89;Drone2:64;Drone3:59,17.4024,idle,local,
Drone3_e85,Drone3,Drone1:88;Drone2:66;Drone3:85,17.7160,idle,receive,Drone1
Drone1_e90,Drone1,Drone1:90;Drone2:64;Drone3:59,17.6614,idle,local,
Drone3_e86,Drone3,Drone1:88;Drone2:66;Drone3:86,17.7712,idle,local,
Drone3_e87,Drone3,Drone1:88;Drone2:66;Drone3:87,17.9652,idle,local,
Drone1_e91,Drone1,Drone1:91;Drone2:64;Drone3:59,17.8742,idle,local,
Drone2_e71,Drone2,Drone1:86;Drone2:71;Drone3:83,17.7084,relative_computed,receive,Drone3
Drone2_e72,Drone2,Drone1:86;Drone2:72;Drone3:83,17.8759,formation_hold,local,
Drone2_e73,Drone2,Drone1:86;Drone2:73;Drone3:83,18.0934,formation_hold,local,
Drone1_e92,Drone1,Drone1:92;Drone2:64;Drone3:59,18.0977,scanning,local,
Drone2_e74,Drone2,Drone1:86;Drone2:74;Drone3:83,18.2436,formation_hold,local,
Drone3_e88,Drone3,Drone1:88;Drone2:66;Drone3:88,18.0938,idle,send,Drone1
Drone2_e75,Drone2,Drone1:86;Drone2:75;Drone3:83,18.5098,formation_hold,send,Drone3
Drone1_e93,Drone1,Drone1:93;Drone2:64;Drone3:59,18.2833,scanning,local,
Drone2_e76,Drone2,Drone1:86;Drone2:76;Drone3:83,18.7154,formation_hold,send,Drone3
Drone2_e77,Drone2,Drone1:86;Drone2:77;Drone3:83,18.9554,formation_hold,local,
Drone1_e94,Drone1,Drone1:94;Drone2:66;Drone3:88,18.5652,scanning,receive,Drone3
Drone2_e78,Drone2,Drone1:86;Drone2:78;Drone3:83,19.1266,formation_hold,local,
Drone1_e95,Drone1,Drone1:95;Drone2:66;Drone3:88,18.7674,scanning,local,
Drone1_e96,Drone1,Drone1:96;Drone2:66;Drone3:88,18.8951,scanning,local,
Drone1_e97,Drone1,Drone1:97;Drone2:66;Drone3:88,18.9684,scanning,local,
Drone1_e98,Drone1,Drone1:98;Drone2:66;Drone3:88,19.0478,scanning,local,
Drone1_e99,Drone1,Drone1:99;Drone2:66;Drone3:88,19.2770,scanning,local,
Drone3_e89,Drone3,Drone1:88;Drone2:66;Drone3:89,18.2477,idle,local,
Drone2_e79,Drone2,Drone1:86;Drone2:79;Drone3:83,19.2376,formation_hold,local,
Drone3_e90,Drone3,Drone1:88;Drone2:75;Drone3:90,18.7903,idle,receive,Drone2
Drone3_e91,Drone3,Drone1:88;Drone2:75;Drone3:91,18.8744,idle,local,
Drone1_e100,Drone1,Drone1:100;Drone2:66;Drone3:88,19.4119,scanning,send,Drone3
Drone3_e92,Drone3,Drone1:100;Drone2:75;Drone3:92,19.5326,scanning,receive,Drone1
Drone2_e80,Drone2,Drone1:86;Drone2:80;Drone3:83,19.4325,formation_hold,local,
Drone3_e93,Drone3,Drone1:100;Drone2:75;Drone3:93,19.6198,scanning,local,
Drone3_e94,Drone3,Drone1:100;Drone2:75;Drone3:94,19.7529,scanning,local,
Drone3_e95,Drone3,Drone1:100;Drone2:76;Drone3:95,20.0203,scanning,receive,Drone2
Drone3_e96,Drone3,Drone1:100;Drone2:76;Drone3:96,20.1287,scanning,send,Drone2
Drone2_e81,Drone2,Drone1:100;Drone2:81;Drone3:96,20.3550,formation_hold,receive,Drone3
Drone2_e82,Drone2,Drone1:100;Drone2:82;Drone3:96,20.5709,idle,local,
Drone3_e97,Drone3,Drone1:100;Drone2:76;Drone3:97,20.3025,scanning,local,
Drone1_e101,Drone1,Drone1:101;Drone2:66;Drone3:88,19.6793,scanning,send,Drone3
Drone2_e83,Drone2,Drone1:100;Drone2:83;Drone3:96,20.6247,idle,send,Drone3
Drone1_e102,Drone1,Drone1:102;Drone2:66;Drone3:88,19.8930,target_found,local,
Drone1_e103,Drone1,Drone1:103;Drone2:66;Drone3:88,20.0277,target_found,send,Drone3
Drone3_e98,Drone3,Drone1:101;Drone2:76;Drone3:98,20.5655,scanning,receive,Drone1
Drone3_e99,Drone3,Drone1:101;Drone2:76;Drone3:99,20.7105,scanning,local,
Drone2_e84,Drone2,Drone1:100;Drone2:84;Drone3:96,20.8966,idle,local,
Drone2_e85,Drone2,Drone1:100;Drone2:85;Drone3:96,20.9556,idle,local,
Drone1_e104,Drone1,Drone1:104;Drone2:66;Drone3:88,20.3270,target_found,send,Drone3
Drone3_e100,Drone3,Drone1:103;Drone2:76;Drone3:100,20.9506,scanning,receive,Drone1
Drone3_e101,Drone3,Drone1:103;Drone2:76;Drone3:101,21.1115,scanning,local,
Drone3_e102,Drone3,Drone1:104;Drone2:76;Drone3:102,21.1730,target_found,receive,Drone1
Drone1_e105,Drone1,Drone1:105;Drone2:66;Drone3:88,20.4847,target_found,send,Drone3
Drone1_e106,Drone1,Drone1:106;Drone2:66;Drone3:88,20.6762,target_found,local,
Drone1_e107,Drone1,Drone1:107;Drone2:66;Drone3:88,20.8786,target_found,send,Drone2
Drone2_e86,Drone2,Drone1:100;Drone2:86;Drone3:96,21.0658,idle,local,
Drone3_e103,Drone3,Drone1:104;Drone2:83;Drone3:103,21.3824,target_found,receive,Drone2
Drone2_e87,Drone2,Drone1:107;Drone2:87;Drone3:96,21.3405,idle,receive,Drone1
Drone2_e88,Drone2,Drone1:107;Drone2:88;Drone3:96,21.5599,idle,local,
Drone1_e108,Drone1,Drone1:108;Drone2:66;Drone3:88,21.1755,target_found,send,Drone3
Drone2_e89,Drone2,Drone1:107;Drone2:89;Drone3:96,21.7160,idle,local,
Drone2_e90,Drone2,Drone1:107;Drone2:90;Drone3:96,21.8415,idle,local,
Drone2_e91,Drone2,Drone1:107;Drone2:91;Drone3:96,21.9182,idle,local,
Drone2_e92,Drone2,Drone1:107;Drone2:92;Drone3:96,22.1119,scanning,local,
Drone3_e104,Drone3,Drone1:105;Drone2:83;Drone3:104,21.5011,target_found,receive,Drone1
Drone3_e105,Drone3,Drone1:105;Drone2:83;Drone3:105,21.7456,target_found,local,
Drone1_e109,Drone1,Drone1:109;Drone2:66;Drone3:88,21.4118,target_found,local,
Drone2_e93,Drone2,Drone1:107;Drone2:93;Drone3:96,22.2194,scanning,local,
Drone2_e94,Drone2,Drone1:107;Drone2:94;Drone3:96,22.4246,scanning,send,Drone1
Drone3_e106,Drone3,Drone1:105;Drone2:83;Drone3:106,21.9875,target_found,local,
Drone3_e107,Drone3,Drone1:105;Drone2:83;Drone3:107,22.1946,target_found,local,
Drone3_e108,Drone3,Drone1:105;Drone2:83;Drone3:108,22.3218,target_found,local,
Drone2_e95,Drone2,Drone1:107;Drone2:95;Drone3:96,22.6577,scanning,send,Drone3
Drone1_e110,Drone1,Drone1:110;Drone2:66;Drone3:88,21.5435,target_found,local,
Drone2_e96,Drone2,Drone1:107;Drone2:96;Drone3:96,22.9044,scanning,send,Drone1
Drone2_e97,Drone2,Drone1:107;Drone2:97;Drone3:96,23.1827,scanning,local,
Drone1_e111,Drone1,Drone1:111;Drone2:94;Drone3:96,22.7165,target_found,receive,Drone2
Drone2_e98,Drone2,Drone1:107;Drone2:98;Drone3:96,23.3174,scanning,local,
Drone1_e112,Drone1,Drone1:112;Drone2:94;Drone3:96,22.7853,position_measured,local,
Drone1_e113,Drone1,Drone1:113;Drone2:94;Drone3:96,23.0164,position_measured,local,
Drone2_e99,Drone2,Drone1:107;Drone2:99;Drone3:96,23.5686,scanning,local,
Drone2_e100,Drone2,Drone1:107;Drone2:100;Drone3:96,23.6220,scanning,send,Drone3
Drone3_e109,Drone3,Drone1:107;Drone2:95;Drone3:109,22.8759,target_found,receive,Drone2
Drone3_e110,Drone3,Drone1:107;Drone2:100;Drone3:110,23.8776,target_found,receive,Drone2
Drone2_e101,Drone2,Drone1:107;Drone2:101;Drone3:96,23.7899,scanning,send,Drone1
Drone3_e111,Drone3,Drone1:107;Drone2:100;Drone3:111,24.0680,target_found,local,
Drone3_e112,Drone3,Drone1:108;Drone2:100;Drone3:112,24.2768,position_measured,receive,Drone1
Drone2_e102,Drone2,Drone1:107;Drone2:102;Drone3:96,23.9155,target_found,local,
Drone2_e103,Drone2,Drone1:107;Drone2:103;Drone3:96,24.2020,target_found,send,Drone1
Drone2_e104,Drone2,Drone1:107;Drone2:104;Drone3:96,24.2811,target_found,local,
Drone1_e114,Drone1,Drone1:114;Drone2:94;Drone3:96,23.1003,position_measured,local,
Drone2_e105,Drone2,Drone1:107;Drone2:105;Drone3:96,24.5684,target_found,local,
Drone3_e113,Drone3,Drone1:108;Drone2:100;Drone3:113,24.4316,position_measured,local,
Drone3_e114,Drone3,Drone1:108;Drone2:100;Drone3:114,24.7030,position_measured,local,
Drone3_e115,Drone3,Drone1:108;Drone2:100;Drone3:115,24.9069,position_measured,send,Drone2
Drone2_e106,Drone2,Drone1:108;Drone2:106;Drone3:115,25.0112,target_found,receive,Drone3
Drone2_e107,Drone2,Drone1:108;Drone2:107;Drone3:115,25.2751,target_found,local,
Drone1_e115,Drone1,Drone1:115;Drone2:94;Drone3:96,23.2421,position_measured,local,
Drone3_e116,Drone3,Drone1:108;Drone2:100;Drone3:116,25.0564,position_measured,local,
Drone1_e116,Drone1,Drone1:116;Drone2:94;Drone3:96,23.5294,position_measured,local,
Drone2_e108,Drone2,Drone1:108;Drone2:108;Drone3:115,25.4855,target_found,send,Drone1
Drone3_e117,Drone3,Drone1:108;Drone2:100;Drone3:117,25.1191,position_measured,local,
Drone2_e109,Drone2,Drone1:108;Drone2:109;Drone3:115,25.7322,target_found,send,Drone1
Drone1_e117,Drone1,Drone1:117;Drone2:96;Drone3:96,23.7260,position_measured,receive,Drone2
Drone1_e118,Drone1,Drone1:118;Drone2:101;Drone3:96,24.0371,position_measured,receive,Drone2
Drone3_e118,Drone3,Drone1:108;Drone2:100;Drone3:118,25.4160,position_measured,send,Drone1
Drone3_e119,Drone3,Drone1:108;Drone2:100;Drone3:119,25.4934,position_measured,send,Drone1
Drone1_e119,Drone1,Drone1:119;Drone2:101;Drone3:118,25.6635,position_measured,receive,Drone3
Drone1_e120,Drone1,Drone1:120;Drone2:101;Drone3:118,25.7174,position_measured,local,
Drone2_e110,Drone2,Drone1:108;Drone2:110;Drone3:115,25.9138,target_found,send,Drone3
Drone3_e120,Drone3,Drone1:108;Drone2:110;Drone3:120,26.1583,position_measured,receive,Drone2
Drone3_e121,Drone3,Drone1:108;Drone2:110;Drone3:121,26.3213,position_measured,local,
Drone1_e121,Drone1,Drone1:121;Drone2:101;Drone3:118,25.7782,position_measured,local,
Drone3_e122,Drone3,Drone1:108;Drone2:110;Drone3:122,26.4858,position_sent,local,
Drone1_e122,Drone1,Drone1:122;Drone2:101;Drone3:119,26.0401,position_sent,receive,Drone3
Drone2_e111,Drone2,Drone1:108;Drone2:111;Drone3:115,26.0863,target_found,local,
Drone2_e112,Drone2,Drone1:108;Drone2:112;Drone3:115,26.2169,position_measured,send,Drone1
Drone1_e123,Drone1,Drone1:123;Drone2:103;Drone3:119,26.2461,position_sent,receive,Drone2
Drone3_e123,Drone3,Drone1:108;Drone2:110;Drone3:123,26.6171,position_sent,local,
Drone3_e124,Drone3,Drone1:108;Drone2:110;Drone3:124,26.7805,position_sent,local,
Drone3_e125,Drone3,Drone1:108;Drone2:110;Drone3:125,27.0288,position_sent,local,
Drone1_e124,Drone1,Drone1:124;Drone2:103;Drone3:119,26.4589,position_sent,local,
Drone3_e126,Drone3,Drone1:108;Drone2:110;Drone3:126,27.1325,position_sent,local,
Drone2_e113,Drone2,Drone1:108;Drone2:113;Drone3:115,26.3703,position_measured,local,
Drone2_e114,Drone2,Drone1:108;Drone2:114;Drone3:115,26.6027,position_measured,local,
Drone2_e115,Drone2,Drone1:108;Drone2:115;Drone3:115,26.8190,position_measured,local,
Drone2_e116,Drone2,Drone1:108;Drone2:116;Drone3:115,27.0407,position_measured,local,
Drone2_e117,Drone2,Drone1:108;Drone2:117;Drone3:115,27.1140,position_measured,send,Drone1
Drone1_e125,Drone1,Drone1:125;Drone2:103;Drone3:119,26.6020,position_sent,local,
Drone1_e126,Drone1,Drone1:126;Drone2:103;Drone3:119,26.7987,position_sent,local,
Drone3_e127,Drone3,Drone1:108;Drone2:110;Drone3:127,27.3500,position_sent,local,
Drone2_e118,Drone2,Drone1:108;Drone2:118;Drone3:115,27.3303,position_measured,local,
Drone2_e119,Drone2,Drone1:108;Drone2:119;Drone3:115,27.5606,position_measured,local,
Drone2_e120,Drone2,Drone1:108;Drone2:120;Drone3:115,27.6985,position_measured,local,
Drone3_e128,Drone3,Drone1:108;Drone2:110;Drone3:128,27.4387,position_sent,local,
Drone2_e121,Drone2,Drone1:108;Drone2:121;Drone3:115,27.8361,position_measured,send,Drone1
Drone3_e129,Drone3,Drone1:108;Drone2:110;Drone3:129,27.6794,position_sent,local,
Drone3_e130,Drone3,Drone1:108;Drone2:110;Drone3:130,27.9407,position_sent,send,Drone2
Drone3_e131,Drone3,Drone1:108;Drone2:110;Drone3:131,28.1513,position_sent,local,
Drone1_e127,Drone1,Drone1:127;Drone2:103;Drone3:119,27.0131,position_sent,local,
Drone3_e132,Drone3,Drone1:108;Drone2:110;Drone3:132,28.2697,processing,send,Drone1
Drone2_e122,Drone2,Drone1:108;Drone2:122;Drone3:115,27.9738,position_sent,local,
Drone1_e128,Drone1,Drone1:128;Drone2:103;Drone3:119,27.2047,position_sent,local,
Drone2_e123,Drone2,Drone1:108;Drone2:123;Drone3:130,28.0467,position_sent,receive,Drone3
Drone3_e133,Drone3,Drone1:108;Drone2:110;Drone3:133,28.4331,processing,send,Drone2
Drone1_e129,Drone1,Drone1:129;Drone2:110;Drone3:132,28.5139,position_sent,receive,Drone3
Drone3_e134,Drone3,Drone1:108;Drone2:110;Drone3:134,28.7039,processing,local,
Drone1_e130,Drone1,Drone1:130;Drone2:110;Drone3:132,28.7324,position_sent,receive,Drone2
Drone2_e124,Drone2,Drone1:108;Drone2:124;Drone3:130,28.2028,position_sent,local,
Drone3_e135,Drone3,Drone1:108;Drone2:110;Drone3:135,28.8222,processing,local,
Drone3_e136,Drone3,Drone1:108;Drone2:110;Drone3:136,28.8999,processing,send,Drone2
Drone3_e137,Drone3,Drone1:108;Drone2:110;Drone3:137,29.0716,processing,local,
Drone3_e138,Drone3,Drone1:108;Drone2:110;Drone3:138,29.1767,processing,local,
Drone3_e139,Drone3,Drone1:108;Drone2:110;Drone3:139,29.3021,processing,send,Drone1
Drone1_e131,Drone1,Drone1:131;Drone2:110;Drone3:132,28.9734,position_sent,local,
Drone2_e125,Drone2,Drone1:108;Drone2:125;Drone3:133,28.6074,position_sent,receive,Drone3
Drone2_e126,Drone2,Drone1:108;Drone2:126;Drone3:136,29.0831,position_sent,receive,Drone3
Drone1_e132,Drone1,Drone1:132;Drone2:110;Drone3:132,29.2317,processing,local,
Drone2_e127,Drone2,Drone1:108;Drone2:127;Drone3:136,29.2421,position_sent,send,Drone1
Drone2_e128,Drone2,Drone1:108;Drone2:128;Drone3:136,29.5076,position_sent,local,
Drone3_e140,Drone3,Drone1:108;Drone2:110;Drone3:140,29.4532,processing,local,
Drone3_e141,Drone3,Drone1:108;Drone2:110;Drone3:141,29.5320,processing,local,
Drone1_e133,Drone1,Drone1:133;Drone2:110;Drone3:132,29.3247,processing,local,
Drone3_e142,Drone3,Drone1:108;Drone2:110;Drone3:142,29.7544,relative_computed,local,
Drone2_e129,Drone2,Drone1:108;Drone2:129;Drone3:136,29.6185,position_sent,send,Drone1
Drone3_e143,Drone3,Drone1:108;Drone2:110;Drone3:143,29.8240,relative_computed,local,
Drone2_e130,Drone2,Drone1:108;Drone2:130;Drone3:136,29.7239,position_sent,local,
Drone1_e134,Drone1,Drone1:134;Drone2:110;Drone3:132,29.5074,processing,receive,Drone2
Drone1_e135,Drone1,Drone1:135;Drone2:110;Drone3:132,29.6447,processing,local,
Drone3_e144,Drone3,Drone1:108;Drone2:110;Drone3:144,30.0354,relative_computed,local,
Drone1_e136,Drone1,Drone1:136;Drone2:112;Drone3:132,29.7587,processing,receive,Drone2
Drone1_e137,Drone1,Drone1:137;Drone2:112;Drone3:132,29.9987,processing,local,
Drone3_e145,Drone3,Drone1:108;Drone2:110;Drone3:145,30.2014,relative_computed,send,Drone2
Drone3_e146,Drone3,Drone1:108;Drone2:110;Drone3:146,30.3636,relative_computed,local,
Drone3_e147,Drone3,Drone1:108;Drone2:110;Drone3:147,30.6602,relative_computed,local,
Drone2_e131,Drone2,Drone1:108;Drone2:131;Drone3:136,29.9307,position_sent,local,
Drone1_e138,Drone1,Drone1:138;Drone2:112;Drone3:132,30.1660,processing,local,
Drone3_e148,Drone3,Drone1:108;Drone2:110;Drone3:148,30.7789,relative_computed,local,
Drone1_e139,Drone1,Drone1:139;Drone2:117;Drone3:132,30.2936,processing,receive,Drone2
Drone2_e132,Drone2,Drone1:108;Drone2:132;Drone3:145,30.4593,processing,receive,Drone3
Drone1_e140,Drone1,Drone1:140;Drone2:117;Drone3:132,30.5879,processing,local,
Drone1_e141,Drone1,Drone1:141;Drone2:117;Drone3:132,30.7647,processing,local,
Drone2_e133,Drone2,Drone1:108;Drone2:133;Drone3:145,30.7479,processing,local,
Drone3_e149,Drone3,Drone1:108;Drone2:110;Drone3:149,30.9413,relative_computed,local,
Drone3_e150,Drone3,Drone1:108;Drone2:110;Drone3:150,31.0717,relative_computed,local,
Drone2_e134,Drone2,Drone1:108;Drone2:134;Drone3:145,31.0373,processing,local,
Drone2_e135,Drone2,Drone1:108;Drone2:135;Drone3:145,31.3329,processing,send,Drone3
Drone1_e142,Drone1,Drone1:142;Drone2:117;Drone3:132,30.8578,relative_computed,local,
Drone1_e143,Drone1,Drone1:143;Drone2:117;Drone3:132,31.1556,relative_computed,local,
Drone3_e151,Drone3,Drone1:108;Drone2:110;Drone3:151,31.1614,relative_computed,local,
Drone2_e136,Drone2,Drone1:108;Drone2:136;Drone3:145,31.4797,processing,local,
Drone2_e137,Drone2,Drone1:108;Drone2:137;Drone3:145,31.5428,processing,local,
Drone3_e152,Drone3,Drone1:108;Drone2:110;Drone3:152,31.2279,formation_hold,local,
Drone1_e144,Drone1,Drone1:144;Drone2:117;Drone3:132,31.3022,relative_computed,local,
Drone2_e138,Drone2,Drone1:108;Drone2:138;Drone3:145,31.7570,processing,local,
Drone3_e153,Drone3,Drone1:108;Drone2:110;Drone3:153,31.3612,formation_hold,local,
Drone3_e154,Drone3,Drone1:108;Drone2:110;Drone3:154,31.6404,formation_hold,local,
Drone2_e139,Drone2,Drone1:108;Drone2:139;Drone3:145,31.9816,processing,local,
Drone2_e140,Drone2,Drone1:108;Drone2:140;Drone3:145,32.1090,processing,send,Drone1
Drone2_e141,Drone2,Drone1:108;Drone2:141;Drone3:145,32.2411,processing,local,
Drone1_e145,Drone1,Drone1:145;Drone2:117;Drone3:132,31.5595,relative_computed,local,
Drone3_e155,Drone3,Drone1:108;Drone2:110;Drone3:155,31.9185,formation_hold,local,
Drone1_e146,Drone1,Drone1:146;Drone2:117;Drone3:132,31.7153,relative_computed,local,
Drone2_e142,Drone2,Drone1:108;Drone2:142;Drone3:145,32.3362,relative_computed,send,Drone3
Drone1_e147,Drone1,Drone1:147;Drone2:117;Drone3:139,31.8133,relative_computed,receive,Drone3
Drone1_e148,Drone1,Drone1:148;Drone2:121;Drone3:139,32.0744,relative_computed,receive,Drone2
Drone1_e149,Drone1,Drone1:149;Drone2:121;Drone3:139,32.2594,relative_computed,local,
Drone3_e156,Drone3,Drone1:108;Drone2:110;Drone3:156,31.9780,formation_hold,local,
Drone2_e143,Drone2,Drone1:108;Drone2:143;Drone3:145,32.5407,relative_computed,local,
Drone3_e157,Drone3,Drone1:108;Drone2:135;Drone3:157,32.0732,formation_hold,receive,Drone2
Drone3_e158,Drone3,Drone1:108;Drone2:135;Drone3:158,32.3254,formation_hold,local,
Drone1_e150,Drone1,Drone1:150;Drone2:121;Drone3:139,32.3203,relative_computed,local,
Drone2_e144,Drone2,Drone1:108;Drone2:144;Drone3:145,32.6501,relative_computed,local,
Drone2_e145,Drone2,Drone1:108;Drone2:145;Drone3:145,32.8882,relative_computed,local,
Drone2_e146,Drone2,Drone1:108;Drone2:146;Drone3:145,33.0155,relative_computed,send,Drone1
Drone2_e147,Drone2,Drone1:108;Drone2:147;Drone3:145,33.1140,relative_computed,local,
Drone3_e159,Drone3,Drone1:108;Drone2:135;Drone3:159,32.6215,formation_hold,local,
Drone2_e148,Drone2,Drone1:108;Drone2:148;Drone3:145,33.3586,relative_computed,local,
Drone3_e160,Drone3,Drone1:108;Drone2:135;Drone3:160,32.9131,formation_hold,local,
Drone1_e151,Drone1,Drone1:151;Drone2:121;Drone3:139,32.4049,relative_computed,local,
Drone2_e149,Drone2,Drone1:108;Drone2:149;Drone3:145,33.6271,relative_computed,send,Drone3
Drone3_e161,Drone3,Drone1:108;Drone2:135;Drone3:161,33.1410,formation_hold,local,
Drone3_e162,Drone3,Drone1:108;Drone2:135;Drone3:162,33.2622,idle,local,
Drone1_e152,Drone1,Drone1:152;Drone2:127;Drone3:139,32.6626,formation_hold,receive,Drone2
Drone1_e153,Drone1,Drone1:153;Drone2:127;Drone3:139,32.7682,formation_hold,local,
Drone2_e150,Drone2,Drone1:108;Drone2:150;Drone3:145,33.9097,relative_computed,local,
Drone2_e151,Drone2,Drone1:108;Drone2:151;Drone3:145,34.0187,relative_computed,send,Drone3
Drone1_e154,Drone1,Drone1:154;Drone2:129;Drone3:139,32.8978,formation_hold,receive,Drone2
Drone1_e155,Drone1,Drone1:155;Drone2:129;Drone3:139,33.1103,formation_hold,local,
Drone1_e156,Drone1,Drone1:156;Drone2:140;Drone3:145,33.3897,formation_hold,receive,Drone2
Drone2_e152,Drone2,Drone1:108;Drone2:152;Drone3:145,34.1034,formation_hold,local,
Drone3_e163,Drone3,Drone1:108;Drone2:135;Drone3:163,33.4661,idle,local,
Drone1_e157,Drone1,Drone1:157;Drone2:146;Drone3:145,33.6484,formation_hold,receive,Drone2
Drone3_e164,Drone3,Drone1:108;Drone2:135;Drone3:164,33.6683,idle,local,
Drone2_e153,Drone2,Drone1:108;Drone2:153;Drone3:145,34.2128,formation_hold,send,Drone3
Drone1_e158,Drone1,Drone1:158;Drone2:146;Drone3:145,33.8581,formation_hold,send,Drone3
Drone3_e165,Drone3,Drone1:108;Drone2:135;Drone3:165,33.7460,idle,local,
Drone2_e154,Drone2,Drone1:108;Drone2:154;Drone3:145,34.2669,formation_hold,local,
Drone3_e166,Drone3,Drone1:108;Drone2:135;Drone3:166,33.9756,idle,local,
Drone2_e155,Drone2,Drone1:108;Drone2:155;Drone3:145,34.4706,formation_hold,local,
Drone1_e159,Drone1,Drone1:159;Drone2:146;Drone3:145,33.9550,formation_hold,local,
Drone3_e167,Drone3,Drone1:108;Drone2:142;Drone3:167,34.0426,idle,receive,Drone2
Drone3_e168,Drone3,Drone1:108;Drone2:142;Drone3:168,34.2892,idle,local,
Drone3_e169,Drone3,Drone1:108;Drone2:142;Drone3:169,34.4368,idle,local,
Drone2_e156,Drone2,Drone1:108;Drone2:156;Drone3:145,34.7658,formation_hold,send,Drone3
Drone2_e157,Drone2,Drone1:108;Drone2:157;Drone3:145,34.9051,formation_hold,local,
Drone1_e160,Drone1,Drone1:160;Drone2:146;Drone3:145,34.1882,formation_hold,local,
Drone3_e170,Drone3,Drone1:108;Drone2:149;Drone3:170,34.5201,idle,receive,Drone2
Drone2_e158,Drone2,Drone1:108;Drone2:158;Drone3:145,35.1585,formation_hold,local,
Drone1_e161,Drone1,Drone1:161;Drone2:146;Drone3:145,34.4094,formation_hold,local,
Drone3_e171,Drone3,Drone1:108;Drone2:149;Drone3:171,34.6157,idle,local,
Drone1_e162,Drone1,Drone1:162;Drone2:146;Drone3:145,34.4686,idle,send,Drone3
Drone1_e163,Drone1,Drone1:163;Drone2:146;Drone3:145,34.7401,idle,send,Drone2
Drone2_e159,Drone2,Drone1:108;Drone2:159;Drone3:145,35.3373,formation_hold,local,
Drone3_e172,Drone3,Drone1:108;Drone2:149;Drone3:172,34.6748,scanning,local,
Drone3_e173,Drone3,Drone1:108;Drone2:151;Drone3:173,34.9404,scanning,receive,Drone2
Drone1_e164,Drone1,Drone1:164;Drone2:146;Drone3:145,34.8731,idle,local,
Drone1_e165,Drone1,Drone1:165;Drone2:146;Drone3:145,35.0323,idle,local,
Drone2_e160,Drone2,Drone1:108;Drone2:160;Drone3:145,35.6110,formation_hold,local,
Drone2_e161,Drone2,Drone1:163;Drone2:161;Drone3:145,35.7850,formation_hold,receive,Drone1
Drone2_e162,Drone2,Drone1:163;Drone2:162;Drone3:145,36.0344,idle,local,
Drone2_e163,Drone2,Drone1:163;Drone2:163;Drone3:145,36.2661,idle,local,
Drone1_e166,Drone1,Drone1:166;Drone2:146;Drone3:145,35.3311,idle,local,
Drone1_e167,Drone1,Drone1:167;Drone2:146;Drone3:145,35.4614,idle,local,
Drone1_e168,Drone1,Drone1:168;Drone2:146;Drone3:145,35.5853,idle,local,
Drone2_e164,Drone2,Drone1:163;Drone2:164;Drone3:145,36.4227,idle,local,
Drone3_e174,Drone3,Drone1:108;Drone2:151;Drone3:174,35.1022,scanning,local,
Drone3_e175,Drone3,Drone1:108;Drone2:151;Drone3:175,35.2403,scanning,local,
Drone2_e165,Drone2,Drone1:163;Drone2:165;Drone3:145,36.4914,idle,send,Drone1
Drone3_e176,Drone3,Drone1:108;Drone2:151;Drone3:176,35.4186,scanning,local,
Drone3_e177,Drone3,Drone1:108;Drone2:151;Drone3:177,35.7068,scanning,local,
Drone1_e169,Drone1,Drone1:169;Drone2:146;Drone3:145,35.8048,idle,local,
Drone2_e166,Drone2,Drone1:163;Drone2:166;Drone3:145,36.6004,idle,send,Drone1
Drone3_e178,Drone3,Drone1:108;Drone2:153;Drone3:178,35.9941,scanning,receive,Drone2
Drone1_e170,Drone1,Drone1:170;Drone2:146;Drone3:145,36.0246,idle,local,
Drone2_e167,Drone2,Drone1:163;Drone2:167;Drone3:145,36.8412,idle,local,
Drone3_e179,Drone3,Drone1:108;Drone2:156;Drone3:179,36.1436,scanning,receive,Drone2
Drone3_e180,Drone3,Drone1:158;Drone2:156;Drone3:180,36.2001,scanning,receive,Drone1
Drone1_e171,Drone1,Drone1:171;Drone2:146;Drone3:145,36.1713,idle,local,
Drone3_e181,Drone3,Drone1:162;Drone2:156;Drone3:181,36.4261,scanning,receive,Drone1
Drone1_e172,Drone1,Drone1:172;Drone2:146;Drone3:145,36.2927,scanning,local,
Drone2_e168,Drone2,Drone1:163;Drone2:168;Drone3:145,37.1044,idle,send,Drone1
Drone2_e169,Drone2,Drone1:163;Drone2:169;Drone3:145,37.4037,idle,send,Drone3
Drone3_e182,Drone3,Drone1:162;Drone2:156;Drone3:182,36.7228,target_found,local,
Drone3_e183,Drone3,Drone1:163;Drone2:169;Drone3:183,37.5912,target_found,receive,Drone2
Drone2_e170,Drone2,Drone1:163;Drone2:170;Drone3:145,37.6666,idle,local,
Drone3_e184,Drone3,Drone1:163;Drone2:169;Drone3:184,37.8163,target_found,local,
Drone1_e173,Drone1,Drone1:173;Drone2:146;Drone3:145,36.4699,scanning,local,
Drone1_e174,Drone1,Drone1:174;Drone2:146;Drone3:145,36.7179,scanning,local,
Drone1_e175,Drone1,Drone1:175;Drone2:146;Drone3:145,36.7745,scanning,local,
Drone3_e185,Drone3,Drone1:163;Drone2:169;Drone3:185,37.9831,target_found,local,
Drone3_e186,Drone3,Drone1:163;Drone2:169;Drone3:186,38.0496,target_found,send,Drone1
Drone2_e171,Drone2,Drone1:163;Drone2:171;Drone3:145,37.8963,idle,local,
Drone3_e187,Drone3,Drone1:163;Drone2:169;Drone3:187,38.2019,target_found,local,
Drone3_e188,Drone3,Drone1:163;Drone2:169;Drone3:188,38.4125,target_found,send,Drone2
Drone2_e172,Drone2,Drone1:163;Drone2:172;Drone3:145,38.0756,scanning,local,
Drone1_e176,Drone1,Drone1:176;Drone2:146;Drone3:145,37.0195,scanning,local,
Drone3_e189,Drone3,Drone1:163;Drone2:169;Drone3:189,38.6544,target_found,local,
Drone1_e177,Drone1,Drone1:177;Drone2:146;Drone3:145,37.2972,scanning,local,
Drone1_e178,Drone1,Drone1:178;Drone2:146;Drone3:145,37.4768,scanning,local,
Drone2_e173,Drone2,Drone1:163;Drone2:173;Drone3:188,38.6962,scanning,receive,Drone3
Drone1_e179,Drone1,Drone1:179;Drone2:169;Drone3:186,38.3110,scanning,receive,Drone3
Drone2_e174,Drone2,Drone1:163;Drone2:174;Drone3:188,38.7775,scanning,send,Drone3
Drone2_e175,Drone2,Drone1:163;Drone2:175;Drone3:188,38.8508,scanning,local,
Drone3_e190,Drone3,Drone1:163;Drone2:174;Drone3:190,38.8703,target_found,receive,Drone2
Drone3_e191,Drone3,Drone1:163;Drone2:174;Drone3:191,39.0716,target_found,local,
Drone3_e192,Drone3,Drone1:163;Drone2:174;Drone3:192,39.1419,position_measured,send,Drone1
Drone3_e193,Drone3,Drone1:163;Drone2:174;Drone3:193,39.2580,position_measured,local,
Drone1_e180,Drone1,Drone1:180;Drone2:169;Drone3:186,38.4652,scanning,local,
Drone3_e194,Drone3,Drone1:163;Drone2:174;Drone3:194,39.4685,position_measured,send,Drone2
Drone2_e176,Drone2,Drone1:163;Drone2:176;Drone3:188,39.1020,scanning,local,
Drone3_e195,Drone3,Drone1:163;Drone2:174;Drone3:195,39.6319,position_measured,local,
Drone3_e196,Drone3,Drone1:163;Drone2:174;Drone3:196,39.7858,position_measured,send,Drone2
Drone2_e177,Drone2,Drone1:163;Drone2:177;Drone3:194,39.5967,scanning,receive,Drone3
Drone3_e197,Drone3,Drone1:163;Drone2:174;Drone3:197,40.0828,position_measured,local,
Drone2_e178,Drone2,Drone1:163;Drone2:178;Drone3:194,39.6793,scanning,local,
Drone2_e179,Drone2,Drone1:163;Drone2:179;Drone3:194,39.7559,scanning,local,
Drone1_e181,Drone1,Drone1:181;Drone2:169;Drone3:186,38.5821,scanning,local,
Drone1_e182,Drone1,Drone1:182;Drone2:169;Drone3:186,38.7046,target_found,receive,Drone2
Drone2_e180,Drone2,Drone1:163;Drone2:180;Drone3:194,39.9104,scanning,local,
Drone1_e183,Drone1,Drone1:183;Drone2:169;Drone3:186,38.9880,target_found,local,
Drone3_e198,Drone3,Drone1:163;Drone2:174;Drone3:198,40.3236,position_measured,local,
Drone2_e181,Drone2,Drone1:163;Drone2:181;Drone3:194,40.0771,scanning,local,
Drone2_e182,Drone2,Drone1:163;Drone2:182;Drone3:194,40.1496,target_found,local,
Drone2_e183,Drone2,Drone1:163;Drone2:183;Drone3:194,40.4413,target_found,local,
Drone1_e184,Drone1,Drone1:184;Drone2:169;Drone3:186,39.0502,target_found,local,
Drone2_e184,Drone2,Drone1:163;Drone2:184;Drone3:194,40.7119,target_found,local,
Drone3_e199,Drone3,Drone1:163;Drone2:174;Drone3:199,40.4450,position_measured,local,
Drone1_e185,Drone1,Drone1:185;Drone2:169;Drone3:186,39.2079,target_found,local,
Drone2_e185,Drone2,Drone1:163;Drone2:185;Drone3:194,40.9529,target_found,local,
Drone2_e186,Drone2,Drone1:163;Drone2:186;Drone3:196,41.1454,target_found,receive,Drone3
Drone1_e186,Drone1,Drone1:186;Drone2:174;Drone3:192,39.2763,target_found,receive,Drone3
Drone3_e200,Drone3,Drone1:163;Drone2:174;Drone3:200,40.6325,position_measured,local,
Drone3_e201,Drone3,Drone1:163;Drone2:174;Drone3:201,40.7122,position_measured,local,
Drone1_e187,Drone1,Drone1:187;Drone2:174;Drone3:192,39.4658,target_found,receive,Drone2
Drone2_e187,Drone2,Drone1:163;Drone2:187;Drone3:196,41.2452,target_found,local,
Drone3_e202,Drone3,Drone1:163;Drone2:174;Drone3:202,40.7723,position_sent,local,
Drone1_e188,Drone1,Drone1:188;Drone2:174;Drone3:192,39.7168,target_found,receive,Drone2
Drone3_e203,Drone3,Drone1:163;Drone2:174;Drone3:203,40.9738,position_sent,local,
Drone3_e204,Drone3,Drone1:163;Drone2:174;Drone3:204,41.0644,position_sent,send,Drone2
Drone3_e205,Drone3,Drone1:163;Drone2:174;Drone3:205,41.1893,position_sent,local,
Drone2_e188,Drone2,Drone1:163;Drone2:188;Drone3:196,41.4226,target_found,local,
Drone2_e189,Drone2,Drone1:163;Drone2:189;Drone3:196,41.5476,target_found,local,
Drone1_e189,Drone1,Drone1:189;Drone2:174;Drone3:192,39.9352,target_found,local,
Drone2_e190,Drone2,Drone1:163;Drone2:190;Drone3:196,41.7968,target_found,local,
Drone3_e206,Drone3,Drone1:163;Drone2:174;Drone3:206,41.3966,position_sent,local,
Drone3_e207,Drone3,Drone1:163;Drone2:174;Drone3:207,41.6883,position_sent,local,
Drone3_e208,Drone3,Drone1:163;Drone2:174;Drone3:208,41.9187,position_sent,local,
Drone3_e209,Drone3,Drone1:163;Drone2:174;Drone3:209,42.0997,position_sent,local,
Drone3_e210,Drone3,Drone1:163;Drone2:174;Drone3:210,42.3600,position_sent,local,
Drone1_e190,Drone1,Drone1:190;Drone2:174;Drone3:192,40.0458,target_found,local,
Drone3_e211,Drone3,Drone1:163;Drone2:174;Drone3:211,42.4375,position_sent,local,
Drone1_e191,Drone1,Drone1:191;Drone2:174;Drone3:192,40.2005,target_found,local,
Drone2_e191,Drone2,Drone1:163;Drone2:191;Drone3:196,41.9494,target_found,local,
Drone3_e212,Drone3,Drone1:163;Drone2:174;Drone3:212,42.7057,processing,local,
Drone3_e213,Drone3,Drone1:163;Drone2:174;Drone3:213,42.9322,processing,local,
Drone3_e214,Drone3,Drone1:163;Drone2:174;Drone3:214,43.2317,processing,send,Drone2
Drone2_e192,Drone2,Drone1:163;Drone2:192;Drone3:196,42.0778,position_measured,local,
Drone1_e192,Drone1,Drone1:192;Drone2:174;Drone3:192,40.3838,position_measured,local,
Drone3_e215,Drone3,Drone1:163;Drone2:174;Drone3:215,43.4747,processing,local,
Drone3_e216,Drone3,Drone1:163;Drone2:174;Drone3:216,43.7256,processing,local,
Drone2_e193,Drone2,Drone1:163;Drone2:193;Drone3:196,42.1759,position_measured,local,
Drone1_e193,Drone1,Drone1:193;Drone2:174;Drone3:192,40.4900,position_measured,send,Drone3
Drone2_e194,Drone2,Drone1:163;Drone2:194;Drone3:196,42.4021,position_measured,local,
Drone3_e217,Drone3,Drone1:163;Drone2:174;Drone3:217,43.8549,processing,local,
Drone2_e195,Drone2,Drone1:163;Drone2:195;Drone3:196,42.6857,position_measured,local,
Drone3_e218,Drone3,Drone1:193;Drone2:174;Drone3:218,44.0482,processing,receive,Drone1
Drone3_e219,Drone3,Drone1:193;Drone2:174;Drone3:219,44.3433,processing,local,
Drone2_e196,Drone2,Drone1:163;Drone2:196;Drone3:196,42.9369,position_measured,local,
Drone2_e197,Drone2,Drone1:163;Drone2:197;Drone3:204,43.0735,position_measured,receive,Drone3
Drone2_e198,Drone2,Drone1:163;Drone2:198;Drone3:204,43.3103,position_measured,local,
Drone1_e194,Drone1,Drone1:194;Drone2:174;Drone3:192,40.7732,position_measured,send,Drone3
Drone3_e220,Drone3,Drone1:194;Drone2:174;Drone3:220,44.5472,processing,receive,Drone1
Drone3_e221,Drone3,Drone1:194;Drone2:174;Drone3:221,44.7646,processing,send,Drone1
Drone3_e222,Drone3,Drone1:194;Drone2:174;Drone3:222,44.8278,relative_computed,send,Drone1
Drone2_e199,Drone2,Drone1:163;Drone2:199;Drone3:214,43.3854,position_measured,receive,Drone3
Drone1_e195,Drone1,Drone1:195;Drone2:174;Drone3:221,44.9164,position_measured,receive,Drone3
Drone2_e200,Drone2,Drone1:163;Drone2:200;Drone3:214,43.4853,position_measured,local,
Drone2_e201,Drone2,Drone1:163;Drone2:201;Drone3:214,43.6968,position_measured,local,
Drone1_e196,Drone1,Drone1:196;Drone2:174;Drone3:221,45.0244,position_measured,local,
Drone3_e223,Drone3,Drone1:194;Drone2:174;Drone3:223,45.1119,relative_computed,local,
Drone1_e197,Drone1,Drone1:197;Drone2:174;Drone3:221,45.2838,position_measured,local,
Drone1_e198,Drone1,Drone1:198;Drone2:174;Drone3:221,45.4331,position_measured,local,
Drone2_e202,Drone2,Drone1:163;Drone2:202;Drone3:214,43.9659,position_sent,send,Drone3
Drone1_e199,Drone1,Drone1:199;Drone2:174;Drone3:222,45.7152,position_measured,receive,Drone3
Drone2_e203,Drone2,Drone1:163;Drone2:203;Drone3:214,44.2383,position_sent,send,Drone3
Drone1_e200,Drone1,Drone1:200;Drone2:174;Drone3:222,45.8822,position_measured,local,
Drone1_e201,Drone1,Drone1:201;Drone2:174;Drone3:222,46.0149,position_measured,local,
Drone3_e224,Drone3,Drone1:194;Drone2:174;Drone3:224,45.2263,relative_computed,local,
Drone1_e202,Drone1,Drone1:202;Drone2:174;Drone3:222,46.2626,position_sent,send,Drone3
Drone3_e225,Drone3,Drone1:194;Drone2:174;Drone3:225,45.3245,relative_computed,local,
Drone3_e226,Drone3,Drone1:194;Drone2:174;Drone3:226,45.5988,relative_computed,local,
Drone2_e204,Drone2,Drone1:163;Drone2:204;Drone3:214,44.3099,position_sent,local,
Drone3_e227,Drone3,Drone1:202;Drone2:174;Drone3:227,46.4319,relative_computed,receive,Drone1
Drone1_e203,Drone1,Drone1:203;Drone2:174;Drone3:222,46.3714,position_sent,send,Drone3
Drone2_e205,Drone2,Drone1:163;Drone2:205;Drone3:214,44.4354,position_sent,local,
Drone3_e228,Drone3,Drone1:202;Drone2:174;Drone3:228,46.5473,relative_computed,local,
Drone2_e206,Drone2,Drone1:163;Drone2:206;Drone3:214,44.5010,position_sent,local,
Drone1_e204,Drone1,Drone1:204;Drone2:174;Drone3:222,46.4614,position_sent,local,
Drone3_e229,Drone3,Drone1:202;Drone2:174;Drone3:229,46.8211,relative_computed,local,
Drone3_e230,Drone3,Drone1:202;Drone2:174;Drone3:230,47.0437,relative_computed,local,
Drone3_e231,Drone3,Drone1:202;Drone2:174;Drone3:231,47.1674,relative_computed,local,
Drone3_e232,Drone3,Drone1:203;Drone2:174;Drone3:232,47.3370,formation_hold,receive,Drone1
Drone2_e207,Drone2,Drone1:163;Drone2:207;Drone3:214,44.7024,position_sent,local,
Drone2_e208,Drone2,Drone1:163;Drone2:208;Drone3:214,44.9806,position_sent,local,
Drone3_e233,Drone3,Drone1:203;Drone2:174;Drone3:233,47.5934,formation_hold,local,
Drone1_e205,Drone1,Drone1:205;Drone2:174;Drone3:222,46.6603,position_sent,local,
Drone1_e206,Drone1,Drone1:206;Drone2:174;Drone3:222,46.8424,position_sent,local,
Drone2_e209,Drone2,Drone1:163;Drone2:209;Drone3:214,45.0460,position_sent,send,Drone1
Drone3_e234,Drone3,Drone1:203;Drone2:174;Drone3:234,47.6939,formation_hold,local,
Drone3_e235,Drone3,Drone1:203;Drone2:202;Drone3:235,47.9575,formation_hold,receive,Drone2
Drone2_e210,Drone2,Drone1:163;Drone2:210;Drone3:214,45.2753,position_sent,send,Drone1
Drone2_e211,Drone2,Drone1:163;Drone2:211;Drone3:214,45.5274,position_sent,send,Drone3
Drone2_e212,Drone2,Drone1:163;Drone2:212;Drone3:214,45.6916,processing,send,Drone3
Drone1_e207,Drone1,Drone1:207;Drone2:174;Drone3:222,47.0606,position_sent,local,
Drone2_e213,Drone2,Drone1:163;Drone2:213;Drone3:214,45.8406,processing,local,
Drone1_e208,Drone1,Drone1:208;Drone2:174;Drone3:222,47.2551,position_sent,local,
Drone1_e209,Drone1,Drone1:209;Drone2:174;Drone3:222,47.4802,position_sent,local,
Drone3_e236,Drone3,Drone1:203;Drone2:202;Drone3:236,48.2412,formation_hold,local,
Drone1_e210,Drone1,Drone1:210;Drone2:174;Drone3:222,47.6482,position_sent,local,
Drone2_e214,Drone2,Drone1:163;Drone2:214;Drone3:214,46.0829,processing,local,
Drone3_e237,Drone3,Drone1:203;Drone2:202;Drone3:237,48.4526,formation_hold,local,
Drone2_e215,Drone2,Drone1:163;Drone2:215;Drone3:214,46.3557,processing,local,
Drone2_e216,Drone2,Drone1:163;Drone2:216;Drone3:214,46.6324,processing,local,
Drone2_e217,Drone2,Drone1:163;Drone2:217;Drone3:214,46.8458,processing,send,Drone1
Drone2_e218,Drone2,Drone1:163;Drone2:218;Drone3:214,47.0280,processing,send,Drone3
Drone3_e238,Drone3,Drone1:203;Drone2:202;Drone3:238,48.7114,formation_hold,local,
Drone1_e211,Drone1,Drone1:211;Drone2:174;Drone3:222,47.8140,position_sent,local,
Drone3_e239,Drone3,Drone1:203;Drone2:202;Drone3:239,48.8943,formation_hold,local,
Drone1_e212,Drone1,Drone1:212;Drone2:209;Drone3:222,47.9028,processing,receive,Drone2
Drone1_e213,Drone1,Drone1:213;Drone2:209;Drone3:222,48.1340,processing,local,
Drone1_e214,Drone1,Drone1:214;Drone2:210;Drone3:222,48.3378,processing,receive,Drone2
Drone1_e215,Drone1,Drone1:215;Drone2:217;Drone3:222,48.4130,processing,receive,Drone2
Drone1_e216,Drone1,Drone1:216;Drone2:217;Drone3:222,48.6310,processing,local,
Drone1_e217,Drone1,Drone1:217;Drone2:217;Drone3:222,48.7816,processing,send,Drone2
Drone1_e218,Drone1,Drone1:218;Drone2:217;Drone3:222,49.0202,processing,local,
Drone1_e219,Drone1,Drone1:219;Drone2:217;Drone3:222,49.1287,processing,send,Drone3
Drone3_e240,Drone3,Drone1:203;Drone2:202;Drone3:240,49.0887,formation_hold,local,
Drone3_e241,Drone3,Drone1:203;Drone2:202;Drone3:241,49.1979,formation_hold,local,
Drone1_e220,Drone1,Drone1:220;Drone2:217;Drone3:222,49.3090,processing,local,
Drone2_e219,Drone2,Drone1:217;Drone2:219;Drone3:222,48.9707,processing,receive,Drone1
Drone3_e242,Drone3,Drone1:203;Drone2:202;Drone3:242,49.4758,idle,local,
Drone3_e243,Drone3,Drone1:203;Drone2:202;Drone3:243,49.6648,idle,local,
Drone1_e221,Drone1,Drone1:221;Drone2:217;Drone3:222,49.5944,processing,local,
Drone3_e244,Drone3,Drone1:203;Drone2:203;Drone3:244,49.8889,idle,receive,Drone2
Drone2_e220,Drone2,Drone1:217;Drone2:220;Drone3:222,49.0667,processing,send,Drone3
Drone3_e245,Drone3,Drone1:203;Drone2:203;Drone3:245,50.1512,idle,local,
Drone2_e221,Drone2,Drone1:217;Drone2:221;Drone3:222,49.1528,processing,local,
Drone2_e222,Drone2,Drone1:217;Drone2:222;Drone3:222,49.3434,relative_computed,local,
Drone2_e223,Drone2,Drone1:217;Drone2:223;Drone3:222,49.4269,relative_computed,local,
Drone1_e222,Drone1,Drone1:222;Drone2:217;Drone3:222,49.8061,relative_computed,send,Drone3
Drone2_e224,Drone2,Drone1:217;Drone2:224;Drone3:222,49.5000,relative_computed,local,
Drone3_e246,Drone3,Drone1:203;Drone2:203;Drone3:246,50.2141,idle,local,
Drone2_e225,Drone2,Drone1:217;Drone2:225;Drone3:222,49.7008,relative_computed,local,
Drone1_e223,Drone1,Drone1:223;Drone2:217;Drone3:222,49.9759,relative_computed,send,Drone2
Drone2_e226,Drone2,Drone1:223;Drone2:226;Drone3:222,50.0789,relative_computed,receive,Drone1
Drone1_e224,Drone1,Drone1:224;Drone2:217;Drone3:222,50.0553,relative_computed,local,
Drone2_e227,Drone2,Drone1:223;Drone2:227;Drone3:222,50.3028,relative_computed,local,
Drone3_e247,Drone3,Drone1:219;Drone2:217;Drone3:247,50.4021,idle,receive,Drone1
Drone2_e228,Drone2,Drone1:223;Drone2:228;Drone3:222,50.4862,relative_computed,local,
Drone2_e229,Drone2,Drone1:223;Drone2:229;Drone3:222,50.6261,relative_computed,local,
Drone2_e230,Drone2,Drone1:223;Drone2:230;Drone3:222,50.8768,relative_computed,local,
Drone3_e248,Drone3,Drone1:219;Drone2:217;Drone3:248,50.6620,idle,local,
Drone1_e225,Drone1,Drone1:225;Drone2:217;Drone3:222,50.2087,relative_computed,local,
Drone3_e249,Drone3,Drone1:219;Drone2:217;Drone3:249,50.8973,idle,local,
Drone1_e226,Drone1,Drone1:226;Drone2:217;Drone3:222,50.3325,relative_computed,send,Drone3
Drone1_e227,Drone1,Drone1:227;Drone2:217;Drone3:222,50.4775,relative_computed,local,
Drone1_e228,Drone1,Drone1:228;Drone2:217;Drone3:222,50.6912,relative_computed,local,
Drone3_e250,Drone3,Drone1:219;Drone2:217;Drone3:250,51.1890,idle,receive,Drone2
Drone3_e251,Drone3,Drone1:219;Drone2:217;Drone3:251,51.3542,idle,local,
Drone3_e252,Drone3,Drone1:219;Drone2:217;Drone3:252,51.4465,scanning,local,
Drone3_e253,Drone3,Drone1:219;Drone2:217;Drone3:253,51.5425,scanning,local,
Drone3_e254,Drone3,Drone1:219;Drone2:217;Drone3:254,51.8318,scanning,local,
Drone3_e255,Drone3,Drone1:222;Drone2:217;Drone3:255,52.1181,scanning,receive,Drone1
Drone3_e256,Drone3,Drone1:226;Drone2:217;Drone3:256,52.2712,scanning,receive,Drone1
Drone3_e257,Drone3,Drone1:226;Drone2:217;Drone3:257,52.3235,scanning,receive,Drone2
Drone3_e258,Drone3,Drone1:226;Drone2:217;Drone3:258,52.3886,scanning,local,
Drone3_e259,Drone3,Drone1:226;Drone2:217;Drone3:259,52.5927,scanning,local,
Drone2_e231,Drone2,Drone1:223;Drone2:231;Drone3:222,50.9308,relative_computed,local,
Drone3_e260,Drone3,Drone1:226;Drone2:217;Drone3:260,52.6457,scanning,local,
Drone3_e261,Drone3,Drone1:226;Drone2:217;Drone3:261,52.8296,scanning,local,
Drone2_e232,Drone2,Drone1:223;Drone2:232;Drone3:222,51.1823,formation_hold,send,Drone3
Drone1_e229,Drone1,Drone1:229;Drone2:217;Drone3:222,50.8723,relative_computed,send,Drone2
Drone1_e230,Drone1,Drone1:230;Drone2:217;Drone3:222,51.1261,relative_computed,send,Drone3
Drone2_e233,Drone2,Drone1:223;Drone2:233;Drone3:222,51.2521,formation_hold,local,
Drone2_e234,Drone2,Drone1:223;Drone2:234;Drone3:222,51.3629,formation_hold,local,
Drone3_e262,Drone3,Drone1:230;Drone2:217;Drone3:262,53.0431,target_found,receive,Drone1
Drone3_e263,Drone3,Drone1:230;Drone2:217;Drone3:263,53.1165,target_found,local,
Drone2_e235,Drone2,Drone1:229;Drone2:235;Drone3:222,51.4269,formation_hold,receive,Drone1
Drone1_e231,Drone1,Drone1:231;Drone2:217;Drone3:222,51.1967,relative_computed,local,
Drone2_e236,Drone2,Drone1:229;Drone2:236;Drone3:222,51.5597,formation_hold,local,
Drone1_e232,Drone1,Drone1:232;Drone2:217;Drone3:222,51.4765,formation_hold,local,
Drone1_e233,Drone1,Drone1:233;Drone2:217;Drone3:222,51.5943,formation_hold,send,Drone3
Drone1_e234,Drone1,Drone1:234;Drone2:217;Drone3:222,51.7144,formation_hold,local,
Drone3_e264,Drone3,Drone1:230;Drone2:217;Drone3:264,53.1747,target_found,local,
Drone2_e237,Drone2,Drone1:229;Drone2:237;Drone3:222,51.7565,formation_hold,send,Drone1
Drone3_e265,Drone3,Drone1:230;Drone2:217;Drone3:265,53.4569,target_found,local,
Drone2_e238,Drone2,Drone1:229;Drone2:238;Drone3:222,51.9481,formation_hold,send,Drone1
Drone2_e239,Drone2,Drone1:229;Drone2:239;Drone3:222,52.1333,formation_hold,local,
Drone2_e240,Drone2,Drone1:229;Drone2:240;Drone3:222,52.2183,formation_hold,local,
Drone3_e266,Drone3,Drone1:230;Drone2:217;Drone3:266,53.6321,target_found,local,
Drone2_e241,Drone2,Drone1:229;Drone2:241;Drone3:222,52.3263,formation_hold,send,Drone3
Drone1_e235,Drone1,Drone1:235;Drone2:237;Drone3:222,52.0487,formation_hold,receive,Drone2
Drone2_e242,Drone2,Drone1:229;Drone2:242;Drone3:222,52.5722,idle,send,Drone3
Drone2_e243,Drone2,Drone1:229;Drone2:243;Drone3:222,52.7111,idle,local,
Drone2_e244,Drone2,Drone1:229;Drone2:244;Drone3:222,52.9311,idle,local,
Drone3_e267,Drone3,Drone1:230;Drone2:218;Drone3:267,53.8816,target_found,receive,Drone2
Drone3_e268,Drone3,Drone1:230;Drone2:220;Drone3:268,53.9702,target_found,receive,Drone2
Drone3_e269,Drone3,Drone1:230;Drone2:220;Drone3:269,54.0587,target_found,local,
Drone2_e245,Drone2,Drone1:229;Drone2:245;Drone3:222,53.0077,idle,local,
Drone1_e236,Drone1,Drone1:236;Drone2:237;Drone3:222,52.2099,formation_hold,local,
Drone2_e246,Drone2,Drone1:229;Drone2:246;Drone3:222,53.1045,idle,send,Drone1
Drone2_e247,Drone2,Drone1:229;Drone2:247;Drone3:222,53.2827,idle,local,
Drone1_e237,Drone1,Drone1:237;Drone2:238;Drone3:222,52.3984,formation_hold,receive,Drone2
Drone3_e270,Drone3,Drone1:230;Drone2:220;Drone3:270,54.1898,target_found,local,
Drone2_e248,Drone2,Drone1:229;Drone2:248;Drone3:222,53.4296,idle,send,Drone3
Drone1_e238,Drone1,Drone1:238;Drone2:238;Drone3:222,52.5883,formation_hold,local,
Drone1_e239,Drone1,Drone1:239;Drone2:238;Drone3:222,52.6807,formation_hold,local,
Drone2_e249,Drone2,Drone1:229;Drone2:249;Drone3:222,53.5549,idle,send,Drone3
Drone2_e250,Drone2,Drone1:229;Drone2:250;Drone3:222,53.7136,idle,send,Drone1
Drone2_e251,Drone2,Drone1:229;Drone2:251;Drone3:222,53.8538,idle,send,Drone1
Drone1_e240,Drone1,Drone1:240;Drone2:238;Drone3:222,52.8547,formation_hold,local,
Drone3_e271,Drone3,Drone1:233;Drone2:220;Drone3:271,54.2737,target_found,receive,Drone1
Drone1_e241,Drone1,Drone1:241;Drone2:238;Drone3:222,52.9877,formation_hold,local,
Drone3_e272,Drone3,Drone1:233;Drone2:232;Drone3:272,54.4338,position_measured,receive,Drone2
Drone2_e252,Drone2,Drone1:229;Drone2:252;Drone3:222,54.1187,scanning,local,
Drone3_e273,Drone3,Drone1:233;Drone2:241;Drone3:273,54.6346,position_measured,receive,Drone2
Drone3_e274,Drone3,Drone1:233;Drone2:242;Drone3:274,54.7290,position_measured,receive,Drone2
Drone2_e253,Drone2,Drone1:229;Drone2:253;Drone3:222,54.2416,scanning,local,
Drone3_e275,Drone3,Drone1:233;Drone2:242;Drone3:275,55.0209,position_measured,local,
Drone1_e242,Drone1,Drone1:242;Drone2:246;Drone3:222,53.3587,idle,receive,Drone2
Drone2_e254,Drone2,Drone1:229;Drone2:254;Drone3:222,54.5246,scanning,local,
Drone1_e243,Drone1,Drone1:243;Drone2:246;Drone3:222,53.5451,idle,local,
Drone3_e276,Drone3,Drone1:233;Drone2:242;Drone3:276,55.0776,position_measured,local,
Drone3_e277,Drone3,Drone1:233;Drone2:242;Drone3:277,55.3047,position_measured,local,
Drone2_e255,Drone2,Drone1:229;Drone2:255;Drone3:222,54.7824,scanning,local,
Drone1_e244,Drone1,Drone1:244;Drone2:246;Drone3:222,53.7940,idle,local,
Drone2_e256,Drone2,Drone1:229;Drone2:256;Drone3:222,54.8672,scanning,local,
Drone2_e257,Drone2,Drone1:229;Drone2:257;Drone3:222,55.0960,scanning,send,Drone1
Drone2_e258,Drone2,Drone1:229;Drone2:258;Drone3:222,55.2916,scanning,send,Drone3
Drone3_e278,Drone3,Drone1:233;Drone2:242;Drone3:278,55.5848,position_measured,local,
Drone3_e279,Drone3,Drone1:233;Drone2:242;Drone3:279,55.6440,position_measured,local,
Drone2_e259,Drone2,Drone1:229;Drone2:259;Drone3:222,55.5447,scanning,local,
Drone3_e280,Drone3,Drone1:233;Drone2:242;Drone3:280,55.7153,position_measured,local,
Drone1_e245,Drone1,Drone1:245;Drone2:246;Drone3:222,53.9327,idle,local,
Drone3_e281,Drone3,Drone1:233;Drone2:242;Drone3:281,55.9061,position_measured,local,
Drone3_e282,Drone3,Drone1:233;Drone2:242;Drone3:282,56.0560,position_sent,local,
Drone2_e260,Drone2,Drone1:229;Drone2:260;Drone3:222,55.7023,scanning,local,
Drone1_e246,Drone1,Drone1:246;Drone2:250;Drone3:222,54.1104,idle,receive,Drone2
Drone3_e283,Drone3,Drone1:233;Drone2:242;Drone3:283,56.2779,position_sent,local,
Drone1_e247,Drone1,Drone1:247;Drone2:250;Drone3:222,54.2582,idle,local,
Drone3_e284,Drone3,Drone1:233;Drone2:242;Drone3:284,56.4530,position_sent,local,
Drone2_e261,Drone2,Drone1:229;Drone2:261;Drone3:222,55.8730,scanning,local,
Drone2_e262,Drone2,Drone1:229;Drone2:262;Drone3:222,56.1634,target_found,local,
Drone1_e248,Drone1,Drone1:248;Drone2:250;Drone3:222,54.4907,idle,local,
Drone2_e263,Drone2,Drone1:229;Drone2:263;Drone3:222,56.3272,target_found,local,
Drone1_e249,Drone1,Drone1:249;Drone2:250;Drone3:222,54.6278,idle,local,
Drone1_e250,Drone1,Drone1:250;Drone2:250;Drone3:222,54.8520,idle,local,
Drone2_e264,Drone2,Drone1:229;Drone2:264;Drone3:222,56.5798,target_found,send,Drone1
Drone1_e251,Drone1,Drone1:251;Drone2:251;Drone3:222,55.0640,idle,receive,Drone2
Drone3_e285,Drone3,Drone1:233;Drone2:242;Drone3:285,56.7355,position_sent,local,
Drone3_e286,Drone3,Drone1:233;Drone2:248;Drone3:286,56.9235,position_sent,receive,Drone2
Drone2_e265,Drone2,Drone1:229;Drone2:265;Drone3:222,56.8694,target_found,local,
Drone1_e252,Drone1,Drone1:252;Drone2:251;Drone3:222,55.2714,scanning,local,
Drone1_e253,Drone1,Drone1:253;Drone2:251;Drone3:222,55.4295,scanning,local,
Drone1_e254,Drone1,Drone1:254;Drone2:251;Drone3:222,55.7002,scanning,local,
Drone2_e266,Drone2,Drone1:229;Drone2:266;Drone3:222,57.0166,target_found,local,
Drone3_e287,Drone3,Drone1:233;Drone2:249;Drone3:287,57.1616,position_sent,receive,Drone2
Drone1_e255,Drone1,Drone1:255;Drone2:251;Drone3:222,55.9501,scanning,local,
Drone3_e288,Drone3,Drone1:233;Drone2:258;Drone3:288,57.2608,position_sent,receive,Drone2
Drone1_e256,Drone1,Drone1:256;Drone2:257;Drone3:222,56.1320,scanning,receive,Drone2
Drone3_e289,Drone3,Drone1:233;Drone2:258;Drone3:289,57.4080,position_sent,local,
Drone2_e267,Drone2,Drone1:229;Drone2:267;Drone3:222,57.1536,target_found,local,
Drone2_e268,Drone2,Drone1:229;Drone2:268;Drone3:222,57.4070,target_found,local,
Drone3_e290,Drone3,Drone1:233;Drone2:258;Drone3:290,57.6877,position_sent,local,
Drone3_e291,Drone3,Drone1:233;Drone2:258;Drone3:291,57.8160,position_sent,send,Drone1
Drone1_e257,Drone1,Drone1:257;Drone2:264;Drone3:222,56.7231,scanning,receive,Drone2
Drone1_e258,Drone1,Drone1:258;Drone2:264;Drone3:222,56.8777,scanning,local,
Drone1_e259,Drone1,Drone1:259;Drone2:264;Drone3:222,57.0334,scanning,local,
Drone2_e269,Drone2,Drone1:229;Drone2:269;Drone3:222,57.6304,target_found,local,
Drone3_e292,Drone3,Drone1:233;Drone2:258;Drone3:292,57.9093,processing,local,
Drone1_e260,Drone1,Drone1:260;Drone2:264;Drone3:222,57.1185,scanning,local,
Drone2_e270,Drone2,Drone1:229;Drone2:270;Drone3:222,57.8352,target_found,local,
Drone2_e271,Drone2,Drone1:229;Drone2:271;Drone3:222,58.0064,target_found,local,
Drone1_e261,Drone1,Drone1:261;Drone2:264;Drone3:222,57.4095,scanning,local,
Drone3_e293,Drone3,Drone1:233;Drone2:258;Drone3:293,58.0615,processing,local,
Drone2_e272,Drone2,Drone1:229;Drone2:272;Drone3:222,58.2663,position_measured,local,
Drone2_e273,Drone2,Drone1:229;Drone2:273;Drone3:222,58.5153,position_measured,send,Drone1
Drone1_e262,Drone1,Drone1:262;Drone2:264;Drone3:291,57.9222,target_found,receive,Drone3
Drone2_e274,Drone2,Drone1:229;Drone2:274;Drone3:222,58.7067,position_measured,send,Drone3
Drone2_e275,Drone2,Drone1:229;Drone2:275;Drone3:222,58.7850,position_measured,local,
Drone1_e263,Drone1,Drone1:263;Drone2:273;Drone3:291,58.7008,target_found,receive,Drone2
Drone1_e264,Drone1,Drone1:264;Drone2:273;Drone3:291,58.8612,target_found,local,
Drone1_e265,Drone1,Drone1:265;Drone2:273;Drone3:291,58.9368,target_found,local,
Drone3_e294,Drone3,Drone1:233;Drone2:258;Drone3:294,58.1860,processing,local,
Drone1_e266,Drone1,Drone1:266;Drone2:273;Drone3:291,59.0739,target_found,local,
Drone1_e267,Drone1,Drone1:267;Drone2:273;Drone3:291,59.3724,target_found,local,
Drone1_e268,Drone1,Drone1:268;Drone2:273;Drone3:291,59.6377,target_found,send,Drone3
Drone3_e295,Drone3,Drone1:233;Drone2:258;Drone3:295,58.2775,processing,local,
Drone1_e269,Drone1,Drone1:269;Drone2:273;Drone3:291,59.8911,target_found,local,
Drone1_e270,Drone1,Drone1:270;Drone2:273;Drone3:291,60.0741,target_found,local,
Drone3_e296,Drone3,Drone1:233;Drone2:258;Drone3:296,58.4084,processing,local,
Drone3_e297,Drone3,Drone1:233;Drone2:274;Drone3:297,58.9948,processing,receive,Drone2
Drone3_e298,Drone3,Drone1:233;Drone2:274;Drone3:298,59.2147,processing,local,
Drone1_e271,Drone1,Drone1:271;Drone2:273;Drone3:291,60.3538,target_found,send,Drone3
Drone2_e276,Drone2,Drone1:229;Drone2:276;Drone3:222,58.8668,position_measured,local,
Drone1_e272,Drone1,Drone1:272;Drone2:273;Drone3:291,60.6109,position_measured,send,Drone3
Drone3_e299,Drone3,Drone1:268;Drone2:274;Drone3:299,59.8320,processing,receive,Drone1
Drone2_e277,Drone2,Drone1:229;Drone2:277;Drone3:222,59.0106,position_measured,local,
Drone1_e273,Drone1,Drone1:273;Drone2:273;Drone3:291,60.8810,position_measured,local,
Drone1_e274,Drone1,Drone1:274;Drone2:273;Drone3:291,61.1184,position_measured,local,
Drone3_e300,Drone3,Drone1:268;Drone2:274;Drone3:300,59.9743,processing,local,
Drone2_e278,Drone2,Drone1:229;Drone2:278;Drone3:222,59.0612,position_measured,local,
Drone3_e301,Drone3,Drone1:271;Drone2:274;Drone3:301,60.5625,processing,receive,Drone1
Drone3_e302,Drone3,Drone1:272;Drone2:274;Drone3:302,60.8599,relative_computed,receive,Drone1
Drone2_e279,Drone2,Drone1:229;Drone2:279;Drone3:222,59.3174,position_measured,send,Drone3
Drone2_e280,Drone2,Drone1:229;Drone2:280;Drone3:222,59.4518,position_measured,send,Drone3
Drone3_e303,Drone3,Drone1:272;Drone2:279;Drone3:303,61.1069,relative_computed,receive,Drone2
Drone3_e304,Drone3,Drone1:272;Drone2:279;Drone3:304,61.1684,relative_computed,local,
Drone3_e305,Drone3,Drone1:272;Drone2:279;Drone3:305,61.3333,relative_computed,local,
Drone1_e275,Drone1,Drone1:275;Drone2:273;Drone3:291,61.2079,position_measured,local,
Drone2_e281,Drone2,Drone1:229;Drone2:281;Drone3:222,59.5524,position_measured,send,Drone3
Drone3_e306,Drone3,Drone1:272;Drone2:279;Drone3:306,61.6039,relative_computed,local,
Drone2_e282,Drone2,Drone1:229;Drone2:282;Drone3:222,59.6257,position_sent,send,Drone3
Drone2_e283,Drone2,Drone1:229;Drone2:283;Drone3:222,59.8419,position_sent,send,Drone3
Drone3_e307,Drone3,Drone1:272;Drone2:280;Drone3:307,61.8103,relative_computed,receive,Drone2
Drone3_e308,Drone3,Drone1:272;Drone2:280;Drone3:308,61.9188,relative_computed,local,
Drone3_e309,Drone3,Drone1:272;Drone2:281;Drone3:309,61.9691,relative_computed,receive,Drone2
Drone2_e284,Drone2,Drone1:229;Drone2:284;Drone3:222,60.0217,position_sent,send,Drone1
Drone2_e285,Drone2,Drone1:229;Drone2:285;Drone3:222,60.2760,position_sent,send,Drone3
Drone2_e286,Drone2,Drone1:229;Drone2:286;Drone3:222,60.4454,position_sent,local,
Drone1_e276,Drone1,Drone1:276;Drone2:284;Drone3:291,61.2837,position_measured,receive,Drone2
Drone2_e287,Drone2,Drone1:229;Drone2:287;Drone3:222,60.5297,position_sent,local,
Drone1_e277,Drone1,Drone1:277;Drone2:284;Drone3:291,61.5030,position_measured,local,
Drone1_e278,Drone1,Drone1:278;Drone2:284;Drone3:291,61.5551,position_measured,local,
Drone3_e310,Drone3,Drone1:272;Drone2:282;Drone3:310,62.1997,relative_computed,receive,Drone2
Drone3_e311,Drone3,Drone1:272;Drone2:282;Drone3:311,62.4796,relative_computed,local,
Drone3_e312,Drone3,Drone1:272;Drone2:282;Drone3:312,62.7446,formation_hold,local,
Drone1_e279,Drone1,Drone1:279;Drone2:284;Drone3:291,61.6401,position_measured,local,
Drone1_e280,Drone1,Drone1:280;Drone2:284;Drone3:291,61.7861,position_measured,local,
Drone2_e288,Drone2,Drone1:229;Drone2:288;Drone3:222,60.6147,position_sent,local,
Drone2_e289,Drone2,Drone1:229;Drone2:289;Drone3:222,60.7267,position_sent,local,
Drone3_e313,Drone3,Drone1:272;Drone2:282;Drone3:313,62.9465,formation_hold,local,
Drone3_e314,Drone3,Drone1:272;Drone2:283;Drone3:314,63.0479,formation_hold,receive,Drone2
Drone3_e315,Drone3,Drone1:272;Drone2:283;Drone3:315,63.2849,formation_hold,local,
Drone2_e290,Drone2,Drone1:229;Drone2:290;Drone3:222,60.9727,position_sent,local,
Drone1_e281,Drone1,Drone1:281;Drone2:284;Drone3:291,61.8643,position_measured,local,
Drone2_e291,Drone2,Drone1:229;Drone2:291;Drone3:222,61.0404,position_sent,local,
Drone1_e282,Drone1,Drone1:282;Drone2:284;Drone3:291,62.1478,position_sent,local,
Drone1_e283,Drone1,Drone1:283;Drone2:284;Drone3:291,62.4075,position_sent,local,
Drone2_e292,Drone2,Drone1:229;Drone2:292;Drone3:222,61.2611,processing,local,
Drone2_e293,Drone2,Drone1:229;Drone2:293;Drone3:222,61.5037,processing,local,
Drone1_e284,Drone1,Drone1:284;Drone2:284;Drone3:291,62.4610,position_sent,local,
Drone1_e285,Drone1,Drone1:285;Drone2:284;Drone3:291,62.7482,position_sent,send,Drone2
Drone2_e294,Drone2,Drone1:229;Drone2:294;Drone3:222,61.7109,processing,local,
Drone3_e316,Drone3,Drone1:272;Drone2:283;Drone3:316,63.4407,formation_hold,local,
Drone2_e295,Drone2,Drone1:285;Drone2:295;Drone3:291,62.8675,processing,receive,Drone1
Drone2_e296,Drone2,Drone1:285;Drone2:296;Drone3:291,63.1611,processing,send,Drone1
Drone1_e286,Drone1,Drone1:286;Drone2:284;Drone3:291,62.8958,position_sent,local,
Drone3_e317,Drone3,Drone1:272;Drone2:283;Drone3:317,63.6532,formation_hold,local,
Drone3_e318,Drone3,Drone1:272;Drone2:285;Drone3:318,63.8857,formation_hold,receive,Drone2
Drone1_e287,Drone1,Drone1:287;Drone2:296;Drone3:291,63.4423,position_sent,receive,Drone2
Drone1_e288,Drone1,Drone1:288;Drone2:296;Drone3:291,63.6445,position_sent,local,
Drone2_e297,Drone2,Drone1:285;Drone2:297;Drone3:291,63.3756,processing,local,
Drone1_e289,Drone1,Drone1:289;Drone2:296;Drone3:291,63.8698,position_sent,send,Drone2
Drone1_e290,Drone1,Drone1:290;Drone2:296;Drone3:291,64.0065,position_sent,local,
Drone3_e319,Drone3,Drone1:272;Drone2:285;Drone3:319,64.1159,formation_hold,local,
Drone1_e291,Drone1,Drone1:291;Drone2:296;Drone3:291,64.2440,position_sent,local,
Drone2_e298,Drone2,Drone1:285;Drone2:298;Drone3:291,63.4551,processing,local,
Drone1_e292,Drone1,Drone1:292;Drone2:296;Drone3:291,64.4013,processing,local,
Drone3_e320,Drone3,Drone1:272;Drone2:285;Drone3:320,64.2899,formation_hold,send,Drone1
Drone3_e321,Drone3,Drone1:272;Drone2:285;Drone3:321,64.4648,formation_hold,local,
Drone3_e322,Drone3,Drone1:272;Drone2:285;Drone3:322,64.5786,idle,send,Drone1
Drone1_e293,Drone1,Drone1:293;Drone2:296;Drone3:291,64.6198,processing,local,
Drone1_e294,Drone1,Drone1:294;Drone2:296;Drone3:320,64.6808,processing,receive,Drone3
Drone1_e295,Drone1,Drone1:295;Drone2:296;Drone3:322,64.8218,processing,receive,Drone3
Drone1_e296,Drone1,Drone1:296;Drone2:296;Drone3:322,65.0100,processing,send,Drone2
Drone3_e323,Drone3,Drone1:272;Drone2:285;Drone3:323,64.7334,idle,local,
Drone2_e299,Drone2,Drone1:289;Drone2:299;Drone3:291,63.9877,processing,receive,Drone1
Drone1_e297,Drone1,Drone1:297;Drone2:296;Drone3:322,65.0899,processing,local,
Drone3_e324,Drone3,Drone1:272;Drone2:285;Drone3:324,64.8283,idle,local,
Drone3_e325,Drone3,Drone1:272;Drone2:285;Drone3:325,65.1168,idle,local,
Drone1_e298,Drone1,Drone1:298;Drone2:296;Drone3:322,65.3564,processing,local,
Drone2_e300,Drone2,Drone1:296;Drone2:300;Drone3:322,65.0620,processing,receive,Drone1
Drone1_e299,Drone1,Drone1:299;Drone2:296;Drone3:322,65.5913,processing,send,Drone3
Drone1_e300,Drone1,Drone1:300;Drone2:296;Drone3:322,65.7892,processing,local,
Drone2_e301,Drone2,Drone1:296;Drone2:301;Drone3:322,65.3060,processing,local,
Drone3_e326,Drone3,Drone1:272;Drone2:285;Drone3:326,65.3569,idle,local,
Drone1_e301,Drone1,Drone1:301;Drone2:296;Drone3:322,65.8452,processing,send,Drone3
Drone3_e327,Drone3,Drone1:299;Drone2:296;Drone3:327,65.8790,idle,receive,Drone1
Drone1_e302,Drone1,Drone1:302;Drone2:296;Drone3:322,65.9893,relative_computed,local,
Drone3_e328,Drone3,Drone1:299;Drone2:296;Drone3:328,65.9550,idle,local,
Drone3_e329,Drone3,Drone1:299;Drone2:296;Drone3:329,66.1100,idle,local,
Drone1_e303,Drone1,Drone1:303;Drone2:296;Drone3:322,66.0749,relative_computed,local,
Drone2_e302,Drone2,Drone1:296;Drone2:302;Drone3:322,65.5803,relative_computed,send,Drone1
Drone3_e330,Drone3,Drone1:299;Drone2:296;Drone3:330,66.3839,idle,local,
Drone2_e303,Drone2,Drone1:296;Drone2:303;Drone3:322,65.6516,relative_computed,local,
Drone1_e304,Drone1,Drone1:304;Drone2:296;Drone3:322,66.2842,relative_computed,local,
Drone2_e304,Drone2,Drone1:296;Drone2:304;Drone3:322,65.8103,relative_computed,send,Drone1
Drone1_e305,Drone1,Drone1:305;Drone2:302;Drone3:322,66.5469,relative_computed,receive,Drone2
Drone2_e305,Drone2,Drone1:296;Drone2:305;Drone3:322,66.0441,relative_computed,local,
Drone2_e306,Drone2,Drone1:296;Drone2:306;Drone3:322,66.1525,relative_computed,local,
Drone1_e306,Drone1,Drone1:306;Drone2:304;Drone3:322,66.6357,relative_computed,receive,Drone2
Drone1_e307,Drone1,Drone1:307;Drone2:304;Drone3:322,66.7643,relative_computed,local,
Drone1_e308,Drone1,Drone1:308;Drone2:304;Drone3:322,67.0554,relative_computed,local,
Drone1_e309,Drone1,Drone1:309;Drone2:304;Drone3:322,67.2212,relative_computed,local,
Drone1_e310,Drone1,Drone1:310;Drone2:304;Drone3:322,67.4778,relative_computed,send,Drone3
Drone3_e331,Drone3,Drone1:299;Drone2:296;Drone3:331,66.4876,idle,local,
Drone2_e307,Drone2,Drone1:296;Drone2:307;Drone3:322,66.4446,relative_computed,send,Drone1
Drone2_e308,Drone2,Drone1:296;Drone2:308;Drone3:322,66.6639,relative_computed,local,
Drone2_e309,Drone2,Drone1:296;Drone2:309;Drone3:322,66.7574,relative_computed,local,
Drone2_e310,Drone2,Drone1:296;Drone2:310;Drone3:322,66.9464,relative_computed,local,
Drone3_e332,Drone3,Drone1:301;Drone2:296;Drone3:332,66.5631,scanning,receive,Drone1
Drone1_e311,Drone1,Drone1:311;Drone2:307;Drone3:322,67.7354,relative_computed,receive,Drone2
Drone1_e312,Drone1,Drone1:312;Drone2:307;Drone3:322,67.8785,formation_hold,send,Drone3
Drone3_e333,Drone3,Drone1:301;Drone2:296;Drone3:333,66.6341,scanning,local,
Drone3_e334,Drone3,Drone1:310;Drone2:304;Drone3:334,67.5333,scanning,receive,Drone1
Drone1_e313,Drone1,Drone1:313;Drone2:307;Drone3:322,68.1308,formation_hold,send,Drone3
Drone1_e314,Drone1,Drone1:314;Drone2:307;Drone3:322,68.3882,formation_hold,local,
Drone2_e311,Drone2,Drone1:296;Drone2:311;Drone3:322,67.0091,relative_computed,send,Drone3
Drone3_e335,Drone3,Drone1:310;Drone2:304;Drone3:335,67.7644,scanning,local,
Drone2_e312,Drone2,Drone1:296;Drone2:312;Drone3:322,67.1023,formation_hold,send,Drone3
Drone1_e315,Drone1,Drone1:315;Drone2:307;Drone3:322,68.5069,formation_hold,local,
Drone2_e313,Drone2,Drone1:296;Drone2:313;Drone3:322,67.1609,formation_hold,local,
Drone3_e336,Drone3,Drone1:310;Drone2:304;Drone3:336,67.9762,scanning,local,
Drone2_e314,Drone2,Drone1:296;Drone2:314;Drone3:322,67.3486,formation_hold,local,
Drone1_e316,Drone1,Drone1:316;Drone2:307;Drone3:322,68.5912,formation_hold,send,Drone3
Drone1_e317,Drone1,Drone1:317;Drone2:307;Drone3:322,68.8405,formation_hold,local,
Drone1_e318,Drone1,Drone1:318;Drone2:307;Drone3:322,69.0911,formation_hold,local,
Drone1_e319,Drone1,Drone1:319;Drone2:307;Drone3:322,69.3365,formation_hold,local,
Drone2_e315,Drone2,Drone1:296;Drone2:315;Drone3:322,67.5939,formation_hold,local,
Drone2_e316,Drone2,Drone1:296;Drone2:316;Drone3:322,67.7695,formation_hold,local,
Drone2_e317,Drone2,Drone1:296;Drone2:317;Drone3:322,67.8993,formation_hold,send,Drone1
Drone1_e320,Drone1,Drone1:320;Drone2:317;Drone3:322,69.4012,formation_hold,receive,Drone2
Drone2_e318,Drone2,Drone1:296;Drone2:318;Drone3:322,68.1410,formation_hold,local,
Drone1_e321,Drone1,Drone1:321;Drone2:317;Drone3:322,69.4762,formation_hold,local,
Drone3_e337,Drone3,Drone1:312;Drone2:307;Drone3:337,68.2172,scanning,receive,Drone1
Drone1_e322,Drone1,Drone1:322;Drone2:317;Drone3:322,69.7719,idle,local,
Drone2_e319,Drone2,Drone1:296;Drone2:319;Drone3:322,68.4008,formation_hold,local,
Drone1_e323,Drone1,Drone1:323;Drone2:317;Drone3:322,70.0234,idle,send,Drone3
Drone3_e338,Drone3,Drone1:313;Drone2:307;Drone3:338,68.4431,scanning,receive,Drone1
Drone2_e320,Drone2,Drone1:296;Drone2:320;Drone3:322,68.5917,formation_hold,local,
Drone3_e339,Drone3,Drone1:313;Drone2:307;Drone3:339,68.7023,scanning,local,
Drone2_e321,Drone2,Drone1:296;Drone2:321;Drone3:322,68.6856,formation_hold,local,
Drone1_e324,Drone1,Drone1:324;Drone2:317;Drone3:322,70.2239,idle,send,Drone2
Drone1_e325,Drone1,Drone1:325;Drone2:317;Drone3:322,70.2740,idle,local,
Drone3_e340,Drone3,Drone1:316;Drone2:307;Drone3:340,68.8375,scanning,receive,Drone1
Drone1_e326,Drone1,Drone1:326;Drone2:317;Drone3:322,70.5351,idle,local,
Drone2_e322,Drone2,Drone1:324;Drone2:322;Drone3:322,70.4205,idle,receive,Drone1
Drone1_e327,Drone1,Drone1:327;Drone2:317;Drone3:322,70.7967,idle,local,
Drone2_e323,Drone2,Drone1:324;Drone2:323;Drone3:322,70.5639,idle,local,
Drone3_e341,Drone3,Drone1:323;Drone2:317;Drone3:341,70.1576,scanning,receive,Drone1
Drone2_e324,Drone2,Drone1:324;Drone2:324;Drone3:322,70.7970,idle,send,Drone1
Drone2_e325,Drone2,Drone1:324;Drone2:325;Drone3:322,71.0872,idle,local,
Drone3_e342,Drone3,Drone1:323;Drone2:317;Drone3:342,70.2634,target_found,receive,Drone2
Drone3_e343,Drone3,Drone1:323;Drone2:317;Drone3:343,70.4080,target_found,local,
Drone3_e344,Drone3,Drone1:323;Drone2:317;Drone3:344,70.4898,target_found,local,
Drone3_e345,Drone3,Drone1:323;Drone2:317;Drone3:345,70.7525,target_found,receive,Drone2
Drone3_e346,Drone3,Drone1:323;Drone2:317;Drone3:346,71.0328,target_found,send,Drone2
Drone3_e347,Drone3,Drone1:323;Drone2:317;Drone3:347,71.3169,target_found,send,Drone1
Drone1_e328,Drone1,Drone1:328;Drone2:324;Drone3:322,70.9065,idle,receive,Drone2
Drone2_e326,Drone2,Drone1:324;Drone2:326;Drone3:346,71.3426,idle,receive,Drone3
Drone3_e348,Drone3,Drone1:323;Drone2:317;Drone3:348,71.5886,target_found,local,
Drone2_e327,Drone2,Drone1:324;Drone2:327;Drone3:346,71.4550,idle,send,Drone1
Drone1_e329,Drone1,Drone1:329;Drone2:327;Drone3:346,71.6851,idle,receive,Drone2
Drone1_e330,Drone1,Drone1:330;Drone2:327;Drone3:347,71.9773,idle,receive,Drone3
Drone2_e328,Drone2,Drone1:324;Drone2:328;Drone3:346,71.5996,idle,local,
Drone3_e349,Drone3,Drone1:323;Drone2:317;Drone3:349,71.8458,target_found,local,
Drone3_e350,Drone3,Drone1:323;Drone2:317;Drone3:350,72.0676,target_found,local,
Drone1_e331,Drone1,Drone1:331;Drone2:327;Drone3:347,72.2271,idle,local,
Drone1_e332,Drone1,Drone1:332;Drone2:327;Drone3:347,72.3424,scanning,send,Drone3
Drone1_e333,Drone1,Drone1:333;Drone2:327;Drone3:347,72.6144,scanning,send,Drone2
Drone1_e334,Drone1,Drone1:334;Drone2:327;Drone3:347,72.8012,scanning,local,
Drone1_e335,Drone1,Drone1:335;Drone2:327;Drone3:347,73.0975,scanning,local,
Drone2_e329,Drone2,Drone1:324;Drone2:329;Drone3:346,71.7575,idle,local,
Drone3_e351,Drone3,Drone1:332;Drone2:327;Drone3:351,72.4317,target_found,receive,Drone1
Drone1_e336,Drone1,Drone1:336;Drone2:327;Drone3:347,73.3911,scanning,local,
Drone2_e330,Drone2,Drone1:324;Drone2:330;Drone3:346,71.9880,idle,local,
Drone3_e352,Drone3,Drone1:332;Drone2:327;Drone3:352,72.6468,position_measured,local,
Drone2_e331,Drone2,Drone1:333;Drone2:331;Drone3:347,72.7626,idle,receive,Drone1
Drone3_e353,Drone3,Drone1:332;Drone2:327;Drone3:353,72.7352,position_measured,local,
Drone2_e332,Drone2,Drone1:333;Drone2:332;Drone3:347,72.8863,scanning,send,Drone1
Drone3_e354,Drone3,Drone1:332;Drone2:327;Drone3:354,72.9053,position_measured,local,
Drone1_e337,Drone1,Drone1:337;Drone2:332;Drone3:347,73.6006,scanning,receive,Drone2
Drone1_e338,Drone1,Drone1:338;Drone2:332;Drone3:347,73.6795,scanning,local,
Drone2_e333,Drone2,Drone1:333;Drone2:333;Drone3:347,73.1600,scanning,local,
Drone2_e334,Drone2,Drone1:333;Drone2:334;Drone3:347,73.2562,scanning,send,Drone3
Drone2_e335,Drone2,Drone1:333;Drone2:335;Drone3:347,73.4176,scanning,local,
Drone2_e336,Drone2,Drone1:333;Drone2:336;Drone3:347,73.5335,scanning,local,
Drone2_e337,Drone2,Drone1:333;Drone2:337;Drone3:347,73.6213,scanning,local,
Drone3_e355,Drone3,Drone1:332;Drone2:327;Drone3:355,72.9767,position_measured,local,
Drone2_e338,Drone2,Drone1:333;Drone2:338;Drone3:347,73.7748,scanning,local,
Drone3_e356,Drone3,Drone1:333;Drone2:334;Drone3:356,73.5164,position_measured,receive,Drone2
Drone3_e357,Drone3,Drone1:333;Drone2:334;Drone3:357,73.7003,position_measured,local,
Drone2_e339,Drone2,Drone1:333;Drone2:339;Drone3:347,73.8837,scanning,local,
Drone2_e340,Drone2,Drone1:333;Drone2:340;Drone3:347,74.0592,scanning,send,Drone1
Drone3_e358,Drone3,Drone1:333;Drone2:334;Drone3:358,73.9197,position_measured,local,
Drone3_e359,Drone3,Drone1:333;Drone2:334;Drone3:359,74.0129,position_measured,send,Drone2
Drone1_e339,Drone1,Drone1:339;Drone2:332;Drone3:347,73.9316,scanning,local,
Drone1_e340,Drone1,Drone1:340;Drone2:340;Drone3:347,74.3563,scanning,receive,Drone2
Drone2_e341,Drone2,Drone1:333;Drone2:341;Drone3:359,74.3177,scanning,receive,Drone3
Drone2_e342,Drone2,Drone1:333;Drone2:342;Drone3:359,74.5495,target_found,local,
Drone1_e341,Drone1,Drone1:341;Drone2:340;Drone3:347,74.5443,scanning,send,Drone3
Drone2_e343,Drone2,Drone1:333;Drone2:343;Drone3:359,74.8288,target_found,local,
Drone1_e342,Drone1,Drone1:342;Drone2:340;Drone3:347,74.7501,target_found,local,
Drone3_e360,Drone3,Drone1:333;Drone2:334;Drone3:360,74.0910,position_measured,local,
Drone1_e343,Drone1,Drone1:343;Drone2:340;Drone3:347,75.0313,target_found,send,Drone2
Drone3_e361,Drone3,Drone1:333;Drone2:334;Drone3:361,74.3374,position_measured,local,
Drone3_e362,Drone3,Drone1:333;Drone2:334;Drone3:362,74.6069,position_sent,local,
Drone2_e344,Drone2,Drone1:343;Drone2:344;Drone3:359,75.2243,target_found,receive,Drone1
Drone2_e345,Drone2,Drone1:343;Drone2:345;Drone3:359,75.3750,target_found,send,Drone3
Drone3_e363,Drone3,Drone1:333;Drone2:334;Drone3:363,74.8303,position_sent,local,
Drone1_e344,Drone1,Drone1:344;Drone2:340;Drone3:347,75.3010,target_found,local,
Drone3_e364,Drone3,Drone1:343;Drone2:345;Drone3:364,75.6552,position_sent,receive,Drone2
Drone2_e346,Drone2,Drone1:343;Drone2:346;Drone3:359,75.5028,target_found,send,Drone3
Drone2_e347,Drone2,Drone1:343;Drone2:347;Drone3:359,75.7240,target_found,local,
Drone1_e345,Drone1,Drone1:345;Drone2:340;Drone3:347,75.5445,target_found,send,Drone3
Drone2_e348,Drone2,Drone1:343;Drone2:348;Drone3:359,75.9252,target_found,send,Drone3
Drone1_e346,Drone1,Drone1:346;Drone2:340;Drone3:347,75.8229,target_found,send,Drone2
Drone2_e349,Drone2,Drone1:343;Drone2:349;Drone3:359,76.1651,target_found,local,
Drone2_e350,Drone2,Drone1:343;Drone2:350;Drone3:359,76.3439,target_found,local,
Drone1_e347,Drone1,Drone1:347;Drone2:340;Drone3:347,75.9068,target_found,send,Drone3
Drone3_e365,Drone3,Drone1:343;Drone2:345;Drone3:365,75.7125,position_sent,local,
Drone1_e348,Drone1,Drone1:348;Drone2:340;Drone3:347,76.0070,target_found,local,
Drone1_e349,Drone1,Drone1:349;Drone2:340;Drone3:347,76.0696,target_found,send,Drone3
Drone2_e351,Drone2,Drone1:343;Drone2:351;Drone3:359,76.4624,target_found,local,
Drone2_e352,Drone2,Drone1:343;Drone2:352;Drone3:359,76.6713,position_measured,local,
Drone1_e350,Drone1,Drone1:350;Drone2:340;Drone3:347,76.1801,target_found,local,
Drone2_e353,Drone2,Drone1:343;Drone2:353;Drone3:359,76.7657,position_measured,local,
Drone2_e354,Drone2,Drone1:343;Drone2:354;Drone3:359,76.9031,position_measured,local,
Drone1_e351,Drone1,Drone1:351;Drone2:340;Drone3:347,76.2948,target_found,local,
Drone3_e366,Drone3,Drone1:343;Drone2:345;Drone3:366,75.8591,position_sent,receive,Drone1
Drone1_e352,Drone1,Drone1:352;Drone2:340;Drone3:347,76.5397,position_measured,local,
Drone1_e353,Drone1,Drone1:353;Drone2:340;Drone3:347,76.7516,position_measured,local,
Drone3_e367,Drone3,Drone1:343;Drone2:346;Drone3:367,76.0374,position_sent,receive,Drone2
Drone3_e368,Drone3,Drone1:345;Drone2:346;Drone3:368,76.2493,position_sent,receive,Drone1
Drone3_e369,Drone3,Drone1:345;Drone2:346;Drone3:369,76.3552,position_sent,local,
Drone3_e370,Drone3,Drone1:345;Drone2:346;Drone3:370,76.4816,position_sent,local,
Drone3_e371,Drone3,Drone1:345;Drone2:346;Drone3:371,76.6376,position_sent,local,
Drone2_e355,Drone2,Drone1:343;Drone2:355;Drone3:359,77.0679,position_measured,local,
Drone1_e354,Drone1,Drone1:354;Drone2:340;Drone3:347,76.9709,position_measured,local,
Drone3_e372,Drone3,Drone1:347;Drone2:346;Drone3:372,76.6894,processing,receive,Drone1
Drone3_e373,Drone3,Drone1:347;Drone2:346;Drone3:373,76.9492,processing,local,
Drone3_e374,Drone3,Drone1:347;Drone2:346;Drone3:374,77.1515,processing,local,
Drone2_e356,Drone2,Drone1:343;Drone2:356;Drone3:359,77.2383,position_measured,local,
Drone2_e357,Drone2,Drone1:343;Drone2:357;Drone3:359,77.4484,position_measured,local,
Drone2_e358,Drone2,Drone1:346;Drone2:358;Drone3:359,77.5455,position_measured,receive,Drone1
Drone3_e375,Drone3,Drone1:347;Drone2:346;Drone3:375,77.4264,processing,local,
Drone3_e376,Drone3,Drone1:347;Drone2:346;Drone3:376,77.5563,processing,local,
Drone1_e355,Drone1,Drone1:355;Drone2:340;Drone3:347,77.1847,position_measured,local,
Drone2_e359,Drone2,Drone1:346;Drone2:359;Drone3:359,77.6967,position_measured,send,Drone3
Drone3_e377,Drone3,Drone1:349;Drone2:346;Drone3:377,77.6921,processing,receive,Drone1
Drone3_e378,Drone3,Drone1:349;Drone2:348;Drone3:378,77.9687,processing,receive,Drone2
Drone3_e379,Drone3,Drone1:349;Drone2:359;Drone3:379,78.2301,processing,receive,Drone2
Drone3_e380,Drone3,Drone1:349;Drone2:359;Drone3:380,78.3254,processing,local,
Drone1_e356,Drone1,Drone1:356;Drone2:340;Drone3:347,77.4200,position_measured,local,
Drone3_e381,Drone3,Drone1:349;Drone2:359;Drone3:381,78.5661,processing,local,
Drone1_e357,Drone1,Drone1:357;Drone2:340;Drone3:347,77.6949,position_measured,local,
Drone3_e382,Drone3,Drone1:349;Drone2:359;Drone3:382,78.6719,relative_computed,send,Drone2
Drone2_e360,Drone2,Drone1:346;Drone2:360;Drone3:359,77.9684,position_measured,local,
Drone2_e361,Drone2,Drone1:349;Drone2:361;Drone3:382,78.8379,position_measured,receive,Drone3
Drone1_e358,Drone1,Drone1:358;Drone2:340;Drone3:347,77.9615,position_measured,local,
Drone3_e383,Drone3,Drone1:349;Drone2:359;Drone3:383,78.8771,relative_computed,local,
Drone2_e362,Drone2,Drone1:349;Drone2:362;Drone3:382,79.0130,position_sent,local,
Drone3_e384,Drone3,Drone1:349;Drone2:359;Drone3:384,79.0017,relative_computed,local,
Drone1_e359,Drone1,Drone1:359;Drone2:340;Drone3:347,78.0492,position_measured,local,
Drone1_e360,Drone1,Drone1:360;Drone2:340;Drone3:347,78.3460,position_measured,local,
Drone2_e363,Drone2,Drone1:349;Drone2:363;Drone3:382,79.2577,position_sent,send,Drone1
Drone2_e364,Drone2,Drone1:349;Drone2:364;Drone3:382,79.5544,position_sent,local,
Drone2_e365,Drone2,Drone1:349;Drone2:365;Drone3:382,79.6056,position_sent,local,
Drone2_e366,Drone2,Drone1:349;Drone2:366;Drone3:382,79.7996,position_sent,send,Drone1
Drone1_e361,Drone1,Drone1:361;Drone2:340;Drone3:347,78.5868,position_measured,local,
Drone1_e362,Drone1,Drone1:362;Drone2:363;Drone3:382,79.4661,position_sent,receive,Drone2
Drone2_e367,Drone2,Drone1:349;Drone2:367;Drone3:382,79.9690,position_sent,local,
Drone1_e363,Drone1,Drone1:363;Drone2:366;Drone3:382,80.0323,position_sent,receive,Drone2
Drone1_e364,Drone1,Drone1:364;Drone2:366;Drone3:382,80.2715,position_sent,local,
Drone3_e385,Drone3,Drone1:349;Drone2:359;Drone3:385,79.2084,relative_computed,send,Drone1
Drone1_e365,Drone1,Drone1:365;Drone2:366;Drone3:385,80.3995,position_sent,receive,Drone3
Drone1_e366,Drone1,Drone1:366;Drone2:366;Drone3:385,80.5967,position_sent,local,
Drone1_e367,Drone1,Drone1:367;Drone2:366;Drone3:385,80.7213,position_sent,send,Drone2
Drone2_e368,Drone2,Drone1:349;Drone2:368;Drone3:382,80.1491,position_sent,local,
Drone3_e386,Drone3,Drone1:349;Drone2:359;Drone3:386,79.4804,relative_computed,local,
Drone1_e368,Drone1,Drone1:368;Drone2:366;Drone3:385,80.9966,position_sent,local,
Drone2_e369,Drone2,Drone1:349;Drone2:369;Drone3:382,80.2403,position_sent,local,
Drone2_e370,Drone2,Drone1:367;Drone2:370;Drone3:385,80.9530,position_sent,receive,Drone1
Drone1_e369,Drone1,Drone1:369;Drone2:366;Drone3:385,81.1940,position_sent,send,Drone2
Drone1_e370,Drone1,Drone1:370;Drone2:366;Drone3:385,81.3378,position_sent,send,Drone2
Drone3_e387,Drone3,Drone1:349;Drone2:359;Drone3:387,79.6788,relative_computed,send,Drone1
Drone1_e371,Drone1,Drone1:371;Drone2:366;Drone3:385,81.5512,position_sent,local,
Drone1_e372,Drone1,Drone1:372;Drone2:366;Drone3:387,81.7054,processing,receive,Drone3
Drone2_e371,Drone2,Drone1:369;Drone2:371;Drone3:385,81.3626,position_sent,receive,Drone1
Drone1_e373,Drone1,Drone1:373;Drone2:366;Drone3:387,81.8307,processing,send,Drone2
Drone3_e388,Drone3,Drone1:349;Drone2:359;Drone3:388,79.8845,relative_computed,send,Drone2
Drone3_e389,Drone3,Drone1:349;Drone2:359;Drone3:389,80.0624,relative_computed,send,Drone1
Drone3_e390,Drone3,Drone1:349;Drone2:359;Drone3:390,80.3086,relative_computed,send,Drone1
Drone2_e372,Drone2,Drone1:369;Drone2:372;Drone3:388,81.6071,processing,receive,Drone3
Drone3_e391,Drone3,Drone1:349;Drone2:359;Drone3:391,80.4481,relative_computed,local,
Drone2_e373,Drone2,Drone1:370;Drone2:373;Drone3:388,81.7941,processing,receive,Drone1
Drone1_e374,Drone1,Drone1:374;Drone2:366;Drone3:387,82.0009,processing,local,
Drone1_e375,Drone1,Drone1:375;Drone2:366;Drone3:389,82.2776,processing,receive,Drone3
Drone3_e392,Drone3,Drone1:349;Drone2:359;Drone3:392,80.5354,formation_hold,local,
Drone1_e376,Drone1,Drone1:376;Drone2:366;Drone3:389,82.3463,processing,local,
Drone3_e393,Drone3,Drone1:349;Drone2:359;Drone3:393,80.7465,formation_hold,send,Drone2
Drone2_e374,Drone2,Drone1:370;Drone2:374;Drone3:388,81.9182,processing,local,
Drone2_e375,Drone2,Drone1:370;Drone2:375;Drone3:393,82.1867,processing,receive,Drone3
Drone2_e376,Drone2,Drone1:373;Drone2:376;Drone3:393,82.3432,processing,receive,Drone1
Drone1_e377,Drone1,Drone1:377;Drone2:366;Drone3:390,82.3988,processing,receive,Drone3
Drone1_e378,Drone1,Drone1:378;Drone2:366;Drone3:390,82.4914,processing,local,
Drone2_e377,Drone2,Drone1:373;Drone2:377;Drone3:393,82.6320,processing,local,
Drone2_e378,Drone2,Drone1:373;Drone2:378;Drone3:393,82.7052,processing,local,
Drone2_e379,Drone2,Drone1:373;Drone2:379;Drone3:393,82.8553,processing,send,Drone3
Drone2_e380,Drone2,Drone1:373;Drone2:380;Drone3:393,83.0777,processing,send,Drone3
Drone2_e381,Drone2,Drone1:373;Drone2:381;Drone3:393,83.2899,processing,local,
Drone1_e379,Drone1,Drone1:379;Drone2:366;Drone3:390,82.7868,processing,send,Drone2
Drone1_e380,Drone1,Drone1:380;Drone2:366;Drone3:390,83.0373,processing,send,Drone3
Drone3_e394,Drone3,Drone1:349;Drone2:359;Drone3:394,80.9493,formation_hold,local,
Drone2_e382,Drone2,Drone1:373;Drone2:382;Drone3:393,83.5556,relative_computed,local,
Drone3_e395,Drone3,Drone1:349;Drone2:359;Drone3:395,81.0320,formation_hold,local,
Drone2_e383,Drone2,Drone1:379;Drone2:383;Drone3:393,83.7158,relative_computed,receive,Drone1
Drone1_e381,Drone1,Drone1:381;Drone2:366;Drone3:390,83.0904,processing,send,Drone3
Drone3_e396,Drone3,Drone1:349;Drone2:359;Drone3:396,81.2679,formation_hold,local,
Drone3_e397,Drone3,Drone1:349;Drone2:359;Drone3:397,81.5623,formation_hold,local,
Drone3_e398,Drone3,Drone1:349;Drone2:359;Drone3:398,81.7421,formation_hold,local,
Drone3_e399,Drone3,Drone1:349;Drone2:359;Drone3:399,81.8159,formation_hold,local,
Drone3_e400,Drone3,Drone1:349;Drone2:359;Drone3:400,81.9864,formation_hold,local,
Drone3_e401,Drone3,Drone1:349;Drone2:359;Drone3:401,82.1326,formation_hold,local,
Drone3_e402,Drone3,Drone1:349;Drone2:359;Drone3:402,82.3359,idle,local,
Drone1_e382,Drone1,Drone1:382;Drone2:366;Drone3:390,83.1797,relative_computed,local,
Drone2_e384,Drone2,Drone1:379;Drone2:384;Drone3:393,83.9831,relative_computed,local,
Drone1_e383,Drone1,Drone1:383;Drone2:366;Drone3:390,83.3098,relative_computed,local,
Drone2_e385,Drone2,Drone1:379;Drone2:385;Drone3:393,84.0457,relative_computed,local,
Drone1_e384,Drone1,Drone1:384;Drone2:366;Drone3:390,83.4545,relative_computed,local,
Drone1_e385,Drone1,Drone1:385;Drone2:366;Drone3:390,83.7048,relative_computed,send,Drone3
Drone2_e386,Drone2,Drone1:379;Drone2:386;Drone3:393,84.2075,relative_computed,send,Drone3
Drone1_e386,Drone1,Drone1:386;Drone2:366;Drone3:390,83.9411,relative_computed,local,
Drone1_e387,Drone1,Drone1:387;Drone2:366;Drone3:390,84.0001,relative_computed,send,Drone3
Drone3_e403,Drone3,Drone1:380;Drone2:366;Drone3:403,83.2853,idle,receive,Drone1
Drone3_e404,Drone3,Drone1:380;Drone2:366;Drone3:404,83.5578,idle,local,
Drone3_e405,Drone3,Drone1:380;Drone2:379;Drone3:405,83.8454,idle,receive,Drone2
Drone2_e387,Drone2,Drone1:379;Drone2:387;Drone3:393,84.4616,relative_computed,local,
Drone2_e388,Drone2,Drone1:379;Drone2:388;Drone3:393,84.7035,relative_computed,local,
Drone3_e406,Drone3,Drone1:380;Drone2:379;Drone3:406,84.0597,idle,local,
Drone3_e407,Drone3,Drone1:380;Drone2:379;Drone3:407,84.1341,idle,local,
Drone3_e408,Drone3,Drone1:380;Drone2:380;Drone3:408,84.2728,idle,receive,Drone2
Drone3_e409,Drone3,Drone1:380;Drone2:380;Drone3:409,84.3958,idle,local,
Drone3_e410,Drone3,Drone1:381;Drone2:380;Drone3:410,84.4573,idle,receive,Drone1
Drone1_e388,Drone1,Drone1:388;Drone2:366;Drone3:390,84.2555,relative_computed,local,
Drone3_e411,Drone3,Drone1:381;Drone2:380;Drone3:411,84.5340,idle,local,
Drone3_e412,Drone3,Drone1:385;Drone2:380;Drone3:412,84.8166,scanning,receive,Drone1
Drone2_e389,Drone2,Drone1:379;Drone2:389;Drone3:393,84.9327,relative_computed,send,Drone1
Drone1_e389,Drone1,Drone1:389;Drone2:366;Drone3:390,84.3171,relative_computed,local,
Drone3_e413,Drone3,Drone1:385;Drone2:380;Drone3:413,85.0138,scanning,local,
Drone2_e390,Drone2,Drone1:379;Drone2:390;Drone3:393,85.1300,relative_computed,local,
Drone3_e414,Drone3,Drone1:385;Drone2:386;Drone3:414,85.0649,scanning,receive,Drone2
Drone3_e415,Drone3,Drone1:387;Drone2:386;Drone3:415,85.3246,scanning,receive,Drone1
Drone2_e391,Drone2,Drone1:379;Drone2:391;Drone3:393,85.3753,relative_computed,local,
Drone1_e390,Drone1,Drone1:390;Drone2:366;Drone3:390,84.4106,relative_computed,local,
Drone1_e391,Drone1,Drone1:391;Drone2:389;Drone3:393,85.1087,relative_computed,receive,Drone2
Drone2_e392,Drone2,Drone1:379;Drone2:392;Drone3:393,85.5775,formation_hold,local,
Drone3_e416,Drone3,Drone1:387;Drone2:386;Drone3:416,85.4430,scanning,local,
Drone2_e393,Drone2,Drone1:379;Drone2:393;Drone3:393,85.7407,formation_hold,local,
Drone1_e392,Drone1,Drone1:392;Drone2:389;Drone3:393,85.3695,formation_hold,send,Drone3
Drone3_e417,Drone3,Drone1:387;Drone2:386;Drone3:417,85.6709,scanning,local,
Drone3_e418,Drone3,Drone1:387;Drone2:386;Drone3:418,85.7712,scanning,local,
Drone3_e419,Drone3,Drone1:387;Drone2:386;Drone3:419,85.9928,scanning,local,
Drone3_e420,Drone3,Drone1:392;Drone2:389;Drone3:420,86.1688,scanning,receive,Drone1
Drone3_e421,Drone3,Drone1:392;Drone2:389;Drone3:421,86.3964,scanning,local,
Drone2_e394,Drone2,Drone1:379;Drone2:394;Drone3:393,85.9364,formation_hold,local,
Drone3_e422,Drone3,Drone1:392;Drone2:389;Drone3:422,86.6149,target_found,local,
Drone3_e423,Drone3,Drone1:392;Drone2:389;Drone3:423,86.8670,target_found,send,Drone2
Drone3_e424,Drone3,Drone1:392;Drone2:389;Drone3:424,86.9533,target_found,send,Drone2
Drone3_e425,Drone3,Drone1:392;Drone2:389;Drone3:425,87.1909,target_found,send,Drone2
Drone1_e393,Drone1,Drone1:393;Drone2:389;Drone3:393,85.5903,formation_hold,local,
Drone1_e394,Drone1,Drone1:394;Drone2:389;Drone3:393,85.8130,formation_hold,local,
Drone2_e395,Drone2,Drone1:392;Drone2:395;Drone3:423,87.0067,formation_hold,receive,Drone3
Drone2_e396,Drone2,Drone1:392;Drone2:396;Drone3:424,87.2423,formation_hold,receive,Drone3
Drone3_e426,Drone3,Drone1:392;Drone2:389;Drone3:426,87.3686,target_found,local,
Drone3_e427,Drone3,Drone1:392;Drone2:389;Drone3:427,87.6502,target_found,send,Drone1
Drone2_e397,Drone2,Drone1:392;Drone2:397;Drone3:424,87.4893,formation_hold,local,
Drone3_e428,Drone3,Drone1:392;Drone2:389;Drone3:428,87.8383,target_found,local,
Drone1_e395,Drone1,Drone1:395;Drone2:389;Drone3:393,85.9137,formation_hold,local,
Drone2_e398,Drone2,Drone1:392;Drone2:398;Drone3:424,87.7672,formation_hold,local,
Drone3_e429,Drone3,Drone1:392;Drone2:389;Drone3:429,87.9802,target_found,local,
Drone3_e430,Drone3,Drone1:392;Drone2:389;Drone3:430,88.1811,target_found,local,
Drone3_e431,Drone3,Drone1:392;Drone2:389;Drone3:431,88.3046,target_found,local,
Drone1_e396,Drone1,Drone1:396;Drone2:389;Drone3:393,85.9824,formation_hold,local,
Drone1_e397,Drone1,Drone1:397;Drone2:389;Drone3:393,86.0622,formation_hold,local,
Drone1_e398,Drone1,Drone1:398;Drone2:389;Drone3:393,86.2513,formation_hold,local,
Drone1_e399,Drone1,Drone1:399;Drone2:389;Drone3:427,87.7016,formation_hold,receive,Drone3
Drone2_e399,Drone2,Drone1:392;Drone2:399;Drone3:424,87.8559,formation_hold,local,
Drone1_e400,Drone1,Drone1:400;Drone2:389;Drone3:427,87.9009,formation_hold,local,
Drone3_e432,Drone3,Drone1:392;Drone2:389;Drone3:432,88.5201,position_measured,local,
Drone2_e400,Drone2,Drone1:392;Drone2:400;Drone3:424,88.0434,formation_hold,local,
Drone1_e401,Drone1,Drone1:401;Drone2:389;Drone3:427,88.0303,formation_hold,local,
Drone1_e402,Drone1,Drone1:402;Drone2:389;Drone3:427,88.2105,idle,local,
Drone3_e433,Drone3,Drone1:392;Drone2:389;Drone3:433,88.5931,position_measured,send,Drone2
Drone1_e403,Drone1,Drone1:403;Drone2:389;Drone3:427,88.4263,idle,local,
Drone2_e401,Drone2,Drone1:392;Drone2:401;Drone3:425,88.3310,formation_hold,receive,Drone3
Drone3_e434,Drone3,Drone1:392;Drone2:389;Drone3:434,88.8922,position_measured,local,
Drone3_e435,Drone3,Drone1:392;Drone2:389;Drone3:435,89.0536,position_measured,send,Drone2
Drone3_e436,Drone3,Drone1:392;Drone2:389;Drone3:436,89.2589,position_measured,local,
Drone1_e404,Drone1,Drone1:404;Drone2:389;Drone3:427,88.5566,idle,local,
Drone1_e405,Drone1,Drone1:405;Drone2:389;Drone3:427,88.7416,idle,local,
Drone2_e402,Drone2,Drone1:392;Drone2:402;Drone3:433,88.7716,idle,receive,Drone3
Drone3_e437,Drone3,Drone1:392;Drone2:389;Drone3:437,89.3199,position_measured,local,
Drone3_e438,Drone3,Drone1:392;Drone2:389;Drone3:438,89.6069,position_measured,send,Drone1
Drone1_e406,Drone1,Drone1:406;Drone2:389;Drone3:427,88.9849,idle,local,
Drone3_e439,Drone3,Drone1:392;Drone2:389;Drone3:439,89.7096,position_measured,send,Drone1
Drone3_e440,Drone3,Drone1:392;Drone2:389;Drone3:440,89.9759,position_measured,local,
Drone2_e403,Drone2,Drone1:392;Drone2:403;Drone3:433,88.8730,idle,local,
Drone3_e441,Drone3,Drone1:392;Drone2:389;Drone3:441,90.2112,position_measured,local,
Drone2_e404,Drone2,Drone1:392;Drone2:404;Drone3:433,89.1580,idle,local,
Drone3_e442,Drone3,Drone1:392;Drone2:389;Drone3:442,90.2671,position_sent,local,
Drone3_e443,Drone3,Drone1:392;Drone2:389;Drone3:443,90.3390,position_sent,local,
Drone1_e407,Drone1,Drone1:407;Drone2:389;Drone3:438,89.7964,idle,receive,Drone3
Drone3_e444,Drone3,Drone1:392;Drone2:389;Drone3:444,90.6168,position_sent,local,
Drone2_e405,Drone2,Drone1:392;Drone2:405;Drone3:435,89.3162,idle,receive,Drone3
Drone1_e408,Drone1,Drone1:408;Drone2:389;Drone3:439,89.9802,idle,receive,Drone3
Drone3_e445,Drone3,Drone1:392;Drone2:389;Drone3:445,90.6826,position_sent,local,
Drone3_e446,Drone3,Drone1:392;Drone2:389;Drone3:446,90.9078,position_sent,local,
Drone1_e409,Drone1,Drone1:409;Drone2:389;Drone3:439,90.1559,idle,local,
Drone2_e406,Drone2,Drone1:392;Drone2:406;Drone3:435,89.4416,idle,local,
Drone1_e410,Drone1,Drone1:410;Drone2:389;Drone3:439,90.3012,idle,send,Drone3
Drone3_e447,Drone3,Drone1:410;Drone2:389;Drone3:447,91.0912,position_sent,receive,Drone1
Drone1_e411,Drone1,Drone1:411;Drone2:389;Drone3:439,90.5504,idle,local,
Drone3_e448,Drone3,Drone1:410;Drone2:389;Drone3:448,91.2157,position_sent,send,Drone1
Drone3_e449,Drone3,Drone1:410;Drone2:389;Drone3:449,91.5050,position_sent,local,
Drone1_e412,Drone1,Drone1:412;Drone2:389;Drone3:439,90.7392,scanning,local,
Drone1_e413,Drone1,Drone1:413;Drone2:389;Drone3:448,91.4000,scanning,receive,Drone3
Drone1_e414,Drone1,Drone1:414;Drone2:389;Drone3:448,91.6370,scanning,local,
Drone3_e450,Drone3,Drone1:410;Drone2:389;Drone3:450,91.6582,position_sent,local,
Drone3_e451,Drone3,Drone1:410;Drone2:389;Drone3:451,91.7438,position_sent,local,
Drone1_e415,Drone1,Drone1:415;Drone2:389;Drone3:448,91.7356,scanning,send,Drone3
Drone1_e416,Drone1,Drone1:416;Drone2:389;Drone3:448,91.9274,scanning,local,
Drone1_e417,Drone1,Drone1:417;Drone2:389;Drone3:448,92.2105,scanning,local,
Drone3_e452,Drone3,Drone1:410;Drone2:389;Drone3:452,91.9312,processing,local,
Drone2_e407,Drone2,Drone1:392;Drone2:407;Drone3:435,89.5542,idle,local,
Drone1_e418,Drone1,Drone1:418;Drone2:389;Drone3:448,92.3823,scanning,local,
Drone2_e408,Drone2,Drone1:392;Drone2:408;Drone3:435,89.7721,idle,local,
Drone1_e419,Drone1,Drone1:419;Drone2:389;Drone3:448,92.6574,scanning,send,Drone2
Drone2_e409,Drone2,Drone1:392;Drone2:409;Drone3:435,89.9041,idle,local,
Drone3_e453,Drone3,Drone1:415;Drone2:389;Drone3:453,92.1226,processing,receive,Drone1
Drone2_e410,Drone2,Drone1:392;Drone2:410;Drone3:435,90.1938,idle,local,
Drone1_e420,Drone1,Drone1:420;Drone2:389;Drone3:448,92.9038,scanning,send,Drone2
Drone3_e454,Drone3,Drone1:415;Drone2:389;Drone3:454,92.2816,processing,local,
Drone2_e411,Drone2,Drone1:419;Drone2:411;Drone3:448,92.9268,idle,receive,Drone1
Drone2_e412,Drone2,Drone1:419;Drone2:412;Drone3:448,93.1705,scanning,local,
Drone2_e413,Drone2,Drone1:419;Drone2:413;Drone3:448,93.2645,scanning,local,
Drone3_e455,Drone3,Drone1:415;Drone2:389;Drone3:455,92.5463,processing,send,Drone2
Drone1_e421,Drone1,Drone1:421;Drone2:389;Drone3:448,93.0029,scanning,local,
Drone3_e456,Drone3,Drone1:415;Drone2:389;Drone3:456,92.6154,processing,local,
Drone1_e422,Drone1,Drone1:422;Drone2:389;Drone3:448,93.2653,target_found,local,
Drone3_e457,Drone3,Drone1:415;Drone2:389;Drone3:457,92.8577,processing,send,Drone2
Drone1_e423,Drone1,Drone1:423;Drone2:389;Drone3:448,93.4532,target_found,local,
Drone3_e458,Drone3,Drone1:415;Drone2:389;Drone3:458,93.0427,processing,local,
Drone3_e459,Drone3,Drone1:415;Drone2:389;Drone3:459,93.1841,processing,local,
Drone1_e424,Drone1,Drone1:424;Drone2:389;Drone3:448,93.6506,target_found,local,
Drone2_e414,Drone2,Drone1:419;Drone2:414;Drone3:455,93.4137,scanning,receive,Drone3
Drone3_e460,Drone3,Drone1:415;Drone2:389;Drone3:460,93.4461,processing,send,Drone1
Drone3_e461,Drone3,Drone1:415;Drone2:389;Drone3:461,93.6854,processing,local,
Drone1_e425,Drone1,Drone1:425;Drone2:389;Drone3:448,93.7454,target_found,local,
Drone3_e462,Drone3,Drone1:415;Drone2:389;Drone3:462,93.9773,relative_computed,local,
Drone3_e463,Drone3,Drone1:415;Drone2:389;Drone3:463,94.2621,relative_computed,local,
Drone1_e426,Drone1,Drone1:426;Drone2:389;Drone3:460,93.8533,target_found,receive,Drone3
Drone2_e415,Drone2,Drone1:419;Drone2:415;Drone3:457,93.6308,scanning,receive,Drone3
Drone3_e464,Drone3,Drone1:415;Drone2:389;Drone3:464,94.4024,relative_computed,local,
Drone2_e416,Drone2,Drone1:419;Drone2:416;Drone3:457,93.9012,scanning,local,
Drone1_e427,Drone1,Drone1:427;Drone2:389;Drone3:460,93.9843,target_found,local,
Drone3_e465,Drone3,Drone1:415;Drone2:389;Drone3:465,94.6108,relative_computed,local,
Drone2_e417,Drone2,Drone1:419;Drone2:417;Drone3:457,94.0170,scanning,local,
Drone3_e466,Drone3,Drone1:415;Drone2:389;Drone3:466,94.7550,relative_computed,local,
Drone2_e418,Drone2,Drone1:420;Drone2:418;Drone3:457,94.1962,scanning,receive,Drone1
Drone2_e419,Drone2,Drone1:420;Drone2:419;Drone3:457,94.3019,scanning,local,
Drone2_e420,Drone2,Drone1:420;Drone2:420;Drone3:457,94.5689,scanning,local,
Drone2_e421,Drone2,Drone1:420;Drone2:421;Drone3:457,94.8406,scanning,local,
Drone1_e428,Drone1,Drone1:428;Drone2:389;Drone3:460,94.0691,target_found,local,
Drone1_e429,Drone1,Drone1:429;Drone2:389;Drone3:460,94.1719,target_found,send,Drone3
Drone1_e430,Drone1,Drone1:430;Drone2:389;Drone3:460,94.3872,target_found,send,Drone2
Drone2_e422,Drone2,Drone1:420;Drone2:422;Drone3:457,95.0707,target_found,local,
Drone2_e423,Drone2,Drone1:420;Drone2:423;Drone3:457,95.2405,target_found,local,
Drone3_e467,Drone3,Drone1:429;Drone2:389;Drone3:467,94.8106,relative_computed,receive,Drone1
Drone1_e431,Drone1,Drone1:431;Drone2:389;Drone3:460,94.4709,target_found,send,Drone2
Drone3_e468,Drone3,Drone1:429;Drone2:389;Drone3:468,94.8746,relative_computed,send,Drone1
Drone2_e424,Drone2,Drone1:420;Drone2:424;Drone3:457,95.4196,target_found,local,
Drone2_e425,Drone2,Drone1:420;Drone2:425;Drone3:457,95.6105,target_found,local,
Drone1_e432,Drone1,Drone1:432;Drone2:389;Drone3:460,94.7029,position_measured,local,
Drone2_e426,Drone2,Drone1:420;Drone2:426;Drone3:457,95.7147,target_found,local,
Drone3_e469,Drone3,Drone1:429;Drone2:389;Drone3:469,95.1414,relative_computed,local,
Drone1_e433,Drone1,Drone1:433;Drone2:389;Drone3:468,95.0748,position_measured,receive,Drone3
Drone3_e470,Drone3,Drone1:429;Drone2:389;Drone3:470,95.2369,relative_computed,local,
Drone3_e471,Drone3,Drone1:429;Drone2:389;Drone3:471,95.3288,relative_computed,local,
Drone3_e472,Drone3,Drone1:429;Drone2:389;Drone3:472,95.4922,formation_hold,local,
Drone3_e473,Drone3,Drone1:429;Drone2:389;Drone3:473,95.6386,formation_hold,send,Drone2
Drone1_e434,Drone1,Drone1:434;Drone2:389;Drone3:468,95.3314,position_measured,send,Drone3
Drone3_e474,Drone3,Drone1:434;Drone2:389;Drone3:474,95.9140,formation_hold,receive,Drone1
Drone3_e475,Drone3,Drone1:434;Drone2:389;Drone3:475,95.9873,formation_hold,send,Drone1
Drone3_e476,Drone3,Drone1:434;Drone2:389;Drone3:476,96.2615,formation_hold,send,Drone1
Drone3_e477,Drone3,Drone1:434;Drone2:389;Drone3:477,96.4420,formation_hold,local,
Drone2_e427,Drone2,Drone1:420;Drone2:427;Drone3:457,95.9391,target_found,local,
Drone2_e428,Drone2,Drone1:430;Drone2:428;Drone3:460,96.1865,target_found,receive,Drone1
Drone2_e429,Drone2,Drone1:430;Drone2:429;Drone3:473,96.3428,target_found,receive,Drone3
Drone2_e430,Drone2,Drone1:430;Drone2:430;Drone3:473,96.4510,target_found,local,
Drone1_e435,Drone1,Drone1:435;Drone2:389;Drone3:475,96.1017,position_measured,receive,Drone3
Drone1_e436,Drone1,Drone1:436;Drone2:389;Drone3:475,96.3491,position_measured,local,
Drone3_e478,Drone3,Drone1:434;Drone2:389;Drone3:478,96.6219,formation_hold,local,
Drone2_e431,Drone2,Drone1:430;Drone2:431;Drone3:473,96.6729,target_found,local,
Drone2_e432,Drone2,Drone1:430;Drone2:432;Drone3:473,96.7496,position_measured,local,
Drone2_e433,Drone2,Drone1:430;Drone2:433;Drone3:473,96.8630,position_measured,local,
Drone3_e479,Drone3,Drone1:434;Drone2:389;Drone3:479,96.7634,formation_hold,local,
Drone2_e434,Drone2,Drone1:430;Drone2:434;Drone3:473,97.0123,position_measured,local,
Drone1_e437,Drone1,Drone1:437;Drone2:389;Drone3:475,96.5950,position_measured,local,
Drone2_e435,Drone2,Drone1:431;Drone2:435;Drone3:473,97.1258,position_measured,receive,Drone1
Drone2_e436,Drone2,Drone1:431;Drone2:436;Drone3:473,97.3693,position_measured,local,
Drone2_e437,Drone2,Drone1:431;Drone2:437;Drone3:473,97.6331,position_measured,local,
Drone3_e480,Drone3,Drone1:434;Drone2:389;Drone3:480,96.9250,formation_hold,send,Drone1
Drone3_e481,Drone3,Drone1:434;Drone2:389;Drone3:481,97.0001,formation_hold,local,
Drone3_e482,Drone3,Drone1:434;Drone2:389;Drone3:482,97.1347,idle,local,
Drone3_e483,Drone3,Drone1:434;Drone2:389;Drone3:483,97.3558,idle,local,
Drone1_e438,Drone1,Drone1:438;Drone2:389;Drone3:476,96.8461,position_measured,receive,Drone3
Drone1_e439,Drone1,Drone1:439;Drone2:389;Drone3:476,97.0462,position_measured,local,
Drone1_e440,Drone1,Drone1:440;Drone2:389;Drone3:480,97.1889,position_measured,receive,Drone3
Drone3_e484,Drone3,Drone1:434;Drone2:389;Drone3:484,97.6385,idle,send,Drone2
Drone2_e438,Drone2,Drone1:431;Drone2:438;Drone3:473,97.8133,position_measured,local,
Drone3_e485,Drone3,Drone1:434;Drone2:389;Drone3:485,97.7029,idle,local,
Drone1_e441,Drone1,Drone1:441;Drone2:389;Drone3:480,97.3486,position_measured,local,
Drone1_e442,Drone1,Drone1:442;Drone2:389;Drone3:480,97.6313,position_sent,local,
Drone3_e486,Drone3,Drone1:434;Drone2:389;Drone3:486,97.9489,idle,send,Drone1
Drone3_e487,Drone3,Drone1:434;Drone2:389;Drone3:487,98.0568,idle,local,
Drone1_e443,Drone1,Drone1:443;Drone2:389;Drone3:480,97.7712,position_sent,local,
Drone3_e488,Drone3,Drone1:434;Drone2:389;Drone3:488,98.1285,idle,send,Drone1
Drone2_e439,Drone2,Drone1:431;Drone2:439;Drone3:473,97.9516,position_measured,local,
Drone2_e440,Drone2,Drone1:431;Drone2:440;Drone3:473,98.0517,position_measured,local,
Drone1_e444,Drone1,Drone1:444;Drone2:389;Drone3:480,97.8384,position_sent,local,
Drone1_e445,Drone1,Drone1:445;Drone2:389;Drone3:480,98.0699,position_sent,local,
Drone3_e489,Drone3,Drone1:434;Drone2:389;Drone3:489,98.2655,idle,local,
Drone2_e441,Drone2,Drone1:434;Drone2:441;Drone3:484,98.2154,position_measured,receive,Drone3
Drone2_e442,Drone2,Drone1:434;Drone2:442;Drone3:484,98.3307,position_sent,local,
Drone2_e443,Drone2,Drone1:434;Drone2:443;Drone3:484,98.5203,position_sent,local,
Drone3_e490,Drone3,Drone1:434;Drone2:389;Drone3:490,98.5162,idle,send,Drone1
Drone2_e444,Drone2,Drone1:434;Drone2:444;Drone3:484,98.7736,position_sent,local,
Drone3_e491,Drone3,Drone1:434;Drone2:389;Drone3:491,98.8078,idle,send,Drone2
Drone3_e492,Drone3,Drone1:434;Drone2:389;Drone3:492,98.9186,scanning,local,
Drone2_e445,Drone2,Drone1:434;Drone2:445;Drone3:484,98.9383,position_sent,local,
Drone2_e446,Drone2,Drone1:434;Drone2:446;Drone3:484,99.2038,position_sent,local,
Drone2_e447,Drone2,Drone1:434;Drone2:447;Drone3:491,99.3495,position_sent,receive,Drone3
Drone1_e446,Drone1,Drone1:446;Drone2:389;Drone3:480,98.1774,position_sent,local,
Drone2_e448,Drone2,Drone1:434;Drone2:448;Drone3:491,99.4878,position_sent,local,
Drone3_e493,Drone3,Drone1:434;Drone2:389;Drone3:493,99.0306,scanning,send,Drone2
Drone1_e447,Drone1,Drone1:447;Drone2:389;Drone3:486,98.2464,position_sent,receive,Drone3
Drone1_e448,Drone1,Drone1:448;Drone2:389;Drone3:486,98.3848,position_sent,local,
Drone3_e494,Drone3,Drone1:434;Drone2:389;Drone3:494,99.2054,scanning,send,Drone1
Drone1_e449,Drone1,Drone1:449;Drone2:389;Drone3:488,98.6530,position_sent,receive,Drone3
Drone1_e450,Drone1,Drone1:450;Drone2:389;Drone3:490,98.9121,position_sent,receive,Drone3
Drone2_e449,Drone2,Drone1:434;Drone2:449;Drone3:493,99.5677,position_sent,receive,Drone3
Drone1_e451,Drone1,Drone1:451;Drone2:389;Drone3:490,99.1279,position_sent,local,
Drone3_e495,Drone3,Drone1:434;Drone2:389;Drone3:495,99.4674,scanning,send,Drone1
Drone2_e450,Drone2,Drone1:434;Drone2:450;Drone3:493,99.7408,position_sent,local,
Drone3_e496,Drone3,Drone1:434;Drone2:389;Drone3:496,99.6401,scanning,local,
Drone3_e497,Drone3,Drone1:434;Drone2:389;Drone3:497,99.8776,scanning,send,Drone1
Drone1_e452,Drone1,Drone1:452;Drone2:389;Drone3:494,99.3750,processing,receive,Drone3
Drone3_e498,Drone3,Drone1:434;Drone2:389;Drone3:498,100.0261,scanning,send,Drone2
Drone3_e499,Drone3,Drone1:434;Drone2:389;Drone3:499,100.1904,scanning,local,
Drone1_e453,Drone1,Drone1:453;Drone2:389;Drone3:494,99.5400,processing,local,
Drone3_e500,Drone3,Drone1:434;Drone2:389;Drone3:500,100.3352,scanning,send,Drone1
Drone1_e454,Drone1,Drone1:454;Drone2:389;Drone3:495,99.6368,processing,receive,Drone3
Drone2_e451,Drone2,Drone1:434;Drone2:451;Drone3:498,100.3157,position_sent,receive,Drone3
Drone2_e452,Drone2,Drone1:434;Drone2:452;Drone3:498,100.4904,processing,local,
Drone1_e455,Drone1,Drone1:455;Drone2:389;Drone3:495,99.8748,processing,local,
Drone2_e453,Drone2,Drone1:434;Drone2:453;Drone3:498,100.6103,processing,local,
Drone1_e456,Drone1,Drone1:456;Drone2:389;Drone3:495,100.1696,processing,local,
Drone3_e501,Drone3,Drone1:434;Drone2:389;Drone3:501,100.5654,scanning,send,Drone1
Drone1_e457,Drone1,Drone1:457;Drone2:389;Drone3:495,100.4337,processing,local,
Drone1_e458,Drone1,Drone1:458;Drone2:389;Drone3:497,100.6020,processing,receive,Drone3
Drone1_e459,Drone1,Drone1:459;Drone2:389;Drone3:500,100.6856,processing,receive,Drone3
Drone3_e502,Drone3,Drone1:434;Drone2:389;Drone3:502,100.7956,target_found,local,
Drone2_e454,Drone2,Drone1:434;Drone2:454;Drone3:498,100.8008,processing,local,
Drone3_e503,Drone3,Drone1:434;Drone2:389;Drone3:503,101.0182,target_found,send,Drone1
Drone1_e460,Drone1,Drone1:460;Drone2:389;Drone3:501,100.8547,processing,receive,Drone3
Drone3_e504,Drone3,Drone1:434;Drone2:389;Drone3:504,101.1331,target_found,send,Drone2
Drone2_e455,Drone2,Drone1:434;Drone2:455;Drone3:498,101.0838,processing,local,
Drone2_e456,Drone2,Drone1:434;Drone2:456;Drone3:504,101.2134,processing,receive,Drone3
Drone3_e505,Drone3,Drone1:434;Drone2:389;Drone3:505,101.2329,target_found,local,
Drone3_e506,Drone3,Drone1:434;Drone2:389;Drone3:506,101.4175,target_found,local,
Drone2_e457,Drone2,Drone1:434;Drone2:457;Drone3:504,101.4317,processing,local,
Drone2_e458,Drone2,Drone1:434;Drone2:458;Drone3:504,101.5935,processing,local,
Drone1_e461,Drone1,Drone1:461;Drone2:389;Drone3:503,101.1841,processing,receive,Drone3
Drone1_e462,Drone1,Drone1:462;Drone2:389;Drone3:503,101.3943,relative_computed,local,
Drone2_e459,Drone2,Drone1:434;Drone2:459;Drone3:504,101.7966,processing,local,
Drone2_e460,Drone2,Drone1:434;Drone2:460;Drone3:504,101.8644,processing,local,
Drone1_e463,Drone1,Drone1:463;Drone2:389;Drone3:503,101.5227,relative_computed,local,
Drone3_e507,Drone3,Drone1:434;Drone2:389;Drone3:507,101.6188,target_found,send,Drone2
Drone2_e461,Drone2,Drone1:434;Drone2:461;Drone3:507,102.1096,processing,receive,Drone3
Drone2_e462,Drone2,Drone1:434;Drone2:462;Drone3:507,102.2899,relative_computed,local,
Drone2_e463,Drone2,Drone1:434;Drone2:463;Drone3:507,102.3858,relative_computed,local,
Drone1_e464,Drone1,Drone1:464;Drone2:389;Drone3:503,101.7382,relative_computed,send,Drone2
Drone3_e508,Drone3,Drone1:434;Drone2:389;Drone3:508,101.6889,target_found,local,
Drone1_e465,Drone1,Drone1:465;Drone2:389;Drone3:503,101.8120,relative_computed,local,
Drone2_e464,Drone2,Drone1:434;Drone2:464;Drone3:507,102.4424,relative_computed,local,
Drone2_e465,Drone2,Drone1:434;Drone2:465;Drone3:507,102.7414,relative_computed,local,
Drone1_e466,Drone1,Drone1:466;Drone2:389;Drone3:503,101.8831,relative_computed,send,Drone2
Drone2_e466,Drone2,Drone1:464;Drone2:466;Drone3:507,102.9758,relative_computed,receive,Drone1
Drone2_e467,Drone2,Drone1:464;Drone2:467;Drone3:507,103.0587,relative_computed,local,
Drone1_e467,Drone1,Drone1:467;Drone2:389;Drone3:503,102.1482,relative_computed,send,Drone3
Drone2_e468,Drone2,Drone1:464;Drone2:468;Drone3:507,103.2255,relative_computed,local,
Drone3_e509,Drone3,Drone1:434;Drone2:389;Drone3:509,101.8760,target_found,local,
Drone1_e468,Drone1,Drone1:468;Drone2:389;Drone3:503,102.3726,relative_computed,local,
Drone1_e469,Drone1,Drone1:469;Drone2:389;Drone3:503,102.5368,relative_computed,local,
Drone3_e510,Drone3,Drone1:434;Drone2:389;Drone3:510,102.0670,target_found,local,
Drone3_e511,Drone3,Drone1:434;Drone2:389;Drone3:511,102.2504,target_found,local,
Drone2_e469,Drone2,Drone1:464;Drone2:469;Drone3:507,103.3322,relative_computed,local,
Drone1_e470,Drone1,Drone1:470;Drone2:389;Drone3:503,102.6782,relative_computed,local,
Drone2_e470,Drone2,Drone1:466;Drone2:470;Drone3:507,103.3823,relative_computed,receive,Drone1
Drone1_e471,Drone1,Drone1:471;Drone2:389;Drone3:503,102.8455,relative_computed,local,
Drone1_e472,Drone1,Drone1:472;Drone2:389;Drone3:503,103.0185,formation_hold,local,
Drone2_e471,Drone2,Drone1:466;Drone2:471;Drone3:507,103.6317,relative_computed,send,Drone3
Drone3_e512,Drone3,Drone1:467;Drone2:389;Drone3:512,102.4375,position_measured,receive,Drone1
Drone1_e473,Drone1,Drone1:473;Drone2:389;Drone3:503,103.2086,formation_hold,local,
Drone2_e472,Drone2,Drone1:466;Drone2:472;Drone3:507,103.8889,formation_hold,send,Drone3
Drone1_e474,Drone1,Drone1:474;Drone2:389;Drone3:503,103.4150,formation_hold,send,Drone3
Drone3_e513,Drone3,Drone1:467;Drone2:389;Drone3:513,102.7150,position_measured,local,
Drone3_e514,Drone3,Drone1:467;Drone2:389;Drone3:514,102.8361,position_measured,local,
Drone3_e515,Drone3,Drone1:467;Drone2:389;Drone3:515,102.9533,position_measured,local,
Drone1_e475,Drone1,Drone1:475;Drone2:389;Drone3:503,103.5106,formation_hold,local,
Drone2_e473,Drone2,Drone1:466;Drone2:473;Drone3:507,104.0933,formation_hold,send,Drone3
Drone2_e474,Drone2,Drone1:466;Drone2:474;Drone3:507,104.2663,formation_hold,local,
Drone2_e475,Drone2,Drone1:466;Drone2:475;Drone3:507,104.5587,formation_hold,send,Drone1
Drone1_e476,Drone1,Drone1:476;Drone2:475;Drone3:507,104.6792,formation_hold,receive,Drone2
Drone1_e477,Drone1,Drone1:477;Drone2:475;Drone3:507,104.9110,formation_hold,local,
Drone1_e478,Drone1,Drone1:478;Drone2:475;Drone3:507,105.0844,formation_hold,send,Drone2
Drone2_e476,Drone2,Drone1:466;Drone2:476;Drone3:507,104.8051,formation_hold,local,
Drone2_e477,Drone2,Drone1:466;Drone2:477;Drone3:507,104.9711,formation_hold,local,
Drone1_e479,Drone1,Drone1:479;Drone2:475;Drone3:507,105.3453,formation_hold,local,
Drone1_e480,Drone1,Drone1:480;Drone2:475;Drone3:507,105.4131,formation_hold,send,Drone3
Drone2_e478,Drone2,Drone1:478;Drone2:478;Drone3:507,105.3387,formation_hold,receive,Drone1
Drone1_e481,Drone1,Drone1:481;Drone2:475;Drone3:507,105.5593,formation_hold,send,Drone2
Drone2_e479,Drone2,Drone1:481;Drone2:479;Drone3:507,105.6591,formation_hold,receive,Drone1
Drone3_e516,Drone3,Drone1:467;Drone2:389;Drone3:516,103.1336,position_measured,local,
Drone1_e482,Drone1,Drone1:482;Drone2:475;Drone3:507,105.7797,idle,local,
Drone2_e480,Drone2,Drone1:481;Drone2:480;Drone3:507,105.7488,formation_hold,local,
Drone3_e517,Drone3,Drone1:474;Drone2:389;Drone3:517,103.5283,position_measured,receive,Drone1
Drone3_e518,Drone3,Drone1:474;Drone2:471;Drone3:518,103.9036,position_measured,receive,Drone2
Drone3_e519,Drone3,Drone1:480;Drone2:475;Drone3:519,105.5221,position_measured,receive,Drone1
Drone2_e481,Drone2,Drone1:481;Drone2:481;Drone3:507,105.8406,formation_hold,local,
Drone2_e482,Drone2,Drone1:481;Drone2:482;Drone3:507,105.9896,idle,local,
Drone1_e483,Drone1,Drone1:483;Drone2:475;Drone3:507,105.9750,idle,send,Drone2
Drone3_e520,Drone3,Drone1:480;Drone2:475;Drone3:520,105.7212,position_measured,local,
Drone2_e483,Drone2,Drone1:481;Drone2:483;Drone3:507,106.1018,idle,local,
Drone2_e484,Drone2,Drone1:483;Drone2:484;Drone3:507,106.3845,idle,receive,Drone1
Drone3_e521,Drone3,Drone1:480;Drone2:475;Drone3:521,105.9323,position_measured,receive,Drone2
Drone3_e522,Drone3,Drone1:480;Drone2:475;Drone3:522,106.0092,position_sent,local,
Drone2_e485,Drone2,Drone1:483;Drone2:485;Drone3:507,106.6359,idle,send,Drone3
Drone2_e486,Drone2,Drone1:483;Drone2:486;Drone3:507,106.6912,idle,local,
Drone2_e487,Drone2,Drone1:483;Drone2:487;Drone3:507,106.7749,idle,local,
Drone1_e484,Drone1,Drone1:484;Drone2:475;Drone3:507,106.1344,idle,local,
Drone2_e488,Drone2,Drone1:483;Drone2:488;Drone3:507,106.9474,idle,local,
Drone3_e523,Drone3,Drone1:480;Drone2:475;Drone3:523,106.1401,position_sent,receive,Drone2
Drone2_e489,Drone2,Drone1:483;Drone2:489;Drone3:507,107.0146,idle,send,Drone1
Drone1_e485,Drone1,Drone1:485;Drone2:475;Drone3:507,106.3892,idle,local,
Drone3_e524,Drone3,Drone1:483;Drone2:485;Drone3:524,106.8798,position_sent,receive,Drone2
Drone3_e525,Drone3,Drone1:483;Drone2:485;Drone3:525,106.9762,position_sent,local,
Drone1_e486,Drone1,Drone1:486;Drone2:475;Drone3:507,106.5302,idle,local,
Drone3_e526,Drone3,Drone1:483;Drone2:485;Drone3:526,107.1908,position_sent,send,Drone1
Drone3_e527,Drone3,Drone1:483;Drone2:485;Drone3:527,107.2883,position_sent,local,
Drone3_e528,Drone3,Drone1:483;Drone2:485;Drone3:528,107.4761,position_sent,local,
Drone3_e529,Drone3,Drone1:483;Drone2:485;Drone3:529,107.6864,position_sent,send,Drone2
Drone1_e487,Drone1,Drone1:487;Drone2:489;Drone3:507,107.0756,idle,receive,Drone2
Drone1_e488,Drone1,Drone1:488;Drone2:489;Drone3:526,107.2913,idle,receive,Drone3
Drone2_e490,Drone2,Drone1:483;Drone2:490;Drone3:529,107.8791,idle,receive,Drone3
Drone2_e491,Drone2,Drone1:483;Drone2:491;Drone3:529,108.0606,idle,local,
Drone3_e530,Drone3,Drone1:483;Drone2:485;Drone3:530,107.7486,position_sent,local,
Drone1_e489,Drone1,Drone1:489;Drone2:489;Drone3:526,107.3590,idle,local,
Drone1_e490,Drone1,Drone1:490;Drone2:489;Drone3:526,107.6411,idle,local,
Drone1_e491,Drone1,Drone1:491;Drone2:489;Drone3:526,107.8509,idle,local,
Drone2_e492,Drone2,Drone1:483;Drone2:492;Drone3:529,108.3451,scanning,local,
Drone2_e493,Drone2,Drone1:483;Drone2:493;Drone3:529,108.5937,scanning,local,
Drone1_e492,Drone1,Drone1:492;Drone2:489;Drone3:526,107.9673,scanning,local,
Drone1_e493,Drone1,Drone1:493;Drone2:489;Drone3:526,108.2259,scanning,local,
Drone1_e494,Drone1,Drone1:494;Drone2:489;Drone3:526,108.5161,scanning,local,
Drone1_e495,Drone1,Drone1:495;Drone2:489;Drone3:526,108.6990,scanning,send,Drone2
Drone1_e496,Drone1,Drone1:496;Drone2:489;Drone3:526,108.8915,scanning,send,Drone2
Drone1_e497,Drone1,Drone1:497;Drone2:489;Drone3:526,109.0810,scanning,local,
Drone3_e531,Drone3,Drone1:483;Drone2:485;Drone3:531,107.9673,position_sent,send,Drone2
Drone3_e532,Drone3,Drone1:483;Drone2:485;Drone3:532,108.2380,processing,local,
Drone1_e498,Drone1,Drone1:498;Drone2:489;Drone3:526,109.2685,scanning,local,
Drone3_e533,Drone3,Drone1:483;Drone2:485;Drone3:533,108.3275,processing,local,
Drone3_e534,Drone3,Drone1:483;Drone2:485;Drone3:534,108.4656,processing,local,
Drone2_e494,Drone2,Drone1:483;Drone2:494;Drone3:529,108.8929,scanning,local,
Drone2_e495,Drone2,Drone1:483;Drone2:495;Drone3:529,109.1012,scanning,local,
Drone3_e535,Drone3,Drone1:483;Drone2:485;Drone3:535,108.5758,processing,local,
Drone3_e536,Drone3,Drone1:483;Drone2:485;Drone3:536,108.7158,processing,send,Drone2
Drone2_e496,Drone2,Drone1:483;Drone2:496;Drone3:529,109.2505,scanning,local,
Drone3_e537,Drone3,Drone1:483;Drone2:485;Drone3:537,108.9147,processing,send,Drone2
Drone3_e538,Drone3,Drone1:483;Drone2:485;Drone3:538,108.9664,processing,send,Drone2
Drone1_e499,Drone1,Drone1:499;Drone2:489;Drone3:526,109.3240,scanning,send,Drone3
Drone3_e539,Drone3,Drone1:483;Drone2:485;Drone3:539,109.2461,processing,local,
Drone3_e540,Drone3,Drone1:483;Drone2:485;Drone3:540,109.5276,processing,local,
Drone1_e500,Drone1,Drone1:500;Drone2:489;Drone3:526,109.4629,scanning,send,Drone3
Drone1_e501,Drone1,Drone1:501;Drone2:489;Drone3:526,109.5711,scanning,send,Drone2
Drone2_e497,Drone2,Drone1:495;Drone2:497;Drone3:529,109.4428,scanning,receive,Drone1
Drone1_e502,Drone1,Drone1:502;Drone2:489;Drone3:526,109.8020,target_found,local,
Drone2_e498,Drone2,Drone1:495;Drone2:498;Drone3:531,109.6416,scanning,receive,Drone3
Drone2_e499,Drone2,Drone1:496;Drone2:499;Drone3:531,109.7112,scanning,receive,Drone1
Drone1_e503,Drone1,Drone1:503;Drone2:489;Drone3:526,109.9356,target_found,local,
Drone2_e500,Drone2,Drone1:496;Drone2:500;Drone3:531,109.9781,scanning,local,
Drone1_e504,Drone1,Drone1:504;Drone2:489;Drone3:526,110.1980,target_found,local,
Drone1_e505,Drone1,Drone1:505;Drone2:489;Drone3:526,110.4060,target_found,local,
Drone1_e506,Drone1,Drone1:506;Drone2:489;Drone3:526,110.4663,target_found,local,
Drone3_e541,Drone3,Drone1:483;Drone2:485;Drone3:541,109.6593,processing,local,
Drone3_e542,Drone3,Drone1:499;Drone2:489;Drone3:542,109.8777,relative_computed,receive,Drone1
Drone2_e501,Drone2,Drone1:496;Drone2:501;Drone3:531,110.2163,scanning,local,
Drone3_e543,Drone3,Drone1:499;Drone2:489;Drone3:543,109.9832,relative_computed,local,
Drone2_e502,Drone2,Drone1:496;Drone2:502;Drone3:531,110.3034,target_found,local,
Drone2_e503,Drone2,Drone1:496;Drone2:503;Drone3:536,110.4904,target_found,receive,Drone3
Drone2_e504,Drone2,Drone1:501;Drone2:504;Drone3:536,110.7338,target_found,receive,Drone1
Drone1_e507,Drone1,Drone1:507;Drone2:489;Drone3:526,110.6366,target_found,local,
Drone1_e508,Drone1,Drone1:508;Drone2:489;Drone3:526,110.8496,target_found,local,
Drone1_e509,Drone1,Drone1:509;Drone2:489;Drone3:526,111.1489,target_found,local,
Drone3_e544,Drone3,Drone1:500;Drone2:489;Drone3:544,110.0998,relative_computed,receive,Drone1
Drone2_e505,Drone2,Drone1:501;Drone2:505;Drone3:537,110.8120,target_found,receive,Drone3
Drone2_e506,Drone2,Drone1:501;Drone2:506;Drone3:537,110.9491,target_found,local,
Drone2_e507,Drone2,Drone1:501;Drone2:507;Drone3:538,111.1915,target_found,receive,Drone3
Drone1_e510,Drone1,Drone1:510;Drone2:489;Drone3:526,111.3529,target_found,local,
Drone2_e508,Drone2,Drone1:501;Drone2:508;Drone3:538,111.3516,target_found,local,
Drone1_e511,Drone1,Drone1:511;Drone2:489;Drone3:526,111.4419,target_found,send,Drone3
Drone3_e545,Drone3,Drone1:500;Drone2:489;Drone3:545,110.1779,relative_computed,local,
Drone1_e512,Drone1,Drone1:512;Drone2:489;Drone3:526,111.7091,position_measured,send,Drone2
Drone2_e509,Drone2,Drone1:512;Drone2:509;Drone3:538,111.8354,target_found,receive,Drone1
Drone2_e510,Drone2,Drone1:512;Drone2:510;Drone3:538,112.0704,target_found,send,Drone1
Drone1_e513,Drone1,Drone1:513;Drone2:510;Drone3:538,112.2576,position_measured,receive,Drone2
Drone3_e546,Drone3,Drone1:500;Drone2:489;Drone3:546,110.2632,relative_computed,local,
Drone3_e547,Drone3,Drone1:500;Drone2:489;Drone3:547,110.4074,relative_computed,local,
Drone3_e548,Drone3,Drone1:500;Drone2:489;Drone3:548,110.5213,relative_computed,local,
Drone1_e514,Drone1,Drone1:514;Drone2:510;Drone3:538,112.3209,position_measured,send,Drone3
Drone3_e549,Drone3,Drone1:500;Drone2:489;Drone3:549,110.5879,relative_computed,local,
Drone3_e550,Drone3,Drone1:511;Drone2:489;Drone3:550,111.7080,relative_computed,receive,Drone1
Drone1_e515,Drone1,Drone1:515;Drone2:510;Drone3:538,112.4287,position_measured,send,Drone3
Drone2_e511,Drone2,Drone1:512;Drone2:511;Drone3:538,112.2978,target_found,local,
Drone2_e512,Drone2,Drone1:512;Drone2:512;Drone3:538,112.4971,position_measured,local,
Drone1_e516,Drone1,Drone1:516;Drone2:510;Drone3:538,112.6188,position_measured,send,Drone3
Drone3_e551,Drone3,Drone1:514;Drone2:510;Drone3:551,112.6014,relative_computed,receive,Drone1
Drone2_e513,Drone2,Drone1:512;Drone2:513;Drone3:538,112.6455,position_measured,local,
Drone1_e517,Drone1,Drone1:517;Drone2:510;Drone3:538,112.7577,position_measured,send,Drone3
Drone2_e514,Drone2,Drone1:512;Drone2:514;Drone3:538,112.8984,position_measured,send,Drone3
Drone3_e552,Drone3,Drone1:514;Drone2:514;Drone3:552,113.1710,formation_hold,receive,Drone2
Drone1_e518,Drone1,Drone1:518;Drone2:510;Drone3:538,113.0450,position_measured,local,
Drone1_e519,Drone1,Drone1:519;Drone2:510;Drone3:538,113.2592,position_measured,send,Drone3
Drone1_e520,Drone1,Drone1:520;Drone2:510;Drone3:538,113.4394,position_measured,local,
Drone3_e553,Drone3,Drone1:514;Drone2:514;Drone3:553,113.3774,formation_hold,local,
Drone1_e521,Drone1,Drone1:521;Drone2:510;Drone3:538,113.6326,position_measured,local,
Drone2_e515,Drone2,Drone1:512;Drone2:515;Drone3:538,113.1759,position_measured,local,
Drone2_e516,Drone2,Drone1:512;Drone2:516;Drone3:538,113.2588,position_measured,local,
Drone3_e554,Drone3,Drone1:515;Drone2:514;Drone3:554,113.6431,formation_hold,receive,Drone1
Drone2_e517,Drone2,Drone1:512;Drone2:517;Drone3:538,113.5335,position_measured,local,
Drone1_e522,Drone1,Drone1:522;Drone2:510;Drone3:538,113.9099,position_sent,local,
Drone1_e523,Drone1,Drone1:523;Drone2:510;Drone3:538,114.1011,position_sent,local,
Drone1_e524,Drone1,Drone1:524;Drone2:510;Drone3:538,114.2904,position_sent,local,
Drone3_e555,Drone3,Drone1:516;Drone2:514;Drone3:555,113.9029,formation_hold,receive,Drone1
Drone1_e525,Drone1,Drone1:525;Drone2:510;Drone3:538,114.5318,position_sent,local,
Drone2_e518,Drone2,Drone1:512;Drone2:518;Drone3:538,113.6593,position_measured,local,
Drone3_e556,Drone3,Drone1:516;Drone2:514;Drone3:556,114.1765,formation_hold,local,
Drone3_e557,Drone3,Drone1:517;Drone2:514;Drone3:557,114.2532,formation_hold,receive,Drone1
Drone1_e526,Drone1,Drone1:526;Drone2:510;Drone3:538,114.7332,position_sent,send,Drone3
Drone3_e558,Drone3,Drone1:519;Drone2:514;Drone3:558,114.3609,formation_hold,receive,Drone1
Drone1_e527,Drone1,Drone1:527;Drone2:510;Drone3:538,114.9552,position_sent,local,
Drone2_e519,Drone2,Drone1:512;Drone2:519;Drone3:538,113.8873,position_measured,send,Drone3
Drone2_e520,Drone2,Drone1:512;Drone2:520;Drone3:538,114.0602,position_measured,send,Drone3
Drone1_e528,Drone1,Drone1:528;Drone2:510;Drone3:538,115.0133,position_sent,send,Drone2
Drone1_e529,Drone1,Drone1:529;Drone2:510;Drone3:538,115.3008,position_sent,local,
Drone1_e530,Drone1,Drone1:530;Drone2:510;Drone3:538,115.5979,position_sent,local,
Drone1_e531,Drone1,Drone1:531;Drone2:510;Drone3:538,115.8646,position_sent,send,Drone3
Drone2_e521,Drone2,Drone1:512;Drone2:521;Drone3:538,114.3269,position_measured,local,
Drone1_e532,Drone1,Drone1:532;Drone2:510;Drone3:538,116.1087,processing,local,
Drone3_e559,Drone3,Drone1:519;Drone2:514;Drone3:559,114.5060,formation_hold,local,
Drone2_e522,Drone2,Drone1:528;Drone2:522;Drone3:538,115.1934,position_sent,receive,Drone1
Drone2_e523,Drone2,Drone1:528;Drone2:523;Drone3:538,115.4629,position_sent,local,
Drone1_e533,Drone1,Drone1:533;Drone2:510;Drone3:538,116.2576,processing,local,
Drone3_e560,Drone3,Drone1:519;Drone2:519;Drone3:560,114.6850,formation_hold,receive,Drone2
Drone3_e561,Drone3,Drone1:519;Drone2:519;Drone3:561,114.7825,formation_hold,local,
Drone2_e524,Drone2,Drone1:528;Drone2:524;Drone3:538,115.5890,position_sent,local,
Drone2_e525,Drone2,Drone1:528;Drone2:525;Drone3:538,115.7446,position_sent,local,
Drone3_e562,Drone3,Drone1:519;Drone2:519;Drone3:562,115.0050,idle,local,
Drone1_e534,Drone1,Drone1:534;Drone2:510;Drone3:538,116.4691,processing,local,
Drone1_e535,Drone1,Drone1:535;Drone2:510;Drone3:538,116.5474,processing,local,
Drone3_e563,Drone3,Drone1:519;Drone2:519;Drone3:563,115.2290,idle,local,
Drone1_e536,Drone1,Drone1:536;Drone2:510;Drone3:538,116.6783,processing,local,
Drone1_e537,Drone1,Drone1:537;Drone2:510;Drone3:538,116.9489,processing,send,Drone2
Drone1_e538,Drone1,Drone1:538;Drone2:510;Drone3:538,117.1785,processing,send,Drone2
Drone1_e539,Drone1,Drone1:539;Drone2:510;Drone3:538,117.3870,processing,send,Drone3
Drone1_e540,Drone1,Drone1:540;Drone2:510;Drone3:538,117.5331,processing,local,
Drone3_e564,Drone3,Drone1:519;Drone2:519;Drone3:564,115.3190,idle,local,
Drone3_e565,Drone3,Drone1:526;Drone2:519;Drone3:565,115.5970,idle,receive,Drone1
Drone3_e566,Drone3,Drone1:526;Drone2:519;Drone3:566,115.8627,idle,local,
Drone1_e541,Drone1,Drone1:541;Drone2:510;Drone3:538,117.6278,processing,local,
Drone3_e567,Drone3,Drone1:526;Drone2:520;Drone3:567,115.9901,idle,receive,Drone2
Drone2_e526,Drone2,Drone1:537;Drone2:526;Drone3:538,117.0283,position_sent,receive,Drone1
Drone1_e542,Drone1,Drone1:542;Drone2:510;Drone3:538,117.6787,relative_computed,local,
Drone2_e527,Drone2,Drone1:538;Drone2:527;Drone3:538,117.4424,position_sent,receive,Drone1
Drone3_e568,Drone3,Drone1:526;Drone2:520;Drone3:568,116.1921,idle,local,
Drone2_e528,Drone2,Drone1:538;Drone2:528;Drone3:538,117.6058,position_sent,send,Drone3
Drone2_e529,Drone2,Drone1:538;Drone2:529;Drone3:538,117.7170,position_sent,send,Drone1
Drone3_e569,Drone3,Drone1:531;Drone2:520;Drone3:569,116.2543,idle,receive,Drone1
Drone1_e543,Drone1,Drone1:543;Drone2:529;Drone3:538,117.7762,relative_computed,receive,Drone2
Drone1_e544,Drone1,Drone1:544;Drone2:529;Drone3:538,118.0357,relative_computed,local,
Drone2_e530,Drone2,Drone1:538;Drone2:530;Drone3:538,117.7889,position_sent,local,
Drone1_e545,Drone1,Drone1:545;Drone2:529;Drone3:538,118.1302,relative_computed,local,
Drone3_e570,Drone3,Drone1:539;Drone2:520;Drone3:570,117.6786,idle,receive,Drone1
Drone3_e571,Drone3,Drone1:539;Drone2:520;Drone3:571,117.9615,idle,local,
Drone1_e546,Drone1,Drone1:546;Drone2:529;Drone3:538,118.2609,relative_computed,local,
Drone2_e531,Drone2,Drone1:538;Drone2:531;Drone3:538,118.0285,position_sent,local,
Drone3_e572,Drone3,Drone1:539;Drone2:528;Drone3:572,118.0451,scanning,receive,Drone2
Drone3_e573,Drone3,Drone1:539;Drone2:528;Drone3:573,118.1774,scanning,local,
Drone2_e532,Drone2,Drone1:538;Drone2:532;Drone3:538,118.2525,processing,local,
Drone3_e574,Drone3,Drone1:539;Drone2:528;Drone3:574,118.3483,scanning,send,Drone1
Drone3_e575,Drone3,Drone1:539;Drone2:528;Drone3:575,118.5954,scanning,local,
Drone3_e576,Drone3,Drone1:539;Drone2:528;Drone3:576,118.7103,scanning,send,Drone2
Drone3_e577,Drone3,Drone1:539;Drone2:528;Drone3:577,118.8488,scanning,local,
Drone1_e547,Drone1,Drone1:547;Drone2:529;Drone3:538,118.4350,relative_computed,local,
Drone3_e578,Drone3,Drone1:539;Drone2:528;Drone3:578,119.0219,scanning,local,
Drone1_e548,Drone1,Drone1:548;Drone2:529;Drone3:538,118.5432,relative_computed,local,
Drone2_e533,Drone2,Drone1:538;Drone2:533;Drone3:538,118.3029,processing,local,
Drone1_e549,Drone1,Drone1:549;Drone2:529;Drone3:538,118.7924,relative_computed,local,
Drone3_e579,Drone3,Drone1:539;Drone2:528;Drone3:579,119.2718,scanning,local,
Drone2_e534,Drone2,Drone1:538;Drone2:534;Drone3:538,118.4363,processing,local,
Drone3_e580,Drone3,Drone1:539;Drone2:528;Drone3:580,119.3749,scanning,local,
Drone3_e581,Drone3,Drone1:539;Drone2:528;Drone3:581,119.4885,scanning,send,Drone2
Drone1_e550,Drone1,Drone1:550;Drone2:529;Drone3:574,119.0342,relative_computed,receive,Drone3
Drone1_e551,Drone1,Drone1:551;Drone2:529;Drone3:574,119.1695,relative_computed,local,
Drone3_e582,Drone3,Drone1:539;Drone2:528;Drone3:582,119.7785,target_found,local,
Drone1_e552,Drone1,Drone1:552;Drone2:529;Drone3:574,119.4501,formation_hold,send,Drone3
Drone2_e535,Drone2,Drone1:538;Drone2:535;Drone3:538,118.6856,processing,local,
Drone3_e583,Drone3,Drone1:552;Drone2:529;Drone3:583,119.9853,target_found,receive,Drone1
Drone3_e584,Drone3,Drone1:552;Drone2:529;Drone3:584,120.1509,target_found,local,
Drone2_e536,Drone2,Drone1:538;Drone2:536;Drone3:538,118.7496,processing,local,
Drone3_e585,Drone3,Drone1:552;Drone2:529;Drone3:585,120.3397,target_found,send,Drone2
Drone1_e553,Drone1,Drone1:553;Drone2:529;Drone3:574,119.7000,formation_hold,send,Drone3
Drone2_e537,Drone2,Drone1:539;Drone2:537;Drone3:576,118.8698,processing,receive,Drone3
Drone1_e554,Drone1,Drone1:554;Drone2:529;Drone3:574,119.8438,formation_hold,local,
Drone3_e586,Drone3,Drone1:552;Drone2:529;Drone3:586,120.5325,target_found,local,
Drone2_e538,Drone2,Drone1:539;Drone2:538;Drone3:581,119.7546,processing,receive,Drone3
Drone2_e539,Drone2,Drone1:539;Drone2:539;Drone3:581,119.8832,processing,local,
Drone1_e555,Drone1,Drone1:555;Drone2:529;Drone3:574,120.0180,formation_hold,send,Drone2
Drone1_e556,Drone1,Drone1:556;Drone2:529;Drone3:574,120.2754,formation_hold,local,
Drone2_e540,Drone2,Drone1:555;Drone2:540;Drone3:581,120.1118,processing,receive,Drone1
Drone2_e541,Drone2,Drone1:555;Drone2:541;Drone3:581,120.3562,processing,local,
Drone1_e557,Drone1,Drone1:557;Drone2:529;Drone3:574,120.3316,formation_hold,local,
Drone2_e542,Drone2,Drone1:555;Drone2:542;Drone3:581,120.4447,relative_computed,local,
Drone2_e543,Drone2,Drone1:555;Drone2:543;Drone3:581,120.6779,relative_computed,local,
Drone3_e587,Drone3,Drone1:553;Drone2:529;Drone3:587,120.6183,target_found,receive,Drone1
Drone1_e558,Drone1,Drone1:558;Drone2:529;Drone3:574,120.6161,formation_hold,local,
Drone3_e588,Drone3,Drone1:553;Drone2:529;Drone3:588,120.7196,target_found,local,
Drone1_e559,Drone1,Drone1:559;Drone2:529;Drone3:574,120.8445,formation_hold,local,
Drone3_e589,Drone3,Drone1:553;Drone2:529;Drone3:589,121.0027,target_found,send,Drone2
Drone3_e590,Drone3,Drone1:553;Drone2:529;Drone3:590,121.2706,target_found,local,
Drone2_e544,Drone2,Drone1:555;Drone2:544;Drone3:581,120.7394,relative_computed,local,
Drone3_e591,Drone3,Drone1:553;Drone2:529;Drone3:591,121.5070,target_found,local,
Drone1_e560,Drone1,Drone1:560;Drone2:529;Drone3:574,120.9726,formation_hold,local,
Drone1_e561,Drone1,Drone1:561;Drone2:529;Drone3:574,121.0707,formation_hold,local,
Drone2_e545,Drone2,Drone1:555;Drone2:545;Drone3:581,120.9826,relative_computed,local,
Drone3_e592,Drone3,Drone1:553;Drone2:529;Drone3:592,121.5964,position_measured,send,Drone1
Drone1_e562,Drone1,Drone1:562;Drone2:529;Drone3:592,121.6980,idle,receive,Drone3
Drone2_e546,Drone2,Drone1:555;Drone2:546;Drone3:581,121.1004,relative_computed,local,
Drone3_e593,Drone3,Drone1:553;Drone2:529;Drone3:593,121.7899,position_measured,local,
Drone1_e563,Drone1,Drone1:563;Drone2:529;Drone3:592,121.8832,idle,send,Drone3
Drone1_e564,Drone1,Drone1:564;Drone2:529;Drone3:592,122.1590,idle,send,Drone3
Drone1_e565,Drone1,Drone1:565;Drone2:529;Drone3:592,122.2305,idle,send,Drone2
Drone2_e547,Drone2,Drone1:565;Drone2:547;Drone3:592,122.4346,relative_computed,receive,Drone1
Drone2_e548,Drone2,Drone1:565;Drone2:548;Drone3:592,122.6628,relative_computed,receive,Drone3
Drone3_e594,Drone3,Drone1:553;Drone2:529;Drone3:594,121.8595,position_measured,local,
Drone2_e549,Drone2,Drone1:565;Drone2:549;Drone3:592,122.7361,relative_computed,local,
Drone3_e595,Drone3,Drone1:553;Drone2:529;Drone3:595,122.0234,position_measured,local,
Drone3_e596,Drone3,Drone1:553;Drone2:529;Drone3:596,122.2651,position_measured,local,
Drone2_e550,Drone2,Drone1:565;Drone2:550;Drone3:592,122.8220,relative_computed,receive,Drone3
Drone3_e597,Drone3,Drone1:563;Drone2:529;Drone3:597,122.4131,position_measured,receive,Drone1
Drone3_e598,Drone3,Drone1:563;Drone2:529;Drone3:598,122.5457,position_measured,local,
Drone2_e551,Drone2,Drone1:565;Drone2:551;Drone3:592,122.8796,relative_computed,local,
Drone2_e552,Drone2,Drone1:565;Drone2:552;Drone3:592,123.0449,formation_hold,send,Drone3
Drone1_e566,Drone1,Drone1:566;Drone2:529;Drone3:592,122.4316,idle,send,Drone3
Drone1_e567,Drone1,Drone1:567;Drone2:529;Drone3:592,122.5831,idle,local,
Drone3_e599,Drone3,Drone1:563;Drone2:529;Drone3:599,122.6771,position_measured,local,
Drone3_e600,Drone3,Drone1:565;Drone2:552;Drone3:600,123.2281,position_measured,receive,Drone2
Drone2_e553,Drone2,Drone1:565;Drone2:553;Drone3:592,123.1545,formation_hold,local,
Drone1_e568,Drone1,Drone1:568;Drone2:529;Drone3:592,122.8765,idle,local,
Drone2_e554,Drone2,Drone1:565;Drone2:554;Drone3:592,123.4080,formation_hold,send,Drone1
Drone3_e601,Drone3,Drone1:565;Drone2:552;Drone3:601,123.5231,position_measured,local,
Drone3_e602,Drone3,Drone1:565;Drone2:552;Drone3:602,123.7092,position_sent,local,
Drone1_e569,Drone1,Drone1:569;Drone2:554;Drone3:592,123.6428,idle,receive,Drone2
Drone3_e603,Drone3,Drone1:565;Drone2:552;Drone3:603,123.8809,position_sent,local,
Drone3_e604,Drone3,Drone1:565;Drone2:552;Drone3:604,124.0122,position_sent,local,
Drone1_e570,Drone1,Drone1:570;Drone2:554;Drone3:592,123.7369,idle,local,
Drone2_e555,Drone2,Drone1:565;Drone2:555;Drone3:592,123.6294,formation_hold,send,Drone1
Drone3_e605,Drone3,Drone1:565;Drone2:552;Drone3:605,124.1570,position_sent,local,
Drone2_e556,Drone2,Drone1:565;Drone2:556;Drone3:592,123.6947,formation_hold,local,
Drone1_e571,Drone1,Drone1:571;Drone2:554;Drone3:592,124.0087,idle,local,
Drone3_e606,Drone3,Drone1:565;Drone2:552;Drone3:606,124.3962,position_sent,local,
Drone3_e607,Drone3,Drone1:565;Drone2:552;Drone3:607,124.5437,position_sent,receive,Drone1
Drone3_e608,Drone3,Drone1:565;Drone2:552;Drone3:608,124.6451,position_sent,local,
Drone2_e557,Drone2,Drone1:565;Drone2:557;Drone3:592,123.9744,formation_hold,send,Drone3
Drone2_e558,Drone2,Drone1:565;Drone2:558;Drone3:592,124.2531,formation_hold,local,
Drone1_e572,Drone1,Drone1:572;Drone2:554;Drone3:592,124.2116,scanning,local,
Drone3_e609,Drone3,Drone1:565;Drone2:552;Drone3:609,124.7270,position_sent,local,
Drone2_e559,Drone2,Drone1:565;Drone2:559;Drone3:592,124.3034,formation_hold,send,Drone1
Drone3_e610,Drone3,Drone1:565;Drone2:552;Drone3:610,124.8668,position_sent,local,
Drone2_e560,Drone2,Drone1:565;Drone2:560;Drone3:592,124.4122,formation_hold,local,
Drone3_e611,Drone3,Drone1:565;Drone2:552;Drone3:611,125.0732,position_sent,local,
Drone3_e612,Drone3,Drone1:565;Drone2:557;Drone3:612,125.2319,processing,receive,Drone2
Drone1_e573,Drone1,Drone1:573;Drone2:554;Drone3:592,124.3803,scanning,local,
Drone1_e574,Drone1,Drone1:574;Drone2:554;Drone3:592,124.6411,scanning,local,
Drone2_e561,Drone2,Drone1:565;Drone2:561;Drone3:592,124.5007,formation_hold,local,
Drone3_e613,Drone3,Drone1:566;Drone2:557;Drone3:613,125.2999,processing,receive,Drone1
Drone1_e575,Drone1,Drone1:575;Drone2:555;Drone3:592,124.8556,scanning,receive,Drone2
Drone1_e576,Drone1,Drone1:576;Drone2:559;Drone3:592,125.1206,scanning,receive,Drone2
Drone3_e614,Drone3,Drone1:566;Drone2:557;Drone3:614,125.4563,processing,local,
Drone1_e577,Drone1,Drone1:577;Drone2:559;Drone3:592,125.2767,scanning,local,
Drone2_e562,Drone2,Drone1:565;Drone2:562;Drone3:592,124.6072,idle,local,
Drone2_e563,Drone2,Drone1:565;Drone2:563;Drone3:592,124.8017,idle,local,
Drone3_e615,Drone3,Drone1:566;Drone2:557;Drone3:615,125.6090,processing,send,Drone2
Drone3_e616,Drone3,Drone1:566;Drone2:557;Drone3:616,125.6674,processing,local,
Drone1_e578,Drone1,Drone1:578;Drone2:559;Drone3:592,125.5029,scanning,local,
Drone1_e579,Drone1,Drone1:579;Drone2:559;Drone3:592,125.7933,scanning,local,
Drone1_e580,Drone1,Drone1:580;Drone2:559;Drone3:592,125.9596,scanning,send,Drone3
Drone1_e581,Drone1,Drone1:581;Drone2:559;Drone3:592,126.1621,scanning,local,
Drone1_e582,Drone1,Drone1:582;Drone2:559;Drone3:592,126.3975,target_found,local,
Drone3_e617,Drone3,Drone1:580;Drone2:559;Drone3:617,126.1628,processing,receive,Drone1
Drone2_e564,Drone2,Drone1:565;Drone2:564;Drone3:592,124.8543,idle,local,
Drone2_e565,Drone2,Drone1:565;Drone2:565;Drone3:592,125.0217,idle,local,
Drone3_e618,Drone3,Drone1:580;Drone2:559;Drone3:618,126.3010,processing,local,
Drone2_e566,Drone2,Drone1:566;Drone2:566;Drone3:615,125.8328,idle,receive,Drone3
Drone3_e619,Drone3,Drone1:580;Drone2:559;Drone3:619,126.5328,processing,local,
Drone3_e620,Drone3,Drone1:580;Drone2:559;Drone3:620,126.7273,processing,send,Drone2
Drone3_e621,Drone3,Drone1:580;Drone2:559;Drone3:621,126.9795,processing,send,Drone2
Drone3_e622,Drone3,Drone1:580;Drone2:559;Drone3:622,127.0502,relative_computed,send,Drone2
Drone3_e623,Drone3,Drone1:580;Drone2:559;Drone3:623,127.1632,relative_computed,send,Drone2
Drone3_e624,Drone3,Drone1:580;Drone2:559;Drone3:624,127.2167,relative_computed,send,Drone2
Drone1_e583,Drone1,Drone1:583;Drone2:559;Drone3:592,126.6750,target_found,local,
Drone3_e625,Drone3,Drone1:580;Drone2:559;Drone3:625,127.3592,relative_computed,send,Drone2
Drone1_e584,Drone1,Drone1:584;Drone2:559;Drone3:592,126.8463,target_found,send,Drone2
Drone3_e626,Drone3,Drone1:580;Drone2:559;Drone3:626,127.4949,relative_computed,local,
Drone1_e585,Drone1,Drone1:585;Drone2:559;Drone3:592,127.0451,target_found,local,
Drone1_e586,Drone1,Drone1:586;Drone2:559;Drone3:592,127.2833,target_found,local,
Drone2_e567,Drone2,Drone1:566;Drone2:567;Drone3:615,125.9423,idle,local,
Drone2_e568,Drone2,Drone1:566;Drone2:568;Drone3:615,126.0341,idle,local,
Drone3_e627,Drone3,Drone1:580;Drone2:559;Drone3:627,127.6312,relative_computed,local,
Drone3_e628,Drone3,Drone1:580;Drone2:559;Drone3:628,127.6943,relative_computed,send,Drone1
Drone2_e569,Drone2,Drone1:584;Drone2:569;Drone3:615,127.0153,idle,receive,Drone1
Drone3_e629,Drone3,Drone1:580;Drone2:559;Drone3:629,127.8629,relative_computed,send,Drone2
Drone1_e587,Drone1,Drone1:587;Drone2:559;Drone3:592,127.4420,target_found,local,
Drone2_e570,Drone2,Drone1:584;Drone2:570;Drone3:615,127.1775,idle,local,
Drone3_e630,Drone3,Drone1:580;Drone2:559;Drone3:630,128.0455,relative_computed,local,
Drone1_e588,Drone1,Drone1:588;Drone2:559;Drone3:628,127.9833,target_found,receive,Drone3
Drone2_e571,Drone2,Drone1:584;Drone2:571;Drone3:615,127.3905,idle,local,
Drone2_e572,Drone2,Drone1:584;Drone2:572;Drone3:620,127.6411,scanning,receive,Drone3
Drone2_e573,Drone2,Drone1:584;Drone2:573;Drone3:620,127.7889,scanning,local,
Drone3_e631,Drone3,Drone1:580;Drone2:559;Drone3:631,128.2791,relative_computed,local,
Drone3_e632,Drone3,Drone1:580;Drone2:559;Drone3:632,128.4591,formation_hold,local,
Drone3_e633,Drone3,Drone1:580;Drone2:559;Drone3:633,128.5540,formation_hold,local,
Drone3_e634,Drone3,Drone1:580;Drone2:559;Drone3:634,128.8120,formation_hold,send,Drone1
Drone1_e589,Drone1,Drone1:589;Drone2:559;Drone3:628,128.1647,target_found,local,
Drone3_e635,Drone3,Drone1:580;Drone2:559;Drone3:635,128.9168,formation_hold,local,
Drone2_e574,Drone2,Drone1:584;Drone2:574;Drone3:621,127.8448,scanning,receive,Drone3
Drone1_e590,Drone1,Drone1:590;Drone2:559;Drone3:634,129.0996,target_found,receive,Drone3
Drone3_e636,Drone3,Drone1:580;Drone2:559;Drone3:636,128.9884,formation_hold,send,Drone1
Drone3_e637,Drone3,Drone1:580;Drone2:559;Drone3:637,129.2624,formation_hold,send,Drone1
Drone3_e638,Drone3,Drone1:580;Drone2:559;Drone3:638,129.4292,formation_hold,send,Drone2
Drone1_e591,Drone1,Drone1:591;Drone2:559;Drone3:634,129.3803,target_found,local,
Drone2_e575,Drone2,Drone1:584;Drone2:575;Drone3:621,128.0679,scanning,local,
Drone3_e639,Drone3,Drone1:580;Drone2:559;Drone3:639,129.5600,formation_hold,local,
Drone1_e592,Drone1,Drone1:592;Drone2:559;Drone3:634,129.4996,position_measured,local,
Drone1_e593,Drone1,Drone1:593;Drone2:559;Drone3:636,129.7986,position_measured,receive,Drone3
Drone2_e576,Drone2,Drone1:584;Drone2:576;Drone3:621,128.1841,scanning,local,
Drone2_e577,Drone2,Drone1:584;Drone2:577;Drone3:622,128.3866,scanning,receive,Drone3
Drone1_e594,Drone1,Drone1:594;Drone2:559;Drone3:636,129.8757,position_measured,local,
Drone3_e640,Drone3,Drone1:580;Drone2:559;Drone3:640,129.6646,formation_hold,local,
Drone3_e641,Drone3,Drone1:580;Drone2:559;Drone3:641,129.8935,formation_hold,send,Drone2
Drone1_e595,Drone1,Drone1:595;Drone2:559;Drone3:637,130.0685,position_measured,receive,Drone3
Drone2_e578,Drone2,Drone1:584;Drone2:578;Drone3:622,128.4413,scanning,local,
Drone2_e579,Drone2,Drone1:584;Drone2:579;Drone3:623,128.7245,scanning,receive,Drone3
Drone3_e642,Drone3,Drone1:580;Drone2:559;Drone3:642,129.9814,idle,local,
Drone2_e580,Drone2,Drone1:584;Drone2:580;Drone3:623,128.9182,scanning,local,
Drone3_e643,Drone3,Drone1:580;Drone2:559;Drone3:643,130.2241,idle,local,
Drone2_e581,Drone2,Drone1:584;Drone2:581;Drone3:623,129.1792,scanning,local,
Drone1_e596,Drone1,Drone1:596;Drone2:559;Drone3:637,130.1193,position_measured,local,
Drone3_e644,Drone3,Drone1:580;Drone2:559;Drone3:644,130.3946,idle,local,
Drone3_e645,Drone3,Drone1:580;Drone2:559;Drone3:645,130.6925,idle,local,
Drone2_e582,Drone2,Drone1:584;Drone2:582;Drone3:623,129.3294,target_found,local,
Drone3_e646,Drone3,Drone1:580;Drone2:559;Drone3:646,130.9043,idle,local,
Drone2_e583,Drone2,Drone1:584;Drone2:583;Drone3:623,129.6196,target_found,local,
Drone1_e597,Drone1,Drone1:597;Drone2:559;Drone3:637,130.3595,position_measured,local,
Drone2_e584,Drone2,Drone1:584;Drone2:584;Drone3:623,129.7138,target_found,local,
Drone1_e598,Drone1,Drone1:598;Drone2:559;Drone3:637,130.5746,position_measured,local,
Drone2_e585,Drone2,Drone1:584;Drone2:585;Drone3:623,129.9879,target_found,local,
Drone3_e647,Drone3,Drone1:580;Drone2:559;Drone3:647,131.0759,idle,local,
Drone3_e648,Drone3,Drone1:580;Drone2:559;Drone3:648,131.1733,idle,local,
Drone1_e599,Drone1,Drone1:599;Drone2:559;Drone3:637,130.7470,position_measured,send,Drone2
Drone1_e600,Drone1,Drone1:600;Drone2:559;Drone3:637,130.9578,position_measured,local,
Drone2_e586,Drone2,Drone1:584;Drone2:586;Drone3:623,130.2464,target_found,local,
Drone2_e587,Drone2,Drone1:584;Drone2:587;Drone3:623,130.3005,target_found,local,
Drone2_e588,Drone2,Drone1:584;Drone2:588;Drone3:624,130.4519,target_found,receive,Drone3
Drone1_e601,Drone1,Drone1:601;Drone2:559;Drone3:637,131.1746,position_measured,local,
Drone2_e589,Drone2,Drone1:584;Drone2:589;Drone3:624,130.7195,target_found,local,
Drone3_e649,Drone3,Drone1:580;Drone2:559;Drone3:649,131.4545,idle,send,Drone1
Drone1_e602,Drone1,Drone1:602;Drone2:559;Drone3:637,131.3469,position_sent,local,
Drone1_e603,Drone1,Drone1:603;Drone2:559;Drone3:637,131.6264,position_sent,local,
Drone1_e604,Drone1,Drone1:604;Drone2:559;Drone3:649,131.6800,position_sent,receive,Drone3
Drone3_e650,Drone3,Drone1:580;Drone2:559;Drone3:650,131.7097,idle,send,Drone2
Drone1_e605,Drone1,Drone1:605;Drone2:559;Drone3:649,131.7726,position_sent,local,
Drone3_e651,Drone3,Drone1:580;Drone2:559;Drone3:651,131.7882,idle,send,Drone1
Drone3_e652,Drone3,Drone1:580;Drone2:559;Drone3:652,131.8934,scanning,local,
Drone1_e606,Drone1,Drone1:606;Drone2:559;Drone3:649,132.0255,position_sent,local,
Drone3_e653,Drone3,Drone1:580;Drone2:559;Drone3:653,132.0244,scanning,local,
Drone3_e654,Drone3,Drone1:580;Drone2:559;Drone3:654,132.1088,scanning,local,
Drone1_e607,Drone1,Drone1:607;Drone2:559;Drone3:649,132.2238,position_sent,local,
Drone2_e590,Drone2,Drone1:599;Drone2:590;Drone3:637,130.8323,target_found,receive,Drone1
Drone2_e591,Drone2,Drone1:599;Drone2:591;Drone3:637,131.0206,target_found,receive,Drone3
Drone2_e592,Drone2,Drone1:599;Drone2:592;Drone3:637,131.1040,position_measured,receive,Drone3
Drone3_e655,Drone3,Drone1:580;Drone2:559;Drone3:655,132.3532,scanning,local,
Drone1_e608,Drone1,Drone1:608;Drone2:559;Drone3:649,132.2940,position_sent,local,
Drone1_e609,Drone1,Drone1:609;Drone2:559;Drone3:651,132.5206,position_sent,receive,Drone3
Drone3_e656,Drone3,Drone1:580;Drone2:559;Drone3:656,132.5072,scanning,local,
Drone2_e593,Drone2,Drone1:599;Drone2:593;Drone3:637,131.2055,position_measured,local,
Drone3_e657,Drone3,Drone1:580;Drone2:559;Drone3:657,132.6602,scanning,send,Drone2
Drone1_e610,Drone1,Drone1:610;Drone2:559;Drone3:651,132.5800,position_sent,local,
Drone1_e611,Drone1,Drone1:611;Drone2:559;Drone3:651,132.7831,position_sent,local,
Drone1_e612,Drone1,Drone1:612;Drone2:559;Drone3:651,133.0287,processing,local,
Drone2_e594,Drone2,Drone1:599;Drone2:594;Drone3:637,131.3949,position_measured,local,
Drone1_e613,Drone1,Drone1:613;Drone2:559;Drone3:651,133.2334,processing,send,Drone2
Drone3_e658,Drone3,Drone1:580;Drone2:559;Drone3:658,132.8263,scanning,local,
Drone3_e659,Drone3,Drone1:580;Drone2:559;Drone3:659,132.9454,scanning,local,
Drone1_e614,Drone1,Drone1:614;Drone2:559;Drone3:651,133.4547,processing,send,Drone2
Drone2_e595,Drone2,Drone1:599;Drone2:595;Drone3:637,131.4849,position_measured,local,
Drone1_e615,Drone1,Drone1:615;Drone2:559;Drone3:651,133.5760,processing,send,Drone3
Drone2_e596,Drone2,Drone1:613;Drone2:596;Drone3:651,133.2943,position_measured,receive,Drone1
Drone3_e660,Drone3,Drone1:615;Drone2:559;Drone3:660,133.6655,scanning,receive,Drone1
Drone1_e616,Drone1,Drone1:616;Drone2:559;Drone3:651,133.6550,processing,local,
Drone1_e617,Drone1,Drone1:617;Drone2:559;Drone3:651,133.8532,processing,local,
Drone2_e597,Drone2,Drone1:613;Drone2:597;Drone3:651,133.5310,position_measured,local,
Drone2_e598,Drone2,Drone1:613;Drone2:598;Drone3:651,133.6626,position_measured,receive,Drone3
Drone1_e618,Drone1,Drone1:618;Drone2:559;Drone3:651,134.1207,processing,send,Drone3
Drone2_e599,Drone2,Drone1:613;Drone2:599;Drone3:651,133.7310,position_measured,local,
Drone3_e661,Drone3,Drone1:615;Drone2:559;Drone3:661,133.9381,scanning,local,
Drone1_e619,Drone1,Drone1:619;Drone2:559;Drone3:651,134.2152,processing,send,Drone3
Drone2_e600,Drone2,Drone1:613;Drone2:600;Drone3:651,133.9390,position_measured,receive,Drone3
Drone2_e601,Drone2,Drone1:613;Drone2:601;Drone3:651,133.9970,position_measured,receive,Drone3
Drone3_e662,Drone3,Drone1:618;Drone2:559;Drone3:662,134.1985,target_found,receive,Drone1
Drone2_e602,Drone2,Drone1:613;Drone2:602;Drone3:651,134.0898,position_sent,local,
Drone2_e603,Drone2,Drone1:614;Drone2:603;Drone3:651,134.2907,position_sent,receive,Drone1
Drone3_e663,Drone3,Drone1:618;Drone2:559;Drone3:663,134.4748,target_found,local,
Drone3_e664,Drone3,Drone1:618;Drone2:559;Drone3:664,134.7386,target_found,local,
Drone1_e620,Drone1,Drone1:620;Drone2:559;Drone3:651,134.3956,processing,local,
Drone1_e621,Drone1,Drone1:621;Drone2:559;Drone3:651,134.6549,processing,local,
Drone2_e604,Drone2,Drone1:614;Drone2:604;Drone3:657,134.5247,position_sent,receive,Drone3
Drone1_e622,Drone1,Drone1:622;Drone2:559;Drone3:651,134.8497,relative_computed,send,Drone3
Drone3_e665,Drone3,Drone1:618;Drone2:559;Drone3:665,135.0170,target_found,local,
Drone1_e623,Drone1,Drone1:623;Drone2:559;Drone3:651,134.9108,relative_computed,local,
Drone2_e605,Drone2,Drone1:614;Drone2:605;Drone3:657,134.7008,position_sent,local,
Drone2_e606,Drone2,Drone1:614;Drone2:606;Drone3:657,134.8706,position_sent,local,
Drone3_e666,Drone3,Drone1:618;Drone2:559;Drone3:666,135.1801,target_found,local,
Drone1_e624,Drone1,Drone1:624;Drone2:559;Drone3:651,135.1341,relative_computed,send,Drone2
Drone2_e607,Drone2,Drone1:614;Drone2:607;Drone3:657,134.9538,position_sent,local,
Drone2_e608,Drone2,Drone1:624;Drone2:608;Drone3:657,135.1881,position_sent,receive,Drone1
Drone3_e667,Drone3,Drone1:619;Drone2:559;Drone3:667,135.4446,target_found,receive,Drone1
Drone3_e668,Drone3,Drone1:619;Drone2:559;Drone3:668,135.7387,target_found,local,
Drone2_e609,Drone2,Drone1:624;Drone2:609;Drone3:657,135.4566,position_sent,local,
Drone2_e610,Drone2,Drone1:624;Drone2:610;Drone3:657,135.6633,position_sent,send,Drone3
Drone3_e669,Drone3,Drone1:619;Drone2:559;Drone3:669,136.0038,target_found,local,
Drone1_e625,Drone1,Drone1:625;Drone2:559;Drone3:651,135.3568,relative_computed,local,
Drone3_e670,Drone3,Drone1:624;Drone2:610;Drone3:670,136.2421,target_found,receive,Drone2
Drone3_e671,Drone3,Drone1:624;Drone2:610;Drone3:671,136.4277,target_found,local,
Drone1_e626,Drone1,Drone1:626;Drone2:559;Drone3:651,135.4270,relative_computed,local,
Drone2_e611,Drone2,Drone1:624;Drone2:611;Drone3:657,135.7270,position_sent,local,
Drone3_e672,Drone3,Drone1:624;Drone2:610;Drone3:672,136.5054,position_measured,receive,Drone1
Drone2_e612,Drone2,Drone1:624;Drone2:612;Drone3:657,135.7873,processing,local,
Drone2_e613,Drone2,Drone1:624;Drone2:613;Drone3:657,135.9774,processing,send,Drone1
Drone1_e627,Drone1,Drone1:627;Drone2:613;Drone3:657,136.0871,relative_computed,receive,Drone2
Drone1_e628,Drone1,Drone1:628;Drone2:613;Drone3:657,136.3214,relative_computed,local,
Drone3_e673,Drone3,Drone1:624;Drone2:610;Drone3:673,136.7311,position_measured,local,
Drone3_e674,Drone3,Drone1:624;Drone2:610;Drone3:674,136.8612,position_measured,local,
Drone2_e614,Drone2,Drone1:624;Drone2:614;Drone3:657,136.1332,processing,local,
Drone1_e629,Drone1,Drone1:629;Drone2:613;Drone3:657,136.4845,relative_computed,send,Drone3
Drone3_e675,Drone3,Drone1:624;Drone2:610;Drone3:675,136.9419,position_measured,local,
Drone3_e676,Drone3,Drone1:624;Drone2:610;Drone3:676,137.1983,position_measured,local,
Drone2_e615,Drone2,Drone1:624;Drone2:615;Drone3:657,136.2752,processing,local,
Drone3_e677,Drone3,Drone1:624;Drone2:610;Drone3:677,137.4505,position_measured,local,
Drone1_e630,Drone1,Drone1:630;Drone2:613;Drone3:657,136.5564,relative_computed,send,Drone3
Drone2_e616,Drone2,Drone1:624;Drone2:616;Drone3:657,136.3973,processing,local,
Drone1_e631,Drone1,Drone1:631;Drone2:613;Drone3:657,136.6344,relative_computed,send,Drone3
Drone1_e632,Drone1,Drone1:632;Drone2:613;Drone3:657,136.9031,formation_hold,local,
Drone3_e678,Drone3,Drone1:624;Drone2:610;Drone3:678,137.5061,position_measured,local,
Drone2_e617,Drone2,Drone1:624;Drone2:617;Drone3:657,136.5827,processing,local,
Drone1_e633,Drone1,Drone1:633;Drone2:613;Drone3:657,137.0582,formation_hold,local,
Drone3_e679,Drone3,Drone1:624;Drone2:610;Drone3:679,137.6290,position_measured,local,
Drone1_e634,Drone1,Drone1:634;Drone2:613;Drone3:657,137.3169,formation_hold,send,Drone2
Drone3_e680,Drone3,Drone1:624;Drone2:610;Drone3:680,137.7819,position_measured,local,
Drone2_e618,Drone2,Drone1:624;Drone2:618;Drone3:657,136.8294,processing,local,
Drone2_e619,Drone2,Drone1:624;Drone2:619;Drone3:657,137.0536,processing,local,
Drone3_e681,Drone3,Drone1:624;Drone2:610;Drone3:681,137.9079,position_measured,local,
Drone1_e635,Drone1,Drone1:635;Drone2:613;Drone3:657,137.4435,formation_hold,local,
Drone2_e620,Drone2,Drone1:634;Drone2:620;Drone3:657,137.6096,processing,receive,Drone1
Drone1_e636,Drone1,Drone1:636;Drone2:613;Drone3:657,137.6075,formation_hold,send,Drone3
Drone1_e637,Drone1,Drone1:637;Drone2:613;Drone3:657,137.6977,formation_hold,local,
Drone3_e682,Drone3,Drone1:629;Drone2:613;Drone3:682,138.1678,position_sent,receive,Drone1
Drone3_e683,Drone3,Drone1:629;Drone2:613;Drone3:683,138.4164,position_sent,local,
Drone1_e638,Drone1,Drone1:638;Drone2:613;Drone3:657,137.9961,formation_hold,send,Drone2
Drone3_e684,Drone3,Drone1:630;Drone2:613;Drone3:684,138.5588,position_sent,receive,Drone1
Drone1_e639,Drone1,Drone1:639;Drone2:613;Drone3:657,138.0548,formation_hold,local,
Drone2_e621,Drone2,Drone1:634;Drone2:621;Drone3:657,137.6966,processing,local,
Drone2_e622,Drone2,Drone1:634;Drone2:622;Drone3:657,137.7872,relative_computed,local,
Drone2_e623,Drone2,Drone1:638;Drone2:623;Drone3:657,138.1473,relative_computed,receive,Drone1
Drone2_e624,Drone2,Drone1:638;Drone2:624;Drone3:657,138.4342,relative_computed,local,
Drone2_e625,Drone2,Drone1:638;Drone2:625;Drone3:657,138.6460,relative_computed,send,Drone3
Drone2_e626,Drone2,Drone1:638;Drone2:626;Drone3:657,138.7685,relative_computed,local,
Drone3_e685,Drone3,Drone1:630;Drone2:613;Drone3:685,138.8087,position_sent,local,
Drone3_e686,Drone3,Drone1:630;Drone2:613;Drone3:686,138.9692,position_sent,local,
Drone3_e687,Drone3,Drone1:638;Drone2:625;Drone3:687,139.2443,position_sent,receive,Drone2
Drone1_e640,Drone1,Drone1:640;Drone2:613;Drone3:657,138.1340,formation_hold,local,
Drone1_e641,Drone1,Drone1:641;Drone2:613;Drone3:657,138.3943,formation_hold,local,
Drone2_e627,Drone2,Drone1:638;Drone2:627;Drone3:657,138.9001,relative_computed,local,
Drone3_e688,Drone3,Drone1:638;Drone2:625;Drone3:688,139.4401,position_sent,local,
Drone1_e642,Drone1,Drone1:642;Drone2:613;Drone3:657,138.6360,idle,local,
Drone1_e643,Drone1,Drone1:643;Drone2:613;Drone3:657,138.8553,idle,send,Drone3
Drone1_e644,Drone1,Drone1:644;Drone2:613;Drone3:657,139.0039,idle,local,
Drone2_e628,Drone2,Drone1:638;Drone2:628;Drone3:657,139.1014,relative_computed,local,
Drone1_e645,Drone1,Drone1:645;Drone2:613;Drone3:657,139.1442,idle,local,
Drone1_e646,Drone1,Drone1:646;Drone2:613;Drone3:657,139.3011,idle,local,
Drone2_e629,Drone2,Drone1:638;Drone2:629;Drone3:657,139.2225,relative_computed,local,
Drone2_e630,Drone2,Drone1:638;Drone2:630;Drone3:657,139.3839,relative_computed,local,
Drone3_e689,Drone3,Drone1:638;Drone2:625;Drone3:689,139.6755,position_sent,receive,Drone1
Drone2_e631,Drone2,Drone1:638;Drone2:631;Drone3:657,139.5061,relative_computed,local,
Drone3_e690,Drone3,Drone1:638;Drone2:625;Drone3:690,139.8315,position_sent,local,
Drone2_e632,Drone2,Drone1:638;Drone2:632;Drone3:657,139.5920,formation_hold,send,Drone1
Drone2_e633,Drone2,Drone1:638;Drone2:633;Drone3:657,139.8589,formation_hold,local,
Drone2_e634,Drone2,Drone1:638;Drone2:634;Drone3:657,139.9310,formation_hold,send,Drone3
Drone2_e635,Drone2,Drone1:638;Drone2:635;Drone3:657,140.0493,formation_hold,local,
Drone1_e647,Drone1,Drone1:647;Drone2:613;Drone3:657,139.5286,idle,local,
Drone1_e648,Drone1,Drone1:648;Drone2:632;Drone3:657,139.7144,idle,receive,Drone2
Drone2_e636,Drone2,Drone1:638;Drone2:636;Drone3:657,140.3080,formation_hold,send,Drone3
Drone2_e637,Drone2,Drone1:638;Drone2:637;Drone3:657,140.5429,formation_hold,local,
Drone1_e649,Drone1,Drone1:649;Drone2:632;Drone3:657,139.8029,idle,send,Drone2
Drone2_e638,Drone2,Drone1:638;Drone2:638;Drone3:657,140.8015,formation_hold,local,
Drone2_e639,Drone2,Drone1:649;Drone2:639;Drone3:657,140.9558,formation_hold,receive,Drone1
Drone2_e640,Drone2,Drone1:649;Drone2:640;Drone3:657,141.1670,formation_hold,local,
Drone1_e650,Drone1,Drone1:650;Drone2:632;Drone3:657,139.9761,idle,send,Drone3
Drone1_e651,Drone1,Drone1:651;Drone2:632;Drone3:657,140.1166,idle,local,
Drone2_e641,Drone2,Drone1:649;Drone2:641;Drone3:657,141.4341,formation_hold,local,
Drone3_e691,Drone3,Drone1:638;Drone2:625;Drone3:691,140.1250,position_sent,local,
Drone1_e652,Drone1,Drone1:652;Drone2:632;Drone3:657,140.3498,scanning,local,
Drone1_e653,Drone1,Drone1:653;Drone2:632;Drone3:657,140.4405,scanning,local,
Drone1_e654,Drone1,Drone1:654;Drone2:632;Drone3:657,140.7101,scanning,send,Drone3
Drone1_e655,Drone1,Drone1:655;Drone2:632;Drone3:657,140.7733,scanning,local,
Drone2_e642,Drone2,Drone1:649;Drone2:642;Drone3:657,141.7121,idle,local,
Drone2_e643,Drone2,Drone1:649;Drone2:643;Drone3:657,141.8945,idle,send,Drone3
Drone1_e656,Drone1,Drone1:656;Drone2:632;Drone3:657,141.0149,scanning,local,
Drone1_e657,Drone1,Drone1:657;Drone2:632;Drone3:657,141.2146,scanning,local,
Drone1_e658,Drone1,Drone1:658;Drone2:632;Drone3:657,141.4827,scanning,local,
Drone3_e692,Drone3,Drone1:638;Drone2:625;Drone3:692,140.2429,processing,local,
Drone3_e693,Drone3,Drone1:638;Drone2:625;Drone3:693,140.3169,processing,local,
Drone3_e694,Drone3,Drone1:638;Drone2:625;Drone3:694,140.3701,processing,receive,Drone1
Drone3_e695,Drone3,Drone1:638;Drone2:634;Drone3:695,140.5231,processing,receive,Drone2
Drone1_e659,Drone1,Drone1:659;Drone2:632;Drone3:657,141.6586,scanning,send,Drone2
Drone1_e660,Drone1,Drone1:660;Drone2:632;Drone3:657,141.8482,scanning,local,
Drone3_e696,Drone3,Drone1:638;Drone2:634;Drone3:696,140.7045,processing,local,
Drone3_e697,Drone3,Drone1:638;Drone2:634;Drone3:697,140.9301,processing,local,
Drone1_e661,Drone1,Drone1:661;Drone2:632;Drone3:657,142.1272,scanning,local,
Drone1_e662,Drone1,Drone1:662;Drone2:632;Drone3:657,142.4081,target_found,local,
Drone2_e644,Drone2,Drone1:659;Drone2:644;Drone3:657,141.9792,idle,receive,Drone1
Drone2_e645,Drone2,Drone1:659;Drone2:645;Drone3:657,142.1786,idle,local,
Drone2_e646,Drone2,Drone1:659;Drone2:646;Drone3:657,142.2358,idle,send,Drone3
Drone1_e663,Drone1,Drone1:663;Drone2:632;Drone3:657,142.6301,target_found,send,Drone2
Drone2_e647,Drone2,Drone1:663;Drone2:647;Drone3:657,142.9254,idle,receive,Drone1
Drone2_e648,Drone2,Drone1:663;Drone2:648;Drone3:657,143.1714,idle,local,
Drone1_e664,Drone1,Drone1:664;Drone2:632;Drone3:657,142.8694,target_found,send,Drone3
Drone1_e665,Drone1,Drone1:665;Drone2:632;Drone3:657,143.1177,target_found,send,Drone2
Drone3_e698,Drone3,Drone1:638;Drone2:634;Drone3:698,141.0973,processing,local,
Drone2_e649,Drone2,Drone1:665;Drone2:649;Drone3:657,143.3883,idle,receive,Drone1
Drone1_e666,Drone1,Drone1:666;Drone2:632;Drone3:657,143.3977,target_found,local,
Drone1_e667,Drone1,Drone1:667;Drone2:632;Drone3:657,143.4977,target_found,local,
Drone3_e699,Drone3,Drone1:643;Drone2:634;Drone3:699,141.1837,processing,receive,Drone1
Drone3_e700,Drone3,Drone1:643;Drone2:634;Drone3:700,141.4709,processing,local,
Drone2_e650,Drone2,Drone1:665;Drone2:650;Drone3:657,143.6521,idle,local,
Drone3_e701,Drone3,Drone1:643;Drone2:634;Drone3:701,141.6471,processing,local,
Drone1_e668,Drone1,Drone1:668;Drone2:632;Drone3:657,143.6799,target_found,send,Drone2
Drone3_e702,Drone3,Drone1:643;Drone2:636;Drone3:702,141.7401,relative_computed,receive,Drone2
Drone3_e703,Drone3,Drone1:650;Drone2:636;Drone3:703,142.0212,relative_computed,receive,Drone1
Drone3_e704,Drone3,Drone1:650;Drone2:636;Drone3:704,142.1898,relative_computed,local,
Drone3_e705,Drone3,Drone1:650;Drone2:636;Drone3:705,142.3497,relative_computed,local,
Drone1_e669,Drone1,Drone1:669;Drone2:632;Drone3:657,143.9753,target_found,send,Drone3
Drone2_e651,Drone2,Drone1:668;Drone2:651;Drone3:657,143.8318,idle,receive,Drone1
Drone2_e652,Drone2,Drone1:668;Drone2:652;Drone3:657,144.0118,scanning,send,Drone1
Drone2_e653,Drone2,Drone1:668;Drone2:653;Drone3:657,144.2380,scanning,local,
Drone3_e706,Drone3,Drone1:650;Drone2:636;Drone3:706,142.4203,relative_computed,local,
Drone2_e654,Drone2,Drone1:668;Drone2:654;Drone3:657,144.4022,scanning,send,Drone3
Drone3_e707,Drone3,Drone1:650;Drone2:643;Drone3:707,142.5268,relative_computed,receive,Drone2
Drone2_e655,Drone2,Drone1:668;Drone2:655;Drone3:657,144.4994,scanning,send,Drone3
Drone1_e670,Drone1,Drone1:670;Drone2:632;Drone3:657,144.2259,target_found,local,
Drone3_e708,Drone3,Drone1:654;Drone2:643;Drone3:708,142.8265,relative_computed,receive,Drone1
Drone2_e656,Drone2,Drone1:668;Drone2:656;Drone3:657,144.6485,scanning,local,
Drone3_e709,Drone3,Drone1:654;Drone2:643;Drone3:709,142.8977,relative_computed,local,
Drone1_e671,Drone1,Drone1:671;Drone2:652;Drone3:657,144.4612,target_found,receive,Drone2
Drone1_e672,Drone1,Drone1:672;Drone2:652;Drone3:657,144.5959,position_measured,send,Drone2
Drone3_e710,Drone3,Drone1:654;Drone2:643;Drone3:710,143.0488,relative_computed,local,
Drone1_e673,Drone1,Drone1:673;Drone2:652;Drone3:657,144.8272,position_measured,local,
Drone2_e657,Drone2,Drone1:668;Drone2:657;Drone3:657,144.8900,scanning,local,
Drone3_e711,Drone3,Drone1:659;Drone2:646;Drone3:711,143.1878,relative_computed,receive,Drone2
Drone3_e712,Drone3,Drone1:659;Drone2:646;Drone3:712,143.3389,formation_hold,local,
Drone2_e658,Drone2,Drone1:668;Drone2:658;Drone3:657,144.9768,scanning,local,
Drone2_e659,Drone2,Drone1:672;Drone2:659;Drone3:657,145.1492,scanning,receive,Drone1
Drone1_e674,Drone1,Drone1:674;Drone2:652;Drone3:657,144.9108,position_measured,local,
Drone1_e675,Drone1,Drone1:675;Drone2:652;Drone3:657,145.1684,position_measured,local,
Drone2_e660,Drone2,Drone1:672;Drone2:660;Drone3:657,145.4422,scanning,local,
Drone2_e661,Drone2,Drone1:672;Drone2:661;Drone3:657,145.5739,scanning,local,
Drone2_e662,Drone2,Drone1:672;Drone2:662;Drone3:657,145.6480,target_found,local,
Drone1_e676,Drone1,Drone1:676;Drone2:652;Drone3:657,145.3484,position_measured,local,
Drone2_e663,Drone2,Drone1:672;Drone2:663;Drone3:657,145.7485,target_found,local,
Drone3_e713,Drone3,Drone1:659;Drone2:646;Drone3:713,143.5151,formation_hold,local,
Drone3_e714,Drone3,Drone1:664;Drone2:646;Drone3:714,143.8033,formation_hold,receive,Drone1
Drone1_e677,Drone1,Drone1:677;Drone2:652;Drone3:657,145.6184,position_measured,local,
Drone1_e678,Drone1,Drone1:678;Drone2:652;Drone3:657,145.7471,position_measured,local,
Drone2_e664,Drone2,Drone1:672;Drone2:664;Drone3:657,145.8075,target_found,local,
Drone1_e679,Drone1,Drone1:679;Drone2:652;Drone3:657,146.0122,position_measured,local,
Drone2_e665,Drone2,Drone1:672;Drone2:665;Drone3:657,145.8985,target_found,local,
Drone2_e666,Drone2,Drone1:672;Drone2:666;Drone3:657,146.0704,target_found,send,Drone3
Drone1_e680,Drone1,Drone1:680;Drone2:652;Drone3:657,146.1848,position_measured,local,
Drone3_e715,Drone3,Drone1:664;Drone2:646;Drone3:715,143.9963,formation_hold,local,
Drone2_e667,Drone2,Drone1:672;Drone2:667;Drone3:657,146.1594,target_found,local,
Drone1_e681,Drone1,Drone1:681;Drone2:652;Drone3:657,146.3585,position_measured,local,
Drone2_e668,Drone2,Drone1:672;Drone2:668;Drone3:657,146.2976,target_found,local,
Drone2_e669,Drone2,Drone1:672;Drone2:669;Drone3:657,146.3547,target_found,local,
Drone1_e682,Drone1,Drone1:682;Drone2:652;Drone3:657,146.4957,position_sent,send,Drone3
Drone3_e716,Drone3,Drone1:664;Drone2:646;Drone3:716,144.2376,formation_hold,local,
Drone3_e717,Drone3,Drone1:669;Drone2:646;Drone3:717,144.3946,formation_hold,receive,Drone1
Drone2_e670,Drone2,Drone1:672;Drone2:670;Drone3:657,146.4188,target_found,local,
Drone1_e683,Drone1,Drone1:683;Drone2:652;Drone3:657,146.6938,position_sent,send,Drone3
Drone3_e718,Drone3,Drone1:669;Drone2:654;Drone3:718,144.4808,formation_hold,receive,Drone2
Drone1_e684,Drone1,Drone1:684;Drone2:652;Drone3:657,146.7532,position_sent,send,Drone3
Drone3_e719,Drone3,Drone1:669;Drone2:654;Drone3:719,144.6728,formation_hold,local,
Drone2_e671,Drone2,Drone1:672;Drone2:671;Drone3:657,146.6158,target_found,send,Drone3
Drone2_e672,Drone2,Drone1:672;Drone2:672;Drone3:657,146.7634,position_measured,local,
Drone3_e720,Drone3,Drone1:669;Drone2:655;Drone3:720,144.7478,formation_hold,receive,Drone2
Drone3_e721,Drone3,Drone1:672;Drone2:666;Drone3:721,146.2461,formation_hold,receive,Drone2
Drone3_e722,Drone3,Drone1:672;Drone2:671;Drone3:722,146.7566,idle,receive,Drone2
Drone2_e673,Drone2,Drone1:672;Drone2:673;Drone3:657,147.0235,position_measured,send,Drone1
Drone3_e723,Drone3,Drone1:682;Drone2:671;Drone3:723,146.8185,idle,receive,Drone1
Drone3_e724,Drone3,Drone1:682;Drone2:671;Drone3:724,146.9250,idle,local,
Drone3_e725,Drone3,Drone1:682;Drone2:671;Drone3:725,147.1544,idle,local,
Drone3_e726,Drone3,Drone1:683;Drone2:671;Drone3:726,147.2727,idle,receive,Drone1
Drone3_e727,Drone3,Drone1:683;Drone2:671;Drone3:727,147.4416,idle,local,
Drone1_e685,Drone1,Drone1:685;Drone2:673;Drone3:657,147.2363,position_sent,receive,Drone2
Drone2_e674,Drone2,Drone1:672;Drone2:674;Drone3:657,147.1484,position_measured,local,
Drone3_e728,Drone3,Drone1:683;Drone2:671;Drone3:728,147.5416,idle,local,
Drone2_e675,Drone2,Drone1:672;Drone2:675;Drone3:657,147.3663,position_measured,send,Drone3
Drone3_e729,Drone3,Drone1:684;Drone2:671;Drone3:729,147.7485,idle,receive,Drone1
Drone3_e730,Drone3,Drone1:684;Drone2:671;Drone3:730,147.9427,idle,local,
Drone1_e686,Drone1,Drone1:686;Drone2:673;Drone3:657,147.4923,position_sent,local,
Drone2_e676,Drone2,Drone1:672;Drone2:676;Drone3:657,147.6500,position_measured,send,Drone3
Drone3_e731,Drone3,Drone1:684;Drone2:671;Drone3:731,148.1233,idle,local,
Drone2_e677,Drone2,Drone1:672;Drone2:677;Drone3:657,147.7601,position_measured,local,
Drone3_e732,Drone3,Drone1:684;Drone2:671;Drone3:732,148.2484,scanning,local,
Drone2_e678,Drone2,Drone1:672;Drone2:678;Drone3:657,148.0251,position_measured,local,
Drone1_e687,Drone1,Drone1:687;Drone2:673;Drone3:657,147.7538,position_sent,local,
Drone2_e679,Drone2,Drone1:672;Drone2:679;Drone3:657,148.2366,position_measured,local,
Drone2_e680,Drone2,Drone1:672;Drone2:680;Drone3:657,148.3457,position_measured,local,
Drone1_e688,Drone1,Drone1:688;Drone2:673;Drone3:657,147.8107,position_sent,send,Drone2
Drone2_e681,Drone2,Drone1:672;Drone2:681;Drone3:657,148.5356,position_measured,local,
Drone2_e682,Drone2,Drone1:672;Drone2:682;Drone3:657,148.8120,position_sent,local,
Drone1_e689,Drone1,Drone1:689;Drone2:673;Drone3:657,147.8680,position_sent,send,Drone2
Drone2_e683,Drone2,Drone1:672;Drone2:683;Drone3:657,148.9060,position_sent,local,
Drone1_e690,Drone1,Drone1:690;Drone2:673;Drone3:657,148.0395,position_sent,local,
Drone1_e691,Drone1,Drone1:691;Drone2:673;Drone3:657,148.1680,position_sent,send,Drone2
Drone2_e684,Drone2,Drone1:672;Drone2:684;Drone3:657,149.1812,position_sent,local,
Drone2_e685,Drone2,Drone1:672;Drone2:685;Drone3:657,149.3991,position_sent,local,
Drone1_e692,Drone1,Drone1:692;Drone2:673;Drone3:657,148.4279,processing,local,
Drone1_e693,Drone1,Drone1:693;Drone2:673;Drone3:657,148.6084,processing,send,Drone2
Drone3_e733,Drone3,Drone1:684;Drone2:671;Drone3:733,148.5313,scanning,local,
Drone2_e686,Drone2,Drone1:672;Drone2:686;Drone3:657,149.4717,position_sent,local,
Drone3_e734,Drone3,Drone1:684;Drone2:675;Drone3:734,148.6636,scanning,receive,Drone2
Drone3_e735,Drone3,Drone1:684;Drone2:675;Drone3:735,148.9151,scanning,local,
Drone3_e736,Drone3,Drone1:684;Drone2:676;Drone3:736,149.0196,scanning,receive,Drone2
Drone1_e694,Drone1,Drone1:694;Drone2:673;Drone3:657,148.7683,processing,send,Drone3
Drone2_e687,Drone2,Drone1:672;Drone2:687;Drone3:657,149.5356,position_sent,local,
Drone3_e737,Drone3,Drone1:694;Drone2:676;Drone3:737,149.1487,scanning,receive,Drone1
Drone2_e688,Drone2,Drone1:672;Drone2:688;Drone3:657,149.6472,position_sent,local,
Drone2_e689,Drone2,Drone1:672;Drone2:689;Drone3:657,149.9315,position_sent,local,
Drone2_e690,Drone2,Drone1:672;Drone2:690;Drone3:657,150.0734,position_sent,local,
Drone2_e691,Drone2,Drone1:688;Drone2:691;Drone3:657,150.3338,position_sent,receive,Drone1
Drone3_e738,Drone3,Drone1:694;Drone2:676;Drone3:738,149.2123,scanning,local,
Drone3_e739,Drone3,Drone1:694;Drone2:676;Drone3:739,149.3397,scanning,send,Drone2
Drone3_e740,Drone3,Drone1:694;Drone2:676;Drone3:740,149.5927,scanning,local,
Drone1_e695,Drone1,Drone1:695;Drone2:673;Drone3:657,148.8774,processing,local,
Drone2_e692,Drone2,Drone1:689;Drone2:692;Drone3:657,150.6156,processing,receive,Drone1
Drone2_e693,Drone2,Drone1:694;Drone2:693;Drone3:739,150.7400,processing,receive,Drone3
Drone1_e696,Drone1,Drone1:696;Drone2:673;Drone3:657,149.0852,processing,local,
Drone3_e741,Drone3,Drone1:694;Drone2:676;Drone3:741,149.6512,scanning,local,
Drone1_e697,Drone1,Drone1:697;Drone2:673;Drone3:657,149.3703,processing,local,
Drone2_e694,Drone2,Drone1:694;Drone2:694;Drone3:739,151.0216,processing,local,
Drone2_e695,Drone2,Drone1:694;Drone2:695;Drone3:739,151.2908,processing,local,
Drone1_e698,Drone1,Drone1:698;Drone2:673;Drone3:657,149.5949,processing,local,
Drone3_e742,Drone3,Drone1:694;Drone2:676;Drone3:742,149.8517,target_found,send,Drone2
Drone3_e743,Drone3,Drone1:694;Drone2:676;Drone3:743,150.0150,target_found,local,
Drone1_e699,Drone1,Drone1:699;Drone2:673;Drone3:657,149.8053,processing,local,
Drone1_e700,Drone1,Drone1:700;Drone2:673;Drone3:657,150.0530,processing,local,
Drone1_e701,Drone1,Drone1:701;Drone2:673;Drone3:657,150.2601,processing,send,Drone2
Drone2_e696,Drone2,Drone1:694;Drone2:696;Drone3:739,151.3685,processing,local,
Drone1_e702,Drone1,Drone1:702;Drone2:673;Drone3:657,150.5525,relative_computed,local,
Drone3_e744,Drone3,Drone1:694;Drone2:676;Drone3:744,150.2768,target_found,local,
Drone3_e745,Drone3,Drone1:694;Drone2:676;Drone3:745,150.5616,target_found,local,
Drone2_e697,Drone2,Drone1:694;Drone2:697;Drone3:739,151.6023,processing,local,
Drone2_e698,Drone2,Drone1:694;Drone2:698;Drone3:739,151.8522,processing,receive,Drone1
Drone1_e703,Drone1,Drone1:703;Drone2:673;Drone3:657,150.6480,relative_computed,send,Drone3
Drone2_e699,Drone2,Drone1:694;Drone2:699;Drone3:739,152.1233,processing,local,
Drone1_e704,Drone1,Drone1:704;Drone2:673;Drone3:657,150.9288,relative_computed,send,Drone2
Drone3_e746,Drone3,Drone1:694;Drone2:676;Drone3:746,150.6688,target_found,local,
Drone1_e705,Drone1,Drone1:705;Drone2:673;Drone3:657,151.0283,relative_computed,local,
Drone3_e747,Drone3,Drone1:694;Drone2:676;Drone3:747,150.7313,target_found,local,
Drone3_e748,Drone3,Drone1:694;Drone2:676;Drone3:748,150.8463,target_found,local,
Drone1_e706,Drone1,Drone1:706;Drone2:673;Drone3:657,151.1209,relative_computed,local,
Drone3_e749,Drone3,Drone1:703;Drone2:676;Drone3:749,151.0896,target_found,receive,Drone1
Drone2_e700,Drone2,Drone1:694;Drone2:700;Drone3:739,152.2968,processing,local,
Drone1_e707,Drone1,Drone1:707;Drone2:673;Drone3:657,151.2185,relative_computed,local,
Drone2_e701,Drone2,Drone1:694;Drone2:701;Drone3:739,152.4423,processing,receive,Drone1
Drone2_e702,Drone2,Drone1:694;Drone2:702;Drone3:739,152.6424,relative_computed,local,
Drone2_e703,Drone2,Drone1:694;Drone2:703;Drone3:739,152.7397,relative_computed,local,
Drone1_e708,Drone1,Drone1:708;Drone2:673;Drone3:657,151.3050,relative_computed,local,
Drone2_e704,Drone2,Drone1:694;Drone2:704;Drone3:739,152.8486,relative_computed,local,
Drone2_e705,Drone2,Drone1:694;Drone2:705;Drone3:739,152.9910,relative_computed,local,
Drone3_e750,Drone3,Drone1:703;Drone2:676;Drone3:750,151.1611,target_found,local,
Drone2_e706,Drone2,Drone1:701;Drone2:706;Drone3:739,153.2846,relative_computed,receive,Drone1
Drone2_e707,Drone2,Drone1:701;Drone2:707;Drone3:739,153.5129,relative_computed,local,
Drone3_e751,Drone3,Drone1:703;Drone2:676;Drone3:751,151.3604,target_found,local,
Drone1_e709,Drone1,Drone1:709;Drone2:673;Drone3:657,151.3680,relative_computed,send,Drone2
Drone1_e710,Drone1,Drone1:710;Drone2:673;Drone3:657,151.5066,relative_computed,local,
Drone3_e752,Drone3,Drone1:703;Drone2:676;Drone3:752,151.6522,position_measured,local,
Drone3_e753,Drone3,Drone1:703;Drone2:676;Drone3:753,151.9046,position_measured,local,
Drone1_e711,Drone1,Drone1:711;Drone2:673;Drone3:657,151.6322,relative_computed,send,Drone3
Drone2_e708,Drone2,Drone1:701;Drone2:708;Drone3:739,153.5960,relative_computed,local,
Drone3_e754,Drone3,Drone1:711;Drone2:676;Drone3:754,152.0197,position_measured,receive,Drone1
Drone3_e755,Drone3,Drone1:711;Drone2:676;Drone3:755,152.1545,position_measured,local,
Drone2_e709,Drone2,Drone1:704;Drone2:709;Drone3:739,153.8235,relative_computed,receive,Drone1
Drone2_e710,Drone2,Drone1:704;Drone2:710;Drone3:742,153.9519,relative_computed,receive,Drone3
Drone1_e712,Drone1,Drone1:712;Drone2:673;Drone3:657,151.9256,formation_hold,local,
Drone2_e711,Drone2,Drone1:704;Drone2:711;Drone3:742,154.2334,relative_computed,local,
Drone2_e712,Drone2,Drone1:704;Drone2:712;Drone3:742,154.3492,formation_hold,local,
Drone2_e713,Drone2,Drone1:704;Drone2:713;Drone3:742,154.5082,formation_hold,local,
Drone1_e713,Drone1,Drone1:713;Drone2:673;Drone3:657,152.2242,formation_hold,local,
Drone1_e714,Drone1,Drone1:714;Drone2:673;Drone3:657,152.5049,formation_hold,local,
Drone3_e756,Drone3,Drone1:711;Drone2:676;Drone3:756,152.2178,position_measured,local,
Drone1_e715,Drone1,Drone1:715;Drone2:673;Drone3:657,152.5639,formation_hold,send,Drone2
Drone2_e714,Drone2,Drone1:709;Drone2:714;Drone3:742,154.6673,formation_hold,receive,Drone1
Drone2_e715,Drone2,Drone1:715;Drone2:715;Drone3:742,154.9645,formation_hold,receive,Drone1
Drone3_e757,Drone3,Drone1:711;Drone2:676;Drone3:757,152.3911,position_measured,local,
Drone3_e758,Drone3,Drone1:711;Drone2:676;Drone3:758,152.4720,position_measured,local,
Drone1_e716,Drone1,Drone1:716;Drone2:673;Drone3:657,152.6591,formation_hold,send,Drone3
Drone1_e717,Drone1,Drone1:717;Drone2:673;Drone3:657,152.9147,formation_hold,local,
Drone3_e759,Drone3,Drone1:711;Drone2:676;Drone3:759,152.6684,position_measured,local,
Drone3_e760,Drone3,Drone1:711;Drone2:676;Drone3:760,152.7194,position_measured,local,
Drone3_e761,Drone3,Drone1:716;Drone2:676;Drone3:761,152.8310,position_measured,receive,Drone1
Drone2_e716,Drone2,Drone1:715;Drone2:716;Drone3:742,155.2363,formation_hold,local,
Drone1_e718,Drone1,Drone1:718;Drone2:673;Drone3:657,153.0632,formation_hold,send,Drone2
Drone3_e762,Drone3,Drone1:716;Drone2:676;Drone3:762,152.9075,position_sent,local,
Drone2_e717,Drone2,Drone1:718;Drone2:717;Drone3:742,155.4014,formation_hold,receive,Drone1
Drone3_e763,Drone3,Drone1:716;Drone2:676;Drone3:763,153.0710,position_sent,local,
Drone2_e718,Drone2,Drone1:718;Drone2:718;Drone3:742,155.4528,formation_hold,local,
Drone1_e719,Drone1,Drone1:719;Drone2:673;Drone3:657,153.3510,formation_hold,local,
Drone2_e719,Drone2,Drone1:718;Drone2:719;Drone3:742,155.7528,formation_hold,local,
Drone3_e764,Drone3,Drone1:716;Drone2:676;Drone3:764,153.3214,position_sent,send,Drone1
Drone2_e720,Drone2,Drone1:718;Drone2:720;Drone3:742,155.8167,formation_hold,local,
Drone1_e720,Drone1,Drone1:720;Drone2:673;Drone3:657,153.5515,formation_hold,local,
Drone1_e721,Drone1,Drone1:721;Drone2:676;Drone3:764,153.6616,formation_hold,receive,Drone3
Drone2_e721,Drone2,Drone1:718;Drone2:721;Drone3:742,155.9074,formation_hold,send,Drone1
Drone2_e722,Drone2,Drone1:718;Drone2:722;Drone3:742,155.9876,idle,send,Drone1
Drone2_e723,Drone2,Drone1:718;Drone2:723;Drone3:742,156.2215,idle,local,
Drone2_e724,Drone2,Drone1:718;Drone2:724;Drone3:742,156.4224,idle,local,
Drone2_e725,Drone2,Drone1:718;Drone2:725;Drone3:742,156.6804,idle,local,
Drone3_e765,Drone3,Drone1:716;Drone2:676;Drone3:765,153.5927,position_sent,send,Drone2
Drone2_e726,Drone2,Drone1:718;Drone2:726;Drone3:765,156.7530,idle,receive,Drone3
Drone2_e727,Drone2,Drone1:718;Drone2:727;Drone3:765,156.9564,idle,local,
Drone2_e728,Drone2,Drone1:718;Drone2:728;Drone3:765,157.0297,idle,local,
Drone3_e766,Drone3,Drone1:716;Drone2:676;Drone3:766,153.7586,position_sent,local,
Drone1_e722,Drone1,Drone1:722;Drone2:676;Drone3:764,153.8900,idle,local,
Drone2_e729,Drone2,Drone1:718;Drone2:729;Drone3:765,157.2415,idle,local,
Drone1_e723,Drone1,Drone1:723;Drone2:721;Drone3:764,155.9772,idle,receive,Drone2
Drone2_e730,Drone2,Drone1:718;Drone2:730;Drone3:765,157.5375,idle,local,
Drone3_e767,Drone3,Drone1:716;Drone2:676;Drone3:767,154.0190,position_sent,local,
Drone3_e768,Drone3,Drone1:716;Drone2:676;Drone3:768,154.2111,position_sent,local,
Drone3_e769,Drone3,Drone1:716;Drone2:676;Drone3:769,154.3895,position_sent,send,Drone1
Drone3_e770,Drone3,Drone1:716;Drone2:676;Drone3:770,154.4631,position_sent,local,
Drone3_e771,Drone3,Drone1:716;Drone2:676;Drone3:771,154.7163,position_sent,local,
Drone2_e731,Drone2,Drone1:718;Drone2:731;Drone3:765,157.7797,idle,send,Drone1
Drone1_e724,Drone1,Drone1:724;Drone2:721;Drone3:769,156.0721,idle,receive,Drone3
Drone1_e725,Drone1,Drone1:725;Drone2:721;Drone3:769,156.1334,idle,local,
Drone2_e732,Drone2,Drone1:718;Drone2:732;Drone3:765,157.9041,scanning,local,
Drone3_e772,Drone3,Drone1:716;Drone2:676;Drone3:772,154.9557,processing,local,
Drone2_e733,Drone2,Drone1:718;Drone2:733;Drone3:765,158.0204,scanning,local,
Drone1_e726,Drone1,Drone1:726;Drone2:722;Drone3:769,156.3702,idle,receive,Drone2
Drone3_e773,Drone3,Drone1:716;Drone2:676;Drone3:773,155.1141,processing,send,Drone1
Drone1_e727,Drone1,Drone1:727;Drone2:731;Drone3:769,157.8330,idle,receive,Drone2
Drone3_e774,Drone3,Drone1:716;Drone2:676;Drone3:774,155.3371,processing,local,
Drone3_e775,Drone3,Drone1:716;Drone2:676;Drone3:775,155.5375,processing,local,
Drone2_e734,Drone2,Drone1:718;Drone2:734;Drone3:765,158.2737,scanning,local,
Drone3_e776,Drone3,Drone1:716;Drone2:676;Drone3:776,155.7560,processing,local,
Drone3_e777,Drone3,Drone1:716;Drone2:676;Drone3:777,156.0071,processing,local,
Drone1_e728,Drone1,Drone1:728;Drone2:731;Drone3:773,157.9307,idle,receive,Drone3
Drone1_e729,Drone1,Drone1:729;Drone2:731;Drone3:773,158.0278,idle,local,
Drone1_e730,Drone1,Drone1:730;Drone2:731;Drone3:773,158.2402,idle,send,Drone2
Drone2_e735,Drone2,Drone1:718;Drone2:735;Drone3:765,158.5382,scanning,local,
Drone3_e778,Drone3,Drone1:716;Drone2:676;Drone3:778,156.2496,processing,send,Drone2
Drone1_e731,Drone1,Drone1:731;Drone2:731;Drone3:773,158.2957,idle,local,
Drone1_e732,Drone1,Drone1:732;Drone2:731;Drone3:773,158.5304,scanning,local,
Drone2_e736,Drone2,Drone1:718;Drone2:736;Drone3:765,158.7061,scanning,local,
Drone2_e737,Drone2,Drone1:718;Drone2:737;Drone3:765,158.8064,scanning,local,
Drone3_e779,Drone3,Drone1:716;Drone2:676;Drone3:779,156.3975,processing,local,
Drone2_e738,Drone2,Drone1:730;Drone2:738;Drone3:773,159.1013,scanning,receive,Drone1
Drone2_e739,Drone2,Drone1:730;Drone2:739;Drone3:773,159.3002,scanning,local,
Drone3_e780,Drone3,Drone1:716;Drone2:676;Drone3:780,156.4568,processing,local,
Drone2_e740,Drone2,Drone1:730;Drone2:740;Drone3:773,159.4980,scanning,local,
Drone3_e781,Drone3,Drone1:716;Drone2:676;Drone3:781,156.7330,processing,local,
Drone2_e741,Drone2,Drone1:730;Drone2:741;Drone3:778,159.6801,scanning,receive,Drone3
Drone2_e742,Drone2,Drone1:730;Drone2:742;Drone3:778,159.8684,target_found,local,
Drone2_e743,Drone2,Drone1:730;Drone2:743;Drone3:778,160.0227,target_found,local,
Drone2_e744,Drone2,Drone1:730;Drone2:744;Drone3:778,160.1848,target_found,send,Drone3
Drone2_e745,Drone2,Drone1:730;Drone2:745;Drone3:778,160.4163,target_found,send,Drone3
Drone2_e746,Drone2,Drone1:730;Drone2:746;Drone3:778,160.5243,target_found,local,
Drone1_e733,Drone1,Drone1:733;Drone2:731;Drone3:773,158.7516,scanning,local,
Drone3_e782,Drone3,Drone1:716;Drone2:676;Drone3:782,156.9618,relative_computed,local,
Drone2_e747,Drone2,Drone1:730;Drone2:747;Drone3:778,160.7551,target_found,send,Drone3
Drone2_e748,Drone2,Drone1:730;Drone2:748;Drone3:778,161.0134,target_found,local,
Drone3_e783,Drone3,Drone1:716;Drone2:676;Drone3:783,157.1019,relative_computed,local,
Drone2_e749,Drone2,Drone1:730;Drone2:749;Drone3:778,161.2745,target_found,local,
Drone3_e784,Drone3,Drone1:730;Drone2:744;Drone3:784,160.4015,relative_computed,receive,Drone2
Drone1_e734,Drone1,Drone1:734;Drone2:731;Drone3:773,158.9530,scanning,send,Drone2
Drone1_e735,Drone1,Drone1:735;Drone2:731;Drone3:773,159.2388,scanning,local,
Drone2_e750,Drone2,Drone1:734;Drone2:750;Drone3:778,161.4637,target_found,receive,Drone1
Drone1_e736,Drone1,Drone1:736;Drone2:731;Drone3:773,159.3540,scanning,local,
Drone3_e785,Drone3,Drone1:730;Drone2:745;Drone3:785,160.6680,relative_computed,receive,Drone2
Drone2_e751,Drone2,Drone1:734;Drone2:751;Drone3:778,161.6681,target_found,local,
Drone1_e737,Drone1,Drone1:737;Drone2:731;Drone3:773,159.5256,scanning,local,
Drone2_e752,Drone2,Drone1:734;Drone2:752;Drone3:778,161.9104,position_measured,local,
Drone3_e786,Drone3,Drone1:730;Drone2:747;Drone3:786,161.0184,relative_computed,receive,Drone2
Drone3_e787,Drone3,Drone1:730;Drone2:747;Drone3:787,161.0945,relative_computed,local,
Drone1_e738,Drone1,Drone1:738;Drone2:731;Drone3:773,159.6850,scanning,local,
Drone2_e753,Drone2,Drone1:734;Drone2:753;Drone3:778,162.1494,position_measured,local,
Drone1_e739,Drone1,Drone1:739;Drone2:731;Drone3:773,159.8875,scanning,local,
Drone1_e740,Drone1,Drone1:740;Drone2:731;Drone3:773,159.9480,scanning,local,
Drone1_e741,Drone1,Drone1:741;Drone2:731;Drone3:773,160.2157,scanning,send,Drone2
Drone2_e754,Drone2,Drone1:741;Drone2:754;Drone3:778,162.3764,position_measured,receive,Drone1
Drone3_e788,Drone3,Drone1:730;Drone2:747;Drone3:788,161.3621,relative_computed,local,
Drone1_e742,Drone1,Drone1:742;Drone2:731;Drone3:773,160.3493,target_found,local,
Drone1_e743,Drone1,Drone1:743;Drone2:731;Drone3:773,160.5091,target_found,send,Drone2
Drone2_e755,Drone2,Drone1:741;Drone2:755;Drone3:778,162.4281,position_measured,local,
Drone2_e756,Drone2,Drone1:743;Drone2:756;Drone3:778,162.4994,position_measured,receive,Drone1
Drone2_e757,Drone2,Drone1:743;Drone2:757;Drone3:778,162.6531,position_measured,local,
Drone3_e789,Drone3,Drone1:730;Drone2:747;Drone3:789,161.4500,relative_computed,local,
Drone3_e790,Drone3,Drone1:730;Drone2:747;Drone3:790,161.5570,relative_computed,local,
Drone2_e758,Drone2,Drone1:743;Drone2:758;Drone3:778,162.8054,position_measured,local,
Drone2_e759,Drone2,Drone1:743;Drone2:759;Drone3:778,162.9845,position_measured,local,
Drone3_e791,Drone3,Drone1:730;Drone2:747;Drone3:791,161.6145,relative_computed,local,
Drone1_e744,Drone1,Drone1:744;Drone2:731;Drone3:773,160.7385,target_found,local,
Drone3_e792,Drone3,Drone1:730;Drone2:747;Drone3:792,161.6857,formation_hold,local,
Drone2_e760,Drone2,Drone1:743;Drone2:760;Drone3:778,163.2276,position_measured,local,
Drone2_e761,Drone2,Drone1:743;Drone2:761;Drone3:778,163.4426,position_measured,send,Drone1
Drone3_e793,Drone3,Drone1:730;Drone2:747;Drone3:793,161.9801,formation_hold,send,Drone1
Drone3_e794,Drone3,Drone1:730;Drone2:747;Drone3:794,162.2491,formation_hold,local,
Drone2_e762,Drone2,Drone1:743;Drone2:762;Drone3:778,163.7141,position_sent,local,
Drone3_e795,Drone3,Drone1:730;Drone2:747;Drone3:795,162.3751,formation_hold,local,
Drone3_e796,Drone3,Drone1:730;Drone2:747;Drone3:796,162.5112,formation_hold,local,
Drone2_e763,Drone2,Drone1:743;Drone2:763;Drone3:778,163.9167,position_sent,local,
Drone1_e745,Drone1,Drone1:745;Drone2:731;Drone3:773,160.9001,target_found,local,
Drone1_e746,Drone1,Drone1:746;Drone2:731;Drone3:773,161.1061,target_found,local,
Drone3_e797,Drone3,Drone1:730;Drone2:747;Drone3:797,162.7356,formation_hold,local,
Drone3_e798,Drone3,Drone1:730;Drone2:747;Drone3:798,162.8349,formation_hold,local,
Drone2_e764,Drone2,Drone1:743;Drone2:764;Drone3:778,164.0642,position_sent,send,Drone3
Drone3_e799,Drone3,Drone1:730;Drone2:747;Drone3:799,162.9164,formation_hold,local,
Drone3_e800,Drone3,Drone1:743;Drone2:764;Drone3:800,164.2421,formation_hold,receive,Drone2
Drone2_e765,Drone2,Drone1:743;Drone2:765;Drone3:778,164.3034,position_sent,local,
Drone1_e747,Drone1,Drone1:747;Drone2:747;Drone3:793,162.0904,target_found,receive,Drone3
Drone2_e766,Drone2,Drone1:743;Drone2:766;Drone3:778,164.6002,position_sent,local,
Drone1_e748,Drone1,Drone1:748;Drone2:747;Drone3:793,162.3508,target_found,local,
Drone2_e767,Drone2,Drone1:743;Drone2:767;Drone3:778,164.7388,position_sent,local,
Drone1_e749,Drone1,Drone1:749;Drone2:747;Drone3:793,162.6362,target_found,local,
Drone2_e768,Drone2,Drone1:743;Drone2:768;Drone3:778,164.9021,position_sent,send,Drone1
Drone1_e750,Drone1,Drone1:750;Drone2:747;Drone3:793,162.9334,target_found,local,
Drone3_e801,Drone3,Drone1:743;Drone2:764;Drone3:801,164.5265,formation_hold,local,
Drone3_e802,Drone3,Drone1:743;Drone2:764;Drone3:802,164.7254,idle,local,
Drone2_e769,Drone2,Drone1:743;Drone2:769;Drone3:778,165.1307,position_sent,send,Drone1
Drone3_e803,Drone3,Drone1:743;Drone2:764;Drone3:803,164.8017,idle,local,
Drone3_e804,Drone3,Drone1:743;Drone2:764;Drone3:804,165.0574,idle,local,
Drone2_e770,Drone2,Drone1:743;Drone2:770;Drone3:778,165.2173,position_sent,local,
Drone2_e771,Drone2,Drone1:743;Drone2:771;Drone3:778,165.2878,position_sent,local,
Drone1_e751,Drone1,Drone1:751;Drone2:747;Drone3:793,163.0159,target_found,local,
Drone1_e752,Drone1,Drone1:752;Drone2:747;Drone3:793,163.1583,position_measured,local,
Drone3_e805,Drone3,Drone1:743;Drone2:764;Drone3:805,165.2471,idle,local,
Drone2_e772,Drone2,Drone1:743;Drone2:772;Drone3:778,165.4839,processing,local,
Drone3_e806,Drone3,Drone1:743;Drone2:764;Drone3:806,165.4071,idle,local,
Drone2_e773,Drone2,Drone1:743;Drone2:773;Drone3:778,165.6381,processing,local,
Drone1_e753,Drone1,Drone1:753;Drone2:761;Drone3:793,163.6138,position_measured,receive,Drone2
Drone2_e774,Drone2,Drone1:743;Drone2:774;Drone3:778,165.8617,processing,send,Drone1
Drone2_e775,Drone2,Drone1:743;Drone2:775;Drone3:778,166.0983,processing,local,
Drone3_e807,Drone3,Drone1:743;Drone2:764;Drone3:807,165.6951,idle,local,
Drone3_e808,Drone3,Drone1:743;Drone2:764;Drone3:808,165.7727,idle,local,
Drone2_e776,Drone2,Drone1:743;Drone2:776;Drone3:778,166.1584,processing,local,
Drone1_e754,Drone1,Drone1:754;Drone2:768;Drone3:793,165.1998,position_measured,receive,Drone2
Drone2_e777,Drone2,Drone1:743;Drone2:777;Drone3:778,166.4062,processing,send,Drone1
Drone1_e755,Drone1,Drone1:755;Drone2:768;Drone3:793,165.3553,position_measured,local,
Drone2_e778,Drone2,Drone1:743;Drone2:778;Drone3:778,166.5101,processing,local,
Drone3_e809,Drone3,Drone1:743;Drone2:764;Drone3:809,165.8533,idle,local,
Drone2_e779,Drone2,Drone1:743;Drone2:779;Drone3:778,166.6645,processing,send,Drone1
Drone3_e810,Drone3,Drone1:743;Drone2:764;Drone3:810,166.0163,idle,local,
Drone2_e780,Drone2,Drone1:743;Drone2:780;Drone3:778,166.8333,processing,local,
Drone3_e811,Drone3,Drone1:743;Drone2:764;Drone3:811,166.0996,idle,local,
Drone1_e756,Drone1,Drone1:756;Drone2:768;Drone3:793,165.5205,position_measured,local,
Drone2_e781,Drone2,Drone1:743;Drone2:781;Drone3:778,166.9205,processing,local,
Drone3_e812,Drone3,Drone1:743;Drone2:764;Drone3:812,166.3495,scanning,local,
Drone3_e813,Drone3,Drone1:743;Drone2:764;Drone3:813,166.4963,scanning,local,
Drone2_e782,Drone2,Drone1:743;Drone2:782;Drone3:778,166.9820,relative_computed,local,
Drone3_e814,Drone3,Drone1:743;Drone2:764;Drone3:814,166.7303,scanning,local,
Drone3_e815,Drone3,Drone1:743;Drone2:764;Drone3:815,166.9571,scanning,send,Drone1
Drone3_e816,Drone3,Drone1:743;Drone2:764;Drone3:816,167.2000,scanning,local,
Drone2_e783,Drone2,Drone1:743;Drone2:783;Drone3:778,167.0629,relative_computed,local,
Drone3_e817,Drone3,Drone1:743;Drone2:764;Drone3:817,167.4893,scanning,send,Drone1
Drone3_e818,Drone3,Drone1:743;Drone2:764;Drone3:818,167.6650,scanning,send,Drone2
Drone1_e757,Drone1,Drone1:757;Drone2:769;Drone3:793,165.8111,position_measured,receive,Drone2
Drone2_e784,Drone2,Drone1:743;Drone2:784;Drone3:778,167.1743,relative_computed,local,
Drone3_e819,Drone3,Drone1:743;Drone2:764;Drone3:819,167.8599,scanning,local,
Drone1_e758,Drone1,Drone1:758;Drone2:769;Drone3:793,166.0128,position_measured,local,
Drone2_e785,Drone2,Drone1:743;Drone2:785;Drone3:778,167.3471,relative_computed,local,
Drone1_e759,Drone1,Drone1:759;Drone2:774;Drone3:793,166.1665,position_measured,receive,Drone2
Drone3_e820,Drone3,Drone1:743;Drone2:764;Drone3:820,167.9742,scanning,local,
Drone1_e760,Drone1,Drone1:760;Drone2:774;Drone3:793,166.3520,position_measured,local,
Drone2_e786,Drone2,Drone1:743;Drone2:786;Drone3:818,167.9071,relative_computed,receive,Drone3
Drone1_e761,Drone1,Drone1:761;Drone2:774;Drone3:815,167.1767,position_measured,receive,Drone3
Drone1_e762,Drone1,Drone1:762;Drone2:774;Drone3:815,167.3081,position_sent,local,
Drone1_e763,Drone1,Drone1:763;Drone2:774;Drone3:815,167.4326,position_sent,local,
Drone1_e764,Drone1,Drone1:764;Drone2:774;Drone3:817,167.7626,position_sent,receive,Drone3
Drone2_e787,Drone2,Drone1:743;Drone2:787;Drone3:818,168.1640,relative_computed,local,
Drone1_e765,Drone1,Drone1:765;Drone2:777;Drone3:817,168.0006,position_sent,receive,Drone2
Drone3_e821,Drone3,Drone1:743;Drone2:764;Drone3:821,168.2615,scanning,send,Drone2
Drone2_e788,Drone2,Drone1:743;Drone2:788;Drone3:821,168.4498,relative_computed,receive,Drone3
Drone1_e766,Drone1,Drone1:766;Drone2:777;Drone3:817,168.1525,position_sent,local,
Drone1_e767,Drone1,Drone1:767;Drone2:777;Drone3:817,168.2071,position_sent,local,
Drone3_e822,Drone3,Drone1:743;Drone2:764;Drone3:822,168.4803,target_found,local,
Drone1_e768,Drone1,Drone1:768;Drone2:777;Drone3:817,168.4200,position_sent,local,
Drone1_e769,Drone1,Drone1:769;Drone2:779;Drone3:817,168.5815,position_sent,receive,Drone2
Drone3_e823,Drone3,Drone1:743;Drone2:764;Drone3:823,168.7260,target_found,local,
Drone1_e770,Drone1,Drone1:770;Drone2:779;Drone3:817,168.8778,position_sent,local,
Drone1_e771,Drone1,Drone1:771;Drone2:779;Drone3:817,169.0338,position_sent,local,
Drone3_e824,Drone3,Drone1:743;Drone2:764;Drone3:824,168.7762,target_found,local,
Drone2_e789,Drone2,Drone1:743;Drone2:789;Drone3:821,168.6550,relative_computed,local,
Drone3_e825,Drone3,Drone1:743;Drone2:764;Drone3:825,168.8264,target_found,local,
Drone2_e790,Drone2,Drone1:743;Drone2:790;Drone3:821,168.9148,relative_computed,send,Drone3
Drone2_e791,Drone2,Drone1:743;Drone2:791;Drone3:821,169.1754,relative_computed,local,
Drone1_e772,Drone1,Drone1:772;Drone2:779;Drone3:817,169.2114,processing,local,
Drone1_e773,Drone1,Drone1:773;Drone2:779;Drone3:817,169.3365,processing,send,Drone2
Drone2_e792,Drone2,Drone1:743;Drone2:792;Drone3:821,169.4331,formation_hold,local,
Drone3_e826,Drone3,Drone1:743;Drone2:764;Drone3:826,168.9462,target_found,local,
Drone2_e793,Drone2,Drone1:773;Drone2:793;Drone3:821,169.7040,formation_hold,receive,Drone1
Drone2_e794,Drone2,Drone1:773;Drone2:794;Drone3:821,169.9990,formation_hold,local,
Drone3_e827,Drone3,Drone1:743;Drone2:764;Drone3:827,169.0577,target_found,local,
Drone2_e795,Drone2,Drone1:773;Drone2:795;Drone3:821,170.1639,formation_hold,local,
Drone3_e828,Drone3,Drone1:743;Drone2:790;Drone3:828,169.2693,target_found,receive,Drone2
Drone1_e774,Drone1,Drone1:774;Drone2:779;Drone3:817,169.3876,processing,local,
Drone1_e775,Drone1,Drone1:775;Drone2:779;Drone3:817,169.5409,processing,local,
Drone3_e829,Drone3,Drone1:743;Drone2:790;Drone3:829,169.5100,target_found,local,
Drone3_e830,Drone3,Drone1:743;Drone2:790;Drone3:830,169.6946,target_found,send,Drone1
Drone3_e831,Drone3,Drone1:743;Drone2:790;Drone3:831,169.7755,target_found,local,
Drone2_e796,Drone2,Drone1:773;Drone2:796;Drone3:821,170.3034,formation_hold,local,
Drone1_e776,Drone1,Drone1:776;Drone2:779;Drone3:817,169.7938,processing,local,
Drone1_e777,Drone1,Drone1:777;Drone2:790;Drone3:830,170.0779,processing,receive,Drone3
Drone2_e797,Drone2,Drone1:773;Drone2:797;Drone3:821,170.5430,formation_hold,send,Drone1
Drone3_e832,Drone3,Drone1:743;Drone2:790;Drone3:832,169.9149,position_measured,local,
Drone1_e778,Drone1,Drone1:778;Drone2:790;Drone3:830,170.2842,processing,local,
Drone3_e833,Drone3,Drone1:743;Drone2:790;Drone3:833,170.2067,position_measured,send,Drone2
Drone1_e779,Drone1,Drone1:779;Drone2:797;Drone3:830,170.5948,processing,receive,Drone2
Drone3_e834,Drone3,Drone1:743;Drone2:790;Drone3:834,170.4742,position_measured,local,
Drone3_e835,Drone3,Drone1:743;Drone2:790;Drone3:835,170.5668,position_measured,local,
Drone1_e780,Drone1,Drone1:780;Drone2:797;Drone3:830,170.7862,processing,local,
Drone3_e836,Drone3,Drone1:743;Drone2:790;Drone3:836,170.6607,position_measured,local,
Drone3_e837,Drone3,Drone1:743;Drone2:790;Drone3:837,170.7426,position_measured,send,Drone1
Drone3_e838,Drone3,Drone1:743;Drone2:790;Drone3:838,171.0128,position_measured,local,
Drone3_e839,Drone3,Drone1:743;Drone2:790;Drone3:839,171.1108,position_measured,local,
Drone3_e840,Drone3,Drone1:743;Drone2:790;Drone3:840,171.3310,position_measured,send,Drone2
Drone2_e798,Drone2,Drone1:773;Drone2:798;Drone3:833,170.7532,formation_hold,receive,Drone3
Drone3_e841,Drone3,Drone1:743;Drone2:790;Drone3:841,171.4891,position_measured,send,Drone2
Drone2_e799,Drone2,Drone1:773;Drone2:799;Drone3:840,171.5049,formation_hold,receive,Drone3
Drone3_e842,Drone3,Drone1:743;Drone2:790;Drone3:842,171.7601,position_sent,local,
Drone1_e781,Drone1,Drone1:781;Drone2:797;Drone3:837,170.9693,processing,receive,Drone3
Drone2_e800,Drone2,Drone1:773;Drone2:800;Drone3:841,171.6385,formation_hold,receive,Drone3
Drone3_e843,Drone3,Drone1:743;Drone2:790;Drone3:843,172.0576,position_sent,local,
Drone1_e782,Drone1,Drone1:782;Drone2:797;Drone3:837,171.1253,relative_computed,local,
Drone1_e783,Drone1,Drone1:783;Drone2:797;Drone3:837,171.2245,relative_computed,local,
Drone2_e801,Drone2,Drone1:773;Drone2:801;Drone3:841,171.8450,formation_hold,local,
Drone1_e784,Drone1,Drone1:784;Drone2:797;Drone3:837,171.4765,relative_computed,send,Drone3
Drone3_e844,Drone3,Drone1:743;Drone2:790;Drone3:844,172.3414,position_sent,local,
Drone2_e802,Drone2,Drone1:773;Drone2:802;Drone3:841,171.9546,idle,send,Drone3
Drone2_e803,Drone2,Drone1:773;Drone2:803;Drone3:841,172.2100,idle,local,
Drone3_e845,Drone3,Drone1:743;Drone2:790;Drone3:845,172.6273,position_sent,local,
Drone3_e846,Drone3,Drone1:743;Drone2:790;Drone3:846,172.8683,position_sent,local,
Drone3_e847,Drone3,Drone1:743;Drone2:790;Drone3:847,172.9495,position_sent,local,
Drone1_e785,Drone1,Drone1:785;Drone2:797;Drone3:837,171.6209,relative_computed,local,
Drone3_e848,Drone3,Drone1:784;Drone2:797;Drone3:848,173.0150,position_sent,receive,Drone1
Drone2_e804,Drone2,Drone1:773;Drone2:804;Drone3:841,172.2765,idle,send,Drone3
Drone3_e849,Drone3,Drone1:784;Drone2:802;Drone3:849,173.1387,position_sent,receive,Drone2
Drone2_e805,Drone2,Drone1:773;Drone2:805;Drone3:841,172.4808,idle,local,
Drone2_e806,Drone2,Drone1:773;Drone2:806;Drone3:841,172.6442,idle,send,Drone1
Drone2_e807,Drone2,Drone1:773;Drone2:807;Drone3:841,172.9141,idle,local,
Drone3_e850,Drone3,Drone1:784;Drone2:804;Drone3:850,173.3023,position_sent,receive,Drone2
Drone2_e808,Drone2,Drone1:773;Drone2:808;Drone3:841,172.9911,idle,local,
Drone1_e786,Drone1,Drone1:786;Drone2:797;Drone3:837,171.6877,relative_computed,local,
Drone1_e787,Drone1,Drone1:787;Drone2:797;Drone3:837,171.7692,relative_computed,local,
Drone3_e851,Drone3,Drone1:784;Drone2:804;Drone3:851,173.4726,position_sent,send,Drone2
Drone3_e852,Drone3,Drone1:784;Drone2:804;Drone3:852,173.5834,processing,local,
Drone1_e788,Drone1,Drone1:788;Drone2:806;Drone3:841,172.8403,relative_computed,receive,Drone2
Drone3_e853,Drone3,Drone1:784;Drone2:804;Drone3:853,173.8220,processing,local,
Drone2_e809,Drone2,Drone1:773;Drone2:809;Drone3:841,173.1764,idle,local,
Drone1_e789,Drone1,Drone1:789;Drone2:806;Drone3:841,173.0411,relative_computed,send,Drone3
Drone2_e810,Drone2,Drone1:784;Drone2:810;Drone3:851,173.6520,idle,receive,Drone3
Drone3_e854,Drone3,Drone1:784;Drone2:804;Drone3:854,173.8863,processing,local,
Drone3_e855,Drone3,Drone1:784;Drone2:804;Drone3:855,174.0762,processing,local,
Drone1_e790,Drone1,Drone1:790;Drone2:806;Drone3:841,173.1400,relative_computed,local,
Drone1_e791,Drone1,Drone1:791;Drone2:806;Drone3:841,173.2403,relative_computed,local,
Drone1_e792,Drone1,Drone1:792;Drone2:806;Drone3:841,173.4573,formation_hold,local,
Drone3_e856,Drone3,Drone1:784;Drone2:804;Drone3:856,174.2430,processing,local,
Drone3_e857,Drone3,Drone1:789;Drone2:806;Drone3:857,174.4471,processing,receive,Drone1
Drone2_e811,Drone2,Drone1:784;Drone2:811;Drone3:851,173.7282,idle,local,
Drone1_e793,Drone1,Drone1:793;Drone2:806;Drone3:841,173.7372,formation_hold,local,
Drone3_e858,Drone3,Drone1:789;Drone2:806;Drone3:858,174.6137,processing,send,Drone1
Drone1_e794,Drone1,Drone1:794;Drone2:806;Drone3:858,174.8655,formation_hold,receive,Drone3
Drone2_e812,Drone2,Drone1:784;Drone2:812;Drone3:851,173.9848,scanning,send,Drone1
Drone1_e795,Drone1,Drone1:795;Drone2:812;Drone3:858,175.0050,formation_hold,receive,Drone2
Drone3_e859,Drone3,Drone1:789;Drone2:806;Drone3:859,174.7738,processing,send,Drone2
Drone3_e860,Drone3,Drone1:789;Drone2:806;Drone3:860,175.0152,processing,local,
Drone1_e796,Drone1,Drone1:796;Drone2:812;Drone3:858,175.1048,formation_hold,local,
Drone2_e813,Drone2,Drone1:789;Drone2:813;Drone3:859,175.0035,scanning,receive,Drone3
Drone2_e814,Drone2,Drone1:789;Drone2:814;Drone3:859,175.1150,scanning,local,
Drone1_e797,Drone1,Drone1:797;Drone2:812;Drone3:858,175.3824,formation_hold,send,Drone3
Drone1_e798,Drone1,Drone1:798;Drone2:812;Drone3:858,175.4667,formation_hold,local,
Drone3_e861,Drone3,Drone1:789;Drone2:806;Drone3:861,175.0929,processing,local,
Drone1_e799,Drone1,Drone1:799;Drone2:812;Drone3:858,175.5768,formation_hold,local,
Drone2_e815,Drone2,Drone1:789;Drone2:815;Drone3:859,175.4003,scanning,local,
Drone3_e862,Drone3,Drone1:789;Drone2:806;Drone3:862,175.3625,relative_computed,local,
Drone1_e800,Drone1,Drone1:800;Drone2:812;Drone3:858,175.8255,formation_hold,send,Drone2
Drone1_e801,Drone1,Drone1:801;Drone2:812;Drone3:858,176.0491,formation_hold,local,
Drone2_e816,Drone2,Drone1:789;Drone2:816;Drone3:859,175.6945,scanning,local,
Drone1_e802,Drone1,Drone1:802;Drone2:812;Drone3:858,176.2899,idle,local,
Drone3_e863,Drone3,Drone1:797;Drone2:812;Drone3:863,175.6298,relative_computed,receive,Drone1
Drone2_e817,Drone2,Drone1:800;Drone2:817;Drone3:859,176.0937,scanning,receive,Drone1
Drone3_e864,Drone3,Drone1:797;Drone2:812;Drone3:864,175.9013,relative_computed,local,
Drone1_e803,Drone1,Drone1:803;Drone2:812;Drone3:858,176.5360,idle,local,
Drone3_e865,Drone3,Drone1:797;Drone2:812;Drone3:865,175.9931,relative_computed,local,
Drone2_e818,Drone2,Drone1:800;Drone2:818;Drone3:859,176.3050,scanning,local,
Drone3_e866,Drone3,Drone1:797;Drone2:812;Drone3:866,176.1729,relative_computed,local,
Drone1_e804,Drone1,Drone1:804;Drone2:812;Drone3:858,176.6795,idle,local,
Drone3_e867,Drone3,Drone1:797;Drone2:812;Drone3:867,176.4618,relative_computed,local,
Drone2_e819,Drone2,Drone1:800;Drone2:819;Drone3:859,176.5145,scanning,send,Drone3
Drone3_e868,Drone3,Drone1:797;Drone2:812;Drone3:868,176.5636,relative_computed,local,
Drone1_e805,Drone1,Drone1:805;Drone2:812;Drone3:858,176.7881,idle,local,
Drone1_e806,Drone1,Drone1:806;Drone2:812;Drone3:858,177.0603,idle,local,
Drone3_e869,Drone3,Drone1:800;Drone2:819;Drone3:869,176.6772,relative_computed,receive,Drone2
Drone1_e807,Drone1,Drone1:807;Drone2:812;Drone3:858,177.1840,idle,send,Drone2
Drone3_e870,Drone3,Drone1:800;Drone2:819;Drone3:870,176.8732,relative_computed,local,
Drone2_e820,Drone2,Drone1:800;Drone2:820;Drone3:859,176.6486,scanning,local,
Drone2_e821,Drone2,Drone1:800;Drone2:821;Drone3:859,176.8008,scanning,local,
Drone2_e822,Drone2,Drone1:807;Drone2:822;Drone3:859,177.2402,target_found,receive,Drone1
Drone2_e823,Drone2,Drone1:807;Drone2:823;Drone3:859,177.3800,target_found,send,Drone1
Drone1_e808,Drone1,Drone1:808;Drone2:823;Drone3:859,177.6264,idle,receive,Drone2
Drone1_e809,Drone1,Drone1:809;Drone2:823;Drone3:859,177.7665,idle,send,Drone2
Drone3_e871,Drone3,Drone1:800;Drone2:819;Drone3:871,177.0920,relative_computed,send,Drone1
Drone2_e824,Drone2,Drone1:809;Drone2:824;Drone3:859,177.8642,target_found,receive,Drone1
Drone3_e872,Drone3,Drone1:800;Drone2:819;Drone3:872,177.3916,formation_hold,local,
Drone3_e873,Drone3,Drone1:800;Drone2:819;Drone3:873,177.6697,formation_hold,local,
Drone1_e810,Drone1,Drone1:810;Drone2:823;Drone3:859,177.8870,idle,local,
Drone2_e825,Drone2,Drone1:809;Drone2:825;Drone3:859,178.0151,target_found,local,
Drone2_e826,Drone2,Drone1:809;Drone2:826;Drone3:859,178.2546,target_found,local,
Drone1_e811,Drone1,Drone1:811;Drone2:823;Drone3:859,178.0651,idle,local,
Drone1_e812,Drone1,Drone1:812;Drone2:823;Drone3:859,178.1720,scanning,local,
Drone3_e874,Drone3,Drone1:800;Drone2:819;Drone3:874,177.8383,formation_hold,local,
Drone3_e875,Drone3,Drone1:800;Drone2:819;Drone3:875,178.0265,formation_hold,local,
Drone2_e827,Drone2,Drone1:809;Drone2:827;Drone3:859,178.4199,target_found,local,
Drone1_e813,Drone1,Drone1:813;Drone2:823;Drone3:871,178.3292,scanning,receive,Drone3
Drone3_e876,Drone3,Drone1:800;Drone2:819;Drone3:876,178.1861,formation_hold,local,
Drone3_e877,Drone3,Drone1:800;Drone2:819;Drone3:877,178.3805,formation_hold,send,Drone1
Drone1_e814,Drone1,Drone1:814;Drone2:823;Drone3:877,178.5555,scanning,receive,Drone3
Drone3_e878,Drone3,Drone1:800;Drone2:819;Drone3:878,178.5155,formation_hold,local,
Drone2_e828,Drone2,Drone1:809;Drone2:828;Drone3:859,178.6581,target_found,local,
Drone3_e879,Drone3,Drone1:800;Drone2:819;Drone3:879,178.6470,formation_hold,local,
Drone1_e815,Drone1,Drone1:815;Drone2:823;Drone3:877,178.6135,scanning,local,
Drone1_e816,Drone1,Drone1:816;Drone2:823;Drone3:877,178.8056,scanning,send,Drone3
Drone3_e880,Drone3,Drone1:800;Drone2:819;Drone3:880,178.8404,formation_hold,local,
Drone2_e829,Drone2,Drone1:809;Drone2:829;Drone3:859,178.7591,target_found,local,
Drone2_e830,Drone2,Drone1:809;Drone2:830;Drone3:859,178.8562,target_found,send,Drone3
Drone1_e817,Drone1,Drone1:817;Drone2:823;Drone3:877,179.0960,scanning,local,
Drone3_e881,Drone3,Drone1:800;Drone2:819;Drone3:881,178.9138,formation_hold,local,
Drone1_e818,Drone1,Drone1:818;Drone2:823;Drone3:877,179.1904,scanning,local,
Drone3_e882,Drone3,Drone1:800;Drone2:819;Drone3:882,178.9705,idle,local,
Drone1_e819,Drone1,Drone1:819;Drone2:823;Drone3:877,179.3114,scanning,send,Drone3
Drone1_e820,Drone1,Drone1:820;Drone2:823;Drone3:877,179.4751,scanning,send,Drone2
Drone2_e831,Drone2,Drone1:809;Drone2:831;Drone3:859,178.9492,target_found,local,
Drone2_e832,Drone2,Drone1:820;Drone2:832;Drone3:877,179.5574,position_measured,receive,Drone1
Drone2_e833,Drone2,Drone1:820;Drone2:833;Drone3:877,179.6245,position_measured,local,
Drone1_e821,Drone1,Drone1:821;Drone2:823;Drone3:877,179.6025,scanning,send,Drone2
Drone3_e883,Drone3,Drone1:800;Drone2:819;Drone3:883,179.0602,idle,local,
Drone3_e884,Drone3,Drone1:800;Drone2:819;Drone3:884,179.2570,idle,local,
Drone3_e885,Drone3,Drone1:800;Drone2:819;Drone3:885,179.4218,idle,local,
Drone1_e822,Drone1,Drone1:822;Drone2:823;Drone3:877,179.7639,target_found,send,Drone2
Drone2_e834,Drone2,Drone1:820;Drone2:834;Drone3:877,179.7363,position_measured,local,
Drone2_e835,Drone2,Drone1:820;Drone2:835;Drone3:877,180.0061,position_measured,local,
Drone2_e836,Drone2,Drone1:820;Drone2:836;Drone3:877,180.0658,position_measured,local,
Drone1_e823,Drone1,Drone1:823;Drone2:823;Drone3:877,179.9006,target_found,send,Drone3
Drone3_e886,Drone3,Drone1:800;Drone2:819;Drone3:886,179.5695,idle,local,
Drone1_e824,Drone1,Drone1:824;Drone2:823;Drone3:877,179.9955,target_found,local,
Drone3_e887,Drone3,Drone1:800;Drone2:819;Drone3:887,179.7340,idle,local,
Drone3_e888,Drone3,Drone1:816;Drone2:823;Drone3:888,179.8824,idle,receive,Drone1
Drone1_e825,Drone1,Drone1:825;Drone2:823;Drone3:877,180.1140,target_found,send,Drone2
Drone3_e889,Drone3,Drone1:816;Drone2:823;Drone3:889,180.0991,idle,local,
Drone1_e826,Drone1,Drone1:826;Drone2:823;Drone3:877,180.3446,target_found,local,
Drone1_e827,Drone1,Drone1:827;Drone2:823;Drone3:877,180.4974,target_found,local,
Drone3_e890,Drone3,Drone1:816;Drone2:830;Drone3:890,180.1682,idle,receive,Drone2
Drone1_e828,Drone1,Drone1:828;Drone2:823;Drone3:877,180.7423,target_found,local,
Drone2_e837,Drone2,Drone1:820;Drone2:837;Drone3:877,180.1790,position_measured,local,
Drone3_e891,Drone3,Drone1:819;Drone2:830;Drone3:891,180.2365,idle,receive,Drone1
Drone3_e892,Drone3,Drone1:819;Drone2:830;Drone3:892,180.4020,scanning,local,
Drone2_e838,Drone2,Drone1:820;Drone2:838;Drone3:877,180.4430,position_measured,local,
Drone2_e839,Drone2,Drone1:821;Drone2:839;Drone3:877,180.5216,position_measured,receive,Drone1
Drone1_e829,Drone1,Drone1:829;Drone2:823;Drone3:877,180.9794,target_found,local,
Drone2_e840,Drone2,Drone1:821;Drone2:840;Drone3:877,180.5923,position_measured,local,
Drone3_e893,Drone3,Drone1:823;Drone2:830;Drone3:893,180.4870,scanning,receive,Drone1
Drone2_e841,Drone2,Drone1:821;Drone2:841;Drone3:877,180.6849,position_measured,local,
Drone1_e830,Drone1,Drone1:830;Drone2:823;Drone3:877,181.0738,target_found,local,
Drone1_e831,Drone1,Drone1:831;Drone2:823;Drone3:877,181.2215,target_found,local,
Drone1_e832,Drone1,Drone1:832;Drone2:823;Drone3:877,181.2743,position_measured,local,
Drone2_e842,Drone2,Drone1:822;Drone2:842;Drone3:877,180.7794,position_sent,receive,Drone1
Drone3_e894,Drone3,Drone1:823;Drone2:830;Drone3:894,180.6475,scanning,send,Drone1
Drone1_e833,Drone1,Drone1:833;Drone2:823;Drone3:877,181.5271,position_measured,local,
Drone3_e895,Drone3,Drone1:823;Drone2:830;Drone3:895,180.8626,scanning,local,
Drone1_e834,Drone1,Drone1:834;Drone2:830;Drone3:894,181.6881,position_measured,receive,Drone3
Drone3_e896,Drone3,Drone1:823;Drone2:830;Drone3:896,181.1043,scanning,send,Drone2
Drone1_e835,Drone1,Drone1:835;Drone2:830;Drone3:894,181.7978,position_measured,local,
Drone1_e836,Drone1,Drone1:836;Drone2:830;Drone3:894,182.0951,position_measured,send,Drone2
Drone2_e843,Drone2,Drone1:822;Drone2:843;Drone3:877,180.9994,position_sent,local,
Drone1_e837,Drone1,Drone1:837;Drone2:830;Drone3:894,182.3443,position_measured,send,Drone2
Drone3_e897,Drone3,Drone1:823;Drone2:830;Drone3:897,181.1653,scanning,send,Drone1
Drone3_e898,Drone3,Drone1:823;Drone2:830;Drone3:898,181.2960,scanning,send,Drone2
Drone3_e899,Drone3,Drone1:823;Drone2:830;Drone3:899,181.5796,scanning,send,Drone1
Drone2_e844,Drone2,Drone1:822;Drone2:844;Drone3:877,181.0796,position_sent,local,
Drone1_e838,Drone1,Drone1:838;Drone2:830;Drone3:897,182.4377,position_measured,receive,Drone3
Drone2_e845,Drone2,Drone1:822;Drone2:845;Drone3:877,181.1326,position_sent,local,
Drone1_e839,Drone1,Drone1:839;Drone2:830;Drone3:897,182.5042,position_measured,local,
Drone2_e846,Drone2,Drone1:822;Drone2:846;Drone3:877,181.2748,position_sent,local,
Drone1_e840,Drone1,Drone1:840;Drone2:830;Drone3:897,182.6570,position_measured,local,
Drone3_e900,Drone3,Drone1:823;Drone2:830;Drone3:900,181.8772,scanning,local,
Drone3_e901,Drone3,Drone1:823;Drone2:830;Drone3:901,182.1748,scanning,local,
Drone3_e902,Drone3,Drone1:823;Drone2:830;Drone3:902,182.3748,target_found,send,Drone1
Drone3_e903,Drone3,Drone1:823;Drone2:830;Drone3:903,182.5943,target_found,local,
Drone3_e904,Drone3,Drone1:823;Drone2:830;Drone3:904,182.8031,target_found,send,Drone1
Drone3_e905,Drone3,Drone1:823;Drone2:830;Drone3:905,183.0660,target_found,local,
Drone2_e847,Drone2,Drone1:823;Drone2:847;Drone3:896,181.4770,position_sent,receive,Drone3
Drone3_e906,Drone3,Drone1:823;Drone2:830;Drone3:906,183.2438,target_found,local,
Drone3_e907,Drone3,Drone1:823;Drone2:830;Drone3:907,183.3519,target_found,send,Drone1
Drone3_e908,Drone3,Drone1:823;Drone2:830;Drone3:908,183.4329,target_found,local,
Drone1_e841,Drone1,Drone1:841;Drone2:830;Drone3:897,182.8963,position_measured,local,
Drone3_e909,Drone3,Drone1:823;Drone2:830;Drone3:909,183.5766,target_found,send,Drone1
Drone2_e848,Drone2,Drone1:825;Drone2:848;Drone3:896,181.5781,position_sent,receive,Drone1
Drone1_e842,Drone1,Drone1:842;Drone2:830;Drone3:899,183.1311,position_sent,receive,Drone3
Drone2_e849,Drone2,Drone1:836;Drone2:849;Drone3:896,182.3060,position_sent,receive,Drone1
Drone1_e843,Drone1,Drone1:843;Drone2:830;Drone3:899,183.4255,position_sent,local,
Drone3_e910,Drone3,Drone1:823;Drone2:830;Drone3:910,183.8142,target_found,local,
Drone1_e844,Drone1,Drone1:844;Drone2:830;Drone3:899,183.5583,position_sent,local,
Drone1_e845,Drone1,Drone1:845;Drone2:830;Drone3:902,183.8350,position_sent,receive,Drone3
Drone3_e911,Drone3,Drone1:823;Drone2:830;Drone3:911,184.0646,target_found,local,
Drone3_e912,Drone3,Drone1:823;Drone2:830;Drone3:912,184.2666,position_measured,local,
Drone2_e850,Drone2,Drone1:836;Drone2:850;Drone3:896,182.4019,position_sent,local,
Drone3_e913,Drone3,Drone1:823;Drone2:830;Drone3:913,184.3341,position_measured,send,Drone2
Drone1_e846,Drone1,Drone1:846;Drone2:830;Drone3:904,184.1196,position_sent,receive,Drone3
Drone1_e847,Drone1,Drone1:847;Drone2:830;Drone3:907,184.2287,position_sent,receive,Drone3
Drone1_e848,Drone1,Drone1:848;Drone2:830;Drone3:907,184.3954,position_sent,local,
Drone1_e849,Drone1,Drone1:849;Drone2:830;Drone3:907,184.5067,position_sent,local,
Drone1_e850,Drone1,Drone1:850;Drone2:830;Drone3:907,184.6324,position_sent,local,
Drone3_e914,Drone3,Drone1:823;Drone2:830;Drone3:914,184.5430,position_measured,local,
Drone2_e851,Drone2,Drone1:836;Drone2:851;Drone3:896,182.5722,position_sent,local,
Drone2_e852,Drone2,Drone1:836;Drone2:852;Drone3:898,182.7399,processing,receive,Drone3
Drone2_e853,Drone2,Drone1:836;Drone2:853;Drone3:898,182.9736,processing,local,
Drone1_e851,Drone1,Drone1:851;Drone2:830;Drone3:907,184.8808,position_sent,local,
Drone1_e852,Drone1,Drone1:852;Drone2:830;Drone3:907,185.0377,processing,local,
Drone1_e853,Drone1,Drone1:853;Drone2:830;Drone3:907,185.3180,processing,local,
Drone3_e915,Drone3,Drone1:823;Drone2:830;Drone3:915,184.7312,position_measured,local,
Drone1_e854,Drone1,Drone1:854;Drone2:830;Drone3:909,185.4445,processing,receive,Drone3
Drone2_e854,Drone2,Drone1:837;Drone2:854;Drone3:898,183.0416,processing,receive,Drone1
Drone1_e855,Drone1,Drone1:855;Drone2:830;Drone3:909,185.5434,processing,local,
Drone1_e856,Drone1,Drone1:856;Drone2:830;Drone3:909,185.7163,processing,send,Drone3
Drone2_e855,Drone2,Drone1:837;Drone2:855;Drone3:898,183.3342,processing,local,
Drone2_e856,Drone2,Drone1:837;Drone2:856;Drone3:913,184.5443,processing,receive,Drone3
Drone3_e916,Drone3,Drone1:856;Drone2:830;Drone3:916,186.0144,position_measured,receive,Drone1
Drone1_e857,Drone1,Drone1:857;Drone2:830;Drone3:909,185.9077,processing,local,
Drone1_e858,Drone1,Drone1:858;Drone2:830;Drone3:909,186.1970,processing,local,
Drone3_e917,Drone3,Drone1:856;Drone2:830;Drone3:917,186.2417,position_measured,local,
Drone3_e918,Drone3,Drone1:856;Drone2:830;Drone3:918,186.4658,position_measured,local,
Drone3_e919,Drone3,Drone1:856;Drone2:830;Drone3:919,186.6218,position_measured,local,
Drone1_e859,Drone1,Drone1:859;Drone2:830;Drone3:909,186.4773,processing,send,Drone2
Drone2_e857,Drone2,Drone1:837;Drone2:857;Drone3:913,184.7634,processing,local,
Drone3_e920,Drone3,Drone1:856;Drone2:830;Drone3:920,186.7088,position_measured,local,
Drone3_e921,Drone3,Drone1:856;Drone2:830;Drone3:921,186.9291,position_measured,local,
Drone2_e858,Drone2,Drone1:859;Drone2:858;Drone3:913,186.5304,processing,receive,Drone1
Drone1_e860,Drone1,Drone1:860;Drone2:830;Drone3:909,186.7566,processing,local,
Drone2_e859,Drone2,Drone1:859;Drone2:859;Drone3:913,186.8240,processing,local,
Drone1_e861,Drone1,Drone1:861;Drone2:830;Drone3:909,186.8538,processing,local,
Drone2_e860,Drone2,Drone1:859;Drone2:860;Drone3:913,186.9372,processing,send,Drone3
Drone2_e861,Drone2,Drone1:859;Drone2:861;Drone3:913,187.1205,processing,local,
Drone2_e862,Drone2,Drone1:859;Drone2:862;Drone3:913,187.3540,relative_computed,local,
Drone3_e922,Drone3,Drone1:856;Drone2:830;Drone3:922,187.0064,position_sent,local,
Drone3_e923,Drone3,Drone1:856;Drone2:830;Drone3:923,187.1425,position_sent,local,
Drone1_e862,Drone1,Drone1:862;Drone2:830;Drone3:909,187.1363,relative_computed,send,Drone2
Drone2_e863,Drone2,Drone1:859;Drone2:863;Drone3:913,187.4056,relative_computed,local,
Drone1_e863,Drone1,Drone1:863;Drone2:830;Drone3:909,187.1867,relative_computed,local,
Drone1_e864,Drone1,Drone1:864;Drone2:830;Drone3:909,187.3411,relative_computed,local,
Drone2_e864,Drone2,Drone1:859;Drone2:864;Drone3:913,187.6388,relative_computed,local,
Drone1_e865,Drone1,Drone1:865;Drone2:830;Drone3:909,187.5671,relative_computed,send,Drone2
Drone1_e866,Drone1,Drone1:866;Drone2:830;Drone3:909,187.7428,relative_computed,local,
Drone1_e867,Drone1,Drone1:867;Drone2:830;Drone3:909,187.9964,relative_computed,local,
Drone1_e868,Drone1,Drone1:868;Drone2:830;Drone3:909,188.2487,relative_computed,send,Drone2
Drone1_e869,Drone1,Drone1:869;Drone2:830;Drone3:909,188.4089,relative_computed,send,Drone3
Drone3_e924,Drone3,Drone1:869;Drone2:830;Drone3:924,188.4788,position_sent,receive,Drone1
Drone1_e870,Drone1,Drone1:870;Drone2:830;Drone3:909,188.5281,relative_computed,local,
Drone2_e865,Drone2,Drone1:862;Drone2:865;Drone3:913,187.8083,relative_computed,receive,Drone1
Drone3_e925,Drone3,Drone1:869;Drone2:830;Drone3:925,188.5312,position_sent,local,
Drone2_e866,Drone2,Drone1:862;Drone2:866;Drone3:913,187.8601,relative_computed,local,
Drone3_e926,Drone3,Drone1:869;Drone2:830;Drone3:926,188.5917,position_sent,local,
Drone1_e871,Drone1,Drone1:871;Drone2:830;Drone3:909,188.5799,relative_computed,local,
Drone3_e927,Drone3,Drone1:869;Drone2:830;Drone3:927,188.8822,position_sent,local,
Drone2_e867,Drone2,Drone1:862;Drone2:867;Drone3:913,188.0284,relative_computed,local,
Drone2_e868,Drone2,Drone1:862;Drone2:868;Drone3:913,188.1626,relative_computed,local,
Drone3_e928,Drone3,Drone1:869;Drone2:830;Drone3:928,189.1820,position_sent,local,
Drone1_e872,Drone1,Drone1:872;Drone2:830;Drone3:909,188.7961,formation_hold,local,
Drone2_e869,Drone2,Drone1:862;Drone2:869;Drone3:913,188.4564,relative_computed,local,
Drone2_e870,Drone2,Drone1:862;Drone2:870;Drone3:913,188.5072,relative_computed,local,
Drone3_e929,Drone3,Drone1:869;Drone2:830;Drone3:929,189.4409,position_sent,local,
Drone1_e873,Drone1,Drone1:873;Drone2:830;Drone3:909,189.0634,formation_hold,send,Drone2
Drone2_e871,Drone2,Drone1:862;Drone2:871;Drone3:913,188.7450,relative_computed,local,
Drone1_e874,Drone1,Drone1:874;Drone2:830;Drone3:909,189.2680,formation_hold,local,
Drone3_e930,Drone3,Drone1:869;Drone2:830;Drone3:930,189.6196,position_sent,local,
Drone3_e931,Drone3,Drone1:869;Drone2:860;Drone3:931,189.6738,position_sent,receive,Drone2
Drone2_e872,Drone2,Drone1:862;Drone2:872;Drone3:913,189.0374,formation_hold,local,
Drone3_e932,Drone3,Drone1:869;Drone2:860;Drone3:932,189.8349,processing,local,
Drone3_e933,Drone3,Drone1:869;Drone2:860;Drone3:933,190.0697,processing,local,
Drone1_e875,Drone1,Drone1:875;Drone2:830;Drone3:909,189.5528,formation_hold,local,
Drone2_e873,Drone2,Drone1:862;Drone2:873;Drone3:913,189.3017,formation_hold,local,
Drone1_e876,Drone1,Drone1:876;Drone2:830;Drone3:909,189.6762,formation_hold,local,
Drone1_e877,Drone1,Drone1:877;Drone2:830;Drone3:909,189.9437,formation_hold,local,
Drone3_e934,Drone3,Drone1:869;Drone2:860;Drone3:934,190.2988,processing,local,
Drone1_e878,Drone1,Drone1:878;Drone2:830;Drone3:909,190.0690,formation_hold,send,Drone2
Drone3_e935,Drone3,Drone1:869;Drone2:860;Drone3:935,190.5956,processing,local,
Drone2_e874,Drone2,Drone1:865;Drone2:874;Drone3:913,189.5905,formation_hold,receive,Drone1
Drone2_e875,Drone2,Drone1:865;Drone2:875;Drone3:913,189.7007,formation_hold,local,
Drone1_e879,Drone1,Drone1:879;Drone2:830;Drone3:909,190.1454,formation_hold,send,Drone2
Drone3_e936,Drone3,Drone1:869;Drone2:860;Drone3:936,190.8713,processing,send,Drone2
Drone2_e876,Drone2,Drone1:868;Drone2:876;Drone3:913,189.9172,formation_hold,receive,Drone1
Drone3_e937,Drone3,Drone1:869;Drone2:860;Drone3:937,191.1520,processing,send,Drone1
Drone3_e938,Drone3,Drone1:869;Drone2:860;Drone3:938,191.2246,processing,local,
Drone3_e939,Drone3,Drone1:869;Drone2:860;Drone3:939,191.3305,processing,local,
Drone3_e940,Drone3,Drone1:869;Drone2:860;Drone3:940,191.5307,processing,local,
Drone3_e941,Drone3,Drone1:869;Drone2:860;Drone3:941,191.8082,processing,local,
Drone3_e942,Drone3,Drone1:869;Drone2:860;Drone3:942,191.9537,relative_computed,local,
Drone3_e943,Drone3,Drone1:869;Drone2:860;Drone3:943,192.2452,relative_computed,local,
Drone2_e877,Drone2,Drone1:868;Drone2:877;Drone3:913,190.0231,formation_hold,local,
Drone1_e880,Drone1,Drone1:880;Drone2:860;Drone3:937,191.2243,formation_hold,receive,Drone3
Drone3_e944,Drone3,Drone1:869;Drone2:860;Drone3:944,192.3423,relative_computed,local,
Drone1_e881,Drone1,Drone1:881;Drone2:860;Drone3:937,191.3061,formation_hold,local,
Drone2_e878,Drone2,Drone1:868;Drone2:878;Drone3:913,190.2173,formation_hold,local,
Drone1_e882,Drone1,Drone1:882;Drone2:860;Drone3:937,191.5036,idle,local,
Drone1_e883,Drone1,Drone1:883;Drone2:860;Drone3:937,191.7986,idle,local,
Drone2_e879,Drone2,Drone1:868;Drone2:879;Drone3:913,190.4667,formation_hold,local,
Drone1_e884,Drone1,Drone1:884;Drone2:860;Drone3:937,191.9990,idle,local,
Drone1_e885,Drone1,Drone1:885;Drone2:860;Drone3:937,192.1836,idle,send,Drone2
Drone2_e880,Drone2,Drone1:873;Drone2:880;Drone3:913,190.7260,formation_hold,receive,Drone1
Drone2_e881,Drone2,Drone1:873;Drone2:881;Drone3:913,190.8128,formation_hold,local,
Drone2_e882,Drone2,Drone1:873;Drone2:882;Drone3:936,191.0710,idle,receive,Drone3
Drone2_e883,Drone2,Drone1:873;Drone2:883;Drone3:936,191.2932,idle,local,
Drone2_e884,Drone2,Drone1:873;Drone2:884;Drone3:936,191.5198,idle,local,
Drone2_e885,Drone2,Drone1:873;Drone2:885;Drone3:936,191.6237,idle,local,
Drone2_e886,Drone2,Drone1:873;Drone2:886;Drone3:936,191.7679,idle,local,
Drone2_e887,Drone2,Drone1:878;Drone2:887;Drone3:936,192.0299,idle,receive,Drone1
Drone1_e886,Drone1,Drone1:886;Drone2:860;Drone3:937,192.2467,idle,local,
Drone1_e887,Drone1,Drone1:887;Drone2:860;Drone3:937,192.4786,idle,local,
Drone2_e888,Drone2,Drone1:878;Drone2:888;Drone3:936,192.2447,idle,local,
Drone1_e888,Drone1,Drone1:888;Drone2:860;Drone3:937,192.6655,idle,local,
Drone2_e889,Drone2,Drone1:878;Drone2:889;Drone3:936,192.4131,idle,local,
Drone2_e890,Drone2,Drone1:878;Drone2:890;Drone3:936,192.5608,idle,local,
Drone3_e945,Drone3,Drone1:869;Drone2:860;Drone3:945,192.4629,relative_computed,local,
Drone1_e889,Drone1,Drone1:889;Drone2:860;Drone3:937,192.8525,idle,local,
Drone1_e890,Drone1,Drone1:890;Drone2:860;Drone3:937,193.1150,idle,send,Drone2
Drone3_e946,Drone3,Drone1:869;Drone2:860;Drone3:946,192.6765,relative_computed,local,
Drone3_e947,Drone3,Drone1:869;Drone2:860;Drone3:947,192.7993,relative_computed,send,Drone2
Drone1_e891,Drone1,Drone1:891;Drone2:860;Drone3:937,193.3488,idle,send,Drone2
Drone1_e892,Drone1,Drone1:892;Drone2:860;Drone3:937,193.6129,scanning,local,
Drone1_e893,Drone1,Drone1:893;Drone2:860;Drone3:937,193.9100,scanning,local,
Drone1_e894,Drone1,Drone1:894;Drone2:860;Drone3:937,194.2057,scanning,local,
Drone3_e948,Drone3,Drone1:869;Drone2:860;Drone3:948,193.0808,relative_computed,local,
Drone1_e895,Drone1,Drone1:895;Drone2:860;Drone3:937,194.3741,scanning,local,
Drone1_e896,Drone1,Drone1:896;Drone2:860;Drone3:937,194.5725,scanning,send,Drone3
Drone1_e897,Drone1,Drone1:897;Drone2:860;Drone3:937,194.7235,scanning,local,
Drone1_e898,Drone1,Drone1:898;Drone2:860;Drone3:937,194.8956,scanning,send,Drone3
Drone3_e949,Drone3,Drone1:869;Drone2:860;Drone3:949,193.1739,relative_computed,local,
Drone3_e950,Drone3,Drone1:896;Drone2:860;Drone3:950,194.8169,relative_computed,receive,Drone1
Drone3_e951,Drone3,Drone1:898;Drone2:860;Drone3:951,195.0375,relative_computed,receive,Drone1
Drone1_e899,Drone1,Drone1:899;Drone2:860;Drone3:937,195.0679,scanning,send,Drone2
Drone3_e952,Drone3,Drone1:898;Drone2:860;Drone3:952,195.1437,formation_hold,local,
Drone3_e953,Drone3,Drone1:898;Drone2:860;Drone3:953,195.3369,formation_hold,local,
Drone2_e891,Drone2,Drone1:878;Drone2:891;Drone3:936,192.6345,idle,local,
Drone3_e954,Drone3,Drone1:898;Drone2:860;Drone3:954,195.6368,formation_hold,send,Drone2
Drone3_e955,Drone3,Drone1:898;Drone2:860;Drone3:955,195.8297,formation_hold,local,
Drone1_e900,Drone1,Drone1:900;Drone2:860;Drone3:937,195.2964,scanning,local,
Drone3_e956,Drone3,Drone1:898;Drone2:860;Drone3:956,195.9781,formation_hold,send,Drone1
Drone3_e957,Drone3,Drone1:898;Drone2:860;Drone3:957,196.1607,formation_hold,local,
Drone1_e901,Drone1,Drone1:901;Drone2:860;Drone3:937,195.4926,scanning,local,
Drone3_e958,Drone3,Drone1:898;Drone2:860;Drone3:958,196.3736,formation_hold,local,
Drone1_e902,Drone1,Drone1:902;Drone2:860;Drone3:937,195.7670,target_found,local,
Drone1_e903,Drone1,Drone1:903;Drone2:860;Drone3:937,195.9908,target_found,local,
Drone1_e904,Drone1,Drone1:904;Drone2:860;Drone3:937,196.2409,target_found,local,
Drone1_e905,Drone1,Drone1:905;Drone2:860;Drone3:956,196.4541,target_found,receive,Drone3
Drone1_e906,Drone1,Drone1:906;Drone2:860;Drone3:956,196.7169,target_found,local,
Drone1_e907,Drone1,Drone1:907;Drone2:860;Drone3:956,196.8935,target_found,send,Drone2
Drone2_e892,Drone2,Drone1:878;Drone2:892;Drone3:936,192.7274,scanning,local,
Drone3_e959,Drone3,Drone1:898;Drone2:860;Drone3:959,196.4351,formation_hold,send,Drone2
Drone3_e960,Drone3,Drone1:898;Drone2:860;Drone3:960,196.5585,formation_hold,local,
Drone3_e961,Drone3,Drone1:898;Drone2:860;Drone3:961,196.7528,formation_hold,local,
Drone3_e962,Drone3,Drone1:898;Drone2:860;Drone3:962,197.0304,idle,local,
Drone2_e893,Drone2,Drone1:878;Drone2:893;Drone3:936,192.9050,scanning,local,
Drone3_e963,Drone3,Drone1:898;Drone2:860;Drone3:963,197.1397,idle,send,Drone1
Drone1_e908,Drone1,Drone1:908;Drone2:860;Drone3:963,197.4291,target_found,receive,Drone3
Drone3_e964,Drone3,Drone1:898;Drone2:860;Drone3:964,197.3377,idle,local,
Drone2_e894,Drone2,Drone1:879;Drone2:894;Drone3:936,192.9736,scanning,receive,Drone1
Drone2_e895,Drone2,Drone1:879;Drone2:895;Drone3:947,193.1236,scanning,receive,Drone3
Drone1_e909,Drone1,Drone1:909;Drone2:860;Drone3:963,197.6482,target_found,local,
Drone3_e965,Drone3,Drone1:898;Drone2:860;Drone3:965,197.4053,idle,send,Drone1
Drone3_e966,Drone3,Drone1:898;Drone2:860;Drone3:966,197.6339,idle,send,Drone1
Drone3_e967,Drone3,Drone1:898;Drone2:860;Drone3:967,197.8890,idle,local,
Drone3_e968,Drone3,Drone1:898;Drone2:860;Drone3:968,198.0181,idle,send,Drone1
Drone2_e896,Drone2,Drone1:898;Drone2:896;Drone3:954,195.7062,scanning,receive,Drone3
Drone1_e910,Drone1,Drone1:910;Drone2:860;Drone3:963,197.8692,target_found,local,
Drone2_e897,Drone2,Drone1:898;Drone2:897;Drone3:959,196.5758,scanning,receive,Drone3
Drone2_e898,Drone2,Drone1:898;Drone2:898;Drone3:959,196.6624,scanning,local,
Drone1_e911,Drone1,Drone1:911;Drone2:860;Drone3:965,198.0135,target_found,receive,Drone3
Drone1_e912,Drone1,Drone1:912;Drone2:860;Drone3:966,198.2592,position_measured,receive,Drone3
Drone1_e913,Drone1,Drone1:913;Drone2:860;Drone3:968,198.4564,position_measured,receive,Drone3
Drone2_e899,Drone2,Drone1:898;Drone2:899;Drone3:959,196.8875,scanning,receive,Drone1
Drone2_e900,Drone2,Drone1:898;Drone2:900;Drone3:959,197.0894,scanning,local,
Drone1_e914,Drone1,Drone1:914;Drone2:860;Drone3:968,198.5516,position_measured,send,Drone3
Drone3_e969,Drone3,Drone1:898;Drone2:860;Drone3:969,198.2653,idle,local,
Drone3_e970,Drone3,Drone1:898;Drone2:860;Drone3:970,198.5277,idle,local,
Drone2_e901,Drone2,Drone1:898;Drone2:901;Drone3:959,197.2042,scanning,local,
Drone3_e971,Drone3,Drone1:898;Drone2:860;Drone3:971,198.6166,idle,local,
Drone1_e915,Drone1,Drone1:915;Drone2:860;Drone3:968,198.6148,position_measured,send,Drone3
Drone3_e972,Drone3,Drone1:898;Drone2:860;Drone3:972,198.7591,scanning,local,
Drone1_e916,Drone1,Drone1:916;Drone2:860;Drone3:968,198.7693,position_measured,local,
Drone2_e902,Drone2,Drone1:898;Drone2:902;Drone3:959,197.4538,target_found,receive,Drone1
Drone3_e973,Drone3,Drone1:914;Drone2:860;Drone3:973,198.9393,scanning,receive,Drone1
Drone3_e974,Drone3,Drone1:914;Drone2:860;Drone3:974,199.1928,scanning,local,
Drone2_e903,Drone2,Drone1:898;Drone2:903;Drone3:959,197.5255,target_found,local,
Drone2_e904,Drone2,Drone1:898;Drone2:904;Drone3:959,197.6537,target_found,local,
Drone1_e917,Drone1,Drone1:917;Drone2:860;Drone3:968,198.8385,position_measured,local,
Drone1_e918,Drone1,Drone1:918;Drone2:860;Drone3:968,198.9298,position_measured,local,
Drone1_e919,Drone1,Drone1:919;Drone2:860;Drone3:968,199.1183,position_measured,send,Drone3
Drone2_e905,Drone2,Drone1:898;Drone2:905;Drone3:959,197.7064,target_found,local,
Drone2_e906,Drone2,Drone1:898;Drone2:906;Drone3:959,197.9895,target_found,local,
Drone1_e920,Drone1,Drone1:920;Drone2:860;Drone3:968,199.2971,position_measured,local,
Drone3_e975,Drone3,Drone1:914;Drone2:860;Drone3:975,199.4173,scanning,local,
Drone2_e907,Drone2,Drone1:898;Drone2:907;Drone3:959,198.2672,target_found,receive,Drone1
Drone3_e976,Drone3,Drone1:915;Drone2:860;Drone3:976,199.6429,scanning,receive,Drone1
Drone3_e977,Drone3,Drone1:919;Drone2:860;Drone3:977,199.8448,scanning,receive,Drone1
Drone1_e921,Drone1,Drone1:921;Drone2:860;Drone3:968,199.5676,position_measured,local,
Drone3_e978,Drone3,Drone1:919;Drone2:860;Drone3:978,199.9385,scanning,local,
Drone2_e908,Drone2,Drone1:898;Drone2:908;Drone3:959,198.4456,target_found,local,
Drone1_e922,Drone1,Drone1:922;Drone2:860;Drone3:968,199.7123,position_sent,local,
Drone2_e909,Drone2,Drone1:898;Drone2:909;Drone3:959,198.5801,target_found,local,
Drone3_e979,Drone3,Drone1:919;Drone2:860;Drone3:979,200.0610,scanning,send,Drone1
Drone2_e910,Drone2,Drone1:899;Drone2:910;Drone3:959,198.6307,target_found,receive,Drone1
Drone3_e980,Drone3,Drone1:919;Drone2:860;Drone3:980,200.1653,scanning,local,
Drone2_e911,Drone2,Drone1:899;Drone2:911;Drone3:959,198.9205,target_found,local,
Drone3_e981,Drone3,Drone1:919;Drone2:860;Drone3:981,200.2242,scanning,local,
Drone2_e912,Drone2,Drone1:899;Drone2:912;Drone3:959,199.1826,position_measured,local,
Drone1_e923,Drone1,Drone1:923;Drone2:860;Drone3:979,200.1931,position_sent,receive,Drone3
Drone2_e913,Drone2,Drone1:907;Drone2:913;Drone3:959,199.4551,position_measured,receive,Drone1
Drone1_e924,Drone1,Drone1:924;Drone2:860;Drone3:979,200.2453,position_sent,local,
Drone2_e914,Drone2,Drone1:907;Drone2:914;Drone3:959,199.5263,position_measured,local,
Drone3_e982,Drone3,Drone1:919;Drone2:860;Drone3:982,200.3769,target_found,local,
Drone2_e915,Drone2,Drone1:907;Drone2:915;Drone3:959,199.6328,position_measured,send,Drone3
Drone2_e916,Drone2,Drone1:907;Drone2:916;Drone3:959,199.7739,position_measured,local,
Drone1_e925,Drone1,Drone1:925;Drone2:860;Drone3:979,200.3627,position_sent,local,
Drone2_e917,Drone2,Drone1:907;Drone2:917;Drone3:959,199.9338,position_measured,local,
Drone1_e926,Drone1,Drone1:926;Drone2:860;Drone3:979,200.5212,position_sent,local,
Drone2_e918,Drone2,Drone1:907;Drone2:918;Drone3:959,200.1611,position_measured,local,
Drone1_e927,Drone1,Drone1:927;Drone2:860;Drone3:979,200.6046,position_sent,send,Drone2
Drone2_e919,Drone2,Drone1:907;Drone2:919;Drone3:959,200.4363,position_measured,local,
Drone1_e928,Drone1,Drone1:928;Drone2:860;Drone3:979,200.8917,position_sent,local,
Drone3_e983,Drone3,Drone1:919;Drone2:860;Drone3:983,200.4566,target_found,local,
Drone2_e920,Drone2,Drone1:907;Drone2:920;Drone3:959,200.6863,position_measured,local,
Drone3_e984,Drone3,Drone1:919;Drone2:915;Drone3:984,200.6320,target_found,receive,Drone2
Drone3_e985,Drone3,Drone1:919;Drone2:915;Drone3:985,200.7793,target_found,local,
Drone1_e929,Drone1,Drone1:929;Drone2:860;Drone3:979,201.1399,position_sent,local,
Drone1_e930,Drone1,Drone1:930;Drone2:860;Drone3:979,201.3817,position_sent,send,Drone2
Drone1_e931,Drone1,Drone1:931;Drone2:860;Drone3:979,201.5391,position_sent,send,Drone3
Drone3_e986,Drone3,Drone1:919;Drone2:915;Drone3:986,200.9378,target_found,local,
Drone2_e921,Drone2,Drone1:927;Drone2:921;Drone3:979,200.9265,position_measured,receive,Drone1
Drone1_e932,Drone1,Drone1:932;Drone2:860;Drone3:979,201.7715,processing,local,
Drone1_e933,Drone1,Drone1:933;Drone2:860;Drone3:979,202.0375,processing,send,Drone2
Drone3_e987,Drone3,Drone1:931;Drone2:915;Drone3:987,201.6388,target_found,receive,Drone1
Drone3_e988,Drone3,Drone1:931;Drone2:915;Drone3:988,201.7145,target_found,local,
Drone3_e989,Drone3,Drone1:931;Drone2:915;Drone3:989,201.8098,target_found,local,
Drone3_e990,Drone3,Drone1:931;Drone2:915;Drone3:990,201.8970,target_found,local,
Drone1_e934,Drone1,Drone1:934;Drone2:860;Drone3:979,202.1560,processing,send,Drone2
Drone1_e935,Drone1,Drone1:935;Drone2:860;Drone3:979,202.3125,processing,local,
Drone3_e991,Drone3,Drone1:931;Drone2:915;Drone3:991,202.0421,target_found,send,Drone1
Drone3_e992,Drone3,Drone1:931;Drone2:915;Drone3:992,202.2504,position_measured,local,
Drone1_e936,Drone1,Drone1:936;Drone2:915;Drone3:991,202.4823,processing,receive,Drone3
Drone3_e993,Drone3,Drone1:931;Drone2:915;Drone3:993,202.3133,position_measured,local,
Drone1_e937,Drone1,Drone1:937;Drone2:915;Drone3:991,202.7681,processing,send,Drone3
Drone3_e994,Drone3,Drone1:931;Drone2:915;Drone3:994,202.4433,position_measured,local,
Drone1_e938,Drone1,Drone1:938;Drone2:915;Drone3:991,202.8311,processing,send,Drone2
Drone3_e995,Drone3,Drone1:937;Drone2:915;Drone3:995,202.9361,position_measured,receive,Drone1
Drone3_e996,Drone3,Drone1:937;Drone2:915;Drone3:996,203.0492,position_measured,send,Drone1
Drone2_e922,Drone2,Drone1:930;Drone2:922;Drone3:979,201.4596,position_sent,receive,Drone1
Drone3_e997,Drone3,Drone1:937;Drone2:915;Drone3:997,203.1820,position_measured,send,Drone1
Drone3_e998,Drone3,Drone1:937;Drone2:915;Drone3:998,203.4177,position_measured,local,
Drone3_e999,Drone3,Drone1:937;Drone2:915;Drone3:999,203.5606,position_measured,local,
Drone3_e1000,Drone3,Drone1:937;Drone2:915;Drone3:1000,203.6324,position_measured,send,Drone2
Drone1_e939,Drone1,Drone1:939;Drone2:915;Drone3:996,203.1094,processing,receive,Drone3
Drone3_e1001,Drone3,Drone1:937;Drone2:915;Drone3:1001,203.7306,position_measured,local,
Drone2_e923,Drone2,Drone1:930;Drone2:923;Drone3:979,201.5283,position_sent,local,
Drone3_e1002,Drone3,Drone1:937;Drone2:915;Drone3:1002,203.8560,position_sent,local,
Drone2_e924,Drone2,Drone1:930;Drone2:924;Drone3:979,201.6288,position_sent,local,
Drone3_e1003,Drone3,Drone1:937;Drone2:915;Drone3:1003,203.9539,position_sent,send,Drone1
Drone3_e1004,Drone3,Drone1:937;Drone2:915;Drone3:1004,204.2268,position_sent,local,
Drone3_e1005,Drone3,Drone1:937;Drone2:915;Drone3:1005,204.5006,position_sent,local,
Drone2_e925,Drone2,Drone1:930;Drone2:925;Drone3:979,201.7082,position_sent,local,
Drone2_e926,Drone2,Drone1:933;Drone2:926;Drone3:979,202.2184,position_sent,receive,Drone1
Drone3_e1006,Drone3,Drone1:937;Drone2:915;Drone3:1006,204.5923,position_sent,local,
Drone2_e927,Drone2,Drone1:933;Drone2:927;Drone3:979,202.3007,position_sent,local,
Drone1_e940,Drone1,Drone1:940;Drone2:915;Drone3:996,203.1746,processing,local,
Drone3_e1007,Drone3,Drone1:937;Drone2:915;Drone3:1007,204.7661,position_sent,send,Drone2
Drone3_e1008,Drone3,Drone1:937;Drone2:915;Drone3:1008,205.0589,position_sent,local,
Drone1_e941,Drone1,Drone1:941;Drone2:915;Drone3:996,203.3519,processing,local,
Drone3_e1009,Drone3,Drone1:937;Drone2:915;Drone3:1009,205.2092,position_sent,local,
Drone2_e928,Drone2,Drone1:937;Drone2:928;Drone3:1000,203.7224,position_sent,receive,Drone3
Drone1_e942,Drone1,Drone1:942;Drone2:915;Drone3:996,203.4042,relative_computed,local,
Drone3_e1010,Drone3,Drone1:937;Drone2:915;Drone3:1010,205.4361,position_sent,local,
Drone3_e1011,Drone3,Drone1:937;Drone2:915;Drone3:1011,205.5602,position_sent,send,Drone1
Drone2_e929,Drone2,Drone1:937;Drone2:929;Drone3:1000,203.8152,position_sent,local,
Drone1_e943,Drone1,Drone1:943;Drone2:915;Drone3:996,203.5271,relative_computed,local,
Drone3_e1012,Drone3,Drone1:937;Drone2:915;Drone3:1012,205.8420,processing,send,Drone2
Drone2_e930,Drone2,Drone1:937;Drone2:930;Drone3:1000,203.8781,position_sent,local,
Drone1_e944,Drone1,Drone1:944;Drone2:915;Drone3:996,203.6296,relative_computed,local,
Drone1_e945,Drone1,Drone1:945;Drone2:915;Drone3:997,203.8378,relative_computed,receive,Drone3
Drone2_e931,Drone2,Drone1:937;Drone2:931;Drone3:1000,204.1086,position_sent,receive,Drone1
Drone2_e932,Drone2,Drone1:937;Drone2:932;Drone3:1000,204.2323,processing,local,
Drone1_e946,Drone1,Drone1:946;Drone2:915;Drone3:997,203.8904,relative_computed,local,
Drone2_e933,Drone2,Drone1:938;Drone2:933;Drone3:1000,204.3265,processing,receive,Drone1
Drone1_e947,Drone1,Drone1:947;Drone2:915;Drone3:997,204.1851,relative_computed,local,
Drone3_e1013,Drone3,Drone1:937;Drone2:915;Drone3:1013,206.1284,processing,send,Drone2
Drone2_e934,Drone2,Drone1:938;Drone2:934;Drone3:1000,204.5351,processing,local,
Drone3_e1014,Drone3,Drone1:937;Drone2:915;Drone3:1014,206.2336,processing,send,Drone2
Drone2_e935,Drone2,Drone1:938;Drone2:935;Drone3:1007,204.8550,processing,receive,Drone3
Drone1_e948,Drone1,Drone1:948;Drone2:915;Drone3:997,204.3436,relative_computed,local,
Drone1_e949,Drone1,Drone1:949;Drone2:915;Drone3:997,204.4170,relative_computed,local,
Drone1_e950,Drone1,Drone1:950;Drone2:915;Drone3:997,204.6709,relative_computed,local,
Drone1_e951,Drone1,Drone1:951;Drone2:915;Drone3:1003,204.9567,relative_computed,receive,Drone3
Drone1_e952,Drone1,Drone1:952;Drone2:915;Drone3:1003,205.0120,formation_hold,local,
Drone1_e953,Drone1,Drone1:953;Drone2:915;Drone3:1003,205.2664,formation_hold,local,
Drone3_e1015,Drone3,Drone1:937;Drone2:915;Drone3:1015,206.3009,processing,local,
Drone1_e954,Drone1,Drone1:954;Drone2:915;Drone3:1003,205.4301,formation_hold,local,
Drone3_e1016,Drone3,Drone1:937;Drone2:915;Drone3:1016,206.3760,processing,local,
Drone3_e1017,Drone3,Drone1:937;Drone2:915;Drone3:1017,206.5768,processing,send,Drone1
Drone2_e936,Drone2,Drone1:938;Drone2:936;Drone3:1012,206.0986,processing,receive,Drone3
Drone3_e1018,Drone3,Drone1:937;Drone2:915;Drone3:1018,206.6599,processing,local,
Drone1_e955,Drone1,Drone1:955;Drone2:915;Drone3:1011,205.8083,formation_hold,receive,Drone3
Drone1_e956,Drone1,Drone1:956;Drone2:915;Drone3:1011,205.8849,formation_hold,local,
Drone3_e1019,Drone3,Drone1:937;Drone2:915;Drone3:1019,206.9230,processing,local,
Drone1_e957,Drone1,Drone1:957;Drone2:915;Drone3:1017,206.8167,formation_hold,receive,Drone3
Drone2_e937,Drone2,Drone1:938;Drone2:937;Drone3:1012,206.2255,processing,local,
Drone2_e938,Drone2,Drone1:938;Drone2:938;Drone3:1013,206.4114,processing,receive,Drone3
Drone2_e939,Drone2,Drone1:938;Drone2:939;Drone3:1013,206.4921,processing,local,
Drone1_e958,Drone1,Drone1:958;Drone2:915;Drone3:1017,206.8924,formation_hold,send,Drone3
Drone2_e940,Drone2,Drone1:938;Drone2:940;Drone3:1014,206.5481,processing,receive,Drone3
Drone2_e941,Drone2,Drone1:938;Drone2:941;Drone3:1014,206.6865,processing,local,
Drone2_e942,Drone2,Drone1:938;Drone2:942;Drone3:1014,206.9082,relative_computed,send,Drone3
Drone3_e1020,Drone3,Drone1:937;Drone2:915;Drone3:1020,207.0011,processing,local,
Drone1_e959,Drone1,Drone1:959;Drone2:915;Drone3:1017,206.9985,formation_hold,local,
Drone2_e943,Drone2,Drone1:938;Drone2:943;Drone3:1014,207.1121,relative_computed,local,
Drone1_e960,Drone1,Drone1:960;Drone2:915;Drone3:1017,207.2797,formation_hold,local,
Drone1_e961,Drone1,Drone1:961;Drone2:915;Drone3:1017,207.4808,formation_hold,local,
Drone1_e962,Drone1,Drone1:962;Drone2:915;Drone3:1017,207.6145,idle,local,
Drone1_e963,Drone1,Drone1:963;Drone2:915;Drone3:1017,207.7021,idle,local,
Drone3_e1021,Drone3,Drone1:937;Drone2:915;Drone3:1021,207.2073,processing,local,
Drone2_e944,Drone2,Drone1:938;Drone2:944;Drone3:1014,207.1881,relative_computed,local,
Drone2_e945,Drone2,Drone1:938;Drone2:945;Drone3:1014,207.4713,relative_computed,local,
Drone3_e1022,Drone3,Drone1:937;Drone2:915;Drone3:1022,207.4545,relative_computed,local,
Drone1_e964,Drone1,Drone1:964;Drone2:915;Drone3:1017,207.7887,idle,local,
Drone1_e965,Drone1,Drone1:965;Drone2:915;Drone3:1017,208.0191,idle,local,
Drone2_e946,Drone2,Drone1:938;Drone2:946;Drone3:1014,207.5496,relative_computed,local,
Drone2_e947,Drone2,Drone1:938;Drone2:947;Drone3:1014,207.6692,relative_computed,local,
Drone1_e966,Drone1,Drone1:966;Drone2:915;Drone3:1017,208.1009,idle,local,
Drone2_e948,Drone2,Drone1:938;Drone2:948;Drone3:1014,207.8427,relative_computed,local,
Drone2_e949,Drone2,Drone1:938;Drone2:949;Drone3:1014,207.9962,relative_computed,local,
Drone3_e1023,Drone3,Drone1:958;Drone2:915;Drone3:1023,207.6003,relative_computed,receive,Drone1
Drone3_e1024,Drone3,Drone1:958;Drone2:915;Drone3:1024,207.7838,relative_computed,local,
Drone3_e1025,Drone3,Drone1:958;Drone2:915;Drone3:1025,207.8913,relative_computed,local,
Drone1_e967,Drone1,Drone1:967;Drone2:915;Drone3:1017,208.2564,idle,local,
Drone3_e1026,Drone3,Drone1:958;Drone2:915;Drone3:1026,208.1441,relative_computed,local,
Drone1_e968,Drone1,Drone1:968;Drone2:915;Drone3:1017,208.3652,idle,local,
Drone1_e969,Drone1,Drone1:969;Drone2:915;Drone3:1017,208.5058,idle,send,Drone2
Drone2_e950,Drone2,Drone1:938;Drone2:950;Drone3:1014,208.2765,relative_computed,local,
Drone1_e970,Drone1,Drone1:970;Drone2:915;Drone3:1017,208.6460,idle,local,
Drone1_e971,Drone1,Drone1:971;Drone2:915;Drone3:1017,208.9048,idle,send,Drone2
Drone3_e1027,Drone3,Drone1:958;Drone2:915;Drone3:1027,208.4224,relative_computed,local,
Drone1_e972,Drone1,Drone1:972;Drone2:915;Drone3:1017,208.9688,scanning,send,Drone2
Drone1_e973,Drone1,Drone1:973;Drone2:915;Drone3:1017,209.1132,scanning,send,Drone2
Drone1_e974,Drone1,Drone1:974;Drone2:915;Drone3:1017,209.2693,scanning,local,
Drone1_e975,Drone1,Drone1:975;Drone2:915;Drone3:1017,209.4850,scanning,local,
Drone1_e976,Drone1,Drone1:976;Drone2:915;Drone3:1017,209.6835,scanning,local,
Drone1_e977,Drone1,Drone1:977;Drone2:915;Drone3:1017,209.7688,scanning,send,Drone3
Drone1_e978,Drone1,Drone1:978;Drone2:915;Drone3:1017,209.8563,scanning,send,Drone3
Drone1_e979,Drone1,Drone1:979;Drone2:915;Drone3:1017,209.9413,scanning,local,
Drone3_e1028,Drone3,Drone1:958;Drone2:915;Drone3:1028,208.5473,relative_computed,local,
Drone2_e951,Drone2,Drone1:938;Drone2:951;Drone3:1014,208.4374,relative_computed,local,
Drone3_e1029,Drone3,Drone1:958;Drone2:915;Drone3:1029,208.6689,relative_computed,local,
Drone1_e980,Drone1,Drone1:980;Drone2:915;Drone3:1017,210.1423,scanning,send,Drone2
Drone1_e981,Drone1,Drone1:981;Drone2:915;Drone3:1017,210.1950,scanning,local,
Drone2_e952,Drone2,Drone1:938;Drone2:952;Drone3:1014,208.7064,formation_hold,local,
Drone3_e1030,Drone3,Drone1:958;Drone2:915;Drone3:1030,208.7835,relative_computed,local,
Drone3_e1031,Drone3,Drone1:958;Drone2:915;Drone3:1031,209.0108,relative_computed,local,
Drone2_e953,Drone2,Drone1:938;Drone2:953;Drone3:1014,208.8244,formation_hold,local,
Drone1_e982,Drone1,Drone1:982;Drone2:915;Drone3:1017,210.4895,target_found,local,
Drone1_e983,Drone1,Drone1:983;Drone2:915;Drone3:1017,210.6396,target_found,local,
Drone1_e984,Drone1,Drone1:984;Drone2:915;Drone3:1017,210.8952,target_found,send,Drone2
Drone3_e1032,Drone3,Drone1:958;Drone2:915;Drone3:1032,209.0801,formation_hold,local,
Drone3_e1033,Drone3,Drone1:958;Drone2:915;Drone3:1033,209.2084,formation_hold,local,
Drone3_e1034,Drone3,Drone1:958;Drone2:915;Drone3:1034,209.3535,formation_hold,local,
Drone1_e985,Drone1,Drone1:985;Drone2:915;Drone3:1017,211.1069,target_found,local,
Drone1_e986,Drone1,Drone1:986;Drone2:915;Drone3:1017,211.1764,target_found,send,Drone2
Drone3_e1035,Drone3,Drone1:958;Drone2:915;Drone3:1035,209.4874,formation_hold,local,
Drone1_e987,Drone1,Drone1:987;Drone2:915;Drone3:1017,211.2427,target_found,send,Drone2
Drone3_e1036,Drone3,Drone1:958;Drone2:942;Drone3:1036,209.5843,formation_hold,receive,Drone2
Drone1_e988,Drone1,Drone1:988;Drone2:915;Drone3:1017,211.3008,target_found,local,
Drone2_e954,Drone2,Drone1:969;Drone2:954;Drone3:1017,209.0153,formation_hold,receive,Drone1
Drone2_e955,Drone2,Drone1:971;Drone2:955;Drone3:1017,209.0886,formation_hold,receive,Drone1
Drone2_e956,Drone2,Drone1:972;Drone2:956;Drone3:1017,209.3266,formation_hold,receive,Drone1
Drone2_e957,Drone2,Drone1:972;Drone2:957;Drone3:1017,209.4552,formation_hold,local,
Drone2_e958,Drone2,Drone1:972;Drone2:958;Drone3:1017,209.7486,formation_hold,local,
Drone3_e1037,Drone3,Drone1:958;Drone2:942;Drone3:1037,209.7171,formation_hold,local,
Drone3_e1038,Drone3,Drone1:958;Drone2:942;Drone3:1038,209.8927,formation_hold,local,
Drone1_e989,Drone1,Drone1:989;Drone2:915;Drone3:1017,211.4700,target_found,send,Drone3
Drone1_e990,Drone1,Drone1:990;Drone2:915;Drone3:1017,211.6906,target_found,send,Drone2
Drone1_e991,Drone1,Drone1:991;Drone2:915;Drone3:1017,211.7639,target_found,local,
Drone3_e1039,Drone3,Drone1:977;Drone2:942;Drone3:1039,210.1446,formation_hold,receive,Drone1
Drone3_e1040,Drone3,Drone1:978;Drone2:942;Drone3:1040,210.4429,formation_hold,receive,Drone1
Drone3_e1041,Drone3,Drone1:978;Drone2:942;Drone3:1041,210.6751,formation_hold,local,
Drone3_e1042,Drone3,Drone1:978;Drone2:942;Drone3:1042,210.9173,idle,local,
Drone2_e959,Drone2,Drone1:972;Drone2:959;Drone3:1017,209.8834,formation_hold,local,
Drone2_e960,Drone2,Drone1:972;Drone2:960;Drone3:1017,210.1684,formation_hold,local,
Drone1_e992,Drone1,Drone1:992;Drone2:915;Drone3:1017,212.0075,position_measured,local,
Drone2_e961,Drone2,Drone1:973;Drone2:961;Drone3:1017,210.4579,formation_hold,receive,Drone1
Drone3_e1043,Drone3,Drone1:978;Drone2:942;Drone3:1043,211.0916,idle,local,
Drone1_e993,Drone1,Drone1:993;Drone2:915;Drone3:1017,212.1943,position_measured,send,Drone3
Drone1_e994,Drone1,Drone1:994;Drone2:915;Drone3:1017,212.3580,position_measured,local,
Drone1_e995,Drone1,Drone1:995;Drone2:915;Drone3:1017,212.4483,position_measured,local,
Drone2_e962,Drone2,Drone1:973;Drone2:962;Drone3:1017,210.5963,idle,local,
Drone1_e996,Drone1,Drone1:996;Drone2:915;Drone3:1017,212.5628,position_measured,send,Drone3
Drone2_e963,Drone2,Drone1:973;Drone2:963;Drone3:1017,210.8371,idle,local,
Drone2_e964,Drone2,Drone1:973;Drone2:964;Drone3:1017,210.9222,idle,local,
Drone1_e997,Drone1,Drone1:997;Drone2:915;Drone3:1017,212.7349,position_measured,local,
Drone2_e965,Drone2,Drone1:973;Drone2:965;Drone3:1017,211.0724,idle,local,
Drone3_e1044,Drone3,Drone1:978;Drone2:942;Drone3:1044,211.1739,idle,local,
Drone2_e966,Drone2,Drone1:973;Drone2:966;Drone3:1017,211.2786,idle,local,
Drone2_e967,Drone2,Drone1:980;Drone2:967;Drone3:1017,211.4550,idle,receive,Drone1
Drone2_e968,Drone2,Drone1:980;Drone2:968;Drone3:1017,211.7529,idle,local,
Drone1_e998,Drone1,Drone1:998;Drone2:915;Drone3:1017,212.9459,position_measured,local,
Drone3_e1045,Drone3,Drone1:978;Drone2:942;Drone3:1045,211.3988,idle,local,
Drone3_e1046,Drone3,Drone1:989;Drone2:942;Drone3:1046,211.5927,idle,receive,Drone1
Drone1_e999,Drone1,Drone1:999;Drone2:915;Drone3:1017,213.2093,position_measured,local,
Drone1_e1000,Drone1,Drone1:1000;Drone2:915;Drone3:1017,213.3749,position_measured,local,
Drone1_e1001,Drone1,Drone1:1001;Drone2:915;Drone3:1017,213.5420,position_measured,local,
Drone3_e1047,Drone3,Drone1:989;Drone2:942;Drone3:1047,211.7589,idle,local,
Drone1_e1002,Drone1,Drone1:1002;Drone2:915;Drone3:1017,213.8214,position_sent,send,Drone2
Drone2_e969,Drone2,Drone1:980;Drone2:969;Drone3:1017,211.8527,idle,local,
Drone2_e970,Drone2,Drone1:984;Drone2:970;Drone3:1017,212.1518,idle,receive,Drone1
Drone2_e971,Drone2,Drone1:986;Drone2:971;Drone3:1017,212.2304,idle,receive,Drone1
Drone2_e972,Drone2,Drone1:987;Drone2:972;Drone3:1017,212.5176,scanning,receive,Drone1
Drone1_e1003,Drone1,Drone1:1003;Drone2:915;Drone3:1017,213.9514,position_sent,local,
Drone1_e1004,Drone1,Drone1:1004;Drone2:915;Drone3:1017,214.1950,position_sent,local,
Drone1_e1005,Drone1,Drone1:1005;Drone2:915;Drone3:1017,214.3353,position_sent,local,
Drone2_e973,Drone2,Drone1:987;Drone2:973;Drone3:1017,212.6209,scanning,local,
Drone1_e1006,Drone1,Drone1:1006;Drone2:915;Drone3:1017,214.6235,position_sent,local,
Drone3_e1048,Drone3,Drone1:989;Drone2:942;Drone3:1048,211.8719,idle,local,
Drone1_e1007,Drone1,Drone1:1007;Drone2:915;Drone3:1017,214.7420,position_sent,send,Drone2
Drone1_e1008,Drone1,Drone1:1008;Drone2:915;Drone3:1017,215.0098,position_sent,send,Drone3
Drone3_e1049,Drone3,Drone1:993;Drone2:942;Drone3:1049,212.2903,idle,receive,Drone1
Drone1_e1009,Drone1,Drone1:1009;Drone2:915;Drone3:1017,215.1453,position_sent,send,Drone3
Drone2_e974,Drone2,Drone1:990;Drone2:974;Drone3:1017,212.9064,scanning,receive,Drone1
Drone2_e975,Drone2,Drone1:990;Drone2:975;Drone3:1017,213.1286,scanning,local,
Drone1_e1010,Drone1,Drone1:1010;Drone2:915;Drone3:1017,215.3045,position_sent,local,
Drone3_e1050,Drone3,Drone1:993;Drone2:942;Drone3:1050,212.5460,idle,local,
Drone3_e1051,Drone3,Drone1:993;Drone2:942;Drone3:1051,212.7453,idle,local,
Drone1_e1011,Drone1,Drone1:1011;Drone2:915;Drone3:1017,215.4991,position_sent,local,
Drone1_e1012,Drone1,Drone1:1012;Drone2:915;Drone3:1017,215.7957,processing,local,
Drone3_e1052,Drone3,Drone1:993;Drone2:942;Drone3:1052,212.9795,scanning,local,
Drone2_e976,Drone2,Drone1:1002;Drone2:976;Drone3:1017,214.1048,scanning,receive,Drone1
Drone2_e977,Drone2,Drone1:1002;Drone2:977;Drone3:1017,214.1832,scanning,local,
Drone3_e1053,Drone3,Drone1:993;Drone2:942;Drone3:1053,213.1597,scanning,local,
Drone1_e1013,Drone1,Drone1:1013;Drone2:915;Drone3:1017,216.0815,processing,local,
Drone1_e1014,Drone1,Drone1:1014;Drone2:915;Drone3:1017,216.2913,processing,local,
Drone3_e1054,Drone3,Drone1:996;Drone2:942;Drone3:1054,213.3961,scanning,receive,Drone1
Drone1_e1015,Drone1,Drone1:1015;Drone2:915;Drone3:1017,216.4778,processing,local,
Drone1_e1016,Drone1,Drone1:1016;Drone2:915;Drone3:1017,216.5818,processing,local,
Drone1_e1017,Drone1,Drone1:1017;Drone2:915;Drone3:1017,216.8748,processing,local,
Drone3_e1055,Drone3,Drone1:996;Drone2:942;Drone3:1055,213.5387,scanning,local,
Drone2_e978,Drone2,Drone1:1007;Drone2:978;Drone3:1017,214.9175,scanning,receive,Drone1
Drone1_e1018,Drone1,Drone1:1018;Drone2:915;Drone3:1017,217.0870,processing,local,
Drone2_e979,Drone2,Drone1:1007;Drone2:979;Drone3:1017,215.0554,scanning,local,
Drone3_e1056,Drone3,Drone1:996;Drone2:942;Drone3:1056,213.8322,scanning,local,
Drone2_e980,Drone2,Drone1:1007;Drone2:980;Drone3:1017,215.2201,scanning,send,Drone1
Drone2_e981,Drone2,Drone1:1007;Drone2:981;Drone3:1017,215.4058,scanning,send,Drone1
Drone2_e982,Drone2,Drone1:1007;Drone2:982;Drone3:1017,215.6144,target_found,send,Drone3
Drone3_e1057,Drone3,Drone1:996;Drone2:942;Drone3:1057,214.1135,scanning,local,
Drone1_e1019,Drone1,Drone1:1019;Drone2:915;Drone3:1017,217.3385,processing,local,
Drone1_e1020,Drone1,Drone1:1020;Drone2:980;Drone3:1017,217.5425,processing,receive,Drone2
Drone2_e983,Drone2,Drone1:1007;Drone2:983;Drone3:1017,215.8227,target_found,send,Drone1
Drone3_e1058,Drone3,Drone1:996;Drone2:942;Drone3:1058,214.1716,scanning,local,
Drone2_e984,Drone2,Drone1:1007;Drone2:984;Drone3:1017,215.9257,target_found,local,
Drone2_e985,Drone2,Drone1:1007;Drone2:985;Drone3:1017,216.0043,target_found,local,
Drone2_e986,Drone2,Drone1:1007;Drone2:986;Drone3:1017,216.1420,target_found,local,
Drone2_e987,Drone2,Drone1:1007;Drone2:987;Drone3:1017,216.3971,target_found,local,
Drone3_e1059,Drone3,Drone1:996;Drone2:942;Drone3:1059,214.3206,scanning,local,
Drone2_e988,Drone2,Drone1:1007;Drone2:988;Drone3:1017,216.5740,target_found,local,
Drone2_e989,Drone2,Drone1:1007;Drone2:989;Drone3:1017,216.6901,target_found,local,
Drone2_e990,Drone2,Drone1:1007;Drone2:990;Drone3:1017,216.7411,target_found,local,
Drone2_e991,Drone2,Drone1:1007;Drone2:991;Drone3:1017,216.8295,target_found,send,Drone1
Drone2_e992,Drone2,Drone1:1007;Drone2:992;Drone3:1017,217.0092,position_measured,local,
Drone3_e1060,Drone3,Drone1:996;Drone2:942;Drone3:1060,214.4543,scanning,local,
Drone3_e1061,Drone3,Drone1:996;Drone2:942;Drone3:1061,214.5648,scanning,local,
Drone2_e993,Drone2,Drone1:1007;Drone2:993;Drone3:1017,217.2664,position_measured,send,Drone3
Drone3_e1062,Drone3,Drone1:996;Drone2:942;Drone3:1062,214.8497,target_found,local,
Drone2_e994,Drone2,Drone1:1007;Drone2:994;Drone3:1017,217.3598,position_measured,local,
Drone2_e995,Drone2,Drone1:1007;Drone2:995;Drone3:1017,217.5191,position_measured,local,
Drone1_e1021,Drone1,Drone1:1021;Drone2:980;Drone3:1017,217.6241,processing,local,
Drone1_e1022,Drone1,Drone1:1022;Drone2:980;Drone3:1017,217.8702,relative_computed,local,
Drone3_e1063,Drone3,Drone1:996;Drone2:942;Drone3:1063,215.1090,target_found,local,
Drone1_e1023,Drone1,Drone1:1023;Drone2:980;Drone3:1017,217.9711,relative_computed,local,
Drone1_e1024,Drone1,Drone1:1024;Drone2:981;Drone3:1017,218.1784,relative_computed,receive,Drone2
Drone3_e1064,Drone3,Drone1:1008;Drone2:942;Drone3:1064,215.3019,target_found,receive,Drone1
Drone1_e1025,Drone1,Drone1:1025;Drone2:981;Drone3:1017,218.2610,relative_computed,local,
Drone2_e996,Drone2,Drone1:1007;Drone2:996;Drone3:1017,217.7635,position_measured,local,
Drone1_e1026,Drone1,Drone1:1026;Drone2:983;Drone3:1017,218.3852,relative_computed,receive,Drone2
Drone3_e1065,Drone3,Drone1:1008;Drone2:942;Drone3:1065,215.5335,target_found,local,
Drone2_e997,Drone2,Drone1:1007;Drone2:997;Drone3:1017,217.9784,position_measured,local,
Drone2_e998,Drone2,Drone1:1007;Drone2:998;Drone3:1017,218.1852,position_measured,send,Drone1
Drone3_e1066,Drone3,Drone1:1008;Drone2:942;Drone3:1066,215.8003,target_found,local,
Drone1_e1027,Drone1,Drone1:1027;Drone2:983;Drone3:1017,218.5842,relative_computed,local,
Drone1_e1028,Drone1,Drone1:1028;Drone2:991;Drone3:1017,218.8579,relative_computed,receive,Drone2
Drone1_e1029,Drone1,Drone1:1029;Drone2:998;Drone3:1017,219.1360,relative_computed,receive,Drone2
Drone1_e1030,Drone1,Drone1:1030;Drone2:998;Drone3:1017,219.3088,relative_computed,local,
Drone1_e1031,Drone1,Drone1:1031;Drone2:998;Drone3:1017,219.4804,relative_computed,local,
Drone3_e1067,Drone3,Drone1:1008;Drone2:982;Drone3:1067,215.9441,target_found,receive,Drone2
Drone2_e999,Drone2,Drone1:1007;Drone2:999;Drone3:1017,218.3479,position_measured,local,
Drone1_e1032,Drone1,Drone1:1032;Drone2:998;Drone3:1017,219.7563,formation_hold,send,Drone2
Drone3_e1068,Drone3,Drone1:1008;Drone2:982;Drone3:1068,216.1457,target_found,local,
Drone1_e1033,Drone1,Drone1:1033;Drone2:998;Drone3:1017,220.0548,formation_hold,send,Drone3
Drone2_e1000,Drone2,Drone1:1007;Drone2:1000;Drone3:1017,218.5479,position_measured,local,
Drone1_e1034,Drone1,Drone1:1034;Drone2:998;Drone3:1017,220.3364,formation_hold,send,Drone3
Drone1_e1035,Drone1,Drone1:1035;Drone2:998;Drone3:1017,220.5204,formation_hold,local,
Drone3_e1069,Drone3,Drone1:1008;Drone2:982;Drone3:1069,216.2338,target_found,local,
Drone2_e1001,Drone2,Drone1:1032;Drone2:1001;Drone3:1017,219.8137,position_measured,receive,Drone1
Drone1_e1036,Drone1,Drone1:1036;Drone2:998;Drone3:1017,220.6373,formation_hold,send,Drone2
Drone2_e1002,Drone2,Drone1:1036;Drone2:1002;Drone3:1017,220.7744,position_sent,receive,Drone1
Drone3_e1070,Drone3,Drone1:1008;Drone2:982;Drone3:1070,216.4006,target_found,local,
Drone2_e1003,Drone2,Drone1:1036;Drone2:1003;Drone3:1017,221.0610,position_sent,local,
Drone1_e1037,Drone1,Drone1:1037;Drone2:998;Drone3:1017,220.8591,formation_hold,send,Drone2
Drone3_e1071,Drone3,Drone1:1008;Drone2:993;Drone3:1071,217.3421,target_found,receive,Drone2
Drone3_e1072,Drone3,Drone1:1009;Drone2:993;Drone3:1072,217.6305,position_measured,receive,Drone1
Drone2_e1004,Drone2,Drone1:1036;Drone2:1004;Drone3:1017,221.2226,position_sent,local,
Drone3_e1073,Drone3,Drone1:1009;Drone2:993;Drone3:1073,217.8845,position_measured,local,
Drone3_e1074,Drone3,Drone1:1033;Drone2:998;Drone3:1074,220.2121,position_measured,receive,Drone1
Drone3_e1075,Drone3,Drone1:1034;Drone2:998;Drone3:1075,220.4988,position_measured,receive,Drone1
Drone1_e1038,Drone1,Drone1:1038;Drone2:998;Drone3:1017,220.9723,formation_hold,local,
Drone2_e1005,Drone2,Drone1:1037;Drone2:1005;Drone3:1017,221.3721,position_sent,receive,Drone1
Drone1_e1039,Drone1,Drone1:1039;Drone2:998;Drone3:1017,221.1297,formation_hold,send,Drone3
Drone1_e1040,Drone1,Drone1:1040;Drone2:998;Drone3:1017,221.1978,formation_hold,local,
Drone3_e1076,Drone3,Drone1:1039;Drone2:998;Drone3:1076,221.3746,position_measured,receive,Drone1
Drone1_e1041,Drone1,Drone1:1041;Drone2:998;Drone3:1017,221.4270,formation_hold,send,Drone2
Drone1_e1042,Drone1,Drone1:1042;Drone2:998;Drone3:1017,221.6758,idle,local,
Drone1_e1043,Drone1,Drone1:1043;Drone2:998;Drone3:1017,221.8222,idle,local,
Drone3_e1077,Drone3,Drone1:1039;Drone2:998;Drone3:1077,221.4503,position_measured,send,Drone1
Drone2_e1006,Drone2,Drone1:1037;Drone2:1006;Drone3:1017,221.6587,position_sent,local,
Drone3_e1078,Drone3,Drone1:1039;Drone2:998;Drone3:1078,221.6708,position_measured,send,Drone2
Drone2_e1007,Drone2,Drone1:1041;Drone2:1007;Drone3:1017,221.7582,position_sent,receive,Drone1
Drone1_e1044,Drone1,Drone1:1044;Drone2:998;Drone3:1017,221.9969,idle,local,
Drone2_e1008,Drone2,Drone1:1041;Drone2:1008;Drone3:1017,221.8393,position_sent,local,
Drone1_e1045,Drone1,Drone1:1045;Drone2:998;Drone3:1017,222.1947,idle,local,
Drone1_e1046,Drone1,Drone1:1046;Drone2:998;Drone3:1017,222.3160,idle,local,
Drone3_e1079,Drone3,Drone1:1039;Drone2:998;Drone3:1079,221.8648,position_measured,local,
Drone1_e1047,Drone1,Drone1:1047;Drone2:998;Drone3:1017,222.4370,idle,local,
Drone2_e1009,Drone2,Drone1:1041;Drone2:1009;Drone3:1078,221.9736,position_sent,receive,Drone3
Drone1_e1048,Drone1,Drone1:1048;Drone2:998;Drone3:1077,222.6945,idle,receive,Drone3
Drone2_e1010,Drone2,Drone1:1041;Drone2:1010;Drone3:1078,222.0923,position_sent,local,
Drone2_e1011,Drone2,Drone1:1041;Drone2:1011;Drone3:1078,222.2814,position_sent,local,
Drone2_e1012,Drone2,Drone1:1041;Drone2:1012;Drone3:1078,222.3432,processing,local,
Drone2_e1013,Drone2,Drone1:1041;Drone2:1013;Drone3:1078,222.5068,processing,local,
Drone3_e1080,Drone3,Drone1:1039;Drone2:998;Drone3:1080,221.9451,position_measured,local,
Drone2_e1014,Drone2,Drone1:1041;Drone2:1014;Drone3:1078,222.5825,processing,local,
Drone1_e1049,Drone1,Drone1:1049;Drone2:998;Drone3:1077,222.7792,idle,send,Drone2
Drone2_e1015,Drone2,Drone1:1041;Drone2:1015;Drone3:1078,222.8136,processing,local,
Drone1_e1050,Drone1,Drone1:1050;Drone2:998;Drone3:1077,223.0102,idle,send,Drone2
Drone2_e1016,Drone2,Drone1:1041;Drone2:1016;Drone3:1078,222.9979,processing,local,
Drone1_e1051,Drone1,Drone1:1051;Drone2:998;Drone3:1077,223.2772,idle,local,
Drone2_e1017,Drone2,Drone1:1041;Drone2:1017;Drone3:1078,223.0587,processing,local,
Drone1_e1052,Drone1,Drone1:1052;Drone2:998;Drone3:1077,223.3460,scanning,local,
Drone2_e1018,Drone2,Drone1:1041;Drone2:1018;Drone3:1078,223.3066,processing,local,
Drone2_e1019,Drone2,Drone1:1049;Drone2:1019;Drone3:1078,223.5878,processing,receive,Drone1
Drone3_e1081,Drone3,Drone1:1039;Drone2:998;Drone3:1081,222.0267,position_measured,local,
Drone1_e1053,Drone1,Drone1:1053;Drone2:998;Drone3:1077,223.6179,scanning,local,
Drone2_e1020,Drone2,Drone1:1049;Drone2:1020;Drone3:1078,223.8049,processing,local,
Drone3_e1082,Drone3,Drone1:1039;Drone2:998;Drone3:1082,222.2212,position_sent,local,
Drone3_e1083,Drone3,Drone1:1039;Drone2:998;Drone3:1083,222.3413,position_sent,local,
Drone3_e1084,Drone3,Drone1:1039;Drone2:998;Drone3:1084,222.4142,position_sent,local,
Drone2_e1021,Drone2,Drone1:1049;Drone2:1021;Drone3:1078,223.9431,processing,local,
Drone1_e1054,Drone1,Drone1:1054;Drone2:998;Drone3:1077,223.8518,scanning,local,
Drone1_e1055,Drone1,Drone1:1055;Drone2:998;Drone3:1077,223.9205,scanning,local,
Drone2_e1022,Drone2,Drone1:1050;Drone2:1022;Drone3:1078,224.1608,relative_computed,receive,Drone1
Drone2_e1023,Drone2,Drone1:1050;Drone2:1023;Drone3:1078,224.2578,relative_computed,local,
Drone1_e1056,Drone1,Drone1:1056;Drone2:998;Drone3:1077,224.1740,scanning,local,
Drone3_e1085,Drone3,Drone1:1039;Drone2:998;Drone3:1085,222.5426,position_sent,local,
Drone2_e1024,Drone2,Drone1:1050;Drone2:1024;Drone3:1078,224.4716,relative_computed,local,
Drone3_e1086,Drone3,Drone1:1039;Drone2:998;Drone3:1086,222.6473,position_sent,send,Drone1
Drone2_e1025,Drone2,Drone1:1050;Drone2:1025;Drone3:1078,224.6347,relative_computed,local,
Drone3_e1087,Drone3,Drone1:1039;Drone2:998;Drone3:1087,222.8923,position_sent,local,
Drone1_e1057,Drone1,Drone1:1057;Drone2:998;Drone3:1086,224.2651,scanning,receive,Drone3
Drone2_e1026,Drone2,Drone1:1050;Drone2:1026;Drone3:1078,224.8290,relative_computed,local,
Drone1_e1058,Drone1,Drone1:1058;Drone2:998;Drone3:1086,224.5013,scanning,send,Drone2
Drone1_e1059,Drone1,Drone1:1059;Drone2:998;Drone3:1086,224.5981,scanning,send,Drone3
Drone1_e1060,Drone1,Drone1:1060;Drone2:998;Drone3:1086,224.7808,scanning,local,
Drone2_e1027,Drone2,Drone1:1058;Drone2:1027;Drone3:1086,224.9676,relative_computed,receive,Drone1
Drone1_e1061,Drone1,Drone1:1061;Drone2:998;Drone3:1086,224.9578,scanning,send,Drone3
Drone1_e1062,Drone1,Drone1:1062;Drone2:998;Drone3:1086,225.1002,target_found,local,
Drone1_e1063,Drone1,Drone1:1063;Drone2:998;Drone3:1086,225.3332,target_found,local,
Drone2_e1028,Drone2,Drone1:1058;Drone2:1028;Drone3:1086,225.1183,relative_computed,send,Drone1
Drone3_e1088,Drone3,Drone1:1059;Drone2:998;Drone3:1088,224.7778,position_sent,receive,Drone1
Drone1_e1064,Drone1,Drone1:1064;Drone2:998;Drone3:1086,225.5448,target_found,local,
Drone1_e1065,Drone1,Drone1:1065;Drone2:1028;Drone3:1086,225.8186,target_found,receive,Drone2
Drone3_e1089,Drone3,Drone1:1061;Drone2:998;Drone3:1089,225.1408,position_sent,receive,Drone1
Drone2_e1029,Drone2,Drone1:1058;Drone2:1029;Drone3:1086,225.2663,relative_computed,send,Drone3
Drone1_e1066,Drone1,Drone1:1066;Drone2:1028;Drone3:1086,225.9924,target_found,send,Drone3
Drone1_e1067,Drone1,Drone1:1067;Drone2:1028;Drone3:1086,226.1293,target_found,local,
Drone2_e1030,Drone2,Drone1:1058;Drone2:1030;Drone3:1086,225.3882,relative_computed,local,
Drone1_e1068,Drone1,Drone1:1068;Drone2:1028;Drone3:1086,226.3641,target_found,send,Drone3
Drone3_e1090,Drone3,Drone1:1061;Drone2:1029;Drone3:1090,225.4866,position_sent,receive,Drone2
Drone1_e1069,Drone1,Drone1:1069;Drone2:1028;Drone3:1086,226.4495,target_found,send,Drone3
Drone1_e1070,Drone1,Drone1:1070;Drone2:1028;Drone3:1086,226.6065,target_found,local,
Drone1_e1071,Drone1,Drone1:1071;Drone2:1028;Drone3:1086,226.8768,target_found,send,Drone3
Drone1_e1072,Drone1,Drone1:1072;Drone2:1028;Drone3:1086,227.1401,position_measured,local,
Drone3_e1091,Drone3,Drone1:1066;Drone2:1029;Drone3:1091,226.1882,position_sent,receive,Drone1
Drone2_e1031,Drone2,Drone1:1058;Drone2:1031;Drone3:1086,225.5564,relative_computed,local,
Drone1_e1073,Drone1,Drone1:1073;Drone2:1028;Drone3:1086,227.3319,position_measured,local,
Drone2_e1032,Drone2,Drone1:1058;Drone2:1032;Drone3:1086,225.7377,formation_hold,local,
Drone1_e1074,Drone1,Drone1:1074;Drone2:1028;Drone3:1086,227.5757,position_measured,local,
Drone1_e1075,Drone1,Drone1:1075;Drone2:1028;Drone3:1086,227.8098,position_measured,local,
Drone2_e1033,Drone2,Drone1:1058;Drone2:1033;Drone3:1086,225.8754,formation_hold,local,
Drone3_e1092,Drone3,Drone1:1068;Drone2:1029;Drone3:1092,226.4775,processing,receive,Drone1
Drone2_e1034,Drone2,Drone1:1058;Drone2:1034;Drone3:1086,226.0007,formation_hold,send,Drone3
Drone2_e1035,Drone2,Drone1:1058;Drone2:1035;Drone3:1086,226.2443,formation_hold,local,
Drone3_e1093,Drone3,Drone1:1068;Drone2:1029;Drone3:1093,226.5949,processing,local,
Drone3_e1094,Drone3,Drone1:1068;Drone2:1029;Drone3:1094,226.6501,processing,local,
Drone2_e1036,Drone2,Drone1:1058;Drone2:1036;Drone3:1086,226.4592,formation_hold,local,
Drone1_e1076,Drone1,Drone1:1076;Drone2:1028;Drone3:1086,227.8675,position_measured,local,
Drone3_e1095,Drone3,Drone1:1068;Drone2:1029;Drone3:1095,226.9434,processing,local,
Drone2_e1037,Drone2,Drone1:1058;Drone2:1037;Drone3:1086,226.5576,formation_hold,send,Drone1
Drone2_e1038,Drone2,Drone1:1058;Drone2:1038;Drone3:1086,226.8490,formation_hold,local,
Drone3_e1096,Drone3,Drone1:1068;Drone2:1029;Drone3:1096,227.2183,processing,local,
Drone2_e1039,Drone2,Drone1:1058;Drone2:1039;Drone3:1086,227.1180,formation_hold,local,
Drone1_e1077,Drone1,Drone1:1077;Drone2:1037;Drone3:1086,228.1395,position_measured,receive,Drone2
Drone2_e1040,Drone2,Drone1:1058;Drone2:1040;Drone3:1086,227.4043,formation_hold,local,
Drone2_e1041,Drone2,Drone1:1058;Drone2:1041;Drone3:1086,227.4646,formation_hold,local,
Drone3_e1097,Drone3,Drone1:1068;Drone2:1029;Drone3:1097,227.4768,processing,local,
Drone1_e1078,Drone1,Drone1:1078;Drone2:1037;Drone3:1086,228.3033,position_measured,local,
Drone2_e1042,Drone2,Drone1:1058;Drone2:1042;Drone3:1086,227.6393,idle,send,Drone1
Drone3_e1098,Drone3,Drone1:1069;Drone2:1029;Drone3:1098,227.6576,processing,receive,Drone1
Drone2_e1043,Drone2,Drone1:1058;Drone2:1043;Drone3:1086,227.8554,idle,local,
Drone2_e1044,Drone2,Drone1:1058;Drone2:1044;Drone3:1086,227.9216,idle,local,
Drone2_e1045,Drone2,Drone1:1058;Drone2:1045;Drone3:1086,228.0259,idle,send,Drone1
Drone3_e1099,Drone3,Drone1:1069;Drone2:1034;Drone3:1099,227.7840,processing,receive,Drone2
Drone2_e1046,Drone2,Drone1:1058;Drone2:1046;Drone3:1086,228.2844,idle,local,
Drone1_e1079,Drone1,Drone1:1079;Drone2:1042;Drone3:1086,228.5729,position_measured,receive,Drone2
Drone3_e1100,Drone3,Drone1:1069;Drone2:1034;Drone3:1100,228.0263,processing,local,
Drone1_e1080,Drone1,Drone1:1080;Drone2:1042;Drone3:1086,228.8012,position_measured,local,
Drone1_e1081,Drone1,Drone1:1081;Drone2:1042;Drone3:1086,228.9004,position_measured,local,
Drone3_e1101,Drone3,Drone1:1069;Drone2:1034;Drone3:1101,228.1490,processing,local,
Drone1_e1082,Drone1,Drone1:1082;Drone2:1042;Drone3:1086,229.0391,position_sent,local,
Drone3_e1102,Drone3,Drone1:1069;Drone2:1034;Drone3:1102,228.3046,relative_computed,local,
Drone1_e1083,Drone1,Drone1:1083;Drone2:1042;Drone3:1086,229.3191,position_sent,local,
Drone3_e1103,Drone3,Drone1:1071;Drone2:1034;Drone3:1103,228.5243,relative_computed,receive,Drone1
Drone2_e1047,Drone2,Drone1:1058;Drone2:1047;Drone3:1086,228.3692,idle,local,
Drone1_e1084,Drone1,Drone1:1084;Drone2:1045;Drone3:1086,229.5077,position_sent,receive,Drone2
Drone2_e1048,Drone2,Drone1:1058;Drone2:1048;Drone3:1086,228.4935,idle,local,
Drone3_e1104,Drone3,Drone1:1071;Drone2:1034;Drone3:1104,228.6202,relative_computed,local,
Drone2_e1049,Drone2,Drone1:1058;Drone2:1049;Drone3:1086,228.7171,idle,send,Drone3
Drone3_e1105,Drone3,Drone1:1071;Drone2:1034;Drone3:1105,228.8483,relative_computed,local,
Drone2_e1050,Drone2,Drone1:1058;Drone2:1050;Drone3:1086,228.8837,idle,local,
Drone2_e1051,Drone2,Drone1:1058;Drone2:1051;Drone3:1086,229.1619,idle,local,
Drone1_e1085,Drone1,Drone1:1085;Drone2:1045;Drone3:1086,229.6629,position_sent,local,
Drone1_e1086,Drone1,Drone1:1086;Drone2:1045;Drone3:1086,229.7885,position_sent,local,
Drone1_e1087,Drone1,Drone1:1087;Drone2:1045;Drone3:1086,229.9318,position_sent,local,
Drone3_e1106,Drone3,Drone1:1071;Drone2:1034;Drone3:1106,229.0397,relative_computed,local,
Drone2_e1052,Drone2,Drone1:1058;Drone2:1052;Drone3:1086,229.2433,scanning,send,Drone3
Drone3_e1107,Drone3,Drone1:1071;Drone2:1049;Drone3:1107,229.2995,relative_computed,receive,Drone2
Drone1_e1088,Drone1,Drone1:1088;Drone2:1045;Drone3:1086,230.0652,position_sent,send,Drone2
Drone1_e1089,Drone1,Drone1:1089;Drone2:1045;Drone3:1086,230.2565,position_sent,local,
Drone3_e1108,Drone3,Drone1:1071;Drone2:1052;Drone3:1108,229.3799,relative_computed,receive,Drone2
Drone3_e1109,Drone3,Drone1:1071;Drone2:1052;Drone3:1109,229.6147,relative_computed,local,
Drone1_e1090,Drone1,Drone1:1090;Drone2:1045;Drone3:1086,230.4356,position_sent,local,
Drone3_e1110,Drone3,Drone1:1071;Drone2:1052;Drone3:1110,229.7886,relative_computed,local,
Drone1_e1091,Drone1,Drone1:1091;Drone2:1045;Drone3:1086,230.6455,position_sent,local,
Drone1_e1092,Drone1,Drone1:1092;Drone2:1045;Drone3:1086,230.7732,processing,local,
Drone1_e1093,Drone1,Drone1:1093;Drone2:1045;Drone3:1086,230.9792,processing,local,
Drone1_e1094,Drone1,Drone1:1094;Drone2:1045;Drone3:1086,231.0674,processing,send,Drone2
Drone1_e1095,Drone1,Drone1:1095;Drone2:1045;Drone3:1086,231.1792,processing,local,
Drone1_e1096,Drone1,Drone1:1096;Drone2:1045;Drone3:1086,231.4374,processing,local,
Drone2_e1053,Drone2,Drone1:1088;Drone2:1053;Drone3:1086,230.1902,scanning,receive,Drone1
Drone2_e1054,Drone2,Drone1:1088;Drone2:1054;Drone3:1086,230.4452,scanning,local,
Drone3_e1111,Drone3,Drone1:1071;Drone2:1052;Drone3:1111,230.0534,relative_computed,send,Drone2
Drone3_e1112,Drone3,Drone1:1071;Drone2:1052;Drone3:1112,230.2624,formation_hold,send,Drone1
Drone1_e1097,Drone1,Drone1:1097;Drone2:1052;Drone3:1112,231.5301,processing,receive,Drone3
Drone3_e1113,Drone3,Drone1:1071;Drone2:1052;Drone3:1113,230.3625,formation_hold,local,
Drone2_e1055,Drone2,Drone1:1088;Drone2:1055;Drone3:1111,230.7350,scanning,receive,Drone3
Drone2_e1056,Drone2,Drone1:1094;Drone2:1056;Drone3:1111,231.2152,scanning,receive,Drone1
Drone3_e1114,Drone3,Drone1:1071;Drone2:1052;Drone3:1114,230.5285,formation_hold,local,
Drone2_e1057,Drone2,Drone1:1094;Drone2:1057;Drone3:1111,231.3795,scanning,send,Drone3
Drone3_e1115,Drone3,Drone1:1094;Drone2:1057;Drone3:1115,231.4380,formation_hold,receive,Drone2
Drone3_e1116,Drone3,Drone1:1094;Drone2:1057;Drone3:1116,231.6430,formation_hold,local,
Drone1_e1098,Drone1,Drone1:1098;Drone2:1052;Drone3:1112,231.6688,processing,local,
Drone1_e1099,Drone1,Drone1:1099;Drone2:1052;Drone3:1112,231.8995,processing,local,
Drone2_e1058,Drone2,Drone1:1094;Drone2:1058;Drone3:1111,231.5189,scanning,send,Drone1
Drone3_e1117,Drone3,Drone1:1094;Drone2:1057;Drone3:1117,231.8212,formation_hold,send,Drone2
Drone1_e1100,Drone1,Drone1:1100;Drone2:1052;Drone3:1112,232.0375,processing,local,
Drone3_e1118,Drone3,Drone1:1094;Drone2:1057;Drone3:1118,231.9861,formation_hold,local,
Drone1_e1101,Drone1,Drone1:1101;Drone2:1058;Drone3:1112,232.3184,processing,receive,Drone2
Drone1_e1102,Drone1,Drone1:1102;Drone2:1058;Drone3:1112,232.5297,relative_computed,local,
Drone2_e1059,Drone2,Drone1:1094;Drone2:1059;Drone3:1111,231.7204,scanning,local,
Drone1_e1103,Drone1,Drone1:1103;Drone2:1058;Drone3:1112,232.8115,relative_computed,local,
Drone3_e1119,Drone3,Drone1:1094;Drone2:1057;Drone3:1119,232.0685,formation_hold,local,
Drone2_e1060,Drone2,Drone1:1094;Drone2:1060;Drone3:1111,231.9156,scanning,local,
Drone3_e1120,Drone3,Drone1:1094;Drone2:1057;Drone3:1120,232.2194,formation_hold,local,
Drone1_e1104,Drone1,Drone1:1104;Drone2:1058;Drone3:1112,232.9194,relative_computed,send,Drone2
Drone3_e1121,Drone3,Drone1:1094;Drone2:1057;Drone3:1121,232.3503,formation_hold,send,Drone2
Drone1_e1105,Drone1,Drone1:1105;Drone2:1058;Drone3:1112,233.1716,relative_computed,local,
Drone3_e1122,Drone3,Drone1:1094;Drone2:1057;Drone3:1122,232.4267,idle,local,
Drone1_e1106,Drone1,Drone1:1106;Drone2:1058;Drone3:1112,233.3176,relative_computed,local,
Drone2_e1061,Drone2,Drone1:1094;Drone2:1061;Drone3:1111,231.9810,scanning,local,
Drone2_e1062,Drone2,Drone1:1094;Drone2:1062;Drone3:1117,232.1414,target_found,receive,Drone3
Drone2_e1063,Drone2,Drone1:1094;Drone2:1063;Drone3:1117,232.4016,target_found,local,
Drone1_e1107,Drone1,Drone1:1107;Drone2:1058;Drone3:1112,233.5423,relative_computed,local,
Drone2_e1064,Drone2,Drone1:1094;Drone2:1064;Drone3:1121,232.5005,target_found,receive,Drone3
Drone2_e1065,Drone2,Drone1:1094;Drone2:1065;Drone3:1121,232.6220,target_found,local,
Drone1_e1108,Drone1,Drone1:1108;Drone2:1058;Drone3:1112,233.7008,relative_computed,local,
Drone3_e1123,Drone3,Drone1:1094;Drone2:1057;Drone3:1123,232.5247,idle,local,
Drone3_e1124,Drone3,Drone1:1094;Drone2:1057;Drone3:1124,232.6256,idle,send,Drone1
Drone1_e1109,Drone1,Drone1:1109;Drone2:1058;Drone3:1112,233.8407,relative_computed,local,
Drone2_e1066,Drone2,Drone1:1094;Drone2:1066;Drone3:1121,232.8882,target_found,local,
Drone2_e1067,Drone2,Drone1:1104;Drone2:1067;Drone3:1121,233.0170,target_found,receive,Drone1
Drone1_e1110,Drone1,Drone1:1110;Drone2:1058;Drone3:1112,234.0091,relative_computed,local,
Drone2_e1068,Drone2,Drone1:1104;Drone2:1068;Drone3:1121,233.2919,target_found,local,
Drone1_e1111,Drone1,Drone1:1111;Drone2:1058;Drone3:1112,234.1688,relative_computed,local,
Drone3_e1125,Drone3,Drone1:1094;Drone2:1057;Drone3:1125,232.6933,idle,local,
Drone1_e1112,Drone1,Drone1:1112;Drone2:1058;Drone3:1124,234.2441,formation_hold,receive,Drone3
Drone2_e1069,Drone2,Drone1:1104;Drone2:1069;Drone3:1121,233.3475,target_found,send,Drone3
Drone2_e1070,Drone2,Drone1:1104;Drone2:1070;Drone3:1121,233.4604,target_found,local,
Drone3_e1126,Drone3,Drone1:1104;Drone2:1069;Drone3:1126,233.6396,idle,receive,Drone2
Drone1_e1113,Drone1,Drone1:1113;Drone2:1058;Drone3:1124,234.3544,formation_hold,local,
Drone3_e1127,Drone3,Drone1:1104;Drone2:1069;Drone3:1127,233.8146,idle,local,
Drone2_e1071,Drone2,Drone1:1104;Drone2:1071;Drone3:1121,233.6469,target_found,local,
Drone1_e1114,Drone1,Drone1:1114;Drone2:1058;Drone3:1124,234.6386,formation_hold,local,
Drone2_e1072,Drone2,Drone1:1104;Drone2:1072;Drone3:1121,233.7049,position_measured,local,
Drone2_e1073,Drone2,Drone1:1104;Drone2:1073;Drone3:1121,233.9770,position_measured,send,Drone3
Drone1_e1115,Drone1,Drone1:1115;Drone2:1058;Drone3:1124,234.9197,formation_hold,send,Drone3
Drone3_e1128,Drone3,Drone1:1104;Drone2:1069;Drone3:1128,233.8802,idle,local,
Drone2_e1074,Drone2,Drone1:1104;Drone2:1074;Drone3:1121,234.1134,position_measured,send,Drone1
Drone1_e1116,Drone1,Drone1:1116;Drone2:1058;Drone3:1124,235.1192,formation_hold,local,
Drone3_e1129,Drone3,Drone1:1104;Drone2:1069;Drone3:1129,234.1520,idle,local,
Drone2_e1075,Drone2,Drone1:1104;Drone2:1075;Drone3:1121,234.2310,position_measured,local,
Drone1_e1117,Drone1,Drone1:1117;Drone2:1074;Drone3:1124,235.2961,formation_hold,receive,Drone2
Drone3_e1130,Drone3,Drone1:1104;Drone2:1073;Drone3:1130,234.2779,idle,receive,Drone2
Drone1_e1118,Drone1,Drone1:1118;Drone2:1074;Drone3:1124,235.3527,formation_hold,send,Drone2
Drone1_e1119,Drone1,Drone1:1119;Drone2:1074;Drone3:1124,235.6178,formation_hold,local,
Drone3_e1131,Drone3,Drone1:1104;Drone2:1073;Drone3:1131,234.3324,idle,local,
Drone2_e1076,Drone2,Drone1:1118;Drone2:1076;Drone3:1124,235.5766,position_measured,receive,Drone1
Drone2_e1077,Drone2,Drone1:1118;Drone2:1077;Drone3:1124,235.7640,position_measured,local,
Drone1_e1120,Drone1,Drone1:1120;Drone2:1074;Drone3:1124,235.8921,formation_hold,local,
Drone2_e1078,Drone2,Drone1:1118;Drone2:1078;Drone3:1124,235.8997,position_measured,local,
Drone1_e1121,Drone1,Drone1:1121;Drone2:1074;Drone3:1124,236.0892,formation_hold,send,Drone2
Drone1_e1122,Drone1,Drone1:1122;Drone2:1074;Drone3:1124,236.3274,idle,local,
Drone3_e1132,Drone3,Drone1:1104;Drone2:1073;Drone3:1132,234.6302,scanning,local,
Drone1_e1123,Drone1,Drone1:1123;Drone2:1074;Drone3:1124,236.4399,idle,local,
Drone1_e1124,Drone1,Drone1:1124;Drone2:1074;Drone3:1124,236.5995,idle,send,Drone2
Drone2_e1079,Drone2,Drone1:1121;Drone2:1079;Drone3:1124,236.2898,position_measured,receive,Drone1
Drone1_e1125,Drone1,Drone1:1125;Drone2:1074;Drone3:1124,236.6819,idle,local,
Drone2_e1080,Drone2,Drone1:1121;Drone2:1080;Drone3:1124,236.3704,position_measured,local,
Drone1_e1126,Drone1,Drone1:1126;Drone2:1074;Drone3:1124,236.8557,idle,send,Drone2
Drone3_e1133,Drone3,Drone1:1104;Drone2:1073;Drone3:1133,234.9046,scanning,local,
Drone1_e1127,Drone1,Drone1:1127;Drone2:1074;Drone3:1124,236.9813,idle,local,
Drone2_e1081,Drone2,Drone1:1121;Drone2:1081;Drone3:1124,236.4936,position_measured,local,
Drone3_e1134,Drone3,Drone1:1115;Drone2:1073;Drone3:1134,235.0494,scanning,receive,Drone1
Drone3_e1135,Drone3,Drone1:1115;Drone2:1073;Drone3:1135,235.1129,scanning,local,
Drone2_e1082,Drone2,Drone1:1121;Drone2:1082;Drone3:1124,236.6991,position_sent,local,
Drone2_e1083,Drone2,Drone1:1124;Drone2:1083;Drone3:1124,236.9594,position_sent,receive,Drone1
Drone3_e1136,Drone3,Drone1:1115;Drone2:1073;Drone3:1136,235.1936,scanning,send,Drone1
Drone3_e1137,Drone3,Drone1:1115;Drone2:1073;Drone3:1137,235.2791,scanning,local,
Drone1_e1128,Drone1,Drone1:1128;Drone2:1074;Drone3:1124,237.1938,idle,local,
Drone2_e1084,Drone2,Drone1:1124;Drone2:1084;Drone3:1124,237.0147,position_sent,local,
Drone1_e1129,Drone1,Drone1:1129;Drone2:1074;Drone3:1136,237.3189,idle,receive,Drone3
Drone1_e1130,Drone1,Drone1:1130;Drone2:1074;Drone3:1136,237.4928,idle,send,Drone3
Drone2_e1085,Drone2,Drone1:1126;Drone2:1085;Drone3:1124,237.1209,position_sent,receive,Drone1
Drone2_e1086,Drone2,Drone1:1126;Drone2:1086;Drone3:1124,237.3040,position_sent,send,Drone3
Drone3_e1138,Drone3,Drone1:1126;Drone2:1086;Drone3:1138,237.5883,scanning,receive,Drone2
Drone3_e1139,Drone3,Drone1:1126;Drone2:1086;Drone3:1139,237.7223,scanning,local,
Drone2_e1087,Drone2,Drone1:1126;Drone2:1087;Drone3:1124,237.5017,position_sent,local,
Drone1_e1131,Drone1,Drone1:1131;Drone2:1074;Drone3:1136,237.7501,idle,local,
Drone2_e1088,Drone2,Drone1:1126;Drone2:1088;Drone3:1124,237.7474,position_sent,local,
Drone3_e1140,Drone3,Drone1:1126;Drone2:1086;Drone3:1140,237.9742,scanning,local,
Drone3_e1141,Drone3,Drone1:1130;Drone2:1086;Drone3:1141,238.2388,scanning,receive,Drone1
Drone3_e1142,Drone3,Drone1:1130;Drone2:1086;Drone3:1142,238.4320,target_found,local,
Drone3_e1143,Drone3,Drone1:1130;Drone2:1086;Drone3:1143,238.5470,target_found,local,
Drone2_e1089,Drone2,Drone1:1126;Drone2:1089;Drone3:1124,238.0455,position_sent,local,
Drone1_e1132,Drone1,Drone1:1132;Drone2:1074;Drone3:1136,237.8702,scanning,send,Drone2
Drone3_e1144,Drone3,Drone1:1130;Drone2:1086;Drone3:1144,238.6184,target_found,local,
Drone1_e1133,Drone1,Drone1:1133;Drone2:1074;Drone3:1136,237.9942,scanning,local,
Drone3_e1145,Drone3,Drone1:1130;Drone2:1086;Drone3:1145,238.8223,target_found,local,
Drone2_e1090,Drone2,Drone1:1132;Drone2:1090;Drone3:1136,238.2911,position_sent,receive,Drone1
Drone3_e1146,Drone3,Drone1:1130;Drone2:1086;Drone3:1146,239.0144,target_found,send,Drone2
Drone2_e1091,Drone2,Drone1:1132;Drone2:1091;Drone3:1136,238.5530,position_sent,local,
Drone2_e1092,Drone2,Drone1:1132;Drone2:1092;Drone3:1136,238.7130,processing,local,
Drone2_e1093,Drone2,Drone1:1132;Drone2:1093;Drone3:1146,239.1844,processing,receive,Drone3
Drone3_e1147,Drone3,Drone1:1130;Drone2:1086;Drone3:1147,239.2093,target_found,send,Drone1
Drone1_e1134,Drone1,Drone1:1134;Drone2:1086;Drone3:1147,239.4976,scanning,receive,Drone3
Drone2_e1094,Drone2,Drone1:1132;Drone2:1094;Drone3:1146,239.2993,processing,send,Drone3
Drone2_e1095,Drone2,Drone1:1132;Drone2:1095;Drone3:1146,239.3860,processing,send,Drone1
Drone3_e1148,Drone3,Drone1:1130;Drone2:1086;Drone3:1148,239.3174,target_found,local,
Drone3_e1149,Drone3,Drone1:1132;Drone2:1094;Drone3:1149,239.5124,target_found,receive,Drone2
Drone1_e1135,Drone1,Drone1:1135;Drone2:1086;Drone3:1147,239.6046,scanning,local,
Drone3_e1150,Drone3,Drone1:1132;Drone2:1094;Drone3:1150,239.8062,target_found,local,
Drone1_e1136,Drone1,Drone1:1136;Drone2:1086;Drone3:1147,239.8690,scanning,local,
Drone2_e1096,Drone2,Drone1:1132;Drone2:1096;Drone3:1146,239.4472,processing,local,
Drone1_e1137,Drone1,Drone1:1137;Drone2:1095;Drone3:1147,240.0457,scanning,receive,Drone2
Drone1_e1138,Drone1,Drone1:1138;Drone2:1095;Drone3:1147,240.1549,scanning,local,
Drone2_e1097,Drone2,Drone1:1132;Drone2:1097;Drone3:1146,239.7045,processing,local,
Drone3_e1151,Drone3,Drone1:1132;Drone2:1094;Drone3:1151,240.0167,target_found,local,
Drone2_e1098,Drone2,Drone1:1132;Drone2:1098;Drone3:1146,239.9062,processing,send,Drone3
Drone2_e1099,Drone2,Drone1:1132;Drone2:1099;Drone3:1146,240.0583,processing,local,
Drone3_e1152,Drone3,Drone1:1132;Drone2:1098;Drone3:1152,240.2222,position_measured,receive,Drone2
Drone1_e1139,Drone1,Drone1:1139;Drone2:1095;Drone3:1147,240.2777,scanning,local,
Drone1_e1140,Drone1,Drone1:1140;Drone2:1095;Drone3:1147,240.3340,scanning,local,
Drone3_e1153,Drone3,Drone1:1132;Drone2:1098;Drone3:1153,240.3999,position_measured,send,Drone2
Drone3_e1154,Drone3,Drone1:1132;Drone2:1098;Drone3:1154,240.5953,position_measured,local,
Drone2_e1100,Drone2,Drone1:1132;Drone2:1100;Drone3:1146,240.2030,processing,local,
Drone3_e1155,Drone3,Drone1:1132;Drone2:1098;Drone3:1155,240.7405,position_measured,send,Drone1
Drone3_e1156,Drone3,Drone1:1132;Drone2:1098;Drone3:1156,241.0302,position_measured,send,Drone1
Drone1_e1141,Drone1,Drone1:1141;Drone2:1095;Drone3:1147,240.6335,scanning,local,
Drone3_e1157,Drone3,Drone1:1132;Drone2:1098;Drone3:1157,241.1847,position_measured,local,
Drone3_e1158,Drone3,Drone1:1132;Drone2:1098;Drone3:1158,241.3865,position_measured,send,Drone1
Drone3_e1159,Drone3,Drone1:1132;Drone2:1098;Drone3:1159,241.5467,position_measured,local,
Drone2_e1101,Drone2,Drone1:1132;Drone2:1101;Drone3:1153,240.6776,processing,receive,Drone3
Drone2_e1102,Drone2,Drone1:1132;Drone2:1102;Drone3:1153,240.7854,relative_computed,send,Drone3
Drone2_e1103,Drone2,Drone1:1132;Drone2:1103;Drone3:1153,240.8642,relative_computed,local,
Drone1_e1142,Drone1,Drone1:1142;Drone2:1095;Drone3:1147,240.9229,target_found,local,
Drone2_e1104,Drone2,Drone1:1132;Drone2:1104;Drone3:1153,241.0022,relative_computed,local,
Drone3_e1160,Drone3,Drone1:1132;Drone2:1102;Drone3:1160,241.7601,position_measured,receive,Drone2
Drone3_e1161,Drone3,Drone1:1132;Drone2:1102;Drone3:1161,241.8675,position_measured,send,Drone2
Drone1_e1143,Drone1,Drone1:1143;Drone2:1095;Drone3:1147,241.0341,target_found,local,
Drone2_e1105,Drone2,Drone1:1132;Drone2:1105;Drone3:1153,241.2187,relative_computed,local,
Drone3_e1162,Drone3,Drone1:1132;Drone2:1102;Drone3:1162,242.0029,position_sent,send,Drone2
Drone1_e1144,Drone1,Drone1:1144;Drone2:1098;Drone3:1155,241.2104,target_found,receive,Drone3
Drone1_e1145,Drone1,Drone1:1145;Drone2:1098;Drone3:1155,241.4185,target_found,local,
Drone1_e1146,Drone1,Drone1:1146;Drone2:1098;Drone3:1155,241.6876,target_found,local,
Drone1_e1147,Drone1,Drone1:1147;Drone2:1098;Drone3:1156,241.8035,target_found,receive,Drone3
Drone3_e1163,Drone3,Drone1:1132;Drone2:1102;Drone3:1163,242.1704,position_sent,local,
Drone1_e1148,Drone1,Drone1:1148;Drone2:1098;Drone3:1158,242.0619,target_found,receive,Drone3
Drone1_e1149,Drone1,Drone1:1149;Drone2:1098;Drone3:1158,242.3594,target_found,local,
Drone1_e1150,Drone1,Drone1:1150;Drone2:1098;Drone3:1158,242.5418,target_found,local,
Drone2_e1106,Drone2,Drone1:1132;Drone2:1106;Drone3:1153,241.3573,relative_computed,local,
Drone2_e1107,Drone2,Drone1:1132;Drone2:1107;Drone3:1153,241.4676,relative_computed,local,
Drone2_e1108,Drone2,Drone1:1132;Drone2:1108;Drone3:1161,242.0654,relative_computed,receive,Drone3
Drone3_e1164,Drone3,Drone1:1132;Drone2:1102;Drone3:1164,242.2388,position_sent,send,Drone1
Drone2_e1109,Drone2,Drone1:1132;Drone2:1109;Drone3:1161,242.3430,relative_computed,local,
Drone3_e1165,Drone3,Drone1:1132;Drone2:1102;Drone3:1165,242.4975,position_sent,local,
Drone2_e1110,Drone2,Drone1:1132;Drone2:1110;Drone3:1161,242.5681,relative_computed,local,
Drone3_e1166,Drone3,Drone1:1132;Drone2:1102;Drone3:1166,242.5856,position_sent,send,Drone1
Drone1_e1151,Drone1,Drone1:1151;Drone2:1098;Drone3:1158,242.6842,target_found,local,
Drone3_e1167,Drone3,Drone1:1132;Drone2:1102;Drone3:1167,242.7157,position_sent,local,
Drone1_e1152,Drone1,Drone1:1152;Drone2:1098;Drone3:1158,242.8812,position_measured,local,
Drone1_e1153,Drone1,Drone1:1153;Drone2:1102;Drone3:1164,243.0165,position_measured,receive,Drone3
Drone3_e1168,Drone3,Drone1:1132;Drone2:1102;Drone3:1168,242.8970,position_sent,local,
Drone3_e1169,Drone3,Drone1:1132;Drone2:1102;Drone3:1169,243.0536,position_sent,local,
Drone2_e1111,Drone2,Drone1:1132;Drone2:1111;Drone3:1162,242.8564,relative_computed,receive,Drone3
Drone1_e1154,Drone1,Drone1:1154;Drone2:1102;Drone3:1164,243.2502,position_measured,local,
Drone3_e1170,Drone3,Drone1:1132;Drone2:1102;Drone3:1170,243.2474,position_sent,send,Drone2
Drone3_e1171,Drone3,Drone1:1132;Drone2:1102;Drone3:1171,243.3843,position_sent,local,
Drone1_e1155,Drone1,Drone1:1155;Drone2:1102;Drone3:1166,243.4218,position_measured,receive,Drone3
Drone1_e1156,Drone1,Drone1:1156;Drone2:1102;Drone3:1166,243.5440,position_measured,local,
Drone2_e1112,Drone2,Drone1:1132;Drone2:1112;Drone3:1162,243.0948,formation_hold,local,
Drone1_e1157,Drone1,Drone1:1157;Drone2:1102;Drone3:1166,243.6292,position_measured,local,
Drone1_e1158,Drone1,Drone1:1158;Drone2:1102;Drone3:1166,243.8064,position_measured,local,
Drone1_e1159,Drone1,Drone1:1159;Drone2:1102;Drone3:1166,244.0964,position_measured,send,Drone2
Drone3_e1172,Drone3,Drone1:1132;Drone2:1102;Drone3:1172,243.4830,processing,local,
Drone2_e1113,Drone2,Drone1:1132;Drone2:1113;Drone3:1162,243.1513,formation_hold,local,
Drone1_e1160,Drone1,Drone1:1160;Drone2:1102;Drone3:1166,244.3294,position_measured,send,Drone3
Drone3_e1173,Drone3,Drone1:1160;Drone2:1102;Drone3:1173,244.4531,processing,receive,Drone1
Drone1_e1161,Drone1,Drone1:1161;Drone2:1102;Drone3:1166,244.6092,position_measured,local,
Drone1_e1162,Drone1,Drone1:1162;Drone2:1102;Drone3:1166,244.7672,position_sent,local,
Drone2_e1114,Drone2,Drone1:1132;Drone2:1114;Drone3:1170,243.5457,formation_hold,receive,Drone3
Drone3_e1174,Drone3,Drone1:1160;Drone2:1102;Drone3:1174,244.7452,processing,local,
Drone1_e1163,Drone1,Drone1:1163;Drone2:1102;Drone3:1166,244.8728,position_sent,local,
Drone1_e1164,Drone1,Drone1:1164;Drone2:1102;Drone3:1166,245.0496,position_sent,local,
Drone2_e1115,Drone2,Drone1:1132;Drone2:1115;Drone3:1170,243.7796,formation_hold,local,
Drone3_e1175,Drone3,Drone1:1160;Drone2:1102;Drone3:1175,244.9719,processing,local,
Drone2_e1116,Drone2,Drone1:1132;Drone2:1116;Drone3:1170,243.8392,formation_hold,local,
Drone1_e1165,Drone1,Drone1:1165;Drone2:1102;Drone3:1166,245.2982,position_sent,local,
Drone2_e1117,Drone2,Drone1:1159;Drone2:1117;Drone3:1170,244.3836,formation_hold,receive,Drone1
Drone3_e1176,Drone3,Drone1:1160;Drone2:1102;Drone3:1176,245.1685,processing,send,Drone1
Drone1_e1166,Drone1,Drone1:1166;Drone2:1102;Drone3:1166,245.4145,position_sent,local,
Drone1_e1167,Drone1,Drone1:1167;Drone2:1102;Drone3:1166,245.5113,position_sent,local,
Drone2_e1118,Drone2,Drone1:1159;Drone2:1118;Drone3:1170,244.5923,formation_hold,send,Drone1
Drone1_e1168,Drone1,Drone1:1168;Drone2:1102;Drone3:1166,245.7755,position_sent,local,
Drone3_e1177,Drone3,Drone1:1160;Drone2:1102;Drone3:1177,245.2353,processing,send,Drone2
Drone3_e1178,Drone3,Drone1:1160;Drone2:1102;Drone3:1178,245.4628,processing,local,
Drone1_e1169,Drone1,Drone1:1169;Drone2:1102;Drone3:1166,245.8913,position_sent,local,
Drone2_e1119,Drone2,Drone1:1159;Drone2:1119;Drone3:1170,244.7010,formation_hold,local,
Drone2_e1120,Drone2,Drone1:1159;Drone2:1120;Drone3:1170,244.9153,formation_hold,local,
Drone1_e1170,Drone1,Drone1:1170;Drone2:1102;Drone3:1166,246.1515,position_sent,local,
Drone2_e1121,Drone2,Drone1:1159;Drone2:1121;Drone3:1170,245.0878,formation_hold,local,
Drone3_e1179,Drone3,Drone1:1160;Drone2:1102;Drone3:1179,245.6021,processing,local,
Drone2_e1122,Drone2,Drone1:1160;Drone2:1122;Drone3:1177,245.3134,idle,receive,Drone3
Drone2_e1123,Drone2,Drone1:1160;Drone2:1123;Drone3:1177,245.4752,idle,local,
Drone1_e1171,Drone1,Drone1:1171;Drone2:1102;Drone3:1166,246.2304,position_sent,local,
Drone2_e1124,Drone2,Drone1:1160;Drone2:1124;Drone3:1177,245.6904,idle,local,
Drone2_e1125,Drone2,Drone1:1160;Drone2:1125;Drone3:1177,245.9166,idle,local,
Drone2_e1126,Drone2,Drone1:1160;Drone2:1126;Drone3:1177,246.1826,idle,local,
Drone3_e1180,Drone3,Drone1:1160;Drone2:1102;Drone3:1180,245.7108,processing,local,
Drone2_e1127,Drone2,Drone1:1160;Drone2:1127;Drone3:1177,246.4550,idle,send,Drone1
Drone2_e1128,Drone2,Drone1:1160;Drone2:1128;Drone3:1177,246.5704,idle,send,Drone3
Drone2_e1129,Drone2,Drone1:1160;Drone2:1129;Drone3:1177,246.8227,idle,local,
Drone2_e1130,Drone2,Drone1:1160;Drone2:1130;Drone3:1177,247.1008,idle,local,
Drone2_e1131,Drone2,Drone1:1160;Drone2:1131;Drone3:1177,247.2055,idle,local,
Drone3_e1181,Drone3,Drone1:1160;Drone2:1102;Drone3:1181,245.8379,processing,local,
Drone2_e1132,Drone2,Drone1:1160;Drone2:1132;Drone3:1177,247.3895,scanning,send,Drone1
Drone3_e1182,Drone3,Drone1:1160;Drone2:1128;Drone3:1182,246.6527,relative_computed,receive,Drone2
Drone3_e1183,Drone3,Drone1:1160;Drone2:1128;Drone3:1183,246.9033,relative_computed,send,Drone1
Drone1_e1172,Drone1,Drone1:1172;Drone2:1102;Drone3:1166,246.3638,processing,local,
Drone2_e1133,Drone2,Drone1:1160;Drone2:1133;Drone3:1177,247.5777,scanning,local,
Drone3_e1184,Drone3,Drone1:1160;Drone2:1128;Drone3:1184,247.0439,relative_computed,send,Drone1
Drone1_e1173,Drone1,Drone1:1173;Drone2:1102;Drone3:1166,246.6233,processing,local,
Drone2_e1134,Drone2,Drone1:1160;Drone2:1134;Drone3:1177,247.6851,scanning,local,
Drone1_e1174,Drone1,Drone1:1174;Drone2:1102;Drone3:1166,246.7562,processing,local,
Drone1_e1175,Drone1,Drone1:1175;Drone2:1102;Drone3:1166,246.8684,processing,local,
Drone1_e1176,Drone1,Drone1:1176;Drone2:1118;Drone3:1170,247.1071,processing,receive,Drone2
Drone3_e1185,Drone3,Drone1:1160;Drone2:1128;Drone3:1185,247.2917,relative_computed,send,Drone2
Drone1_e1177,Drone1,Drone1:1177;Drone2:1118;Drone3:1176,247.1632,processing,receive,Drone3
Drone3_e1186,Drone3,Drone1:1160;Drone2:1128;Drone3:1186,247.4035,relative_computed,local,
Drone2_e1135,Drone2,Drone1:1160;Drone2:1135;Drone3:1177,247.9383,scanning,local,
Drone2_e1136,Drone2,Drone1:1160;Drone2:1136;Drone3:1177,248.0211,scanning,local,
Drone3_e1187,Drone3,Drone1:1160;Drone2:1128;Drone3:1187,247.6690,relative_computed,local,
Drone1_e1178,Drone1,Drone1:1178;Drone2:1128;Drone3:1183,247.2182,processing,receive,Drone3
Drone3_e1188,Drone3,Drone1:1160;Drone2:1128;Drone3:1188,247.8702,relative_computed,local,
Drone1_e1179,Drone1,Drone1:1179;Drone2:1128;Drone3:1184,247.3168,processing,receive,Drone3
Drone3_e1189,Drone3,Drone1:1160;Drone2:1128;Drone3:1189,248.1164,relative_computed,local,
Drone2_e1137,Drone2,Drone1:1160;Drone2:1137;Drone3:1177,248.0770,scanning,local,
Drone2_e1138,Drone2,Drone1:1160;Drone2:1138;Drone3:1177,248.1519,scanning,local,
Drone3_e1190,Drone3,Drone1:1160;Drone2:1128;Drone3:1190,248.2606,relative_computed,local,
Drone2_e1139,Drone2,Drone1:1160;Drone2:1139;Drone3:1185,248.3421,scanning,receive,Drone3
Drone2_e1140,Drone2,Drone1:1160;Drone2:1140;Drone3:1185,248.4877,scanning,send,Drone1
Drone2_e1141,Drone2,Drone1:1160;Drone2:1141;Drone3:1185,248.7756,scanning,local,
Drone3_e1191,Drone3,Drone1:1160;Drone2:1128;Drone3:1191,248.4236,relative_computed,local,
Drone3_e1192,Drone3,Drone1:1160;Drone2:1128;Drone3:1192,248.5730,formation_hold,local,
Drone1_e1180,Drone1,Drone1:1180;Drone2:1128;Drone3:1184,247.4860,processing,local,
Drone1_e1181,Drone1,Drone1:1181;Drone2:1128;Drone3:1184,247.6191,processing,local,
Drone3_e1193,Drone3,Drone1:1160;Drone2:1128;Drone3:1193,248.6468,formation_hold,local,
Drone1_e1182,Drone1,Drone1:1182;Drone2:1128;Drone3:1184,247.8175,relative_computed,receive,Drone2
Drone1_e1183,Drone1,Drone1:1183;Drone2:1132;Drone3:1184,247.9983,relative_computed,receive,Drone2
Drone3_e1194,Drone3,Drone1:1160;Drone2:1128;Drone3:1194,248.7116,formation_hold,local,
Drone2_e1142,Drone2,Drone1:1160;Drone2:1142;Drone3:1185,249.0107,target_found,send,Drone3
Drone1_e1184,Drone1,Drone1:1184;Drone2:1140;Drone3:1185,248.7556,relative_computed,receive,Drone2
Drone2_e1143,Drone2,Drone1:1160;Drone2:1143;Drone3:1185,249.2495,target_found,local,
Drone2_e1144,Drone2,Drone1:1160;Drone2:1144;Drone3:1185,249.3778,target_found,local,
Drone3_e1195,Drone3,Drone1:1160;Drone2:1142;Drone3:1195,249.2380,formation_hold,receive,Drone2
Drone3_e1196,Drone3,Drone1:1160;Drone2:1142;Drone3:1196,249.4729,formation_hold,local,
Drone3_e1197,Drone3,Drone1:1160;Drone2:1142;Drone3:1197,249.6293,formation_hold,send,Drone1
Drone1_e1185,Drone1,Drone1:1185;Drone2:1142;Drone3:1197,249.7198,relative_computed,receive,Drone3
Drone3_e1198,Drone3,Drone1:1160;Drone2:1142;Drone3:1198,249.7887,formation_hold,send,Drone1
Drone1_e1186,Drone1,Drone1:1186;Drone2:1142;Drone3:1198,249.9625,relative_computed,receive,Drone3
Drone3_e1199,Drone3,Drone1:1160;Drone2:1142;Drone3:1199,249.9605,formation_hold,local,
Drone3_e1200,Drone3,Drone1:1160;Drone2:1142;Drone3:1200,250.1150,formation_hold,local,
Drone1_e1187,Drone1,Drone1:1187;Drone2:1142;Drone3:1198,250.2614,relative_computed,send,Drone3
Drone3_e1201,Drone3,Drone1:1160;Drone2:1142;Drone3:1201,250.3342,formation_hold,local,
Drone3_e1202,Drone3,Drone1:1187;Drone2:1142;Drone3:1202,250.5252,idle,receive,Drone1
Drone1_e1188,Drone1,Drone1:1188;Drone2:1142;Drone3:1198,250.5121,relative_computed,send,Drone2
Drone3_e1203,Drone3,Drone1:1187;Drone2:1142;Drone3:1203,250.7263,idle,local,
Drone2_e1145,Drone2,Drone1:1160;Drone2:1145;Drone3:1185,249.6618,target_found,local,
Drone3_e1204,Drone3,Drone1:1187;Drone2:1142;Drone3:1204,250.9894,idle,local,
Drone1_e1189,Drone1,Drone1:1189;Drone2:1142;Drone3:1198,250.5646,relative_computed,send,Drone3
Drone2_e1146,Drone2,Drone1:1188;Drone2:1146;Drone3:1198,250.5789,target_found,receive,Drone1
Drone1_e1190,Drone1,Drone1:1190;Drone2:1142;Drone3:1198,250.6615,relative_computed,local,
Drone3_e1205,Drone3,Drone1:1189;Drone2:1142;Drone3:1205,251.1221,idle,receive,Drone1
Drone1_e1191,Drone1,Drone1:1191;Drone2:1142;Drone3:1198,250.8601,relative_computed,local,
Drone1_e1192,Drone1,Drone1:1192;Drone2:1142;Drone3:1198,251.0499,formation_hold,local,
Drone1_e1193,Drone1,Drone1:1193;Drone2:1142;Drone3:1198,251.1034,formation_hold,local,
Drone1_e1194,Drone1,Drone1:1194;Drone2:1142;Drone3:1198,251.2996,formation_hold,send,Drone3
Drone2_e1147,Drone2,Drone1:1188;Drone2:1147;Drone3:1198,250.8206,target_found,local,
Drone2_e1148,Drone2,Drone1:1188;Drone2:1148;Drone3:1198,251.0310,target_found,local,
Drone1_e1195,Drone1,Drone1:1195;Drone2:1142;Drone3:1198,251.3753,formation_hold,send,Drone2
Drone1_e1196,Drone1,Drone1:1196;Drone2:1142;Drone3:1198,251.5662,formation_hold,send,Drone3
Drone1_e1197,Drone1,Drone1:1197;Drone2:1142;Drone3:1198,251.7631,formation_hold,local,
Drone2_e1149,Drone2,Drone1:1195;Drone2:1149;Drone3:1198,251.6670,target_found,receive,Drone1
Drone3_e1206,Drone3,Drone1:1189;Drone2:1142;Drone3:1206,251.3393,idle,local,
Drone2_e1150,Drone2,Drone1:1195;Drone2:1150;Drone3:1198,251.9128,target_found,send,Drone1
Drone1_e1198,Drone1,Drone1:1198;Drone2:1150;Drone3:1198,251.9986,formation_hold,receive,Drone2
Drone2_e1151,Drone2,Drone1:1195;Drone2:1151;Drone3:1198,252.0436,target_found,local,
Drone1_e1199,Drone1,Drone1:1199;Drone2:1150;Drone3:1198,252.1550,formation_hold,send,Drone3
Drone2_e1152,Drone2,Drone1:1195;Drone2:1152;Drone3:1198,252.2187,position_measured,local,
Drone1_e1200,Drone1,Drone1:1200;Drone2:1150;Drone3:1198,252.2993,formation_hold,send,Drone3
Drone2_e1153,Drone2,Drone1:1195;Drone2:1153;Drone3:1198,252.3575,position_measured,local,
Drone3_e1207,Drone3,Drone1:1194;Drone2:1142;Drone3:1207,251.6101,idle,receive,Drone1
Drone1_e1201,Drone1,Drone1:1201;Drone2:1150;Drone3:1198,252.5857,formation_hold,local,
Drone2_e1154,Drone2,Drone1:1195;Drone2:1154;Drone3:1198,252.6175,position_measured,local,
Drone3_e1208,Drone3,Drone1:1194;Drone2:1142;Drone3:1208,251.8339,idle,local,
Drone2_e1155,Drone2,Drone1:1195;Drone2:1155;Drone3:1198,252.8069,position_measured,local,
Drone2_e1156,Drone2,Drone1:1195;Drone2:1156;Drone3:1198,252.9014,position_measured,local,
Drone2_e1157,Drone2,Drone1:1195;Drone2:1157;Drone3:1198,253.1441,position_measured,local,
Drone2_e1158,Drone2,Drone1:1195;Drone2:1158;Drone3:1198,253.2476,position_measured,local,
Drone3_e1209,Drone3,Drone1:1194;Drone2:1142;Drone3:1209,252.1140,idle,local,
Drone1_e1202,Drone1,Drone1:1202;Drone2:1150;Drone3:1198,252.6805,idle,local,
Drone3_e1210,Drone3,Drone1:1194;Drone2:1142;Drone3:1210,252.2130,idle,local,
Drone2_e1159,Drone2,Drone1:1195;Drone2:1159;Drone3:1198,253.2990,position_measured,local,
Drone2_e1160,Drone2,Drone1:1195;Drone2:1160;Drone3:1198,253.5767,position_measured,local,
Drone2_e1161,Drone2,Drone1:1195;Drone2:1161;Drone3:1198,253.6300,position_measured,local,
Drone2_e1162,Drone2,Drone1:1195;Drone2:1162;Drone3:1198,253.8404,position_sent,send,Drone3
Drone2_e1163,Drone2,Drone1:1195;Drone2:1163;Drone3:1198,253.9589,position_sent,send,Drone3
Drone1_e1203,Drone1,Drone1:1203;Drone2:1150;Drone3:1198,252.9363,idle,local,
Drone3_e1211,Drone3,Drone1:1194;Drone2:1142;Drone3:1211,252.5123,idle,local,
Drone3_e1212,Drone3,Drone1:1194;Drone2:1142;Drone3:1212,252.6057,scanning,local,
Drone3_e1213,Drone3,Drone1:1194;Drone2:1142;Drone3:1213,252.8434,scanning,local,
Drone1_e1204,Drone1,Drone1:1204;Drone2:1150;Drone3:1198,253.1395,idle,send,Drone2
Drone3_e1214,Drone3,Drone1:1196;Drone2:1142;Drone3:1214,253.1111,scanning,receive,Drone1
Drone1_e1205,Drone1,Drone1:1205;Drone2:1150;Drone3:1198,253.2035,idle,send,Drone2
Drone3_e1215,Drone3,Drone1:1196;Drone2:1142;Drone3:1215,253.2397,scanning,local,
Drone3_e1216,Drone3,Drone1:1199;Drone2:1150;Drone3:1216,253.4534,scanning,receive,Drone1
Drone3_e1217,Drone3,Drone1:1199;Drone2:1162;Drone3:1217,254.1148,scanning,receive,Drone2
Drone1_e1206,Drone1,Drone1:1206;Drone2:1150;Drone3:1198,253.4002,idle,local,
Drone2_e1164,Drone2,Drone1:1195;Drone2:1164;Drone3:1198,254.2441,position_sent,local,
Drone2_e1165,Drone2,Drone1:1195;Drone2:1165;Drone3:1198,254.4610,position_sent,local,
Drone1_e1207,Drone1,Drone1:1207;Drone2:1150;Drone3:1198,253.6325,idle,send,Drone2
Drone1_e1208,Drone1,Drone1:1208;Drone2:1150;Drone3:1198,253.7514,idle,send,Drone2
Drone1_e1209,Drone1,Drone1:1209;Drone2:1150;Drone3:1198,253.9037,idle,local,
Drone3_e1218,Drone3,Drone1:1199;Drone2:1162;Drone3:1218,254.3743,scanning,local,
Drone1_e1210,Drone1,Drone1:1210;Drone2:1150;Drone3:1198,254.0938,idle,local,
Drone1_e1211,Drone1,Drone1:1211;Drone2:1150;Drone3:1198,254.2859,idle,local,
Drone3_e1219,Drone3,Drone1:1199;Drone2:1163;Drone3:1219,254.4463,scanning,receive,Drone2
Drone1_e1212,Drone1,Drone1:1212;Drone2:1150;Drone3:1198,254.3823,scanning,send,Drone2
Drone3_e1220,Drone3,Drone1:1199;Drone2:1163;Drone3:1220,254.5014,scanning,local,
Drone1_e1213,Drone1,Drone1:1213;Drone2:1150;Drone3:1198,254.4866,scanning,local,
Drone2_e1166,Drone2,Drone1:1195;Drone2:1166;Drone3:1198,254.7303,position_sent,local,
Drone1_e1214,Drone1,Drone1:1214;Drone2:1150;Drone3:1198,254.7069,scanning,local,
Drone1_e1215,Drone1,Drone1:1215;Drone2:1150;Drone3:1198,254.9414,scanning,local,
Drone2_e1167,Drone2,Drone1:1204;Drone2:1167;Drone3:1198,254.8248,position_sent,receive,Drone1
Drone1_e1216,Drone1,Drone1:1216;Drone2:1150;Drone3:1198,255.0949,scanning,local,
Drone1_e1217,Drone1,Drone1:1217;Drone2:1150;Drone3:1198,255.1892,scanning,send,Drone2
Drone2_e1168,Drone2,Drone1:1205;Drone2:1168;Drone3:1198,254.9409,position_sent,receive,Drone1
Drone2_e1169,Drone2,Drone1:1207;Drone2:1169;Drone3:1198,255.0782,position_sent,receive,Drone1
Drone3_e1221,Drone3,Drone1:1199;Drone2:1163;Drone3:1221,254.7587,scanning,local,
Drone3_e1222,Drone3,Drone1:1199;Drone2:1163;Drone3:1222,254.8179,target_found,local,
Drone3_e1223,Drone3,Drone1:1200;Drone2:1163;Drone3:1223,255.1164,target_found,receive,Drone1
Drone2_e1170,Drone2,Drone1:1208;Drone2:1170;Drone3:1198,255.1800,position_sent,receive,Drone1
Drone3_e1224,Drone3,Drone1:1200;Drone2:1163;Drone3:1224,255.3043,target_found,local,
Drone3_e1225,Drone3,Drone1:1200;Drone2:1163;Drone3:1225,255.3770,target_found,local,
Drone1_e1218,Drone1,Drone1:1218;Drone2:1150;Drone3:1198,255.3044,scanning,send,Drone3
Drone1_e1219,Drone1,Drone1:1219;Drone2:1150;Drone3:1198,255.5122,scanning,local,
Drone2_e1171,Drone2,Drone1:1212;Drone2:1171;Drone3:1198,255.3231,position_sent,receive,Drone1
Drone2_e1172,Drone2,Drone1:1212;Drone2:1172;Drone3:1198,255.5984,processing,local,
Drone2_e1173,Drone2,Drone1:1212;Drone2:1173;Drone3:1198,255.8058,processing,local,
Drone1_e1220,Drone1,Drone1:1220;Drone2:1150;Drone3:1198,255.6458,scanning,send,Drone3
Drone3_e1226,Drone3,Drone1:1200;Drone2:1163;Drone3:1226,255.4737,target_found,local,
Drone2_e1174,Drone2,Drone1:1217;Drone2:1174;Drone3:1198,255.9925,processing,receive,Drone1
Drone1_e1221,Drone1,Drone1:1221;Drone2:1150;Drone3:1198,255.8500,scanning,local,
Drone3_e1227,Drone3,Drone1:1200;Drone2:1163;Drone3:1227,255.6325,target_found,local,
Drone2_e1175,Drone2,Drone1:1217;Drone2:1175;Drone3:1198,256.1034,processing,local,
Drone3_e1228,Drone3,Drone1:1218;Drone2:1163;Drone3:1228,255.8031,target_found,receive,Drone1
Drone2_e1176,Drone2,Drone1:1217;Drone2:1176;Drone3:1198,256.3961,processing,local,
Drone1_e1222,Drone1,Drone1:1222;Drone2:1150;Drone3:1198,256.1252,target_found,local,
Drone3_e1229,Drone3,Drone1:1220;Drone2:1163;Drone3:1229,256.0466,target_found,receive,Drone1
Drone3_e1230,Drone3,Drone1:1220;Drone2:1163;Drone3:1230,256.1038,target_found,local,
Drone3_e1231,Drone3,Drone1:1220;Drone2:1163;Drone3:1231,256.3754,target_found,send,Drone2
Drone3_e1232,Drone3,Drone1:1220;Drone2:1163;Drone3:1232,256.4750,position_measured,local,
Drone3_e1233,Drone3,Drone1:1220;Drone2:1163;Drone3:1233,256.5575,position_measured,local,
Drone2_e1177,Drone2,Drone1:1217;Drone2:1177;Drone3:1198,256.4595,processing,local,
Drone1_e1223,Drone1,Drone1:1223;Drone2:1150;Drone3:1198,256.3667,target_found,local,
Drone2_e1178,Drone2,Drone1:1217;Drone2:1178;Drone3:1198,256.5509,processing,local,
Drone1_e1224,Drone1,Drone1:1224;Drone2:1150;Drone3:1198,256.4668,target_found,local,
Drone1_e1225,Drone1,Drone1:1225;Drone2:1150;Drone3:1198,256.5369,target_found,local,
Drone1_e1226,Drone1,Drone1:1226;Drone2:1150;Drone3:1198,256.6960,target_found,local,
Drone3_e1234,Drone3,Drone1:1220;Drone2:1163;Drone3:1234,256.6087,position_measured,send,Drone2
Drone1_e1227,Drone1,Drone1:1227;Drone2:1150;Drone3:1198,256.8637,target_found,local,
Drone3_e1235,Drone3,Drone1:1220;Drone2:1163;Drone3:1235,256.7119,position_measured,local,
Drone2_e1179,Drone2,Drone1:1217;Drone2:1179;Drone3:1198,256.8087,processing,local,
Drone3_e1236,Drone3,Drone1:1220;Drone2:1163;Drone3:1236,256.8588,position_measured,send,Drone1
Drone2_e1180,Drone2,Drone1:1217;Drone2:1180;Drone3:1198,256.8921,processing,local,
Drone2_e1181,Drone2,Drone1:1217;Drone2:1181;Drone3:1198,257.1470,processing,local,
Drone3_e1237,Drone3,Drone1:1220;Drone2:1163;Drone3:1237,257.0580,position_measured,local,
Drone3_e1238,Drone3,Drone1:1220;Drone2:1163;Drone3:1238,257.2755,position_measured,send,Drone2
Drone3_e1239,Drone3,Drone1:1220;Drone2:1163;Drone3:1239,257.5174,position_measured,send,Drone1
Drone2_e1182,Drone2,Drone1:1220;Drone2:1182;Drone3:1231,257.3497,relative_computed,receive,Drone3
Drone2_e1183,Drone2,Drone1:1220;Drone2:1183;Drone3:1231,257.5611,relative_computed,local,
Drone1_e1228,Drone1,Drone1:1228;Drone2:1150;Drone3:1198,256.9248,target_found,local,
Drone2_e1184,Drone2,Drone1:1220;Drone2:1184;Drone3:1231,257.6959,relative_computed,local,
Drone3_e1240,Drone3,Drone1:1220;Drone2:1163;Drone3:1240,257.6387,position_measured,send,Drone1
Drone2_e1185,Drone2,Drone1:1220;Drone2:1185;Drone3:1231,257.8661,relative_computed,local,
Drone2_e1186,Drone2,Drone1:1220;Drone2:1186;Drone3:1231,258.0215,relative_computed,local,
Drone1_e1229,Drone1,Drone1:1229;Drone2:1163;Drone3:1236,257.0910,target_found,receive,Drone3
Drone1_e1230,Drone1,Drone1:1230;Drone2:1163;Drone3:1239,257.7314,target_found,receive,Drone3
Drone2_e1187,Drone2,Drone1:1220;Drone2:1187;Drone3:1231,258.0746,relative_computed,local,
Drone2_e1188,Drone2,Drone1:1220;Drone2:1188;Drone3:1234,258.2962,relative_computed,receive,Drone3
Drone1_e1231,Drone1,Drone1:1231;Drone2:1163;Drone3:1239,258.0214,target_found,local,
Drone2_e1189,Drone2,Drone1:1220;Drone2:1189;Drone3:1234,258.3598,relative_computed,local,
Drone2_e1190,Drone2,Drone1:1220;Drone2:1190;Drone3:1238,258.5607,relative_computed,receive,Drone3
Drone2_e1191,Drone2,Drone1:1220;Drone2:1191;Drone3:1238,258.8060,relative_computed,local,
Drone3_e1241,Drone3,Drone1:1220;Drone2:1163;Drone3:1241,257.8224,position_measured,local,
Drone2_e1192,Drone2,Drone1:1220;Drone2:1192;Drone3:1238,259.1011,formation_hold,send,Drone1
Drone3_e1242,Drone3,Drone1:1220;Drone2:1163;Drone3:1242,258.0900,position_sent,local,
Drone1_e1232,Drone1,Drone1:1232;Drone2:1163;Drone3:1240,258.3084,position_measured,receive,Drone3
Drone3_e1243,Drone3,Drone1:1220;Drone2:1163;Drone3:1243,258.1894,position_sent,local,
Drone3_e1244,Drone3,Drone1:1220;Drone2:1163;Drone3:1244,258.3532,position_sent,local,
Drone1_e1233,Drone1,Drone1:1233;Drone2:1163;Drone3:1240,258.3684,position_measured,local,
Drone2_e1193,Drone2,Drone1:1220;Drone2:1193;Drone3:1238,259.1637,formation_hold,local,
Drone3_e1245,Drone3,Drone1:1220;Drone2:1163;Drone3:1245,258.4662,position_sent,local,
Drone2_e1194,Drone2,Drone1:1220;Drone2:1194;Drone3:1238,259.4054,formation_hold,local,
Drone1_e1234,Drone1,Drone1:1234;Drone2:1163;Drone3:1240,258.4631,position_measured,local,
Drone2_e1195,Drone2,Drone1:1220;Drone2:1195;Drone3:1238,259.5671,formation_hold,local,
Drone2_e1196,Drone2,Drone1:1220;Drone2:1196;Drone3:1238,259.7660,formation_hold,local,
Drone2_e1197,Drone2,Drone1:1220;Drone2:1197;Drone3:1238,259.9488,formation_hold,local,
Drone2_e1198,Drone2,Drone1:1220;Drone2:1198;Drone3:1238,260.1326,formation_hold,send,Drone1
Drone1_e1235,Drone1,Drone1:1235;Drone2:1163;Drone3:1240,258.6713,position_measured,local,
Drone2_e1199,Drone2,Drone1:1220;Drone2:1199;Drone3:1238,260.2689,formation_hold,local,
Drone2_e1200,Drone2,Drone1:1220;Drone2:1200;Drone3:1238,260.3799,formation_hold,local,
Drone3_e1246,Drone3,Drone1:1220;Drone2:1163;Drone3:1246,258.6585,position_sent,local,
Drone1_e1236,Drone1,Drone1:1236;Drone2:1192;Drone3:1240,259.1607,position_measured,receive,Drone2
Drone3_e1247,Drone3,Drone1:1220;Drone2:1163;Drone3:1247,258.8680,position_sent,local,
Drone1_e1237,Drone1,Drone1:1237;Drone2:1198;Drone3:1240,260.2670,position_measured,receive,Drone2
Drone3_e1248,Drone3,Drone1:1220;Drone2:1163;Drone3:1248,259.0236,position_sent,local,
Drone1_e1238,Drone1,Drone1:1238;Drone2:1198;Drone3:1240,260.4974,position_measured,send,Drone3
Drone3_e1249,Drone3,Drone1:1220;Drone2:1163;Drone3:1249,259.2828,position_sent,local,
Drone2_e1201,Drone2,Drone1:1220;Drone2:1201;Drone3:1238,260.6284,formation_hold,local,
Drone3_e1250,Drone3,Drone1:1238;Drone2:1198;Drone3:1250,260.7013,position_sent,receive,Drone1
Drone3_e1251,Drone3,Drone1:1238;Drone2:1198;Drone3:1251,260.8123,position_sent,local,
Drone1_e1239,Drone1,Drone1:1239;Drone2:1198;Drone3:1240,260.6656,position_measured,local,
Drone2_e1202,Drone2,Drone1:1220;Drone2:1202;Drone3:1238,260.7476,idle,send,Drone1
Drone3_e1252,Drone3,Drone1:1238;Drone2:1198;Drone3:1252,261.0897,processing,send,Drone2
Drone3_e1253,Drone3,Drone1:1238;Drone2:1198;Drone3:1253,261.2415,processing,send,Drone1
Drone1_e1240,Drone1,Drone1:1240;Drone2:1198;Drone3:1240,260.8800,position_measured,local,
Drone2_e1203,Drone2,Drone1:1238;Drone2:1203;Drone3:1252,261.1640,idle,receive,Drone3
Drone1_e1241,Drone1,Drone1:1241;Drone2:1198;Drone3:1253,261.3467,position_measured,receive,Drone3
Drone3_e1254,Drone3,Drone1:1238;Drone2:1198;Drone3:1254,261.4385,processing,send,Drone2
Drone3_e1255,Drone3,Drone1:1238;Drone2:1198;Drone3:1255,261.6238,processing,local,
Drone2_e1204,Drone2,Drone1:1238;Drone2:1204;Drone3:1252,261.2171,idle,local,
Drone2_e1205,Drone2,Drone1:1238;Drone2:1205;Drone3:1254,261.5264,idle,receive,Drone3
Drone3_e1256,Drone3,Drone1:1238;Drone2:1198;Drone3:1256,261.8069,processing,local,
Drone1_e1242,Drone1,Drone1:1242;Drone2:1198;Drone3:1253,261.4607,position_sent,local,
Drone1_e1243,Drone1,Drone1:1243;Drone2:1198;Drone3:1253,261.6535,position_sent,local,
Drone1_e1244,Drone1,Drone1:1244;Drone2:1198;Drone3:1253,261.8438,position_sent,local,
Drone2_e1206,Drone2,Drone1:1238;Drone2:1206;Drone3:1254,261.6524,idle,send,Drone3
Drone2_e1207,Drone2,Drone1:1238;Drone2:1207;Drone3:1254,261.8193,idle,local,
Drone1_e1245,Drone1,Drone1:1245;Drone2:1198;Drone3:1253,261.9355,position_sent,local,
Drone2_e1208,Drone2,Drone1:1238;Drone2:1208;Drone3:1254,261.9731,idle,local,
Drone1_e1246,Drone1,Drone1:1246;Drone2:1198;Drone3:1253,262.0565,position_sent,local,
Drone3_e1257,Drone3,Drone1:1238;Drone2:1198;Drone3:1257,261.9156,processing,local,
Drone3_e1258,Drone3,Drone1:1238;Drone2:1206;Drone3:1258,261.9898,processing,receive,Drone2
Drone1_e1247,Drone1,Drone1:1247;Drone2:1202;Drone3:1253,262.2492,position_sent,receive,Drone2
Drone1_e1248,Drone1,Drone1:1248;Drone2:1202;Drone3:1253,262.4909,position_sent,local,
Drone3_e1259,Drone3,Drone1:1238;Drone2:1206;Drone3:1259,262.1773,processing,local,
Drone2_e1209,Drone2,Drone1:1238;Drone2:1209;Drone3:1254,262.1277,idle,local,
Drone3_e1260,Drone3,Drone1:1238;Drone2:1206;Drone3:1260,262.3849,processing,send,Drone2
Drone3_e1261,Drone3,Drone1:1238;Drone2:1206;Drone3:1261,262.6750,processing,local,
Drone3_e1262,Drone3,Drone1:1238;Drone2:1206;Drone3:1262,262.8589,relative_computed,local,
Drone2_e1210,Drone2,Drone1:1238;Drone2:1210;Drone3:1260,262.5586,idle,receive,Drone3
Drone2_e1211,Drone2,Drone1:1238;Drone2:1211;Drone3:1260,262.6478,idle,send,Drone3
Drone1_e1249,Drone1,Drone1:1249;Drone2:1202;Drone3:1253,262.5417,position_sent,local,
Drone2_e1212,Drone2,Drone1:1238;Drone2:1212;Drone3:1260,262.8619,scanning,local,
Drone3_e1263,Drone3,Drone1:1238;Drone2:1206;Drone3:1263,263.0047,relative_computed,local,
Drone3_e1264,Drone3,Drone1:1238;Drone2:1206;Drone3:1264,263.1593,relative_computed,local,
Drone1_e1250,Drone1,Drone1:1250;Drone2:1202;Drone3:1253,262.7464,position_sent,local,
Drone1_e1251,Drone1,Drone1:1251;Drone2:1202;Drone3:1253,262.9223,position_sent,local,
Drone1_e1252,Drone1,Drone1:1252;Drone2:1202;Drone3:1253,263.1553,processing,local,
Drone1_e1253,Drone1,Drone1:1253;Drone2:1202;Drone3:1253,263.2678,processing,local,
Drone3_e1265,Drone3,Drone1:1238;Drone2:1206;Drone3:1265,263.3804,relative_computed,local,
Drone2_e1213,Drone2,Drone1:1238;Drone2:1213;Drone3:1260,263.0499,scanning,send,Drone3
Drone1_e1254,Drone1,Drone1:1254;Drone2:1202;Drone3:1253,263.3582,processing,local,
Drone2_e1214,Drone2,Drone1:1238;Drone2:1214;Drone3:1260,263.1597,scanning,local,
Drone2_e1215,Drone2,Drone1:1238;Drone2:1215;Drone3:1260,263.4401,scanning,local,
Drone2_e1216,Drone2,Drone1:1238;Drone2:1216;Drone3:1260,263.7137,scanning,send,Drone1
Drone1_e1255,Drone1,Drone1:1255;Drone2:1202;Drone3:1253,263.5230,processing,local,
Drone3_e1266,Drone3,Drone1:1238;Drone2:1206;Drone3:1266,263.6778,relative_computed,local,
Drone1_e1256,Drone1,Drone1:1256;Drone2:1202;Drone3:1253,263.6980,processing,local,
Drone1_e1257,Drone1,Drone1:1257;Drone2:1202;Drone3:1253,263.9575,processing,local,
Drone1_e1258,Drone1,Drone1:1258;Drone2:1216;Drone3:1260,264.0092,processing,receive,Drone2
Drone1_e1259,Drone1,Drone1:1259;Drone2:1216;Drone3:1260,264.1608,processing,local,
Drone3_e1267,Drone3,Drone1:1238;Drone2:1206;Drone3:1267,263.9433,relative_computed,local,
Drone1_e1260,Drone1,Drone1:1260;Drone2:1216;Drone3:1260,264.4502,processing,local,
Drone3_e1268,Drone3,Drone1:1238;Drone2:1206;Drone3:1268,264.1723,relative_computed,local,
Drone3_e1269,Drone3,Drone1:1238;Drone2:1206;Drone3:1269,264.3558,relative_computed,local,
Drone1_e1261,Drone1,Drone1:1261;Drone2:1216;Drone3:1260,264.7071,processing,local,
Drone1_e1262,Drone1,Drone1:1262;Drone2:1216;Drone3:1260,264.9642,relative_computed,send,Drone3
Drone3_e1270,Drone3,Drone1:1238;Drone2:1206;Drone3:1270,264.4967,relative_computed,local,
Drone3_e1271,Drone3,Drone1:1238;Drone2:1206;Drone3:1271,264.7040,relative_computed,local,
Drone2_e1217,Drone2,Drone1:1238;Drone2:1217;Drone3:1260,263.7947,scanning,local,
Drone1_e1263,Drone1,Drone1:1263;Drone2:1216;Drone3:1260,265.2037,relative_computed,local,
Drone3_e1272,Drone3,Drone1:1238;Drone2:1206;Drone3:1272,264.7819,formation_hold,local,
Drone1_e1264,Drone1,Drone1:1264;Drone2:1216;Drone3:1260,265.4178,relative_computed,local,
Drone1_e1265,Drone1,Drone1:1265;Drone2:1216;Drone3:1260,265.6667,relative_computed,local,
Drone1_e1266,Drone1,Drone1:1266;Drone2:1216;Drone3:1260,265.8772,relative_computed,send,Drone3
Drone1_e1267,Drone1,Drone1:1267;Drone2:1216;Drone3:1260,266.1045,relative_computed,local,
Drone1_e1268,Drone1,Drone1:1268;Drone2:1216;Drone3:1260,266.2401,relative_computed,local,
Drone3_e1273,Drone3,Drone1:1238;Drone2:1206;Drone3:1273,265.0288,formation_hold,local,
Drone3_e1274,Drone3,Drone1:1238;Drone2:1211;Drone3:1274,265.2274,formation_hold,receive,Drone2
Drone1_e1269,Drone1,Drone1:1269;Drone2:1216;Drone3:1260,266.2966,relative_computed,send,Drone3
Drone2_e1218,Drone2,Drone1:1238;Drone2:1218;Drone3:1260,264.0232,scanning,local,
Drone2_e1219,Drone2,Drone1:1238;Drone2:1219;Drone3:1260,264.1127,scanning,local,
Drone3_e1275,Drone3,Drone1:1238;Drone2:1213;Drone3:1275,265.4457,formation_hold,receive,Drone2
Drone1_e1270,Drone1,Drone1:1270;Drone2:1216;Drone3:1260,266.5203,relative_computed,local,
Drone1_e1271,Drone1,Drone1:1271;Drone2:1216;Drone3:1260,266.7851,relative_computed,local,
Drone2_e1220,Drone2,Drone1:1238;Drone2:1220;Drone3:1260,264.1697,scanning,local,
Drone1_e1272,Drone1,Drone1:1272;Drone2:1216;Drone3:1260,266.8722,formation_hold,local,
Drone1_e1273,Drone1,Drone1:1273;Drone2:1216;Drone3:1260,267.0415,formation_hold,send,Drone3
Drone1_e1274,Drone1,Drone1:1274;Drone2:1216;Drone3:1260,267.2524,formation_hold,local,
Drone3_e1276,Drone3,Drone1:1238;Drone2:1213;Drone3:1276,265.5743,formation_hold,local,
Drone2_e1221,Drone2,Drone1:1238;Drone2:1221;Drone3:1260,264.4513,scanning,local,
Drone3_e1277,Drone3,Drone1:1262;Drone2:1216;Drone3:1277,265.6681,formation_hold,receive,Drone1
Drone2_e1222,Drone2,Drone1:1238;Drone2:1222;Drone3:1260,264.5869,target_found,send,Drone1
Drone2_e1223,Drone2,Drone1:1238;Drone2:1223;Drone3:1260,264.7064,target_found,send,Drone1
Drone3_e1278,Drone3,Drone1:1262;Drone2:1216;Drone3:1278,265.8806,formation_hold,local,
Drone2_e1224,Drone2,Drone1:1238;Drone2:1224;Drone3:1260,264.8988,target_found,local,
Drone3_e1279,Drone3,Drone1:1262;Drone2:1216;Drone3:1279,266.1406,formation_hold,local,
Drone3_e1280,Drone3,Drone1:1262;Drone2:1216;Drone3:1280,266.3760,formation_hold,local,
Drone2_e1225,Drone2,Drone1:1238;Drone2:1225;Drone3:1260,265.0484,target_found,local,
Drone1_e1275,Drone1,Drone1:1275;Drone2:1216;Drone3:1260,267.4293,formation_hold,local,
Drone2_e1226,Drone2,Drone1:1238;Drone2:1226;Drone3:1260,265.2321,target_found,local,
Drone3_e1281,Drone3,Drone1:1262;Drone2:1216;Drone3:1281,266.4458,formation_hold,local,
Drone1_e1276,Drone1,Drone1:1276;Drone2:1216;Drone3:1260,267.6100,formation_hold,local,
Drone1_e1277,Drone1,Drone1:1277;Drone2:1222;Drone3:1260,267.8324,formation_hold,receive,Drone2
Drone3_e1282,Drone3,Drone1:1262;Drone2:1216;Drone3:1282,266.5529,idle,local,
Drone3_e1283,Drone3,Drone1:1262;Drone2:1216;Drone3:1283,266.6130,idle,local,
Drone3_e1284,Drone3,Drone1:1266;Drone2:1216;Drone3:1284,266.6858,idle,receive,Drone1
Drone1_e1278,Drone1,Drone1:1278;Drone2:1222;Drone3:1260,268.1118,formation_hold,local,
Drone1_e1279,Drone1,Drone1:1279;Drone2:1222;Drone3:1260,268.1770,formation_hold,local,
Drone1_e1280,Drone1,Drone1:1280;Drone2:1223;Drone3:1260,268.3431,formation_hold,receive,Drone2
Drone3_e1285,Drone3,Drone1:1266;Drone2:1216;Drone3:1285,266.7486,idle,local,
Drone3_e1286,Drone3,Drone1:1269;Drone2:1216;Drone3:1286,266.8277,idle,receive,Drone1
Drone1_e1281,Drone1,Drone1:1281;Drone2:1223;Drone3:1260,268.4181,formation_hold,local,
Drone3_e1287,Drone3,Drone1:1273;Drone2:1216;Drone3:1287,267.1665,idle,receive,Drone1
Drone1_e1282,Drone1,Drone1:1282;Drone2:1223;Drone3:1260,268.6833,idle,local,
Drone1_e1283,Drone1,Drone1:1283;Drone2:1223;Drone3:1260,268.8440,idle,local,
Drone3_e1288,Drone3,Drone1:1273;Drone2:1216;Drone3:1288,267.4645,idle,send,Drone2
Drone2_e1227,Drone2,Drone1:1238;Drone2:1227;Drone3:1260,265.4324,target_found,local,
Drone2_e1228,Drone2,Drone1:1238;Drone2:1228;Drone3:1260,265.5646,target_found,local,
Drone2_e1229,Drone2,Drone1:1238;Drone2:1229;Drone3:1260,265.8525,target_found,local,
Drone2_e1230,Drone2,Drone1:1273;Drone2:1230;Drone3:1288,267.5998,target_found,receive,Drone3
Drone3_e1289,Drone3,Drone1:1273;Drone2:1216;Drone3:1289,267.5917,idle,local,
Drone2_e1231,Drone2,Drone1:1273;Drone2:1231;Drone3:1288,267.7717,target_found,send,Drone1
Drone2_e1232,Drone2,Drone1:1273;Drone2:1232;Drone3:1288,267.9491,position_measured,local,
Drone2_e1233,Drone2,Drone1:1273;Drone2:1233;Drone3:1288,268.1892,position_measured,send,Drone1
Drone3_e1290,Drone3,Drone1:1273;Drone2:1216;Drone3:1290,267.8730,idle,local,
Drone2_e1234,Drone2,Drone1:1273;Drone2:1234;Drone3:1288,268.4109,position_measured,local,
Drone1_e1284,Drone1,Drone1:1284;Drone2:1231;Drone3:1288,269.0847,idle,receive,Drone2
Drone1_e1285,Drone1,Drone1:1285;Drone2:1233;Drone3:1288,269.2147,idle,receive,Drone2
Drone3_e1291,Drone3,Drone1:1273;Drone2:1216;Drone3:1291,268.0942,idle,local,
Drone3_e1292,Drone3,Drone1:1273;Drone2:1216;Drone3:1292,268.2252,scanning,send,Drone1
Drone1_e1286,Drone1,Drone1:1286;Drone2:1233;Drone3:1288,269.4612,idle,local,
Drone1_e1287,Drone1,Drone1:1287;Drone2:1233;Drone3:1288,269.5505,idle,local,
Drone3_e1293,Drone3,Drone1:1273;Drone2:1216;Drone3:1293,268.4385,scanning,local,
Drone2_e1235,Drone2,Drone1:1273;Drone2:1235;Drone3:1288,268.5283,position_measured,local,
Drone2_e1236,Drone2,Drone1:1273;Drone2:1236;Drone3:1288,268.7923,position_measured,local,
Drone2_e1237,Drone2,Drone1:1273;Drone2:1237;Drone3:1288,268.9189,position_measured,local,
Drone3_e1294,Drone3,Drone1:1273;Drone2:1216;Drone3:1294,268.6748,scanning,local,
Drone2_e1238,Drone2,Drone1:1273;Drone2:1238;Drone3:1288,269.1097,position_measured,local,
Drone2_e1239,Drone2,Drone1:1273;Drone2:1239;Drone3:1288,269.1735,position_measured,send,Drone3
Drone2_e1240,Drone2,Drone1:1273;Drone2:1240;Drone3:1288,269.4249,position_measured,local,
Drone2_e1241,Drone2,Drone1:1273;Drone2:1241;Drone3:1288,269.4798,position_measured,local,
Drone3_e1295,Drone3,Drone1:1273;Drone2:1239;Drone3:1295,269.2972,scanning,receive,Drone2
Drone2_e1242,Drone2,Drone1:1273;Drone2:1242;Drone3:1288,269.7275,position_sent,send,Drone3
Drone2_e1243,Drone2,Drone1:1273;Drone2:1243;Drone3:1288,269.9622,position_sent,local,
Drone1_e1288,Drone1,Drone1:1288;Drone2:1233;Drone3:1288,269.7105,idle,local,
Drone2_e1244,Drone2,Drone1:1273;Drone2:1244;Drone3:1288,270.0523,position_sent,send,Drone1
Drone3_e1296,Drone3,Drone1:1273;Drone2:1239;Drone3:1296,269.5276,scanning,local,
Drone2_e1245,Drone2,Drone1:1273;Drone2:1245;Drone3:1288,270.3390,position_sent,local,
Drone3_e1297,Drone3,Drone1:1273;Drone2:1242;Drone3:1297,269.8399,scanning,receive,Drone2
Drone3_e1298,Drone3,Drone1:1273;Drone2:1242;Drone3:1298,269.9048,scanning,local,
Drone1_e1289,Drone1,Drone1:1289;Drone2:1233;Drone3:1288,269.8295,idle,local,
Drone2_e1246,Drone2,Drone1:1273;Drone2:1246;Drone3:1288,270.4601,position_sent,local,
Drone2_e1247,Drone2,Drone1:1273;Drone2:1247;Drone3:1288,270.5912,position_sent,send,Drone1
Drone3_e1299,Drone3,Drone1:1273;Drone2:1242;Drone3:1299,269.9927,scanning,local,
Drone1_e1290,Drone1,Drone1:1290;Drone2:1233;Drone3:1288,270.0230,idle,local,
Drone3_e1300,Drone3,Drone1:1273;Drone2:1242;Drone3:1300,270.1247,scanning,send,Drone1
Drone3_e1301,Drone3,Drone1:1273;Drone2:1242;Drone3:1301,270.2399,scanning,local,
Drone3_e1302,Drone3,Drone1:1273;Drone2:1242;Drone3:1302,270.4623,target_found,local,
Drone1_e1291,Drone1,Drone1:1291;Drone2:1233;Drone3:1288,270.0900,idle,local,
Drone3_e1303,Drone3,Drone1:1273;Drone2:1242;Drone3:1303,270.5907,target_found,local,
Drone2_e1248,Drone2,Drone1:1273;Drone2:1248;Drone3:1288,270.7527,position_sent,local,
Drone1_e1292,Drone1,Drone1:1292;Drone2:1233;Drone3:1292,270.1969,scanning,receive,Drone3
Drone2_e1249,Drone2,Drone1:1273;Drone2:1249;Drone3:1288,270.9721,position_sent,local,
Drone3_e1304,Drone3,Drone1:1273;Drone2:1242;Drone3:1304,270.6758,target_found,send,Drone1
Drone3_e1305,Drone3,Drone1:1273;Drone2:1242;Drone3:1305,270.8249,target_found,local,
Drone2_e1250,Drone2,Drone1:1273;Drone2:1250;Drone3:1288,271.2300,position_sent,local,
Drone1_e1293,Drone1,Drone1:1293;Drone2:1233;Drone3:1292,270.3750,scanning,local,
Drone1_e1294,Drone1,Drone1:1294;Drone2:1233;Drone3:1292,270.6739,scanning,local,
Drone3_e1306,Drone3,Drone1:1273;Drone2:1242;Drone3:1306,270.9567,target_found,local,
Drone3_e1307,Drone3,Drone1:1273;Drone2:1242;Drone3:1307,271.1504,target_found,local,
Drone3_e1308,Drone3,Drone1:1273;Drone2:1242;Drone3:1308,271.3417,target_found,send,Drone1
Drone3_e1309,Drone3,Drone1:1273;Drone2:1242;Drone3:1309,271.5246,target_found,local,
Drone3_e1310,Drone3,Drone1:1273;Drone2:1242;Drone3:1310,271.5966,target_found,local,
Drone2_e1251,Drone2,Drone1:1273;Drone2:1251;Drone3:1288,271.5283,position_sent,local,
Drone1_e1295,Drone1,Drone1:1295;Drone2:1233;Drone3:1292,270.8317,scanning,local,
Drone2_e1252,Drone2,Drone1:1273;Drone2:1252;Drone3:1288,271.8006,processing,local,
Drone3_e1311,Drone3,Drone1:1273;Drone2:1242;Drone3:1311,271.6648,target_found,send,Drone2
Drone3_e1312,Drone3,Drone1:1273;Drone2:1242;Drone3:1312,271.8283,position_measured,local,
Drone3_e1313,Drone3,Drone1:1273;Drone2:1242;Drone3:1313,272.1155,position_measured,local,
Drone1_e1296,Drone1,Drone1:1296;Drone2:1233;Drone3:1292,270.9551,scanning,local,
Drone3_e1314,Drone3,Drone1:1273;Drone2:1242;Drone3:1314,272.1702,position_measured,local,
Drone1_e1297,Drone1,Drone1:1297;Drone2:1244;Drone3:1292,271.0698,scanning,receive,Drone2
Drone1_e1298,Drone1,Drone1:1298;Drone2:1244;Drone3:1292,271.3118,scanning,local,
Drone3_e1315,Drone3,Drone1:1273;Drone2:1242;Drone3:1315,272.3865,position_measured,local,
Drone3_e1316,Drone3,Drone1:1273;Drone2:1242;Drone3:1316,272.6598,position_measured,local,
Drone3_e1317,Drone3,Drone1:1273;Drone2:1242;Drone3:1317,272.7480,position_measured,local,
Drone1_e1299,Drone1,Drone1:1299;Drone2:1247;Drone3:1292,271.3870,scanning,receive,Drone2
Drone3_e1318,Drone3,Drone1:1273;Drone2:1242;Drone3:1318,273.0092,position_measured,local,
Drone1_e1300,Drone1,Drone1:1300;Drone2:1247;Drone3:1292,271.6757,scanning,local,
Drone2_e1253,Drone2,Drone1:1273;Drone2:1253;Drone3:1288,272.0827,processing,local,
Drone3_e1319,Drone3,Drone1:1273;Drone2:1242;Drone3:1319,273.1000,position_measured,send,Drone2
Drone2_e1254,Drone2,Drone1:1273;Drone2:1254;Drone3:1311,272.3258,processing,receive,Drone3
Drone1_e1301,Drone1,Drone1:1301;Drone2:1247;Drone3:1300,271.7564,scanning,receive,Drone3
Drone2_e1255,Drone2,Drone1:1273;Drone2:1255;Drone3:1319,273.2451,processing,receive,Drone3
Drone2_e1256,Drone2,Drone1:1273;Drone2:1256;Drone3:1319,273.3447,processing,local,
Drone2_e1257,Drone2,Drone1:1273;Drone2:1257;Drone3:1319,273.4259,processing,local,
Drone1_e1302,Drone1,Drone1:1302;Drone2:1247;Drone3:1300,271.9510,target_found,local,
Drone3_e1320,Drone3,Drone1:1273;Drone2:1242;Drone3:1320,273.1801,position_measured,send,Drone1
Drone2_e1258,Drone2,Drone1:1273;Drone2:1258;Drone3:1319,273.5655,processing,local,
Drone2_e1259,Drone2,Drone1:1273;Drone2:1259;Drone3:1319,273.6681,processing,local,
Drone1_e1303,Drone1,Drone1:1303;Drone2:1247;Drone3:1300,272.0910,target_found,local,
Drone2_e1260,Drone2,Drone1:1273;Drone2:1260;Drone3:1319,273.9543,processing,local,
Drone1_e1304,Drone1,Drone1:1304;Drone2:1247;Drone3:1304,272.2411,target_found,receive,Drone3
Drone1_e1305,Drone1,Drone1:1305;Drone2:1247;Drone3:1308,272.5002,target_found,receive,Drone3
Drone2_e1261,Drone2,Drone1:1273;Drone2:1261;Drone3:1319,274.1673,processing,local,
Drone1_e1306,Drone1,Drone1:1306;Drone2:1247;Drone3:1308,272.5713,target_found,local,
Drone3_e1321,Drone3,Drone1:1273;Drone2:1242;Drone3:1321,273.4491,position_measured,local,
Drone1_e1307,Drone1,Drone1:1307;Drone2:1247;Drone3:1308,272.6900,target_found,local,
Drone3_e1322,Drone3,Drone1:1273;Drone2:1242;Drone3:1322,273.5104,position_sent,local,
Drone1_e1308,Drone1,Drone1:1308;Drone2:1247;Drone3:1320,273.2621,target_found,receive,Drone3
Drone1_e1309,Drone1,Drone1:1309;Drone2:1247;Drone3:1320,273.5026,target_found,send,Drone3
Drone1_e1310,Drone1,Drone1:1310;Drone2:1247;Drone3:1320,273.6051,target_found,local,
Drone3_e1323,Drone3,Drone1:1273;Drone2:1242;Drone3:1323,273.6533,position_sent,local,
Drone2_e1262,Drone2,Drone1:1273;Drone2:1262;Drone3:1319,274.3221,relative_computed,local,
Drone1_e1311,Drone1,Drone1:1311;Drone2:1247;Drone3:1320,273.8964,target_found,local,
Drone3_e1324,Drone3,Drone1:1273;Drone2:1242;Drone3:1324,273.8705,position_sent,local,
Drone2_e1263,Drone2,Drone1:1273;Drone2:1263;Drone3:1319,274.3995,relative_computed,local,
Drone1_e1312,Drone1,Drone1:1312;Drone2:1247;Drone3:1320,274.0229,position_measured,send,Drone2
Drone3_e1325,Drone3,Drone1:1309;Drone2:1247;Drone3:1325,274.0760,position_sent,receive,Drone1
Drone1_e1313,Drone1,Drone1:1313;Drone2:1247;Drone3:1320,274.1558,position_measured,local,
Drone2_e1264,Drone2,Drone1:1312;Drone2:1264;Drone3:1320,274.6779,relative_computed,receive,Drone1
Drone1_e1314,Drone1,Drone1:1314;Drone2:1247;Drone3:1320,274.3964,position_measured,local,
Drone3_e1326,Drone3,Drone1:1309;Drone2:1247;Drone3:1326,274.1655,position_sent,local,
Drone1_e1315,Drone1,Drone1:1315;Drone2:1247;Drone3:1320,274.5021,position_measured,local,
Drone2_e1265,Drone2,Drone1:1312;Drone2:1265;Drone3:1320,274.7560,relative_computed,local,
Drone2_e1266,Drone2,Drone1:1312;Drone2:1266;Drone3:1320,274.9097,relative_computed,local,
Drone3_e1327,Drone3,Drone1:1309;Drone2:1247;Drone3:1327,274.4297,position_sent,local,
Drone3_e1328,Drone3,Drone1:1309;Drone2:1247;Drone3:1328,274.5971,position_sent,send,Drone2
Drone2_e1267,Drone2,Drone1:1312;Drone2:1267;Drone3:1328,275.1990,relative_computed,receive,Drone3
Drone3_e1329,Drone3,Drone1:1309;Drone2:1247;Drone3:1329,274.7666,position_sent,local,
Drone3_e1330,Drone3,Drone1:1309;Drone2:1247;Drone3:1330,274.9594,position_sent,local,
Drone1_e1316,Drone1,Drone1:1316;Drone2:1247;Drone3:1320,274.7535,position_measured,send,Drone2
Drone1_e1317,Drone1,Drone1:1317;Drone2:1247;Drone3:1320,274.9893,position_measured,send,Drone2
Drone3_e1331,Drone3,Drone1:1309;Drone2:1247;Drone3:1331,275.2311,position_sent,local,
Drone1_e1318,Drone1,Drone1:1318;Drone2:1247;Drone3:1320,275.0854,position_measured,send,Drone3
Drone3_e1332,Drone3,Drone1:1318;Drone2:1247;Drone3:1332,275.4482,processing,receive,Drone1
Drone3_e1333,Drone3,Drone1:1318;Drone2:1247;Drone3:1333,275.7451,processing,local,
Drone2_e1268,Drone2,Drone1:1312;Drone2:1268;Drone3:1328,275.2819,relative_computed,local,
Drone2_e1269,Drone2,Drone1:1316;Drone2:1269;Drone3:1328,275.4767,relative_computed,receive,Drone1
Drone1_e1319,Drone1,Drone1:1319;Drone2:1247;Drone3:1320,275.3354,position_measured,local,
Drone3_e1334,Drone3,Drone1:1318;Drone2:1247;Drone3:1334,276.0400,processing,send,Drone1
Drone1_e1320,Drone1,Drone1:1320;Drone2:1247;Drone3:1334,276.2988,position_measured,receive,Drone3
Drone1_e1321,Drone1,Drone1:1321;Drone2:1247;Drone3:1334,276.3518,position_measured,send,Drone3
Drone2_e1270,Drone2,Drone1:1316;Drone2:1270;Drone3:1328,275.6127,relative_computed,local,
Drone3_e1335,Drone3,Drone1:1318;Drone2:1247;Drone3:1335,276.3327,processing,local,
Drone2_e1271,Drone2,Drone1:1316;Drone2:1271;Drone3:1328,275.7164,relative_computed,local,
Drone3_e1336,Drone3,Drone1:1321;Drone2:1247;Drone3:1336,276.4312,processing,receive,Drone1
Drone2_e1272,Drone2,Drone1:1316;Drone2:1272;Drone3:1328,275.8950,formation_hold,local,
Drone2_e1273,Drone2,Drone1:1317;Drone2:1273;Drone3:1328,276.0089,formation_hold,receive,Drone1
Drone2_e1274,Drone2,Drone1:1317;Drone2:1274;Drone3:1328,276.1729,formation_hold,local,
Drone1_e1322,Drone1,Drone1:1322;Drone2:1247;Drone3:1334,276.4873,position_sent,local,
Drone3_e1337,Drone3,Drone1:1321;Drone2:1247;Drone3:1337,276.5878,processing,send,Drone2
Drone1_e1323,Drone1,Drone1:1323;Drone2:1247;Drone3:1334,276.5689,position_sent,local,
Drone1_e1324,Drone1,Drone1:1324;Drone2:1247;Drone3:1334,276.8264,position_sent,local,
Drone1_e1325,Drone1,Drone1:1325;Drone2:1247;Drone3:1334,276.9504,position_sent,local,
Drone2_e1275,Drone2,Drone1:1321;Drone2:1275;Drone3:1337,276.7762,formation_hold,receive,Drone3
Drone1_e1326,Drone1,Drone1:1326;Drone2:1247;Drone3:1334,277.2433,position_sent,local,
Drone1_e1327,Drone1,Drone1:1327;Drone2:1247;Drone3:1334,277.5286,position_sent,local,
Drone3_e1338,Drone3,Drone1:1321;Drone2:1247;Drone3:1338,276.8318,processing,send,Drone1
Drone1_e1328,Drone1,Drone1:1328;Drone2:1247;Drone3:1334,277.6671,position_sent,local,
Drone3_e1339,Drone3,Drone1:1321;Drone2:1247;Drone3:1339,277.0225,processing,local,
Drone3_e1340,Drone3,Drone1:1321;Drone2:1247;Drone3:1340,277.2726,processing,local,
Drone2_e1276,Drone2,Drone1:1321;Drone2:1276;Drone3:1337,276.9996,formation_hold,local,
Drone3_e1341,Drone3,Drone1:1321;Drone2:1247;Drone3:1341,277.3476,processing,send,Drone1
Drone1_e1329,Drone1,Drone1:1329;Drone2:1247;Drone3:1334,277.9318,position_sent,local,
Drone1_e1330,Drone1,Drone1:1330;Drone2:1247;Drone3:1334,278.1696,position_sent,local,
Drone1_e1331,Drone1,Drone1:1331;Drone2:1247;Drone3:1334,278.4584,position_sent,local,
Drone2_e1277,Drone2,Drone1:1321;Drone2:1277;Drone3:1337,277.1192,formation_hold,local,
Drone2_e1278,Drone2,Drone1:1321;Drone2:1278;Drone3:1337,277.3926,formation_hold,send,Drone3
Drone2_e1279,Drone2,Drone1:1321;Drone2:1279;Drone3:1337,277.6230,formation_hold,local,
Drone2_e1280,Drone2,Drone1:1321;Drone2:1280;Drone3:1337,277.8501,formation_hold,send,Drone3
Drone3_e1342,Drone3,Drone1:1321;Drone2:1278;Drone3:1342,277.4574,relative_computed,receive,Drone2
Drone2_e1281,Drone2,Drone1:1321;Drone2:1281;Drone3:1337,278.1057,formation_hold,send,Drone3
Drone1_e1332,Drone1,Drone1:1332;Drone2:1247;Drone3:1338,278.6699,processing,receive,Drone3
Drone2_e1282,Drone2,Drone1:1321;Drone2:1282;Drone3:1337,278.2179,idle,local,
Drone2_e1283,Drone2,Drone1:1321;Drone2:1283;Drone3:1337,278.3030,idle,send,Drone3
Drone2_e1284,Drone2,Drone1:1321;Drone2:1284;Drone3:1337,278.4044,idle,send,Drone1
Drone1_e1333,Drone1,Drone1:1333;Drone2:1247;Drone3:1338,278.9100,processing,local,
Drone1_e1334,Drone1,Drone1:1334;Drone2:1247;Drone3:1338,279.0902,processing,local,
Drone3_e1343,Drone3,Drone1:1321;Drone2:1280;Drone3:1343,277.9581,relative_computed,receive,Drone2
Drone2_e1285,Drone2,Drone1:1321;Drone2:1285;Drone3:1337,278.5897,idle,send,Drone1
Drone3_e1344,Drone3,Drone1:1321;Drone2:1280;Drone3:1344,278.0257,relative_computed,local,
Drone3_e1345,Drone3,Drone1:1321;Drone2:1281;Drone3:1345,278.3931,relative_computed,receive,Drone2
Drone1_e1335,Drone1,Drone1:1335;Drone2:1247;Drone3:1341,279.1684,processing,receive,Drone3
Drone2_e1286,Drone2,Drone1:1321;Drone2:1286;Drone3:1337,278.6819,idle,local,
Drone3_e1346,Drone3,Drone1:1321;Drone2:1281;Drone3:1346,278.6417,relative_computed,local,
Drone2_e1287,Drone2,Drone1:1321;Drone2:1287;Drone3:1337,278.7540,idle,send,Drone1
Drone3_e1347,Drone3,Drone1:1321;Drone2:1281;Drone3:1347,278.8415,relative_computed,local,
Drone2_e1288,Drone2,Drone1:1321;Drone2:1288;Drone3:1337,279.0132,idle,send,Drone3
Drone2_e1289,Drone2,Drone1:1321;Drone2:1289;Drone3:1337,279.2227,idle,local,
Drone2_e1290,Drone2,Drone1:1321;Drone2:1290;Drone3:1337,279.4558,idle,local,
Drone2_e1291,Drone2,Drone1:1321;Drone2:1291;Drone3:1337,279.5880,idle,local,
Drone3_e1348,Drone3,Drone1:1321;Drone2:1281;Drone3:1348,279.1372,relative_computed,local,
Drone1_e1336,Drone1,Drone1:1336;Drone2:1284;Drone3:1341,279.2791,processing,receive,Drone2
Drone2_e1292,Drone2,Drone1:1321;Drone2:1292;Drone3:1337,279.8044,scanning,send,Drone3
Drone1_e1337,Drone1,Drone1:1337;Drone2:1284;Drone3:1341,279.5356,processing,local,
Drone2_e1293,Drone2,Drone1:1321;Drone2:1293;Drone3:1337,280.0638,scanning,local,
Drone2_e1294,Drone2,Drone1:1321;Drone2:1294;Drone3:1337,280.3314,scanning,local,
Drone3_e1349,Drone3,Drone1:1321;Drone2:1283;Drone3:1349,279.3348,relative_computed,receive,Drone2
Drone3_e1350,Drone3,Drone1:1321;Drone2:1283;Drone3:1350,279.5287,relative_computed,local,
Drone1_e1338,Drone1,Drone1:1338;Drone2:1284;Drone3:1341,279.6453,processing,local,
Drone3_e1351,Drone3,Drone1:1321;Drone2:1283;Drone3:1351,279.8047,relative_computed,local,
Drone2_e1295,Drone2,Drone1:1321;Drone2:1295;Drone3:1337,280.5609,scanning,local,
Drone1_e1339,Drone1,Drone1:1339;Drone2:1285;Drone3:1341,279.9084,processing,receive,Drone2
Drone3_e1352,Drone3,Drone1:1321;Drone2:1283;Drone3:1352,279.8640,formation_hold,local,
Drone2_e1296,Drone2,Drone1:1321;Drone2:1296;Drone3:1337,280.7680,scanning,local,
Drone2_e1297,Drone2,Drone1:1321;Drone2:1297;Drone3:1337,280.8244,scanning,local,
Drone3_e1353,Drone3,Drone1:1321;Drone2:1288;Drone3:1353,279.9387,formation_hold,receive,Drone2
Drone2_e1298,Drone2,Drone1:1321;Drone2:1298;Drone3:1337,281.0566,scanning,local,
Drone2_e1299,Drone2,Drone1:1321;Drone2:1299;Drone3:1337,281.2774,scanning,local,
Drone2_e1300,Drone2,Drone1:1321;Drone2:1300;Drone3:1337,281.3896,scanning,local,
Drone2_e1301,Drone2,Drone1:1321;Drone2:1301;Drone3:1337,281.5207,scanning,local,
Drone3_e1354,Drone3,Drone1:1321;Drone2:1288;Drone3:1354,280.0545,formation_hold,local,
Drone1_e1340,Drone1,Drone1:1340;Drone2:1287;Drone3:1341,280.1435,processing,receive,Drone2
Drone2_e1302,Drone2,Drone1:1321;Drone2:1302;Drone3:1337,281.6137,target_found,local,
Drone2_e1303,Drone2,Drone1:1321;Drone2:1303;Drone3:1337,281.7472,target_found,local,
Drone3_e1355,Drone3,Drone1:1321;Drone2:1288;Drone3:1355,280.3058,formation_hold,local,
Drone1_e1341,Drone1,Drone1:1341;Drone2:1287;Drone3:1341,280.2700,processing,local,
Drone3_e1356,Drone3,Drone1:1321;Drone2:1292;Drone3:1356,280.4340,formation_hold,receive,Drone2
Drone2_e1304,Drone2,Drone1:1321;Drone2:1304;Drone3:1337,281.9863,target_found,local,
Drone1_e1342,Drone1,Drone1:1342;Drone2:1287;Drone3:1341,280.4076,relative_computed,send,Drone3
Drone2_e1305,Drone2,Drone1:1321;Drone2:1305;Drone3:1337,282.2250,target_found,local,
Drone1_e1343,Drone1,Drone1:1343;Drone2:1287;Drone3:1341,280.4855,relative_computed,local,
Drone3_e1357,Drone3,Drone1:1342;Drone2:1292;Drone3:1357,280.6732,formation_hold,receive,Drone1
Drone3_e1358,Drone3,Drone1:1342;Drone2:1292;Drone3:1358,280.7729,formation_hold,send,Drone1
Drone1_e1344,Drone1,Drone1:1344;Drone2:1287;Drone3:1341,280.7642,relative_computed,local,
Drone3_e1359,Drone3,Drone1:1342;Drone2:1292;Drone3:1359,280.8887,formation_hold,local,
Drone3_e1360,Drone3,Drone1:1342;Drone2:1292;Drone3:1360,281.0271,formation_hold,local,
Drone1_e1345,Drone1,Drone1:1345;Drone2:1287;Drone3:1341,280.8401,relative_computed,local,
Drone3_e1361,Drone3,Drone1:1342;Drone2:1292;Drone3:1361,281.2990,formation_hold,local,
Drone2_e1306,Drone2,Drone1:1321;Drone2:1306;Drone3:1337,282.5177,target_found,local,
Drone2_e1307,Drone2,Drone1:1321;Drone2:1307;Drone3:1337,282.6783,target_found,local,
Drone1_e1346,Drone1,Drone1:1346;Drone2:1292;Drone3:1358,281.0570,relative_computed,receive,Drone3
Drone2_e1308,Drone2,Drone1:1321;Drone2:1308;Drone3:1337,282.9366,target_found,send,Drone1
Drone1_e1347,Drone1,Drone1:1347;Drone2:1308;Drone3:1358,283.0967,relative_computed,receive,Drone2
Drone1_e1348,Drone1,Drone1:1348;Drone2:1308;Drone3:1358,283.2076,relative_computed,send,Drone3
Drone1_e1349,Drone1,Drone1:1349;Drone2:1308;Drone3:1358,283.3784,relative_computed,local,
Drone2_e1309,Drone2,Drone1:1321;Drone2:1309;Drone3:1337,283.1244,target_found,local,
Drone3_e1362,Drone3,Drone1:1348;Drone2:1308;Drone3:1362,283.4696,idle,receive,Drone1
Drone3_e1363,Drone3,Drone1:1348;Drone2:1308;Drone3:1363,283.6635,idle,local,
Drone2_e1310,Drone2,Drone1:1321;Drone2:1310;Drone3:1337,283.3511,target_found,local,
Drone2_e1311,Drone2,Drone1:1321;Drone2:1311;Drone3:1337,283.4670,target_found,local,
Drone2_e1312,Drone2,Drone1:1321;Drone2:1312;Drone3:1337,283.7484,position_measured,local,
Drone1_e1350,Drone1,Drone1:1350;Drone2:1308;Drone3:1358,283.5177,relative_computed,local,
Drone3_e1364,Drone3,Drone1:1348;Drone2:1308;Drone3:1364,283.9124,idle,send,Drone1
Drone3_e1365,Drone3,Drone1:1348;Drone2:1308;Drone3:1365,284.0962,idle,send,Drone2
Drone1_e1351,Drone1,Drone1:1351;Drone2:1308;Drone3:1358,283.7187,relative_computed,local,
Drone3_e1366,Drone3,Drone1:1348;Drone2:1308;Drone3:1366,284.3217,idle,local,
Drone3_e1367,Drone3,Drone1:1348;Drone2:1308;Drone3:1367,284.4277,idle,local,
Drone2_e1313,Drone2,Drone1:1321;Drone2:1313;Drone3:1337,283.8117,position_measured,local,
Drone3_e1368,Drone3,Drone1:1348;Drone2:1308;Drone3:1368,284.6255,idle,local,
Drone1_e1352,Drone1,Drone1:1352;Drone2:1308;Drone3:1358,283.8116,formation_hold,local,
Drone3_e1369,Drone3,Drone1:1348;Drone2:1308;Drone3:1369,284.8381,idle,local,
Drone2_e1314,Drone2,Drone1:1321;Drone2:1314;Drone3:1337,284.0383,position_measured,local,
Drone1_e1353,Drone1,Drone1:1353;Drone2:1308;Drone3:1358,283.8779,formation_hold,local,
Drone3_e1370,Drone3,Drone1:1348;Drone2:1308;Drone3:1370,285.1249,idle,send,Drone2
Drone3_e1371,Drone3,Drone1:1348;Drone2:1308;Drone3:1371,285.2826,idle,send,Drone2
Drone1_e1354,Drone1,Drone1:1354;Drone2:1308;Drone3:1358,283.9817,formation_hold,local,
Drone2_e1315,Drone2,Drone1:1348;Drone2:1315;Drone3:1365,284.2288,position_measured,receive,Drone3
Drone3_e1372,Drone3,Drone1:1348;Drone2:1308;Drone3:1372,285.4596,scanning,local,
Drone2_e1316,Drone2,Drone1:1348;Drone2:1316;Drone3:1370,285.3906,position_measured,receive,Drone3
Drone3_e1373,Drone3,Drone1:1348;Drone2:1308;Drone3:1373,285.6565,scanning,send,Drone2
Drone1_e1355,Drone1,Drone1:1355;Drone2:1308;Drone3:1358,284.1642,formation_hold,local,
Drone3_e1374,Drone3,Drone1:1348;Drone2:1308;Drone3:1374,285.7687,scanning,send,Drone1
Drone3_e1375,Drone3,Drone1:1348;Drone2:1308;Drone3:1375,286.0661,scanning,local,
Drone1_e1356,Drone1,Drone1:1356;Drone2:1308;Drone3:1364,284.3963,formation_hold,receive,Drone3
Drone2_e1317,Drone2,Drone1:1348;Drone2:1317;Drone3:1371,285.5841,position_measured,receive,Drone3
Drone3_e1376,Drone3,Drone1:1348;Drone2:1308;Drone3:1376,286.2179,scanning,local,
Drone3_e1377,Drone3,Drone1:1348;Drone2:1308;Drone3:1377,286.4798,scanning,local,
Drone1_e1357,Drone1,Drone1:1357;Drone2:1308;Drone3:1374,285.8630,formation_hold,receive,Drone3
Drone2_e1318,Drone2,Drone1:1348;Drone2:1318;Drone3:1371,285.7590,position_measured,local,
Drone1_e1358,Drone1,Drone1:1358;Drone2:1308;Drone3:1374,285.9697,formation_hold,send,Drone2
Drone3_e1378,Drone3,Drone1:1348;Drone2:1308;Drone3:1378,286.6147,scanning,local,
Drone1_e1359,Drone1,Drone1:1359;Drone2:1308;Drone3:1374,286.0248,formation_hold,local,
Drone3_e1379,Drone3,Drone1:1348;Drone2:1308;Drone3:1379,286.8354,scanning,send,Drone1
Drone1_e1360,Drone1,Drone1:1360;Drone2:1308;Drone3:1379,286.8865,formation_hold,receive,Drone3
Drone2_e1319,Drone2,Drone1:1358;Drone2:1319;Drone3:1374,286.2345,position_measured,receive,Drone1
Drone1_e1361,Drone1,Drone1:1361;Drone2:1308;Drone3:1379,286.9820,formation_hold,send,Drone3
Drone1_e1362,Drone1,Drone1:1362;Drone2:1308;Drone3:1379,287.0562,idle,local,
Drone3_e1380,Drone3,Drone1:1348;Drone2:1308;Drone3:1380,287.0353,scanning,local,
Drone3_e1381,Drone3,Drone1:1361;Drone2:1308;Drone3:1381,287.2619,scanning,receive,Drone1
Drone1_e1363,Drone1,Drone1:1363;Drone2:1308;Drone3:1379,287.3098,idle,local,
Drone2_e1320,Drone2,Drone1:1358;Drone2:1320;Drone3:1374,286.5183,position_measured,receive,Drone3
Drone1_e1364,Drone1,Drone1:1364;Drone2:1308;Drone3:1379,287.4377,idle,local,
Drone2_e1321,Drone2,Drone1:1358;Drone2:1321;Drone3:1374,286.7159,position_measured,send,Drone1
Drone1_e1365,Drone1,Drone1:1365;Drone2:1308;Drone3:1379,287.6121,idle,local,
Drone3_e1382,Drone3,Drone1:1361;Drone2:1308;Drone3:1382,287.5463,target_found,send,Drone2
Drone3_e1383,Drone3,Drone1:1361;Drone2:1308;Drone3:1383,287.6936,target_found,local,
Drone2_e1322,Drone2,Drone1:1358;Drone2:1322;Drone3:1374,286.9330,position_sent,local,
Drone1_e1366,Drone1,Drone1:1366;Drone2:1321;Drone3:1379,287.6975,idle,receive,Drone2
Drone2_e1323,Drone2,Drone1:1361;Drone2:1323;Drone3:1382,287.6067,position_sent,receive,Drone3
Drone1_e1367,Drone1,Drone1:1367;Drone2:1321;Drone3:1379,287.9778,idle,local,
Drone3_e1384,Drone3,Drone1:1361;Drone2:1308;Drone3:1384,287.9533,target_found,local,
Drone1_e1368,Drone1,Drone1:1368;Drone2:1321;Drone3:1379,288.0505,idle,local,
Drone3_e1385,Drone3,Drone1:1361;Drone2:1308;Drone3:1385,288.1352,target_found,local,
Drone3_e1386,Drone3,Drone1:1361;Drone2:1308;Drone3:1386,288.3156,target_found,local,
Drone3_e1387,Drone3,Drone1:1361;Drone2:1308;Drone3:1387,288.4362,target_found,local,
Drone1_e1369,Drone1,Drone1:1369;Drone2:1321;Drone3:1379,288.1500,idle,local,
Drone3_e1388,Drone3,Drone1:1361;Drone2:1308;Drone3:1388,288.5950,target_found,local,
Drone1_e1370,Drone1,Drone1:1370;Drone2:1321;Drone3:1379,288.3228,idle,local,
Drone2_e1324,Drone2,Drone1:1361;Drone2:1324;Drone3:1382,287.8092,position_sent,local,
Drone2_e1325,Drone2,Drone1:1361;Drone2:1325;Drone3:1382,288.0557,position_sent,local,
Drone2_e1326,Drone2,Drone1:1361;Drone2:1326;Drone3:1382,288.2805,position_sent,local,
Drone3_e1389,Drone3,Drone1:1361;Drone2:1308;Drone3:1389,288.6920,target_found,local,
Drone1_e1371,Drone1,Drone1:1371;Drone2:1321;Drone3:1379,288.5197,idle,local,
Drone3_e1390,Drone3,Drone1:1361;Drone2:1308;Drone3:1390,288.9023,target_found,local,
Drone3_e1391,Drone3,Drone1:1361;Drone2:1308;Drone3:1391,288.9641,target_found,send,Drone1
Drone2_e1327,Drone2,Drone1:1361;Drone2:1327;Drone3:1382,288.4184,position_sent,local,
Drone3_e1392,Drone3,Drone1:1361;Drone2:1308;Drone3:1392,289.1987,position_measured,send,Drone2
Drone3_e1393,Drone3,Drone1:1361;Drone2:1308;Drone3:1393,289.3759,position_measured,local,
Drone3_e1394,Drone3,Drone1:1361;Drone2:1308;Drone3:1394,289.6535,position_measured,local,
Drone1_e1372,Drone1,Drone1:1372;Drone2:1321;Drone3:1379,288.6161,scanning,local,
Drone1_e1373,Drone1,Drone1:1373;Drone2:1321;Drone3:1379,288.6844,scanning,local,
Drone1_e1374,Drone1,Drone1:1374;Drone2:1321;Drone3:1379,288.8771,scanning,local,
Drone3_e1395,Drone3,Drone1:1361;Drone2:1308;Drone3:1395,289.7550,position_measured,send,Drone2
Drone3_e1396,Drone3,Drone1:1361;Drone2:1308;Drone3:1396,289.8062,position_measured,send,Drone2
Drone1_e1375,Drone1,Drone1:1375;Drone2:1321;Drone3:1379,289.1560,scanning,local,
Drone2_e1328,Drone2,Drone1:1361;Drone2:1328;Drone3:1382,288.7152,position_sent,local,
Drone1_e1376,Drone1,Drone1:1376;Drone2:1321;Drone3:1391,289.2171,scanning,receive,Drone3
Drone1_e1377,Drone1,Drone1:1377;Drone2:1321;Drone3:1391,289.4226,scanning,local,
Drone2_e1329,Drone2,Drone1:1361;Drone2:1329;Drone3:1382,288.8709,position_sent,local,
Drone3_e1397,Drone3,Drone1:1361;Drone2:1308;Drone3:1397,290.0818,position_measured,local,
Drone2_e1330,Drone2,Drone1:1361;Drone2:1330;Drone3:1392,289.3510,position_sent,receive,Drone3
Drone1_e1378,Drone1,Drone1:1378;Drone2:1321;Drone3:1391,289.5760,scanning,local,
Drone2_e1331,Drone2,Drone1:1361;Drone2:1331;Drone3:1392,289.4484,position_sent,local,
Drone2_e1332,Drone2,Drone1:1361;Drone2:1332;Drone3:1395,289.9617,processing,receive,Drone3
Drone2_e1333,Drone2,Drone1:1361;Drone2:1333;Drone3:1396,290.0439,processing,receive,Drone3
Drone3_e1398,Drone3,Drone1:1361;Drone2:1308;Drone3:1398,290.1606,position_measured,send,Drone1
Drone2_e1334,Drone2,Drone1:1361;Drone2:1334;Drone3:1396,290.1357,processing,send,Drone3
Drone3_e1399,Drone3,Drone1:1361;Drone2:1334;Drone3:1399,290.2818,position_measured,receive,Drone2
Drone2_e1335,Drone2,Drone1:1361;Drone2:1335;Drone3:1396,290.2129,processing,send,Drone3
Drone1_e1379,Drone1,Drone1:1379;Drone2:1321;Drone3:1398,290.4481,scanning,receive,Drone3
Drone3_e1400,Drone3,Drone1:1361;Drone2:1334;Drone3:1400,290.3820,position_measured,local,
Drone3_e1401,Drone3,Drone1:1361;Drone2:1334;Drone3:1401,290.5492,position_measured,local,
Drone1_e1380,Drone1,Drone1:1380;Drone2:1321;Drone3:1398,290.7064,scanning,send,Drone2
Drone1_e1381,Drone1,Drone1:1381;Drone2:1321;Drone3:1398,290.8168,scanning,send,Drone2
Drone3_e1402,Drone3,Drone1:1361;Drone2:1335;Drone3:1402,290.7097,position_sent,receive,Drone2
Drone1_e1382,Drone1,Drone1:1382;Drone2:1321;Drone3:1398,290.9927,target_found,local,
Drone1_e1383,Drone1,Drone1:1383;Drone2:1321;Drone3:1398,291.2240,target_found,local,
Drone1_e1384,Drone1,Drone1:1384;Drone2:1321;Drone3:1398,291.5111,target_found,local,
Drone2_e1336,Drone2,Drone1:1361;Drone2:1336;Drone3:1396,290.3256,processing,local,
Drone1_e1385,Drone1,Drone1:1385;Drone2:1321;Drone3:1398,291.6113,target_found,local,
Drone3_e1403,Drone3,Drone1:1361;Drone2:1335;Drone3:1403,290.7980,position_sent,send,Drone2
Drone2_e1337,Drone2,Drone1:1361;Drone2:1337;Drone3:1396,290.4319,processing,local,
Drone3_e1404,Drone3,Drone1:1361;Drone2:1335;Drone3:1404,290.8543,position_sent,send,Drone2
Drone2_e1338,Drone2,Drone1:1361;Drone2:1338;Drone3:1403,290.9984,processing,receive,Drone3
Drone2_e1339,Drone2,Drone1:1361;Drone2:1339;Drone3:1403,291.0842,processing,local,
Drone2_e1340,Drone2,Drone1:1361;Drone2:1340;Drone3:1404,291.2367,processing,receive,Drone3
Drone3_e1405,Drone3,Drone1:1361;Drone2:1335;Drone3:1405,291.0853,position_sent,send,Drone1
Drone2_e1341,Drone2,Drone1:1380;Drone2:1341;Drone3:1404,291.5121,processing,receive,Drone1
Drone3_e1406,Drone3,Drone1:1361;Drone2:1335;Drone3:1406,291.1362,position_sent,send,Drone2
Drone1_e1386,Drone1,Drone1:1386;Drone2:1321;Drone3:1398,291.8535,target_found,local,
Drone1_e1387,Drone1,Drone1:1387;Drone2:1321;Drone3:1398,292.0940,target_found,local,
Drone1_e1388,Drone1,Drone1:1388;Drone2:1321;Drone3:1398,292.1625,target_found,local,
Drone3_e1407,Drone3,Drone1:1361;Drone2:1335;Drone3:1407,291.3053,position_sent,local,
Drone3_e1408,Drone3,Drone1:1361;Drone2:1335;Drone3:1408,291.4259,position_sent,local,
Drone3_e1409,Drone3,Drone1:1361;Drone2:1335;Drone3:1409,291.7035,position_sent,local,
Drone1_e1389,Drone1,Drone1:1389;Drone2:1321;Drone3:1398,292.3656,target_found,local,
Drone2_e1342,Drone2,Drone1:1380;Drone2:1342;Drone3:1404,291.7213,relative_computed,local,
Drone2_e1343,Drone2,Drone1:1380;Drone2:1343;Drone3:1404,291.8096,relative_computed,local,
Drone3_e1410,Drone3,Drone1:1361;Drone2:1335;Drone3:1410,291.8094,position_sent,local,
Drone2_e1344,Drone2,Drone1:1380;Drone2:1344;Drone3:1404,291.9032,relative_computed,local,
Drone2_e1345,Drone2,Drone1:1380;Drone2:1345;Drone3:1404,292.1736,relative_computed,local,
Drone2_e1346,Drone2,Drone1:1380;Drone2:1346;Drone3:1404,292.3316,relative_computed,local,
Drone2_e1347,Drone2,Drone1:1381;Drone2:1347;Drone3:1404,292.4842,relative_computed,receive,Drone1
Drone3_e1411,Drone3,Drone1:1361;Drone2:1335;Drone3:1411,292.1063,position_sent,local,
Drone1_e1390,Drone1,Drone1:1390;Drone2:1321;Drone3:1398,292.5039,target_found,local,
Drone2_e1348,Drone2,Drone1:1381;Drone2:1348;Drone3:1404,292.6386,relative_computed,local,
Drone3_e1412,Drone3,Drone1:1361;Drone2:1335;Drone3:1412,292.3944,processing,local,
Drone2_e1349,Drone2,Drone1:1381;Drone2:1349;Drone3:1406,292.8549,relative_computed,receive,Drone3
Drone1_e1391,Drone1,Drone1:1391;Drone2:1321;Drone3:1398,292.6053,target_found,local,
Drone1_e1392,Drone1,Drone1:1392;Drone2:1321;Drone3:1398,292.7974,position_measured,local,
Drone3_e1413,Drone3,Drone1:1361;Drone2:1335;Drone3:1413,292.5991,processing,local,
Drone2_e1350,Drone2,Drone1:1381;Drone2:1350;Drone3:1406,293.0959,relative_computed,local,
Drone2_e1351,Drone2,Drone1:1381;Drone2:1351;Drone3:1406,293.2227,relative_computed,local,
Drone2_e1352,Drone2,Drone1:1381;Drone2:1352;Drone3:1406,293.4084,formation_hold,send,Drone1
Drone2_e1353,Drone2,Drone1:1381;Drone2:1353;Drone3:1406,293.6666,formation_hold,local,
Drone3_e1414,Drone3,Drone1:1361;Drone2:1335;Drone3:1414,292.6990,processing,local,
Drone2_e1354,Drone2,Drone1:1381;Drone2:1354;Drone3:1406,293.7558,formation_hold,local,
Drone2_e1355,Drone2,Drone1:1381;Drone2:1355;Drone3:1406,293.9137,formation_hold,local,
Drone2_e1356,Drone2,Drone1:1381;Drone2:1356;Drone3:1406,294.0602,formation_hold,send,Drone1
Drone3_e1415,Drone3,Drone1:1361;Drone2:1335;Drone3:1415,292.9093,processing,send,Drone1
Drone3_e1416,Drone3,Drone1:1361;Drone2:1335;Drone3:1416,293.0087,processing,local,
Drone2_e1357,Drone2,Drone1:1381;Drone2:1357;Drone3:1406,294.1716,formation_hold,local,
Drone3_e1417,Drone3,Drone1:1361;Drone2:1335;Drone3:1417,293.1378,processing,send,Drone2
Drone3_e1418,Drone3,Drone1:1361;Drone2:1335;Drone3:1418,293.3448,processing,local,
Drone1_e1393,Drone1,Drone1:1393;Drone2:1321;Drone3:1398,293.0442,position_measured,local,
Drone1_e1394,Drone1,Drone1:1394;Drone2:1352;Drone3:1406,293.5412,position_measured,receive,Drone2
Drone1_e1395,Drone1,Drone1:1395;Drone2:1352;Drone3:1406,293.6420,position_measured,receive,Drone3
Drone1_e1396,Drone1,Drone1:1396;Drone2:1352;Drone3:1406,293.7689,position_measured,local,
Drone1_e1397,Drone1,Drone1:1397;Drone2:1352;Drone3:1415,293.9648,position_measured,receive,Drone3
Drone2_e1358,Drone2,Drone1:1381;Drone2:1358;Drone3:1406,294.3975,formation_hold,local,
Drone2_e1359,Drone2,Drone1:1381;Drone2:1359;Drone3:1417,294.6727,formation_hold,receive,Drone3
Drone1_e1398,Drone1,Drone1:1398;Drone2:1356;Drone3:1415,294.2433,position_measured,receive,Drone2
Drone3_e1419,Drone3,Drone1:1361;Drone2:1335;Drone3:1419,293.5352,processing,local,
Drone3_e1420,Drone3,Drone1:1361;Drone2:1335;Drone3:1420,293.8311,processing,local,
Drone3_e1421,Drone3,Drone1:1361;Drone2:1335;Drone3:1421,293.9434,processing,local,
Drone1_e1399,Drone1,Drone1:1399;Drone2:1356;Drone3:1415,294.3299,position_measured,local,
Drone2_e1360,Drone2,Drone1:1381;Drone2:1360;Drone3:1417,294.7566,formation_hold,send,Drone1
Drone2_e1361,Drone2,Drone1:1381;Drone2:1361;Drone3:1417,294.9259,formation_hold,local,
Drone1_e1400,Drone1,Drone1:1400;Drone2:1356;Drone3:1415,294.6269,position_measured,local,
Drone2_e1362,Drone2,Drone1:1381;Drone2:1362;Drone3:1417,295.1221,idle,local,
Drone1_e1401,Drone1,Drone1:1401;Drone2:1356;Drone3:1415,294.6819,position_measured,local,
Drone2_e1363,Drone2,Drone1:1381;Drone2:1363;Drone3:1417,295.3138,idle,local,
Drone2_e1364,Drone2,Drone1:1381;Drone2:1364;Drone3:1417,295.5854,idle,local,
Drone1_e1402,Drone1,Drone1:1402;Drone2:1360;Drone3:1417,294.9760,position_sent,receive,Drone2
Drone1_e1403,Drone1,Drone1:1403;Drone2:1360;Drone3:1417,295.2664,position_sent,send,Drone2
Drone2_e1365,Drone2,Drone1:1403;Drone2:1365;Drone3:1417,295.7241,idle,receive,Drone1
Drone2_e1366,Drone2,Drone1:1403;Drone2:1366;Drone3:1417,296.0220,idle,send,Drone3
Drone2_e1367,Drone2,Drone1:1403;Drone2:1367;Drone3:1417,296.1200,idle,local,
Drone2_e1368,Drone2,Drone1:1403;Drone2:1368;Drone3:1417,296.3961,idle,local,
Drone1_e1404,Drone1,Drone1:1404;Drone2:1360;Drone3:1417,295.5428,position_sent,local,
Drone1_e1405,Drone1,Drone1:1405;Drone2:1360;Drone3:1417,295.7680,position_sent,local,
Drone2_e1369,Drone2,Drone1:1403;Drone2:1369;Drone3:1417,296.5543,idle,local,
Drone1_e1406,Drone1,Drone1:1406;Drone2:1360;Drone3:1417,295.9828,position_sent,send,Drone3
Drone2_e1370,Drone2,Drone1:1403;Drone2:1370;Drone3:1417,296.6370,idle,local,
Drone3_e1422,Drone3,Drone1:1406;Drone2:1360;Drone3:1422,296.1085,relative_computed,receive,Drone1
Drone1_e1407,Drone1,Drone1:1407;Drone2:1360;Drone3:1417,296.1278,position_sent,local,
Drone1_e1408,Drone1,Drone1:1408;Drone2:1360;Drone3:1417,296.2454,position_sent,local,
Drone2_e1371,Drone2,Drone1:1403;Drone2:1371;Drone3:1417,296.8878,idle,local,
Drone2_e1372,Drone2,Drone1:1403;Drone2:1372;Drone3:1417,297.0233,scanning,local,
Drone2_e1373,Drone2,Drone1:1403;Drone2:1373;Drone3:1417,297.2114,scanning,local,
Drone2_e1374,Drone2,Drone1:1403;Drone2:1374;Drone3:1417,297.4897,scanning,send,Drone1
Drone3_e1423,Drone3,Drone1:1406;Drone2:1366;Drone3:1423,296.3739,relative_computed,receive,Drone2
Drone1_e1409,Drone1,Drone1:1409;Drone2:1374;Drone3:1417,297.7413,position_sent,receive,Drone2
Drone1_e1410,Drone1,Drone1:1410;Drone2:1374;Drone3:1417,297.8846,position_sent,send,Drone2
Drone1_e1411,Drone1,Drone1:1411;Drone2:1374;Drone3:1417,297.9939,position_sent,local,
Drone1_e1412,Drone1,Drone1:1412;Drone2:1374;Drone3:1417,298.0463,processing,local,
Drone1_e1413,Drone1,Drone1:1413;Drone2:1374;Drone3:1417,298.1816,processing,local,
Drone3_e1424,Drone3,Drone1:1406;Drone2:1366;Drone3:1424,296.5816,relative_computed,send,Drone2
Drone2_e1375,Drone2,Drone1:1403;Drone2:1375;Drone3:1417,297.5662,scanning,local,
Drone1_e1414,Drone1,Drone1:1414;Drone2:1374;Drone3:1417,298.2814,processing,send,Drone2
Drone3_e1425,Drone3,Drone1:1406;Drone2:1366;Drone3:1425,296.6780,relative_computed,local,
Drone3_e1426,Drone3,Drone1:1406;Drone2:1366;Drone3:1426,296.7290,relative_computed,local,
Drone3_e1427,Drone3,Drone1:1406;Drone2:1366;Drone3:1427,296.9582,relative_computed,send,Drone1
Drone2_e1376,Drone2,Drone1:1406;Drone2:1376;Drone3:1424,297.7352,scanning,receive,Drone3
Drone1_e1415,Drone1,Drone1:1415;Drone2:1374;Drone3:1417,298.4553,processing,local,
Drone3_e1428,Drone3,Drone1:1406;Drone2:1366;Drone3:1428,297.1911,relative_computed,send,Drone2
Drone3_e1429,Drone3,Drone1:1406;Drone2:1366;Drone3:1429,297.2564,relative_computed,local,
Drone1_e1416,Drone1,Drone1:1416;Drone2:1374;Drone3:1417,298.5252,processing,local,
Drone1_e1417,Drone1,Drone1:1417;Drone2:1374;Drone3:1427,298.7502,processing,receive,Drone3
Drone3_e1430,Drone3,Drone1:1406;Drone2:1366;Drone3:1430,297.3535,relative_computed,local,
Drone2_e1377,Drone2,Drone1:1406;Drone2:1377;Drone3:1424,297.8421,scanning,local,
Drone2_e1378,Drone2,Drone1:1406;Drone2:1378;Drone3:1424,298.0402,scanning,local,
Drone3_e1431,Drone3,Drone1:1406;Drone2:1366;Drone3:1431,297.5636,relative_computed,local,
Drone1_e1418,Drone1,Drone1:1418;Drone2:1374;Drone3:1427,299.0063,processing,local,
Drone3_e1432,Drone3,Drone1:1406;Drone2:1366;Drone3:1432,297.7773,formation_hold,send,Drone1
Drone3_e1433,Drone3,Drone1:1406;Drone2:1366;Drone3:1433,297.8435,formation_hold,send,Drone1
Drone1_e1419,Drone1,Drone1:1419;Drone2:1374;Drone3:1427,299.2819,processing,local,
Drone1_e1420,Drone1,Drone1:1420;Drone2:1374;Drone3:1427,299.5364,processing,local,
Drone1_e1421,Drone1,Drone1:1421;Drone2:1374;Drone3:1427,299.8110,processing,local,
Drone2_e1379,Drone2,Drone1:1406;Drone2:1379;Drone3:1428,298.1698,scanning,receive,Drone3
Drone2_e1380,Drone2,Drone1:1406;Drone2:1380;Drone3:1428,298.3712,scanning,local,
Drone1_e1422,Drone1,Drone1:1422;Drone2:1374;Drone3:1427,300.0428,relative_computed,local,
Drone2_e1381,Drone2,Drone1:1406;Drone2:1381;Drone3:1428,298.6067,scanning,local,
Drone2_e1382,Drone2,Drone1:1410;Drone2:1382;Drone3:1428,298.8476,target_found,receive,Drone1
Drone2_e1383,Drone2,Drone1:1410;Drone2:1383;Drone3:1428,299.0838,target_found,local,
Drone1_e1423,Drone1,Drone1:1423;Drone2:1374;Drone3:1427,300.1035,relative_computed,local,
Drone2_e1384,Drone2,Drone1:1410;Drone2:1384;Drone3:1428,299.3538,target_found,local,
Drone2_e1385,Drone2,Drone1:1410;Drone2:1385;Drone3:1428,299.6154,target_found,local,
Drone2_e1386,Drone2,Drone1:1410;Drone2:1386;Drone3:1428,299.8902,target_found,local,
Drone2_e1387,Drone2,Drone1:1414;Drone2:1387;Drone3:1428,300.0451,target_found,receive,Drone1
Drone1_e1424,Drone1,Drone1:1424;Drone2:1374;Drone3:1427,300.3506,relative_computed,local,
Drone2_e1388,Drone2,Drone1:1414;Drone2:1388;Drone3:1428,300.2532,target_found,local,
Drone2_e1389,Drone2,Drone1:1414;Drone2:1389;Drone3:1428,300.4118,target_found,local,
Drone3_e1434,Drone3,Drone1:1406;Drone2:1366;Drone3:1434,297.9312,formation_hold,local,
Drone1_e1425,Drone1,Drone1:1425;Drone2:1374;Drone3:1432,300.4984,relative_computed,receive,Drone3
Drone1_e1426,Drone1,Drone1:1426;Drone2:1374;Drone3:1433,300.5538,relative_computed,receive,Drone3
Drone2_e1390,Drone2,Drone1:1414;Drone2:1390;Drone3:1428,300.5187,target_found,send,Drone3
Drone2_e1391,Drone2,Drone1:1414;Drone2:1391;Drone3:1428,300.6935,target_found,local,
Drone2_e1392,Drone2,Drone1:1414;Drone2:1392;Drone3:1428,300.7834,position_measured,local,
Drone3_e1435,Drone3,Drone1:1414;Drone2:1390;Drone3:1435,300.5854,formation_hold,receive,Drone2
Drone2_e1393,Drone2,Drone1:1414;Drone2:1393;Drone3:1428,300.9854,position_measured,local,
Drone1_e1427,Drone1,Drone1:1427;Drone2:1374;Drone3:1433,300.8047,relative_computed,send,Drone3
Drone2_e1394,Drone2,Drone1:1414;Drone2:1394;Drone3:1428,301.2746,position_measured,local,
Drone3_e1436,Drone3,Drone1:1427;Drone2:1390;Drone3:1436,301.0257,formation_hold,receive,Drone1
Drone2_e1395,Drone2,Drone1:1414;Drone2:1395;Drone3:1428,301.4744,position_measured,local,
Drone3_e1437,Drone3,Drone1:1427;Drone2:1390;Drone3:1437,301.2775,formation_hold,send,Drone2
Drone1_e1428,Drone1,Drone1:1428;Drone2:1374;Drone3:1433,301.0973,relative_computed,local,
Drone1_e1429,Drone1,Drone1:1429;Drone2:1374;Drone3:1433,301.2516,relative_computed,send,Drone3
Drone1_e1430,Drone1,Drone1:1430;Drone2:1374;Drone3:1433,301.4736,relative_computed,local,
Drone2_e1396,Drone2,Drone1:1414;Drone2:1396;Drone3:1428,301.7498,position_measured,local,
Drone2_e1397,Drone2,Drone1:1414;Drone2:1397;Drone3:1428,301.9386,position_measured,local,
Drone3_e1438,Drone3,Drone1:1427;Drone2:1390;Drone3:1438,301.5021,formation_hold,local,
Drone1_e1431,Drone1,Drone1:1431;Drone2:1374;Drone3:1433,301.7190,relative_computed,local,
Drone3_e1439,Drone3,Drone1:1427;Drone2:1390;Drone3:1439,301.6093,formation_hold,local,
Drone3_e1440,Drone3,Drone1:1427;Drone2:1390;Drone3:1440,301.8626,formation_hold,local,
Drone1_e1432,Drone1,Drone1:1432;Drone2:1374;Drone3:1433,301.8865,formation_hold,local,
Drone1_e1433,Drone1,Drone1:1433;Drone2:1374;Drone3:1433,302.1567,formation_hold,local,
Drone2_e1398,Drone2,Drone1:1414;Drone2:1398;Drone3:1428,302.1445,position_measured,local,
Drone1_e1434,Drone1,Drone1:1434;Drone2:1374;Drone3:1433,302.3223,formation_hold,local,
Drone3_e1441,Drone3,Drone1:1429;Drone2:1390;Drone3:1441,302.0100,formation_hold,receive,Drone1
Drone1_e1435,Drone1,Drone1:1435;Drone2:1374;Drone3:1433,302.4414,formation_hold,local,
Drone1_e1436,Drone1,Drone1:1436;Drone2:1374;Drone3:1433,302.6858,formation_hold,local,
Drone2_e1399,Drone2,Drone1:1427;Drone2:1399;Drone3:1437,302.2763,position_measured,receive,Drone3
Drone3_e1442,Drone3,Drone1:1429;Drone2:1390;Drone3:1442,302.0966,idle,local,
Drone2_e1400,Drone2,Drone1:1427;Drone2:1400;Drone3:1437,302.4475,position_measured,local,
Drone2_e1401,Drone2,Drone1:1427;Drone2:1401;Drone3:1437,302.6315,position_measured,local,
Drone3_e1443,Drone3,Drone1:1429;Drone2:1390;Drone3:1443,302.2205,idle,send,Drone1
Drone1_e1437,Drone1,Drone1:1437;Drone2:1374;Drone3:1433,302.7846,formation_hold,local,
Drone3_e1444,Drone3,Drone1:1429;Drone2:1390;Drone3:1444,302.3762,idle,send,Drone2
Drone1_e1438,Drone1,Drone1:1438;Drone2:1390;Drone3:1443,302.8706,formation_hold,receive,Drone3
Drone1_e1439,Drone1,Drone1:1439;Drone2:1390;Drone3:1443,302.9402,formation_hold,send,Drone3
Drone2_e1402,Drone2,Drone1:1427;Drone2:1402;Drone3:1437,302.9298,position_sent,local,
Drone2_e1403,Drone2,Drone1:1427;Drone2:1403;Drone3:1437,303.1186,position_sent,local,
Drone3_e1445,Drone3,Drone1:1429;Drone2:1390;Drone3:1445,302.5047,idle,local,
Drone2_e1404,Drone2,Drone1:1427;Drone2:1404;Drone3:1437,303.2181,position_sent,local,
Drone3_e1446,Drone3,Drone1:1429;Drone2:1390;Drone3:1446,302.5955,idle,local,
Drone1_e1440,Drone1,Drone1:1440;Drone2:1390;Drone3:1443,302.9945,formation_hold,local,
Drone1_e1441,Drone1,Drone1:1441;Drone2:1390;Drone3:1443,303.1826,formation_hold,local,
Drone2_e1405,Drone2,Drone1:1429;Drone2:1405;Drone3:1444,303.4056,position_sent,receive,Drone3
Drone3_e1447,Drone3,Drone1:1429;Drone2:1390;Drone3:1447,302.7264,idle,local,
Drone1_e1442,Drone1,Drone1:1442;Drone2:1390;Drone3:1443,303.4416,idle,local,
Drone1_e1443,Drone1,Drone1:1443;Drone2:1390;Drone3:1443,303.5727,idle,local,
Drone3_e1448,Drone3,Drone1:1439;Drone2:1390;Drone3:1448,303.1709,idle,receive,Drone1
Drone3_e1449,Drone3,Drone1:1439;Drone2:1390;Drone3:1449,303.4527,idle,send,Drone1
Drone1_e1444,Drone1,Drone1:1444;Drone2:1390;Drone3:1449,303.8577,idle,receive,Drone3
Drone1_e1445,Drone1,Drone1:1445;Drone2:1390;Drone3:1449,304.1508,idle,send,Drone3
Drone2_e1406,Drone2,Drone1:1429;Drone2:1406;Drone3:1444,303.6433,position_sent,send,Drone3
Drone2_e1407,Drone2,Drone1:1429;Drone2:1407;Drone3:1444,303.7088,position_sent,local,
Drone2_e1408,Drone2,Drone1:1429;Drone2:1408;Drone3:1444,303.8578,position_sent,local,
Drone1_e1446,Drone1,Drone1:1446;Drone2:1390;Drone3:1449,304.2231,idle,local,
Drone1_e1447,Drone1,Drone1:1447;Drone2:1390;Drone3:1449,304.3019,idle,local,
Drone2_e1409,Drone2,Drone1:1429;Drone2:1409;Drone3:1444,304.0690,position_sent,send,Drone1
Drone3_e1450,Drone3,Drone1:1445;Drone2:1390;Drone3:1450,304.3204,idle,receive,Drone1
Drone1_e1448,Drone1,Drone1:1448;Drone2:1409;Drone3:1449,304.5894,idle,receive,Drone2
Drone1_e1449,Drone1,Drone1:1449;Drone2:1409;Drone3:1449,304.7202,idle,local,
Drone3_e1451,Drone3,Drone1:1445;Drone2:1390;Drone3:1451,304.3753,idle,local,
Drone2_e1410,Drone2,Drone1:1429;Drone2:1410;Drone3:1444,304.2864,position_sent,local,
Drone3_e1452,Drone3,Drone1:1445;Drone2:1390;Drone3:1452,304.4422,scanning,local,
Drone1_e1450,Drone1,Drone1:1450;Drone2:1409;Drone3:1449,304.8224,idle,local,
Drone3_e1453,Drone3,Drone1:1445;Drone2:1390;Drone3:1453,304.5796,scanning,local,
Drone1_e1451,Drone1,Drone1:1451;Drone2:1409;Drone3:1449,304.9644,idle,local,
Drone1_e1452,Drone1,Drone1:1452;Drone2:1409;Drone3:1449,305.0525,scanning,local,
Drone1_e1453,Drone1,Drone1:1453;Drone2:1409;Drone3:1449,305.2885,scanning,local,
Drone2_e1411,Drone2,Drone1:1429;Drone2:1411;Drone3:1444,304.4642,position_sent,send,Drone3
Drone1_e1454,Drone1,Drone1:1454;Drone2:1409;Drone3:1449,305.5271,scanning,local,
Drone2_e1412,Drone2,Drone1:1429;Drone2:1412;Drone3:1444,304.5959,processing,local,
Drone2_e1413,Drone2,Drone1:1429;Drone2:1413;Drone3:1444,304.8085,processing,local,
Drone2_e1414,Drone2,Drone1:1429;Drone2:1414;Drone3:1444,304.9097,processing,send,Drone3
Drone1_e1455,Drone1,Drone1:1455;Drone2:1409;Drone3:1449,305.7628,scanning,send,Drone2
Drone1_e1456,Drone1,Drone1:1456;Drone2:1409;Drone3:1449,306.0210,scanning,send,Drone3
Drone3_e1454,Drone3,Drone1:1445;Drone2:1406;Drone3:1454,304.7198,scanning,receive,Drone2
Drone1_e1457,Drone1,Drone1:1457;Drone2:1409;Drone3:1449,306.1285,scanning,local,
Drone2_e1415,Drone2,Drone1:1455;Drone2:1415;Drone3:1449,305.8903,processing,receive,Drone1
Drone1_e1458,Drone1,Drone1:1458;Drone2:1409;Drone3:1449,306.3936,scanning,local,
Drone1_e1459,Drone1,Drone1:1459;Drone2:1409;Drone3:1449,306.6235,scanning,local,
Drone3_e1455,Drone3,Drone1:1445;Drone2:1411;Drone3:1455,304.9203,scanning,receive,Drone2
Drone1_e1460,Drone1,Drone1:1460;Drone2:1409;Drone3:1449,306.7936,scanning,local,
Drone3_e1456,Drone3,Drone1:1456;Drone2:1411;Drone3:1456,306.0904,scanning,receive,Drone1
Drone1_e1461,Drone1,Drone1:1461;Drone2:1409;Drone3:1449,307.0568,scanning,local,
Drone3_e1457,Drone3,Drone1:1456;Drone2:1414;Drone3:1457,306.3771,scanning,receive,Drone2
Drone1_e1462,Drone1,Drone1:1462;Drone2:1409;Drone3:1449,307.2021,target_found,local,
Drone3_e1458,Drone3,Drone1:1456;Drone2:1414;Drone3:1458,306.4514,scanning,local,
Drone2_e1416,Drone2,Drone1:1455;Drone2:1416;Drone3:1449,306.1830,processing,send,Drone1
Drone3_e1459,Drone3,Drone1:1456;Drone2:1414;Drone3:1459,306.5205,scanning,local,
Drone2_e1417,Drone2,Drone1:1455;Drone2:1417;Drone3:1449,306.3074,processing,local,
Drone1_e1463,Drone1,Drone1:1463;Drone2:1409;Drone3:1449,307.3276,target_found,local,
Drone2_e1418,Drone2,Drone1:1455;Drone2:1418;Drone3:1449,306.5904,processing,local,
Drone1_e1464,Drone1,Drone1:1464;Drone2:1416;Drone3:1449,307.5977,target_found,receive,Drone2
Drone2_e1419,Drone2,Drone1:1455;Drone2:1419;Drone3:1449,306.6619,processing,send,Drone1
Drone1_e1465,Drone1,Drone1:1465;Drone2:1416;Drone3:1449,307.8693,target_found,local,
Drone3_e1460,Drone3,Drone1:1456;Drone2:1414;Drone3:1460,306.6380,scanning,local,
Drone3_e1461,Drone3,Drone1:1456;Drone2:1414;Drone3:1461,306.7038,scanning,local,
Drone3_e1462,Drone3,Drone1:1456;Drone2:1414;Drone3:1462,306.8532,target_found,send,Drone1
Drone2_e1420,Drone2,Drone1:1455;Drone2:1420;Drone3:1449,306.8201,processing,send,Drone3
Drone2_e1421,Drone2,Drone1:1455;Drone2:1421;Drone3:1449,307.1133,processing,local,
Drone3_e1463,Drone3,Drone1:1456;Drone2:1414;Drone3:1463,307.0673,target_found,local,
Drone2_e1422,Drone2,Drone1:1455;Drone2:1422;Drone3:1449,307.3430,relative_computed,local,
Drone1_e1466,Drone1,Drone1:1466;Drone2:1416;Drone3:1449,307.9254,target_found,local,
Drone2_e1423,Drone2,Drone1:1455;Drone2:1423;Drone3:1449,307.4400,relative_computed,local,
Drone3_e1464,Drone3,Drone1:1456;Drone2:1414;Drone3:1464,307.1178,target_found,local,
Drone3_e1465,Drone3,Drone1:1456;Drone2:1420;Drone3:1465,307.3076,target_found,receive,Drone2
Drone3_e1466,Drone3,Drone1:1456;Drone2:1420;Drone3:1466,307.4154,target_found,local,
Drone3_e1467,Drone3,Drone1:1456;Drone2:1420;Drone3:1467,307.4875,target_found,send,Drone2
Drone2_e1424,Drone2,Drone1:1455;Drone2:1424;Drone3:1449,307.6082,relative_computed,local,
Drone1_e1467,Drone1,Drone1:1467;Drone2:1416;Drone3:1462,308.1570,target_found,receive,Drone3
Drone3_e1468,Drone3,Drone1:1456;Drone2:1420;Drone3:1468,307.6393,target_found,send,Drone2
Drone3_e1469,Drone3,Drone1:1456;Drone2:1420;Drone3:1469,307.8062,target_found,local,
Drone2_e1425,Drone2,Drone1:1455;Drone2:1425;Drone3:1449,307.6951,relative_computed,local,
Drone3_e1470,Drone3,Drone1:1456;Drone2:1420;Drone3:1470,307.9798,target_found,local,
Drone3_e1471,Drone3,Drone1:1456;Drone2:1420;Drone3:1471,308.2701,target_found,local,
Drone1_e1468,Drone1,Drone1:1468;Drone2:1416;Drone3:1462,308.4282,target_found,local,
Drone2_e1426,Drone2,Drone1:1455;Drone2:1426;Drone3:1449,307.9064,relative_computed,local,
Drone2_e1427,Drone2,Drone1:1455;Drone2:1427;Drone3:1449,308.1719,relative_computed,local,
Drone1_e1469,Drone1,Drone1:1469;Drone2:1416;Drone3:1462,308.5640,target_found,local,
Drone3_e1472,Drone3,Drone1:1456;Drone2:1420;Drone3:1472,308.4552,position_measured,send,Drone2
Drone3_e1473,Drone3,Drone1:1456;Drone2:1420;Drone3:1473,308.7495,position_measured,send,Drone1
Drone1_e1470,Drone1,Drone1:1470;Drone2:1416;Drone3:1462,308.7131,target_found,local,
Drone2_e1428,Drone2,Drone1:1455;Drone2:1428;Drone3:1449,308.4695,relative_computed,local,
Drone3_e1474,Drone3,Drone1:1456;Drone2:1420;Drone3:1474,308.9434,position_measured,send,Drone1
Drone2_e1429,Drone2,Drone1:1455;Drone2:1429;Drone3:1449,308.6857,relative_computed,local,
Drone1_e1471,Drone1,Drone1:1471;Drone2:1416;Drone3:1462,308.9341,target_found,local,
Drone2_e1430,Drone2,Drone1:1455;Drone2:1430;Drone3:1449,308.8170,relative_computed,local,
Drone2_e1431,Drone2,Drone1:1455;Drone2:1431;Drone3:1449,308.9658,relative_computed,local,
Drone3_e1475,Drone3,Drone1:1456;Drone2:1420;Drone3:1475,309.0481,position_measured,local,
Drone2_e1432,Drone2,Drone1:1455;Drone2:1432;Drone3:1449,309.1877,formation_hold,local,
Drone1_e1472,Drone1,Drone1:1472;Drone2:1420;Drone3:1473,309.0230,position_measured,receive,Drone3
Drone3_e1476,Drone3,Drone1:1456;Drone2:1420;Drone3:1476,309.1452,position_measured,local,
Drone1_e1473,Drone1,Drone1:1473;Drone2:1420;Drone3:1473,309.3154,position_measured,local,
Drone1_e1474,Drone1,Drone1:1474;Drone2:1420;Drone3:1473,309.5943,position_measured,local,
Drone3_e1477,Drone3,Drone1:1456;Drone2:1420;Drone3:1477,309.2557,position_measured,local,
Drone2_e1433,Drone2,Drone1:1456;Drone2:1433;Drone3:1467,309.3732,formation_hold,receive,Drone3
Drone1_e1475,Drone1,Drone1:1475;Drone2:1420;Drone3:1473,309.6921,position_measured,local,
Drone1_e1476,Drone1,Drone1:1476;Drone2:1420;Drone3:1473,309.7938,position_measured,receive,Drone2
Drone3_e1478,Drone3,Drone1:1456;Drone2:1420;Drone3:1478,309.4188,position_measured,send,Drone2
Drone1_e1477,Drone1,Drone1:1477;Drone2:1420;Drone3:1473,309.9332,position_measured,local,
Drone2_e1434,Drone2,Drone1:1456;Drone2:1434;Drone3:1468,309.5090,formation_hold,receive,Drone3
Drone2_e1435,Drone2,Drone1:1456;Drone2:1435;Drone3:1472,309.7138,formation_hold,receive,Drone3
Drone2_e1436,Drone2,Drone1:1456;Drone2:1436;Drone3:1472,309.9122,formation_hold,local,
Drone3_e1479,Drone3,Drone1:1456;Drone2:1420;Drone3:1479,309.4767,position_measured,local,
Drone2_e1437,Drone2,Drone1:1456;Drone2:1437;Drone3:1478,310.1373,formation_hold,receive,Drone3
Drone2_e1438,Drone2,Drone1:1456;Drone2:1438;Drone3:1478,310.3798,formation_hold,local,
Drone2_e1439,Drone2,Drone1:1456;Drone2:1439;Drone3:1478,310.5848,formation_hold,local,
Drone2_e1440,Drone2,Drone1:1456;Drone2:1440;Drone3:1478,310.8060,formation_hold,local,
Drone1_e1478,Drone1,Drone1:1478;Drone2:1420;Drone3:1474,310.1730,position_measured,receive,Drone3
Drone1_e1479,Drone1,Drone1:1479;Drone2:1420;Drone3:1474,310.3589,position_measured,local,
Drone1_e1480,Drone1,Drone1:1480;Drone2:1420;Drone3:1474,310.5226,position_measured,send,Drone2
Drone3_e1480,Drone3,Drone1:1456;Drone2:1420;Drone3:1480,309.6776,position_measured,local,
Drone2_e1441,Drone2,Drone1:1480;Drone2:1441;Drone3:1478,310.9942,formation_hold,receive,Drone1
Drone3_e1481,Drone3,Drone1:1456;Drone2:1420;Drone3:1481,309.7818,position_measured,local,
Drone2_e1442,Drone2,Drone1:1480;Drone2:1442;Drone3:1478,311.1925,idle,send,Drone1
Drone3_e1482,Drone3,Drone1:1456;Drone2:1420;Drone3:1482,310.0656,position_sent,local,
Drone2_e1443,Drone2,Drone1:1480;Drone2:1443;Drone3:1478,311.3583,idle,send,Drone1
Drone3_e1483,Drone3,Drone1:1456;Drone2:1420;Drone3:1483,310.3160,position_sent,local,
Drone3_e1484,Drone3,Drone1:1456;Drone2:1420;Drone3:1484,310.3781,position_sent,local,
Drone3_e1485,Drone3,Drone1:1456;Drone2:1420;Drone3:1485,310.4716,position_sent,send,Drone2
Drone2_e1444,Drone2,Drone1:1480;Drone2:1444;Drone3:1485,311.4183,idle,receive,Drone3
Drone3_e1486,Drone3,Drone1:1456;Drone2:1420;Drone3:1486,310.5490,position_sent,local,
Drone1_e1481,Drone1,Drone1:1481;Drone2:1420;Drone3:1474,310.5918,position_measured,local,
Drone2_e1445,Drone2,Drone1:1480;Drone2:1445;Drone3:1485,311.4697,idle,local,
Drone3_e1487,Drone3,Drone1:1456;Drone2:1420;Drone3:1487,310.8254,position_sent,local,
Drone2_e1446,Drone2,Drone1:1480;Drone2:1446;Drone3:1485,311.5756,idle,send,Drone1
Drone3_e1488,Drone3,Drone1:1456;Drone2:1420;Drone3:1488,310.9987,position_sent,local,
Drone3_e1489,Drone3,Drone1:1456;Drone2:1420;Drone3:1489,311.2239,position_sent,local,
Drone1_e1482,Drone1,Drone1:1482;Drone2:1442;Drone3:1478,311.2755,position_sent,receive,Drone2
Drone3_e1490,Drone3,Drone1:1456;Drone2:1420;Drone3:1490,311.3834,position_sent,local,
Drone2_e1447,Drone2,Drone1:1480;Drone2:1447;Drone3:1485,311.7331,idle,local,
Drone3_e1491,Drone3,Drone1:1456;Drone2:1420;Drone3:1491,311.6069,position_sent,local,
Drone3_e1492,Drone3,Drone1:1456;Drone2:1420;Drone3:1492,311.7616,processing,local,
Drone1_e1483,Drone1,Drone1:1483;Drone2:1443;Drone3:1478,311.4251,position_sent,receive,Drone2
Drone1_e1484,Drone1,Drone1:1484;Drone2:1446;Drone3:1485,311.7442,position_sent,receive,Drone2
Drone3_e1493,Drone3,Drone1:1456;Drone2:1420;Drone3:1493,312.0382,processing,local,
Drone1_e1485,Drone1,Drone1:1485;Drone2:1446;Drone3:1485,311.8158,position_sent,send,Drone2
Drone1_e1486,Drone1,Drone1:1486;Drone2:1446;Drone3:1485,311.9773,position_sent,local,
Drone3_e1494,Drone3,Drone1:1456;Drone2:1420;Drone3:1494,312.1540,processing,local,
Drone1_e1487,Drone1,Drone1:1487;Drone2:1446;Drone3:1485,312.1914,position_sent,local,
Drone3_e1495,Drone3,Drone1:1456;Drone2:1420;Drone3:1495,312.3439,processing,local,
Drone1_e1488,Drone1,Drone1:1488;Drone2:1446;Drone3:1485,312.2747,position_sent,send,Drone3
Drone3_e1496,Drone3,Drone1:1488;Drone2:1446;Drone3:1496,312.4089,processing,receive,Drone1
Drone1_e1489,Drone1,Drone1:1489;Drone2:1446;Drone3:1485,312.4711,position_sent,send,Drone3
Drone1_e1490,Drone1,Drone1:1490;Drone2:1446;Drone3:1485,312.7240,position_sent,local,
Drone2_e1448,Drone2,Drone1:1480;Drone2:1448;Drone3:1485,311.9982,idle,local,
Drone1_e1491,Drone1,Drone1:1491;Drone2:1446;Drone3:1485,312.8935,position_sent,send,Drone3
Drone1_e1492,Drone1,Drone1:1492;Drone2:1446;Drone3:1485,313.0818,processing,send,Drone3
Drone3_e1497,Drone3,Drone1:1488;Drone2:1446;Drone3:1497,312.6598,processing,local,
Drone1_e1493,Drone1,Drone1:1493;Drone2:1446;Drone3:1485,313.3463,processing,local,
Drone1_e1494,Drone1,Drone1:1494;Drone2:1446;Drone3:1485,313.4133,processing,local,
Drone3_e1498,Drone3,Drone1:1488;Drone2:1446;Drone3:1498,312.7280,processing,local,
Drone1_e1495,Drone1,Drone1:1495;Drone2:1446;Drone3:1485,313.6732,processing,send,Drone3
Drone2_e1449,Drone2,Drone1:1480;Drone2:1449;Drone3:1485,312.2552,idle,local,
Drone2_e1450,Drone2,Drone1:1485;Drone2:1450;Drone3:1485,312.3159,idle,receive,Drone1
Drone2_e1451,Drone2,Drone1:1485;Drone2:1451;Drone3:1485,312.3728,idle,local,
Drone3_e1499,Drone3,Drone1:1488;Drone2:1446;Drone3:1499,312.8714,processing,local,
Drone2_e1452,Drone2,Drone1:1485;Drone2:1452;Drone3:1485,312.6396,scanning,local,
Drone3_e1500,Drone3,Drone1:1488;Drone2:1446;Drone3:1500,313.0413,processing,local,
Drone3_e1501,Drone3,Drone1:1488;Drone2:1446;Drone3:1501,313.2528,processing,local,
Drone3_e1502,Drone3,Drone1:1489;Drone2:1446;Drone3:1502,313.4270,relative_computed,receive,Drone1
Drone1_e1496,Drone1,Drone1:1496;Drone2:1446;Drone3:1485,313.7309,processing,local,
Drone1_e1497,Drone1,Drone1:1497;Drone2:1446;Drone3:1485,313.9571,processing,local,
Drone1_e1498,Drone1,Drone1:1498;Drone2:1446;Drone3:1485,314.0170,processing,local,
Drone2_e1453,Drone2,Drone1:1485;Drone2:1453;Drone3:1485,312.8057,scanning,local,
Drone2_e1454,Drone2,Drone1:1485;Drone2:1454;Drone3:1485,312.9895,scanning,local,
Drone2_e1455,Drone2,Drone1:1485;Drone2:1455;Drone3:1485,313.2534,scanning,local,
Drone2_e1456,Drone2,Drone1:1485;Drone2:1456;Drone3:1485,313.3999,scanning,local,
Drone3_e1503,Drone3,Drone1:1489;Drone2:1446;Drone3:1503,313.6171,relative_computed,local,
Drone3_e1504,Drone3,Drone1:1489;Drone2:1446;Drone3:1504,313.8323,relative_computed,local,
Drone3_e1505,Drone3,Drone1:1491;Drone2:1446;Drone3:1505,313.9051,relative_computed,receive,Drone1
Drone2_e1457,Drone2,Drone1:1485;Drone2:1457;Drone3:1485,313.5831,scanning,local,
Drone3_e1506,Drone3,Drone1:1491;Drone2:1446;Drone3:1506,314.0180,relative_computed,local,
Drone2_e1458,Drone2,Drone1:1485;Drone2:1458;Drone3:1485,313.8518,scanning,local,
Drone3_e1507,Drone3,Drone1:1491;Drone2:1446;Drone3:1507,314.1463,relative_computed,local,
Drone2_e1459,Drone2,Drone1:1485;Drone2:1459;Drone3:1485,314.0433,scanning,local,
Drone2_e1460,Drone2,Drone1:1485;Drone2:1460;Drone3:1485,314.1412,scanning,local,
Drone2_e1461,Drone2,Drone1:1485;Drone2:1461;Drone3:1485,314.2941,scanning,local,
Drone2_e1462,Drone2,Drone1:1485;Drone2:1462;Drone3:1485,314.5115,target_found,local,
Drone1_e1499,Drone1,Drone1:1499;Drone2:1446;Drone3:1485,314.2897,processing,local,
Drone1_e1500,Drone1,Drone1:1500;Drone2:1446;Drone3:1485,314.5118,processing,local,
Drone1_e1501,Drone1,Drone1:1501;Drone2:1446;Drone3:1485,314.6521,processing,local,
Drone3_e1508,Drone3,Drone1:1491;Drone2:1446;Drone3:1508,314.2474,relative_computed,local,
Drone2_e1463,Drone2,Drone1:1485;Drone2:1463;Drone3:1485,314.6049,target_found,local,
Drone3_e1509,Drone3,Drone1:1491;Drone2:1446;Drone3:1509,314.3702,relative_computed,local,
Drone1_e1502,Drone1,Drone1:1502;Drone2:1446;Drone3:1485,314.7479,relative_computed,send,Drone3
Drone3_e1510,Drone3,Drone1:1491;Drone2:1446;Drone3:1510,314.5140,relative_computed,local,
Drone2_e1464,Drone2,Drone1:1485;Drone2:1464;Drone3:1485,314.7226,target_found,local,
Drone3_e1511,Drone3,Drone1:1491;Drone2:1446;Drone3:1511,314.6493,relative_computed,local,
Drone2_e1465,Drone2,Drone1:1485;Drone2:1465;Drone3:1485,314.8357,target_found,local,
Drone2_e1466,Drone2,Drone1:1485;Drone2:1466;Drone3:1485,315.1317,target_found,local,
Drone1_e1503,Drone1,Drone1:1503;Drone2:1446;Drone3:1485,315.0299,relative_computed,send,Drone3
Drone2_e1467,Drone2,Drone1:1485;Drone2:1467;Drone3:1485,315.3193,target_found,local,
Drone2_e1468,Drone2,Drone1:1485;Drone2:1468;Drone3:1485,315.4745,target_found,local,
Drone2_e1469,Drone2,Drone1:1485;Drone2:1469;Drone3:1485,315.6815,target_found,send,Drone3
Drone2_e1470,Drone2,Drone1:1485;Drone2:1470;Drone3:1485,315.8506,target_found,local,
Drone2_e1471,Drone2,Drone1:1485;Drone2:1471;Drone3:1485,315.9355,target_found,local,
Drone1_e1504,Drone1,Drone1:1504;Drone2:1446;Drone3:1485,315.2802,relative_computed,local,
Drone1_e1505,Drone1,Drone1:1505;Drone2:1446;Drone3:1485,315.3995,relative_computed,send,Drone2
Drone3_e1512,Drone3,Drone1:1491;Drone2:1446;Drone3:1512,314.7312,formation_hold,local,
Drone1_e1506,Drone1,Drone1:1506;Drone2:1446;Drone3:1485,315.6212,relative_computed,local,
Drone1_e1507,Drone1,Drone1:1507;Drone2:1446;Drone3:1485,315.6737,relative_computed,send,Drone2
Drone2_e1472,Drone2,Drone1:1485;Drone2:1472;Drone3:1485,316.1654,position_measured,local,
Drone2_e1473,Drone2,Drone1:1485;Drone2:1473;Drone3:1485,316.2730,position_measured,local,
Drone3_e1513,Drone3,Drone1:1491;Drone2:1446;Drone3:1513,314.9691,formation_hold,local,
Drone3_e1514,Drone3,Drone1:1492;Drone2:1446;Drone3:1514,315.0571,formation_hold,receive,Drone1
Drone3_e1515,Drone3,Drone1:1492;Drone2:1446;Drone3:1515,315.2976,formation_hold,local,
Drone1_e1508,Drone1,Drone1:1508;Drone2:1446;Drone3:1485,315.9299,relative_computed,local,
Drone1_e1509,Drone1,Drone1:1509;Drone2:1446;Drone3:1485,315.9843,relative_computed,local,
Drone1_e1510,Drone1,Drone1:1510;Drone2:1446;Drone3:1485,316.2367,relative_computed,send,Drone3
Drone1_e1511,Drone1,Drone1:1511;Drone2:1446;Drone3:1485,316.3419,relative_computed,send,Drone3
Drone2_e1474,Drone2,Drone1:1485;Drone2:1474;Drone3:1485,316.5460,position_measured,local,
Drone1_e1512,Drone1,Drone1:1512;Drone2:1446;Drone3:1485,316.4516,formation_hold,send,Drone2
Drone2_e1475,Drone2,Drone1:1485;Drone2:1475;Drone3:1485,316.8112,position_measured,local,
Drone2_e1476,Drone2,Drone1:1485;Drone2:1476;Drone3:1485,316.9193,position_measured,local,
Drone1_e1513,Drone1,Drone1:1513;Drone2:1446;Drone3:1485,316.6127,formation_hold,local,
Drone1_e1514,Drone1,Drone1:1514;Drone2:1446;Drone3:1485,316.7588,formation_hold,local,
Drone3_e1516,Drone3,Drone1:1492;Drone2:1446;Drone3:1516,315.3534,formation_hold,local,
Drone2_e1477,Drone2,Drone1:1505;Drone2:1477;Drone3:1485,317.0784,position_measured,receive,Drone1
Drone3_e1517,Drone3,Drone1:1495;Drone2:1446;Drone3:1517,315.5282,formation_hold,receive,Drone1
Drone3_e1518,Drone3,Drone1:1495;Drone2:1469;Drone3:1518,315.8831,formation_hold,receive,Drone2
Drone2_e1478,Drone2,Drone1:1507;Drone2:1478;Drone3:1485,317.2787,position_measured,receive,Drone1
Drone3_e1519,Drone3,Drone1:1495;Drone2:1469;Drone3:1519,315.9752,formation_hold,local,
Drone2_e1479,Drone2,Drone1:1512;Drone2:1479;Drone3:1485,317.4170,position_measured,receive,Drone1
Drone2_e1480,Drone2,Drone1:1512;Drone2:1480;Drone3:1485,317.6916,position_measured,send,Drone3
Drone2_e1481,Drone2,Drone1:1512;Drone2:1481;Drone3:1485,317.8590,position_measured,local,
Drone1_e1515,Drone1,Drone1:1515;Drone2:1446;Drone3:1485,316.9496,formation_hold,local,
Drone3_e1520,Drone3,Drone1:1495;Drone2:1469;Drone3:1520,316.1383,formation_hold,local,
Drone1_e1516,Drone1,Drone1:1516;Drone2:1446;Drone3:1485,317.0859,formation_hold,local,
Drone2_e1482,Drone2,Drone1:1512;Drone2:1482;Drone3:1485,318.0901,position_sent,send,Drone3
Drone2_e1483,Drone2,Drone1:1512;Drone2:1483;Drone3:1485,318.2271,position_sent,send,Drone3
Drone2_e1484,Drone2,Drone1:1512;Drone2:1484;Drone3:1485,318.5264,position_sent,local,
Drone2_e1485,Drone2,Drone1:1512;Drone2:1485;Drone3:1485,318.7898,position_sent,send,Drone1
Drone3_e1521,Drone3,Drone1:1495;Drone2:1469;Drone3:1521,316.3210,formation_hold,local,
Drone1_e1517,Drone1,Drone1:1517;Drone2:1446;Drone3:1485,317.3807,formation_hold,local,
Drone2_e1486,Drone2,Drone1:1512;Drone2:1486;Drone3:1485,318.8623,position_sent,send,Drone1
Drone1_e1518,Drone1,Drone1:1518;Drone2:1485;Drone3:1485,318.9024,formation_hold,receive,Drone2
Drone3_e1522,Drone3,Drone1:1495;Drone2:1469;Drone3:1522,316.4843,idle,local,
Drone2_e1487,Drone2,Drone1:1512;Drone2:1487;Drone3:1485,318.9819,position_sent,send,Drone3
Drone1_e1519,Drone1,Drone1:1519;Drone2:1486;Drone3:1485,318.9941,formation_hold,receive,Drone2
Drone1_e1520,Drone1,Drone1:1520;Drone2:1486;Drone3:1485,319.1993,formation_hold,send,Drone2
Drone3_e1523,Drone3,Drone1:1495;Drone2:1469;Drone3:1523,316.7304,idle,local,
Drone3_e1524,Drone3,Drone1:1512;Drone2:1480;Drone3:1524,317.9771,idle,receive,Drone2
Drone1_e1521,Drone1,Drone1:1521;Drone2:1486;Drone3:1485,319.4000,formation_hold,send,Drone2
Drone1_e1522,Drone1,Drone1:1522;Drone2:1486;Drone3:1485,319.5172,idle,send,Drone2
Drone1_e1523,Drone1,Drone1:1523;Drone2:1486;Drone3:1485,319.7620,idle,local,
Drone3_e1525,Drone3,Drone1:1512;Drone2:1480;Drone3:1525,318.2079,idle,local,
Drone1_e1524,Drone1,Drone1:1524;Drone2:1486;Drone3:1485,319.8587,idle,local,
Drone1_e1525,Drone1,Drone1:1525;Drone2:1486;Drone3:1485,319.9516,idle,local,
Drone2_e1488,Drone2,Drone1:1512;Drone2:1488;Drone3:1485,319.0371,position_sent,local,
Drone3_e1526,Drone3,Drone1:1512;Drone2:1480;Drone3:1526,318.3564,idle,local,
Drone1_e1526,Drone1,Drone1:1526;Drone2:1486;Drone3:1485,320.2133,idle,send,Drone2
Drone1_e1527,Drone1,Drone1:1527;Drone2:1486;Drone3:1485,320.4719,idle,local,
Drone3_e1527,Drone3,Drone1:1512;Drone2:1480;Drone3:1527,318.5220,idle,local,
Drone2_e1489,Drone2,Drone1:1520;Drone2:1489;Drone3:1485,319.4277,position_sent,receive,Drone1
Drone1_e1528,Drone1,Drone1:1528;Drone2:1486;Drone3:1485,320.7105,idle,local,
Drone1_e1529,Drone1,Drone1:1529;Drone2:1486;Drone3:1485,320.7945,idle,local,
Drone2_e1490,Drone2,Drone1:1520;Drone2:1490;Drone3:1485,319.6774,position_sent,local,
Drone3_e1528,Drone3,Drone1:1512;Drone2:1480;Drone3:1528,318.7095,idle,local,
Drone3_e1529,Drone3,Drone1:1512;Drone2:1480;Drone3:1529,318.8908,idle,local,
Drone3_e1530,Drone3,Drone1:1512;Drone2:1480;Drone3:1530,319.0293,idle,local,
Drone3_e1531,Drone3,Drone1:1512;Drone2:1480;Drone3:1531,319.2887,idle,local,
Drone2_e1491,Drone2,Drone1:1520;Drone2:1491;Drone3:1485,319.8582,position_sent,local,
Drone2_e1492,Drone2,Drone1:1521;Drone2:1492;Drone3:1485,319.9398,processing,receive,Drone1
Drone1_e1530,Drone1,Drone1:1530;Drone2:1486;Drone3:1485,321.0549,idle,send,Drone3
Drone1_e1531,Drone1,Drone1:1531;Drone2:1486;Drone3:1485,321.2080,idle,local,
Drone2_e1493,Drone2,Drone1:1522;Drone2:1493;Drone3:1485,320.0684,processing,receive,Drone1
Drone1_e1532,Drone1,Drone1:1532;Drone2:1486;Drone3:1485,321.3119,scanning,local,
Drone3_e1532,Drone3,Drone1:1512;Drone2:1480;Drone3:1532,319.4512,scanning,local,
Drone3_e1533,Drone3,Drone1:1512;Drone2:1480;Drone3:1533,319.6885,scanning,local,
Drone3_e1534,Drone3,Drone1:1512;Drone2:1480;Drone3:1534,319.8376,scanning,local,
Drone1_e1533,Drone1,Drone1:1533;Drone2:1486;Drone3:1485,321.5879,scanning,send,Drone2
Drone2_e1494,Drone2,Drone1:1522;Drone2:1494;Drone3:1485,320.2350,processing,local,
Drone2_e1495,Drone2,Drone1:1526;Drone2:1495;Drone3:1485,320.4009,processing,receive,Drone1
Drone2_e1496,Drone2,Drone1:1526;Drone2:1496;Drone3:1485,320.5122,processing,local,
Drone1_e1534,Drone1,Drone1:1534;Drone2:1486;Drone3:1485,321.8685,scanning,local,
Drone2_e1497,Drone2,Drone1:1533;Drone2:1497;Drone3:1485,321.7541,processing,receive,Drone1
Drone2_e1498,Drone2,Drone1:1533;Drone2:1498;Drone3:1485,322.0222,processing,local,
Drone1_e1535,Drone1,Drone1:1535;Drone2:1486;Drone3:1485,322.0072,scanning,local,
Drone3_e1535,Drone3,Drone1:1512;Drone2:1480;Drone3:1535,319.8977,scanning,local,
Drone2_e1499,Drone2,Drone1:1533;Drone2:1499;Drone3:1485,322.1205,processing,send,Drone3
Drone3_e1536,Drone3,Drone1:1512;Drone2:1480;Drone3:1536,319.9842,scanning,receive,Drone1
Drone3_e1537,Drone3,Drone1:1512;Drone2:1480;Drone3:1537,320.0492,scanning,local,
Drone3_e1538,Drone3,Drone1:1512;Drone2:1482;Drone3:1538,320.1052,scanning,receive,Drone2
Drone2_e1500,Drone2,Drone1:1533;Drone2:1500;Drone3:1485,322.3238,processing,local,
Drone2_e1501,Drone2,Drone1:1533;Drone2:1501;Drone3:1485,322.4450,processing,local,
Drone1_e1536,Drone1,Drone1:1536;Drone2:1486;Drone3:1485,322.2036,scanning,local,
Drone2_e1502,Drone2,Drone1:1533;Drone2:1502;Drone3:1485,322.6033,relative_computed,local,
Drone3_e1539,Drone3,Drone1:1512;Drone2:1482;Drone3:1539,320.4049,scanning,receive,Drone1
Drone1_e1537,Drone1,Drone1:1537;Drone2:1486;Drone3:1485,322.3481,scanning,local,
Drone3_e1540,Drone3,Drone1:1512;Drone2:1482;Drone3:1540,320.6377,scanning,local,
Drone3_e1541,Drone3,Drone1:1512;Drone2:1482;Drone3:1541,320.8783,scanning,receive,Drone1
Drone1_e1538,Drone1,Drone1:1538;Drone2:1486;Drone3:1485,322.4671,scanning,send,Drone3
Drone1_e1539,Drone1,Drone1:1539;Drone2:1486;Drone3:1485,322.5201,scanning,send,Drone3
Drone1_e1540,Drone1,Drone1:1540;Drone2:1486;Drone3:1485,322.6745,scanning,send,Drone2
Drone1_e1541,Drone1,Drone1:1541;Drone2:1486;Drone3:1485,322.8665,scanning,local,
Drone1_e1542,Drone1,Drone1:1542;Drone2:1486;Drone3:1485,322.9574,target_found,send,Drone2
Drone1_e1543,Drone1,Drone1:1543;Drone2:1486;Drone3:1485,323.2041,target_found,send,Drone3
Drone1_e1544,Drone1,Drone1:1544;Drone2:1486;Drone3:1485,323.4994,target_found,local,
Drone3_e1542,Drone3,Drone1:1512;Drone2:1482;Drone3:1542,320.9482,target_found,local,
Drone2_e1503,Drone2,Drone1:1533;Drone2:1503;Drone3:1485,322.7390,relative_computed,local,
Drone3_e1543,Drone3,Drone1:1512;Drone2:1482;Drone3:1543,321.2109,target_found,local,
Drone2_e1504,Drone2,Drone1:1533;Drone2:1504;Drone3:1485,322.9260,relative_computed,local,
Drone3_e1544,Drone3,Drone1:1512;Drone2:1483;Drone3:1544,321.3926,target_found,receive,Drone2
Drone3_e1545,Drone3,Drone1:1512;Drone2:1483;Drone3:1545,321.6217,target_found,local,
Drone3_e1546,Drone3,Drone1:1512;Drone2:1483;Drone3:1546,321.8733,target_found,local,
Drone1_e1545,Drone1,Drone1:1545;Drone2:1486;Drone3:1485,323.6579,target_found,send,Drone2
Drone2_e1505,Drone2,Drone1:1540;Drone2:1505;Drone3:1485,323.1007,relative_computed,receive,Drone1
Drone3_e1547,Drone3,Drone1:1512;Drone2:1483;Drone3:1547,321.9361,target_found,local,
Drone3_e1548,Drone3,Drone1:1512;Drone2:1487;Drone3:1548,322.0127,target_found,receive,Drone2
Drone1_e1546,Drone1,Drone1:1546;Drone2:1486;Drone3:1485,323.9190,target_found,local,
Drone1_e1547,Drone1,Drone1:1547;Drone2:1486;Drone3:1485,324.0312,target_found,local,
Drone1_e1548,Drone1,Drone1:1548;Drone2:1486;Drone3:1485,324.2556,target_found,local,
Drone3_e1549,Drone3,Drone1:1533;Drone2:1499;Drone3:1549,322.2753,target_found,receive,Drone2
Drone2_e1506,Drone2,Drone1:1542;Drone2:1506;Drone3:1485,323.1913,relative_computed,receive,Drone1
Drone2_e1507,Drone2,Drone1:1542;Drone2:1507;Drone3:1485,323.4071,relative_computed,local,
Drone2_e1508,Drone2,Drone1:1542;Drone2:1508;Drone3:1485,323.4713,relative_computed,local,
Drone2_e1509,Drone2,Drone1:1542;Drone2:1509;Drone3:1485,323.5598,relative_computed,local,
Drone2_e1510,Drone2,Drone1:1542;Drone2:1510;Drone3:1485,323.6932,relative_computed,local,
Drone2_e1511,Drone2,Drone1:1545;Drone2:1511;Drone3:1485,323.8649,relative_computed,receive,Drone1
Drone2_e1512,Drone2,Drone1:1545;Drone2:1512;Drone3:1485,324.0140,formation_hold,local,
Drone1_e1549,Drone1,Drone1:1549;Drone2:1486;Drone3:1485,324.5179,target_found,local,
Drone2_e1513,Drone2,Drone1:1545;Drone2:1513;Drone3:1485,324.1480,formation_hold,send,Drone1
Drone3_e1550,Drone3,Drone1:1533;Drone2:1499;Drone3:1550,322.5386,target_found,receive,Drone1
Drone1_e1550,Drone1,Drone1:1550;Drone2:1513;Drone3:1485,324.6054,target_found,receive,Drone2
Drone2_e1514,Drone2,Drone1:1545;Drone2:1514;Drone3:1485,324.2211,formation_hold,local,
Drone3_e1551,Drone3,Drone1:1533;Drone2:1499;Drone3:1551,322.8366,target_found,local,
Drone1_e1551,Drone1,Drone1:1551;Drone2:1513;Drone3:1485,324.6636,target_found,local,
Drone2_e1515,Drone2,Drone1:1545;Drone2:1515;Drone3:1485,324.3628,formation_hold,local,
Drone3_e1552,Drone3,Drone1:1533;Drone2:1499;Drone3:1552,323.0616,position_measured,local,
Drone3_e1553,Drone3,Drone1:1533;Drone2:1499;Drone3:1553,323.1217,position_measured,local,
Drone2_e1516,Drone2,Drone1:1545;Drone2:1516;Drone3:1485,324.4225,formation_hold,local,
Drone3_e1554,Drone3,Drone1:1533;Drone2:1499;Drone3:1554,323.3253,position_measured,receive,Drone1
Drone1_e1552,Drone1,Drone1:1552;Drone2:1513;Drone3:1485,324.9379,position_measured,local,
Drone2_e1517,Drone2,Drone1:1545;Drone2:1517;Drone3:1485,324.6264,formation_hold,send,Drone3
Drone3_e1555,Drone3,Drone1:1545;Drone2:1517;Drone3:1555,324.7110,position_measured,receive,Drone2
Drone2_e1518,Drone2,Drone1:1545;Drone2:1518;Drone3:1485,324.7413,formation_hold,local,
Drone3_e1556,Drone3,Drone1:1545;Drone2:1517;Drone3:1556,324.8897,position_measured,local,
Drone2_e1519,Drone2,Drone1:1545;Drone2:1519;Drone3:1485,324.9636,formation_hold,local,
Drone1_e1553,Drone1,Drone1:1553;Drone2:1513;Drone3:1485,325.0725,position_measured,local,
Drone1_e1554,Drone1,Drone1:1554;Drone2:1513;Drone3:1485,325.3251,position_measured,local,
Drone2_e1520,Drone2,Drone1:1545;Drone2:1520;Drone3:1485,325.0902,formation_hold,local,
Drone3_e1557,Drone3,Drone1:1545;Drone2:1517;Drone3:1557,325.0400,position_measured,local,
Drone1_e1555,Drone1,Drone1:1555;Drone2:1513;Drone3:1485,325.5869,position_measured,local,
Drone3_e1558,Drone3,Drone1:1545;Drone2:1517;Drone3:1558,325.2053,position_measured,receive,Drone1
Drone3_e1559,Drone3,Drone1:1545;Drone2:1517;Drone3:1559,325.2700,position_measured,receive,Drone1
Drone1_e1556,Drone1,Drone1:1556;Drone2:1513;Drone3:1485,325.6684,position_measured,send,Drone3
Drone3_e1560,Drone3,Drone1:1545;Drone2:1517;Drone3:1560,325.4919,position_measured,receive,Drone1
Drone3_e1561,Drone3,Drone1:1556;Drone2:1517;Drone3:1561,325.8272,position_measured,receive,Drone1
Drone1_e1557,Drone1,Drone1:1557;Drone2:1513;Drone3:1485,325.8855,position_measured,local,
Drone3_e1562,Drone3,Drone1:1556;Drone2:1517;Drone3:1562,326.0242,position_sent,local,
Drone3_e1563,Drone3,Drone1:1556;Drone2:1517;Drone3:1563,326.2382,position_sent,send,Drone2
Drone2_e1521,Drone2,Drone1:1556;Drone2:1521;Drone3:1563,326.3745,formation_hold,receive,Drone3
Drone1_e1558,Drone1,Drone1:1558;Drone2:1513;Drone3:1485,326.0329,position_measured,send,Drone3
Drone2_e1522,Drone2,Drone1:1556;Drone2:1522;Drone3:1563,326.6661,idle,local,
Drone3_e1564,Drone3,Drone1:1556;Drone2:1517;Drone3:1564,326.4006,position_sent,local,
Drone2_e1523,Drone2,Drone1:1556;Drone2:1523;Drone3:1563,326.8930,idle,local,
Drone3_e1565,Drone3,Drone1:1558;Drone2:1517;Drone3:1565,326.4525,position_sent,receive,Drone1
Drone1_e1559,Drone1,Drone1:1559;Drone2:1513;Drone3:1485,326.1868,position_measured,local,
Drone2_e1524,Drone2,Drone1:1556;Drone2:1524;Drone3:1563,327.0266,idle,local,
Drone1_e1560,Drone1,Drone1:1560;Drone2:1513;Drone3:1485,326.2968,position_measured,local,
Drone3_e1566,Drone3,Drone1:1558;Drone2:1517;Drone3:1566,326.5719,position_sent,local,
Drone1_e1561,Drone1,Drone1:1561;Drone2:1513;Drone3:1485,326.4513,position_measured,local,
Drone1_e1562,Drone1,Drone1:1562;Drone2:1513;Drone3:1485,326.6791,position_sent,local,
Drone3_e1567,Drone3,Drone1:1558;Drone2:1517;Drone3:1567,326.6226,position_sent,local,
Drone2_e1525,Drone2,Drone1:1556;Drone2:1525;Drone3:1563,327.3189,idle,local,
Drone1_e1563,Drone1,Drone1:1563;Drone2:1513;Drone3:1485,326.8992,position_sent,send,Drone3
Drone3_e1568,Drone3,Drone1:1558;Drone2:1517;Drone3:1568,326.7410,position_sent,local,
Drone2_e1526,Drone2,Drone1:1556;Drone2:1526;Drone3:1563,327.6173,idle,local,
Drone3_e1569,Drone3,Drone1:1558;Drone2:1517;Drone3:1569,326.8401,position_sent,local,
Drone3_e1570,Drone3,Drone1:1558;Drone2:1517;Drone3:1570,327.0039,position_sent,local,
Drone3_e1571,Drone3,Drone1:1558;Drone2:1517;Drone3:1571,327.1264,position_sent,local,
Drone2_e1527,Drone2,Drone1:1556;Drone2:1527;Drone3:1563,327.6718,idle,send,Drone3
Drone3_e1572,Drone3,Drone1:1558;Drone2:1517;Drone3:1572,327.3744,processing,local,
Drone2_e1528,Drone2,Drone1:1556;Drone2:1528;Drone3:1563,327.8261,idle,local,
Drone2_e1529,Drone2,Drone1:1556;Drone2:1529;Drone3:1563,328.0283,idle,local,
Drone1_e1564,Drone1,Drone1:1564;Drone2:1513;Drone3:1485,327.1579,position_sent,local,
Drone1_e1565,Drone1,Drone1:1565;Drone2:1513;Drone3:1485,327.2830,position_sent,local,
Drone3_e1573,Drone3,Drone1:1558;Drone2:1517;Drone3:1573,327.6286,processing,local,
Drone3_e1574,Drone3,Drone1:1558;Drone2:1517;Drone3:1574,327.7421,processing,local,
Drone2_e1530,Drone2,Drone1:1556;Drone2:1530;Drone3:1563,328.0884,idle,send,Drone1
Drone2_e1531,Drone2,Drone1:1556;Drone2:1531;Drone3:1563,328.2459,idle,send,Drone1
Drone1_e1566,Drone1,Drone1:1566;Drone2:1513;Drone3:1485,327.4014,position_sent,local,
Drone3_e1575,Drone3,Drone1:1558;Drone2:1517;Drone3:1575,327.7962,processing,local,
Drone3_e1576,Drone3,Drone1:1558;Drone2:1517;Drone3:1576,328.0062,processing,local,
Drone2_e1532,Drone2,Drone1:1556;Drone2:1532;Drone3:1563,328.4618,scanning,local,
Drone2_e1533,Drone2,Drone1:1556;Drone2:1533;Drone3:1563,328.5651,scanning,local,
Drone3_e1577,Drone3,Drone1:1558;Drone2:1517;Drone3:1577,328.2511,processing,local,
Drone1_e1567,Drone1,Drone1:1567;Drone2:1513;Drone3:1485,327.5487,position_sent,local,
Drone3_e1578,Drone3,Drone1:1563;Drone2:1517;Drone3:1578,328.3047,processing,receive,Drone1
Drone2_e1534,Drone2,Drone1:1556;Drone2:1534;Drone3:1563,328.8518,scanning,send,Drone1
Drone1_e1568,Drone1,Drone1:1568;Drone2:1530;Drone3:1563,328.1807,position_sent,receive,Drone2
Drone2_e1535,Drone2,Drone1:1556;Drone2:1535;Drone3:1563,329.0057,scanning,local,
Drone2_e1536,Drone2,Drone1:1556;Drone2:1536;Drone3:1563,329.1460,scanning,send,Drone1
Drone2_e1537,Drone2,Drone1:1556;Drone2:1537;Drone3:1563,329.3316,scanning,local,
Drone3_e1579,Drone3,Drone1:1563;Drone2:1517;Drone3:1579,328.3737,processing,local,
Drone1_e1569,Drone1,Drone1:1569;Drone2:1530;Drone3:1563,328.4440,position_sent,local,
Drone1_e1570,Drone1,Drone1:1570;Drone2:1530;Drone3:1563,328.5104,position_sent,local,
Drone2_e1538,Drone2,Drone1:1556;Drone2:1538;Drone3:1563,329.4099,scanning,local,
Drone2_e1539,Drone2,Drone1:1556;Drone2:1539;Drone3:1563,329.5851,scanning,local,
Drone3_e1580,Drone3,Drone1:1563;Drone2:1517;Drone3:1580,328.4543,processing,local,
Drone3_e1581,Drone3,Drone1:1563;Drone2:1517;Drone3:1581,328.7006,processing,local,
Drone2_e1540,Drone2,Drone1:1556;Drone2:1540;Drone3:1563,329.7234,scanning,local,
Drone2_e1541,Drone2,Drone1:1556;Drone2:1541;Drone3:1563,329.9097,scanning,local,
Drone2_e1542,Drone2,Drone1:1556;Drone2:1542;Drone3:1563,330.1874,target_found,local,
Drone3_e1582,Drone3,Drone1:1563;Drone2:1517;Drone3:1582,328.9490,relative_computed,local,
Drone1_e1571,Drone1,Drone1:1571;Drone2:1530;Drone3:1563,328.6010,position_sent,local,
Drone2_e1543,Drone2,Drone1:1556;Drone2:1543;Drone3:1563,330.3571,target_found,send,Drone1
Drone3_e1583,Drone3,Drone1:1563;Drone2:1527;Drone3:1583,329.2123,relative_computed,receive,Drone2
Drone2_e1544,Drone2,Drone1:1556;Drone2:1544;Drone3:1563,330.4602,target_found,send,Drone3
Drone1_e1572,Drone1,Drone1:1572;Drone2:1530;Drone3:1563,328.7719,processing,local,
Drone3_e1584,Drone3,Drone1:1563;Drone2:1527;Drone3:1584,329.2791,relative_computed,local,
Drone3_e1585,Drone3,Drone1:1563;Drone2:1544;Drone3:1585,330.6496,relative_computed,receive,Drone2
Drone2_e1545,Drone2,Drone1:1556;Drone2:1545;Drone3:1563,330.6708,target_found,local,
Drone1_e1573,Drone1,Drone1:1573;Drone2:1530;Drone3:1563,328.8310,processing,local,
Drone1_e1574,Drone1,Drone1:1574;Drone2:1531;Drone3:1563,328.8853,processing,receive,Drone2
Drone3_e1586,Drone3,Drone1:1563;Drone2:1544;Drone3:1586,330.8617,relative_computed,local,
Drone2_e1546,Drone2,Drone1:1556;Drone2:1546;Drone3:1563,330.7227,target_found,local,
Drone2_e1547,Drone2,Drone1:1556;Drone2:1547;Drone3:1563,330.7940,target_found,local,
Drone1_e1575,Drone1,Drone1:1575;Drone2:1531;Drone3:1563,329.0756,processing,local,
Drone1_e1576,Drone1,Drone1:1576;Drone2:1531;Drone3:1563,329.2440,processing,local,
Drone3_e1587,Drone3,Drone1:1563;Drone2:1544;Drone3:1587,331.0932,relative_computed,local,
Drone2_e1548,Drone2,Drone1:1556;Drone2:1548;Drone3:1563,331.0405,target_found,send,Drone1
Drone3_e1588,Drone3,Drone1:1563;Drone2:1544;Drone3:1588,331.2212,relative_computed,local,
Drone2_e1549,Drone2,Drone1:1556;Drone2:1549;Drone3:1563,331.1043,target_found,send,Drone1
Drone2_e1550,Drone2,Drone1:1556;Drone2:1550;Drone3:1563,331.4039,target_found,local,
Drone3_e1589,Drone3,Drone1:1563;Drone2:1544;Drone3:1589,331.5210,relative_computed,send,Drone2
Drone2_e1551,Drone2,Drone1:1563;Drone2:1551;Drone3:1589,331.8164,target_found,receive,Drone3
Drone3_e1590,Drone3,Drone1:1563;Drone2:1544;Drone3:1590,331.6956,relative_computed,local,
Drone3_e1591,Drone3,Drone1:1563;Drone2:1544;Drone3:1591,331.7522,relative_computed,send,Drone1
Drone2_e1552,Drone2,Drone1:1563;Drone2:1552;Drone3:1589,332.0443,position_measured,local,
Drone1_e1577,Drone1,Drone1:1577;Drone2:1531;Drone3:1563,329.4447,processing,local,
Drone1_e1578,Drone1,Drone1:1578;Drone2:1534;Drone3:1563,329.7383,processing,receive,Drone2
Drone2_e1553,Drone2,Drone1:1563;Drone2:1553;Drone3:1589,332.1253,position_measured,local,
Drone3_e1592,Drone3,Drone1:1563;Drone2:1544;Drone3:1592,331.8600,formation_hold,send,Drone1
Drone2_e1554,Drone2,Drone1:1563;Drone2:1554;Drone3:1589,332.3654,position_measured,local,
Drone3_e1593,Drone3,Drone1:1563;Drone2:1544;Drone3:1593,331.9299,formation_hold,local,
Drone3_e1594,Drone3,Drone1:1563;Drone2:1544;Drone3:1594,332.1243,formation_hold,local,
Drone3_e1595,Drone3,Drone1:1563;Drone2:1544;Drone3:1595,332.4009,formation_hold,local,
Drone3_e1596,Drone3,Drone1:1563;Drone2:1544;Drone3:1596,332.6389,formation_hold,send,Drone2
Drone1_e1579,Drone1,Drone1:1579;Drone2:1544;Drone3:1591,331.8254,processing,receive,Drone3
Drone2_e1555,Drone2,Drone1:1563;Drone2:1555;Drone3:1596,332.7232,position_measured,receive,Drone3
Drone1_e1580,Drone1,Drone1:1580;Drone2:1544;Drone3:1591,332.0225,processing,local,
Drone1_e1581,Drone1,Drone1:1581;Drone2:1544;Drone3:1591,332.0831,processing,local,
Drone2_e1556,Drone2,Drone1:1563;Drone2:1556;Drone3:1596,332.7999,position_measured,local,
Drone1_e1582,Drone1,Drone1:1582;Drone2:1544;Drone3:1591,332.2734,relative_computed,local,
Drone1_e1583,Drone1,Drone1:1583;Drone2:1544;Drone3:1591,332.3697,relative_computed,receive,Drone2
Drone3_e1597,Drone3,Drone1:1563;Drone2:1544;Drone3:1597,332.7149,formation_hold,local,
Drone1_e1584,Drone1,Drone1:1584;Drone2:1544;Drone3:1591,332.6019,relative_computed,local,
Drone1_e1585,Drone1,Drone1:1585;Drone2:1544;Drone3:1591,332.8993,relative_computed,receive,Drone2
Drone1_e1586,Drone1,Drone1:1586;Drone2:1544;Drone3:1591,333.1680,relative_computed,local,
Drone3_e1598,Drone3,Drone1:1563;Drone2:1544;Drone3:1598,332.9590,formation_hold,local,
Drone1_e1587,Drone1,Drone1:1587;Drone2:1544;Drone3:1591,333.2775,relative_computed,local,
Drone2_e1557,Drone2,Drone1:1563;Drone2:1557;Drone3:1596,332.8980,position_measured,send,Drone3
Drone3_e1599,Drone3,Drone1:1563;Drone2:1557;Drone3:1599,333.1101,formation_hold,receive,Drone2
Drone3_e1600,Drone3,Drone1:1563;Drone2:1557;Drone3:1600,333.3047,formation_hold,local,
Drone2_e1558,Drone2,Drone1:1563;Drone2:1558;Drone3:1596,333.1247,position_measured,send,Drone1
Drone2_e1559,Drone2,Drone1:1563;Drone2:1559;Drone3:1596,333.2992,position_measured,local,
Drone1_e1588,Drone1,Drone1:1588;Drone2:1544;Drone3:1591,333.3753,relative_computed,local,
Drone2_e1560,Drone2,Drone1:1563;Drone2:1560;Drone3:1596,333.4933,position_measured,local,
Drone3_e1601,Drone3,Drone1:1563;Drone2:1557;Drone3:1601,333.5965,formation_hold,local,
Drone1_e1589,Drone1,Drone1:1589;Drone2:1548;Drone3:1591,333.4830,relative_computed,receive,Drone2
Drone1_e1590,Drone1,Drone1:1590;Drone2:1548;Drone3:1591,333.7158,relative_computed,local,
Drone3_e1602,Drone3,Drone1:1563;Drone2:1557;Drone3:1602,333.8878,idle,local,
Drone2_e1561,Drone2,Drone1:1563;Drone2:1561;Drone3:1596,333.6869,position_measured,local,
Drone3_e1603,Drone3,Drone1:1563;Drone2:1557;Drone3:1603,334.1453,idle,send,Drone1
Drone1_e1591,Drone1,Drone1:1591;Drone2:1548;Drone3:1591,333.8512,relative_computed,local,
Drone2_e1562,Drone2,Drone1:1563;Drone2:1562;Drone3:1596,333.9541,position_sent,send,Drone1
Drone2_e1563,Drone2,Drone1:1563;Drone2:1563;Drone3:1596,334.0988,position_sent,local,
Drone3_e1604,Drone3,Drone1:1563;Drone2:1557;Drone3:1604,334.3061,idle,local,
Drone1_e1592,Drone1,Drone1:1592;Drone2:1548;Drone3:1591,333.9377,formation_hold,local,
Drone2_e1564,Drone2,Drone1:1563;Drone2:1564;Drone3:1596,334.3663,position_sent,local,
Drone3_e1605,Drone3,Drone1:1563;Drone2:1557;Drone3:1605,334.5934,idle,send,Drone2
Drone2_e1565,Drone2,Drone1:1563;Drone2:1565;Drone3:1605,334.7517,position_sent,receive,Drone3
Drone1_e1593,Drone1,Drone1:1593;Drone2:1549;Drone3:1591,334.1747,formation_hold,receive,Drone2
Drone3_e1606,Drone3,Drone1:1563;Drone2:1557;Drone3:1606,334.6710,idle,send,Drone2
Drone2_e1566,Drone2,Drone1:1563;Drone2:1566;Drone3:1606,334.8460,position_sent,receive,Drone3
Drone1_e1594,Drone1,Drone1:1594;Drone2:1549;Drone3:1591,334.4154,formation_hold,local,
Drone1_e1595,Drone1,Drone1:1595;Drone2:1549;Drone3:1591,334.5524,formation_hold,local,
Drone3_e1607,Drone3,Drone1:1563;Drone2:1557;Drone3:1607,334.8931,idle,send,Drone1
Drone2_e1567,Drone2,Drone1:1563;Drone2:1567;Drone3:1606,335.1369,position_sent,local,
Drone2_e1568,Drone2,Drone1:1563;Drone2:1568;Drone3:1606,335.2964,position_sent,send,Drone1
Drone1_e1596,Drone1,Drone1:1596;Drone2:1558;Drone3:1596,334.7637,formation_hold,receive,Drone2
Drone2_e1569,Drone2,Drone1:1563;Drone2:1569;Drone3:1606,335.3739,position_sent,send,Drone1
Drone3_e1608,Drone3,Drone1:1563;Drone2:1557;Drone3:1608,335.0068,idle,local,
Drone1_e1597,Drone1,Drone1:1597;Drone2:1558;Drone3:1596,335.0003,formation_hold,receive,Drone3
Drone1_e1598,Drone1,Drone1:1598;Drone2:1562;Drone3:1596,335.1106,formation_hold,receive,Drone2
Drone2_e1570,Drone2,Drone1:1563;Drone2:1570;Drone3:1606,335.6133,position_sent,send,Drone1
Drone3_e1609,Drone3,Drone1:1563;Drone2:1557;Drone3:1609,335.2708,idle,local,
Drone3_e1610,Drone3,Drone1:1563;Drone2:1557;Drone3:1610,335.4533,idle,local,
Drone1_e1599,Drone1,Drone1:1599;Drone2:1562;Drone3:1596,335.4049,formation_hold,local,
Drone1_e1600,Drone1,Drone1:1600;Drone2:1568;Drone3:1606,335.5368,formation_hold,receive,Drone2
Drone3_e1611,Drone3,Drone1:1563;Drone2:1557;Drone3:1611,335.6082,idle,local,
Drone2_e1571,Drone2,Drone1:1563;Drone2:1571;Drone3:1606,335.7102,position_sent,send,Drone1
Drone3_e1612,Drone3,Drone1:1563;Drone2:1557;Drone3:1612,335.8492,scanning,local,
Drone2_e1572,Drone2,Drone1:1563;Drone2:1572;Drone3:1606,335.8281,processing,local,
Drone1_e1601,Drone1,Drone1:1601;Drone2:1568;Drone3:1606,335.7542,formation_hold,local,
Drone3_e1613,Drone3,Drone1:1563;Drone2:1557;Drone3:1613,335.9885,scanning,local,
Drone2_e1573,Drone2,Drone1:1563;Drone2:1573;Drone3:1606,335.9272,processing,local,
Drone1_e1602,Drone1,Drone1:1602;Drone2:1568;Drone3:1606,335.8935,idle,receive,Drone3
Drone1_e1603,Drone1,Drone1:1603;Drone2:1568;Drone3:1606,336.0667,idle,local,
Drone2_e1574,Drone2,Drone1:1563;Drone2:1574;Drone3:1606,335.9813,processing,local,
Drone1_e1604,Drone1,Drone1:1604;Drone2:1569;Drone3:1606,336.1746,idle,receive,Drone2
Drone1_e1605,Drone1,Drone1:1605;Drone2:1569;Drone3:1607,336.3583,idle,receive,Drone3
Drone3_e1614,Drone3,Drone1:1563;Drone2:1557;Drone3:1614,336.2181,scanning,send,Drone2
Drone1_e1606,Drone1,Drone1:1606;Drone2:1569;Drone3:1607,336.4629,idle,local,
Drone1_e1607,Drone1,Drone1:1607;Drone2:1570;Drone3:1607,336.7425,idle,receive,Drone2
Drone2_e1575,Drone2,Drone1:1563;Drone2:1575;Drone3:1614,336.4288,processing,receive,Drone3
Drone2_e1576,Drone2,Drone1:1563;Drone2:1576;Drone3:1614,336.5022,processing,local,
Drone1_e1608,Drone1,Drone1:1608;Drone2:1570;Drone3:1607,336.8159,idle,local,
Drone2_e1577,Drone2,Drone1:1563;Drone2:1577;Drone3:1614,336.6864,processing,local,
Drone3_e1615,Drone3,Drone1:1563;Drone2:1557;Drone3:1615,336.3284,scanning,local,
Drone2_e1578,Drone2,Drone1:1563;Drone2:1578;Drone3:1614,336.8717,processing,local,
Drone3_e1616,Drone3,Drone1:1563;Drone2:1557;Drone3:1616,336.5605,scanning,local,
Drone2_e1579,Drone2,Drone1:1563;Drone2:1579;Drone3:1614,336.9758,processing,local,
Drone2_e1580,Drone2,Drone1:1563;Drone2:1580;Drone3:1614,337.0508,processing,local,
Drone3_e1617,Drone3,Drone1:1563;Drone2:1557;Drone3:1617,336.8417,scanning,local,
Drone2_e1581,Drone2,Drone1:1563;Drone2:1581;Drone3:1614,337.3345,processing,send,Drone3
Drone2_e1582,Drone2,Drone1:1563;Drone2:1582;Drone3:1614,337.4255,relative_computed,local,
Drone3_e1618,Drone3,Drone1:1563;Drone2:1581;Drone3:1618,337.5513,scanning,receive,Drone2
Drone1_e1609,Drone1,Drone1:1609;Drone2:1571;Drone3:1607,336.9244,idle,receive,Drone2
Drone1_e1610,Drone1,Drone1:1610;Drone2:1571;Drone3:1607,337.0234,idle,local,
Drone1_e1611,Drone1,Drone1:1611;Drone2:1571;Drone3:1607,337.1886,idle,send,Drone3
Drone3_e1619,Drone3,Drone1:1563;Drone2:1581;Drone3:1619,337.7560,scanning,local,
Drone1_e1612,Drone1,Drone1:1612;Drone2:1571;Drone3:1607,337.3303,scanning,send,Drone2
Drone2_e1583,Drone2,Drone1:1563;Drone2:1583;Drone3:1614,337.5835,relative_computed,local,
Drone3_e1620,Drone3,Drone1:1611;Drone2:1581;Drone3:1620,337.9244,scanning,receive,Drone1
Drone1_e1613,Drone1,Drone1:1613;Drone2:1571;Drone3:1607,337.5135,scanning,send,Drone2
Drone3_e1621,Drone3,Drone1:1611;Drone2:1581;Drone3:1621,338.0795,scanning,local,
Drone1_e1614,Drone1,Drone1:1614;Drone2:1571;Drone3:1607,337.6165,scanning,local,
Drone1_e1615,Drone1,Drone1:1615;Drone2:1571;Drone3:1607,337.7751,scanning,local,
Drone3_e1622,Drone3,Drone1:1611;Drone2:1581;Drone3:1622,338.1960,target_found,local,
Drone3_e1623,Drone3,Drone1:1611;Drone2:1581;Drone3:1623,338.4670,target_found,local,
Drone3_e1624,Drone3,Drone1:1611;Drone2:1581;Drone3:1624,338.7500,target_found,local,
Drone3_e1625,Drone3,Drone1:1611;Drone2:1581;Drone3:1625,339.0216,target_found,local,
Drone1_e1616,Drone1,Drone1:1616;Drone2:1571;Drone3:1607,337.9737,scanning,local,
Drone3_e1626,Drone3,Drone1:1611;Drone2:1581;Drone3:1626,339.3100,target_found,local,
Drone2_e1584,Drone2,Drone1:1612;Drone2:1584;Drone3:1614,337.7033,relative_computed,receive,Drone1
Drone2_e1585,Drone2,Drone1:1612;Drone2:1585;Drone3:1614,337.9848,relative_computed,local,
Drone1_e1617,Drone1,Drone1:1617;Drone2:1571;Drone3:1607,338.1176,scanning,send,Drone3
Drone3_e1627,Drone3,Drone1:1611;Drone2:1581;Drone3:1627,339.3827,target_found,local,
Drone3_e1628,Drone3,Drone1:1617;Drone2:1581;Drone3:1628,339.6580,target_found,receive,Drone1
Drone1_e1618,Drone1,Drone1:1618;Drone2:1571;Drone3:1607,338.3010,scanning,local,
Drone1_e1619,Drone1,Drone1:1619;Drone2:1571;Drone3:1607,338.4496,scanning,local,
Drone3_e1629,Drone3,Drone1:1617;Drone2:1581;Drone3:1629,339.8924,target_found,local,
Drone1_e1620,Drone1,Drone1:1620;Drone2:1571;Drone3:1607,338.6344,scanning,send,Drone2
Drone1_e1621,Drone1,Drone1:1621;Drone2:1571;Drone3:1607,338.7445,scanning,local,
Drone1_e1622,Drone1,Drone1:1622;Drone2:1571;Drone3:1607,338.9462,target_found,local,
Drone1_e1623,Drone1,Drone1:1623;Drone2:1571;Drone3:1607,339.0810,target_found,send,Drone2
Drone3_e1630,Drone3,Drone1:1617;Drone2:1581;Drone3:1630,340.0254,target_found,send,Drone2
Drone1_e1624,Drone1,Drone1:1624;Drone2:1571;Drone3:1607,339.1420,target_found,local,
Drone2_e1586,Drone2,Drone1:1612;Drone2:1586;Drone3:1614,338.0862,relative_computed,local,
Drone1_e1625,Drone1,Drone1:1625;Drone2:1571;Drone3:1607,339.2143,target_found,local,
Drone1_e1626,Drone1,Drone1:1626;Drone2:1571;Drone3:1607,339.2822,target_found,local,
Drone3_e1631,Drone3,Drone1:1617;Drone2:1581;Drone3:1631,340.0954,target_found,local,
Drone2_e1587,Drone2,Drone1:1612;Drone2:1587;Drone3:1614,338.3065,relative_computed,local,
Drone2_e1588,Drone2,Drone1:1617;Drone2:1588;Drone3:1630,340.2704,relative_computed,receive,Drone3
Drone3_e1632,Drone3,Drone1:1617;Drone2:1581;Drone3:1632,340.3611,position_measured,local,
Drone3_e1633,Drone3,Drone1:1617;Drone2:1581;Drone3:1633,340.4524,position_measured,send,Drone2
Drone3_e1634,Drone3,Drone1:1617;Drone2:1581;Drone3:1634,340.6488,position_measured,local,
Drone1_e1627,Drone1,Drone1:1627;Drone2:1571;Drone3:1607,339.4524,target_found,local,
Drone1_e1628,Drone1,Drone1:1628;Drone2:1571;Drone3:1607,339.7260,target_found,local,
Drone3_e1635,Drone3,Drone1:1617;Drone2:1581;Drone3:1635,340.8957,position_measured,local,
Drone3_e1636,Drone3,Drone1:1617;Drone2:1581;Drone3:1636,340.9522,position_measured,local,
Drone1_e1629,Drone1,Drone1:1629;Drone2:1571;Drone3:1607,339.8542,target_found,local,
Drone3_e1637,Drone3,Drone1:1617;Drone2:1581;Drone3:1637,341.1903,position_measured,send,Drone2
Drone2_e1589,Drone2,Drone1:1617;Drone2:1589;Drone3:1633,340.6525,relative_computed,receive,Drone3
Drone3_e1638,Drone3,Drone1:1617;Drone2:1581;Drone3:1638,341.3121,position_measured,local,
Drone3_e1639,Drone3,Drone1:1617;Drone2:1581;Drone3:1639,341.3812,position_measured,local,
Drone1_e1630,Drone1,Drone1:1630;Drone2:1571;Drone3:1607,339.9764,target_found,local,
Drone3_e1640,Drone3,Drone1:1617;Drone2:1581;Drone3:1640,341.5098,position_measured,local,
Drone2_e1590,Drone2,Drone1:1617;Drone2:1590;Drone3:1633,340.8193,relative_computed,receive,Drone1
Drone1_e1631,Drone1,Drone1:1631;Drone2:1571;Drone3:1607,340.0271,target_found,local,
Drone2_e1591,Drone2,Drone1:1617;Drone2:1591;Drone3:1633,340.9638,relative_computed,local,
Drone3_e1641,Drone3,Drone1:1617;Drone2:1581;Drone3:1641,341.6501,position_measured,local,
Drone3_e1642,Drone3,Drone1:1617;Drone2:1581;Drone3:1642,341.8014,position_sent,send,Drone1
Drone3_e1643,Drone3,Drone1:1617;Drone2:1581;Drone3:1643,341.8887,position_sent,send,Drone2
Drone2_e1592,Drone2,Drone1:1617;Drone2:1592;Drone3:1633,341.2614,formation_hold,local,
Drone2_e1593,Drone2,Drone1:1617;Drone2:1593;Drone3:1633,341.4030,formation_hold,local,
Drone1_e1632,Drone1,Drone1:1632;Drone2:1571;Drone3:1607,340.1709,position_measured,local,
Drone1_e1633,Drone1,Drone1:1633;Drone2:1571;Drone3:1607,340.2308,position_measured,local,
Drone2_e1594,Drone2,Drone1:1617;Drone2:1594;Drone3:1637,341.5131,formation_hold,receive,Drone3
Drone3_e1644,Drone3,Drone1:1617;Drone2:1581;Drone3:1644,342.0783,position_sent,local,
Drone3_e1645,Drone3,Drone1:1617;Drone2:1581;Drone3:1645,342.3780,position_sent,local,
Drone3_e1646,Drone3,Drone1:1617;Drone2:1581;Drone3:1646,342.6663,position_sent,local,
Drone3_e1647,Drone3,Drone1:1617;Drone2:1581;Drone3:1647,342.7314,position_sent,send,Drone1
Drone1_e1634,Drone1,Drone1:1634;Drone2:1571;Drone3:1607,340.4971,position_measured,local,
Drone2_e1595,Drone2,Drone1:1617;Drone2:1595;Drone3:1637,341.5941,formation_hold,local,
Drone3_e1648,Drone3,Drone1:1617;Drone2:1581;Drone3:1648,342.9661,position_sent,local,
Drone2_e1596,Drone2,Drone1:1617;Drone2:1596;Drone3:1637,341.7088,formation_hold,local,
Drone3_e1649,Drone3,Drone1:1617;Drone2:1581;Drone3:1649,343.1407,position_sent,send,Drone2
Drone1_e1635,Drone1,Drone1:1635;Drone2:1571;Drone3:1607,340.6416,position_measured,local,
Drone1_e1636,Drone1,Drone1:1636;Drone2:1571;Drone3:1607,340.7077,position_measured,local,
Drone2_e1597,Drone2,Drone1:1617;Drone2:1597;Drone3:1643,341.9741,formation_hold,receive,Drone3
Drone2_e1598,Drone2,Drone1:1617;Drone2:1598;Drone3:1643,342.0979,formation_hold,local,
Drone1_e1637,Drone1,Drone1:1637;Drone2:1571;Drone3:1607,340.9190,position_measured,local,
Drone3_e1650,Drone3,Drone1:1617;Drone2:1581;Drone3:1650,343.2926,position_sent,local,
Drone1_e1638,Drone1,Drone1:1638;Drone2:1581;Drone3:1642,342.0405,position_measured,receive,Drone3
Drone1_e1639,Drone1,Drone1:1639;Drone2:1581;Drone3:1647,342.8349,position_measured,receive,Drone3
Drone2_e1599,Drone2,Drone1:1617;Drone2:1599;Drone3:1643,342.2109,formation_hold,local,
Drone2_e1600,Drone2,Drone1:1617;Drone2:1600;Drone3:1643,342.4664,formation_hold,local,
Drone2_e1601,Drone2,Drone1:1617;Drone2:1601;Drone3:1643,342.6743,formation_hold,local,
Drone1_e1640,Drone1,Drone1:1640;Drone2:1581;Drone3:1647,343.0725,position_measured,local,
Drone2_e1602,Drone2,Drone1:1617;Drone2:1602;Drone3:1643,342.7349,idle,local,
Drone2_e1603,Drone2,Drone1:1617;Drone2:1603;Drone3:1643,342.9651,idle,local,
Drone2_e1604,Drone2,Drone1:1617;Drone2:1604;Drone3:1649,343.2641,idle,receive,Drone3
Drone3_e1651,Drone3,Drone1:1617;Drone2:1581;Drone3:1651,343.4601,position_sent,send,Drone1
Drone2_e1605,Drone2,Drone1:1617;Drone2:1605;Drone3:1649,343.3841,idle,local,
Drone2_e1606,Drone2,Drone1:1617;Drone2:1606;Drone3:1649,343.6741,idle,local,
Drone3_e1652,Drone3,Drone1:1617;Drone2:1581;Drone3:1652,343.7396,processing,local,
Drone1_e1641,Drone1,Drone1:1641;Drone2:1581;Drone3:1647,343.2146,position_measured,local,
Drone3_e1653,Drone3,Drone1:1617;Drone2:1581;Drone3:1653,343.9193,processing,local,
Drone2_e1607,Drone2,Drone1:1620;Drone2:1607;Drone3:1649,343.8405,idle,receive,Drone1
Drone3_e1654,Drone3,Drone1:1617;Drone2:1581;Drone3:1654,343.9786,processing,send,Drone2
Drone3_e1655,Drone3,Drone1:1617;Drone2:1581;Drone3:1655,344.2769,processing,local,
Drone2_e1608,Drone2,Drone1:1620;Drone2:1608;Drone3:1654,344.0809,idle,receive,Drone3
Drone2_e1609,Drone2,Drone1:1623;Drone2:1609;Drone3:1654,344.2777,idle,receive,Drone1
Drone3_e1656,Drone3,Drone1:1617;Drone2:1581;Drone3:1656,344.5286,processing,send,Drone1
Drone1_e1642,Drone1,Drone1:1642;Drone2:1581;Drone3:1651,343.6416,position_sent,receive,Drone3
Drone3_e1657,Drone3,Drone1:1617;Drone2:1581;Drone3:1657,344.6095,processing,local,
Drone1_e1643,Drone1,Drone1:1643;Drone2:1581;Drone3:1651,343.7413,position_sent,local,
Drone3_e1658,Drone3,Drone1:1617;Drone2:1581;Drone3:1658,344.7827,processing,send,Drone1
Drone1_e1644,Drone1,Drone1:1644;Drone2:1581;Drone3:1651,343.8720,position_sent,local,
Drone1_e1645,Drone1,Drone1:1645;Drone2:1581;Drone3:1656,344.7923,position_sent,receive,Drone3
Drone3_e1659,Drone3,Drone1:1617;Drone2:1581;Drone3:1659,345.0622,processing,send,Drone1
Drone3_e1660,Drone3,Drone1:1617;Drone2:1581;Drone3:1660,345.2364,processing,local,
Drone2_e1610,Drone2,Drone1:1623;Drone2:1610;Drone3:1654,344.3515,idle,local,
Drone3_e1661,Drone3,Drone1:1617;Drone2:1581;Drone3:1661,345.4811,processing,local,
Drone3_e1662,Drone3,Drone1:1617;Drone2:1581;Drone3:1662,345.7541,relative_computed,local,
Drone1_e1646,Drone1,Drone1:1646;Drone2:1581;Drone3:1656,344.8945,position_sent,local,
Drone1_e1647,Drone1,Drone1:1647;Drone2:1581;Drone3:1656,344.9518,position_sent,local,
Drone1_e1648,Drone1,Drone1:1648;Drone2:1581;Drone3:1658,345.0298,position_sent,receive,Drone3
Drone1_e1649,Drone1,Drone1:1649;Drone2:1581;Drone3:1658,345.2108,position_sent,local,
Drone1_e1650,Drone1,Drone1:1650;Drone2:1581;Drone3:1659,345.3443,position_sent,receive,Drone3
Drone3_e1663,Drone3,Drone1:1617;Drone2:1581;Drone3:1663,345.8700,relative_computed,local,
Drone2_e1611,Drone2,Drone1:1623;Drone2:1611;Drone3:1654,344.5505,idle,local,
Drone3_e1664,Drone3,Drone1:1617;Drone2:1581;Drone3:1664,346.1492,relative_computed,local,
Drone3_e1665,Drone3,Drone1:1617;Drone2:1581;Drone3:1665,346.2971,relative_computed,local,
Drone3_e1666,Drone3,Drone1:1617;Drone2:1581;Drone3:1666,346.3806,relative_computed,local,
Drone1_e1651,Drone1,Drone1:1651;Drone2:1581;Drone3:1659,345.5964,position_sent,send,Drone2
Drone3_e1667,Drone3,Drone1:1617;Drone2:1581;Drone3:1667,346.5744,relative_computed,local,
Drone1_e1652,Drone1,Drone1:1652;Drone2:1581;Drone3:1659,345.7028,processing,local,
Drone2_e1612,Drone2,Drone1:1623;Drone2:1612;Drone3:1654,344.6862,scanning,local,
Drone1_e1653,Drone1,Drone1:1653;Drone2:1581;Drone3:1659,345.9420,processing,local,
Drone2_e1613,Drone2,Drone1:1651;Drone2:1613;Drone3:1659,345.8818,scanning,receive,Drone1
Drone3_e1668,Drone3,Drone1:1617;Drone2:1581;Drone3:1668,346.6614,relative_computed,local,
Drone1_e1654,Drone1,Drone1:1654;Drone2:1581;Drone3:1659,346.0758,processing,local,
Drone2_e1614,Drone2,Drone1:1651;Drone2:1614;Drone3:1659,346.1652,scanning,send,Drone3
Drone3_e1669,Drone3,Drone1:1617;Drone2:1581;Drone3:1669,346.8940,relative_computed,local,
Drone1_e1655,Drone1,Drone1:1655;Drone2:1581;Drone3:1659,346.2276,processing,local,
Drone3_e1670,Drone3,Drone1:1651;Drone2:1614;Drone3:1670,347.1017,relative_computed,receive,Drone2
Drone2_e1615,Drone2,Drone1:1651;Drone2:1615;Drone3:1659,346.3224,scanning,send,Drone3
Drone3_e1671,Drone3,Drone1:1651;Drone2:1615;Drone3:1671,347.1808,relative_computed,receive,Drone2
Drone1_e1656,Drone1,Drone1:1656;Drone2:1581;Drone3:1659,346.4892,processing,local,
Drone1_e1657,Drone1,Drone1:1657;Drone2:1581;Drone3:1659,346.7579,processing,local,
Drone1_e1658,Drone1,Drone1:1658;Drone2:1581;Drone3:1659,346.8587,processing,local,
Drone2_e1616,Drone2,Drone1:1651;Drone2:1616;Drone3:1659,346.5243,scanning,local,
Drone1_e1659,Drone1,Drone1:1659;Drone2:1581;Drone3:1659,347.0800,processing,local,
Drone1_e1660,Drone1,Drone1:1660;Drone2:1581;Drone3:1659,347.3162,processing,local,
Drone1_e1661,Drone1,Drone1:1661;Drone2:1581;Drone3:1659,347.5581,processing,local,
Drone2_e1617,Drone2,Drone1:1651;Drone2:1617;Drone3:1659,346.6632,scanning,local,
Drone2_e1618,Drone2,Drone1:1651;Drone2:1618;Drone3:1659,346.7591,scanning,local,
Drone3_e1672,Drone3,Drone1:1651;Drone2:1615;Drone3:1672,347.3369,formation_hold,send,Drone2
Drone3_e1673,Drone3,Drone1:1651;Drone2:1615;Drone3:1673,347.4226,formation_hold,local,
Drone1_e1662,Drone1,Drone1:1662;Drone2:1581;Drone3:1659,347.8160,relative_computed,local,
Drone2_e1619,Drone2,Drone1:1651;Drone2:1619;Drone3:1659,346.8191,scanning,local,
Drone1_e1663,Drone1,Drone1:1663;Drone2:1581;Drone3:1659,348.0046,relative_computed,local,
Drone3_e1674,Drone3,Drone1:1651;Drone2:1615;Drone3:1674,347.6676,formation_hold,local,
Drone2_e1620,Drone2,Drone1:1651;Drone2:1620;Drone3:1672,347.6026,scanning,receive,Drone3
Drone3_e1675,Drone3,Drone1:1651;Drone2:1615;Drone3:1675,347.8498,formation_hold,local,
Drone2_e1621,Drone2,Drone1:1651;Drone2:1621;Drone3:1672,347.8139,scanning,send,Drone1
Drone3_e1676,Drone3,Drone1:1651;Drone2:1615;Drone3:1676,347.9131,formation_hold,local,
Drone3_e1677,Drone3,Drone1:1651;Drone2:1615;Drone3:1677,348.1359,formation_hold,local,
Drone1_e1664,Drone1,Drone1:1664;Drone2:1581;Drone3:1659,348.0665,relative_computed,local,
Drone2_e1622,Drone2,Drone1:1651;Drone2:1622;Drone3:1672,348.0091,target_found,local,
Drone1_e1665,Drone1,Drone1:1665;Drone2:1581;Drone3:1659,348.1879,relative_computed,local,
Drone1_e1666,Drone1,Drone1:1666;Drone2:1581;Drone3:1659,348.4166,relative_computed,local,
Drone2_e1623,Drone2,Drone1:1651;Drone2:1623;Drone3:1672,348.2048,target_found,local,
Drone1_e1667,Drone1,Drone1:1667;Drone2:1581;Drone3:1659,348.6161,relative_computed,local,
Drone3_e1678,Drone3,Drone1:1651;Drone2:1615;Drone3:1678,348.3424,formation_hold,local,
Drone3_e1679,Drone3,Drone1:1651;Drone2:1615;Drone3:1679,348.4864,formation_hold,local,
Drone3_e1680,Drone3,Drone1:1651;Drone2:1615;Drone3:1680,348.5588,formation_hold,send,Drone2
Drone3_e1681,Drone3,Drone1:1651;Drone2:1615;Drone3:1681,348.7536,formation_hold,send,Drone2
Drone3_e1682,Drone3,Drone1:1651;Drone2:1615;Drone3:1682,348.8656,idle,local,
Drone2_e1624,Drone2,Drone1:1651;Drone2:1624;Drone3:1672,348.3284,target_found,local,
Drone3_e1683,Drone3,Drone1:1651;Drone2:1615;Drone3:1683,349.0580,idle,local,
Drone1_e1668,Drone1,Drone1:1668;Drone2:1581;Drone3:1659,348.8887,relative_computed,local,
Drone1_e1669,Drone1,Drone1:1669;Drone2:1621;Drone3:1672,349.0123,relative_computed,receive,Drone2
Drone1_e1670,Drone1,Drone1:1670;Drone2:1621;Drone3:1672,349.1698,relative_computed,local,
Drone3_e1684,Drone3,Drone1:1651;Drone2:1615;Drone3:1684,349.3424,idle,local,
Drone2_e1625,Drone2,Drone1:1651;Drone2:1625;Drone3:1672,348.3842,target_found,local,
Drone3_e1685,Drone3,Drone1:1651;Drone2:1615;Drone3:1685,349.4919,idle,local,
Drone1_e1671,Drone1,Drone1:1671;Drone2:1621;Drone3:1672,349.3242,relative_computed,local,
Drone1_e1672,Drone1,Drone1:1672;Drone2:1621;Drone3:1672,349.4177,formation_hold,local,
Drone1_e1673,Drone1,Drone1:1673;Drone2:1621;Drone3:1672,349.7034,formation_hold,local,
Drone3_e1686,Drone3,Drone1:1651;Drone2:1615;Drone3:1686,349.6233,idle,send,Drone1
Drone3_e1687,Drone3,Drone1:1651;Drone2:1615;Drone3:1687,349.7638,idle,local,
Drone1_e1674,Drone1,Drone1:1674;Drone2:1621;Drone3:1672,349.8835,formation_hold,local,
Drone3_e1688,Drone3,Drone1:1651;Drone2:1615;Drone3:1688,350.0030,idle,local,
Drone2_e1626,Drone2,Drone1:1651;Drone2:1626;Drone3:1672,348.6585,target_found,local,
Drone2_e1627,Drone2,Drone1:1651;Drone2:1627;Drone3:1672,348.7379,target_found,local,
Drone1_e1675,Drone1,Drone1:1675;Drone2:1621;Drone3:1672,350.0751,formation_hold,local,
Drone2_e1628,Drone2,Drone1:1651;Drone2:1628;Drone3:1680,348.8895,target_found,receive,Drone3
Drone2_e1629,Drone2,Drone1:1651;Drone2:1629;Drone3:1680,348.9761,target_found,local,
Drone3_e1689,Drone3,Drone1:1651;Drone2:1615;Drone3:1689,350.1963,idle,send,Drone2
Drone2_e1630,Drone2,Drone1:1651;Drone2:1630;Drone3:1680,349.0444,target_found,local,
Drone1_e1676,Drone1,Drone1:1676;Drone2:1621;Drone3:1686,350.3272,formation_hold,receive,Drone3
Drone1_e1677,Drone1,Drone1:1677;Drone2:1621;Drone3:1686,350.5487,formation_hold,local,
Drone1_e1678,Drone1,Drone1:1678;Drone2:1621;Drone3:1686,350.8005,formation_hold,local,
Drone2_e1631,Drone2,Drone1:1651;Drone2:1631;Drone3:1680,349.3395,target_found,local,
Drone1_e1679,Drone1,Drone1:1679;Drone2:1621;Drone3:1686,351.0448,formation_hold,send,Drone2
Drone2_e1632,Drone2,Drone1:1651;Drone2:1632;Drone3:1680,349.4496,position_measured,local,
Drone2_e1633,Drone2,Drone1:1651;Drone2:1633;Drone3:1680,349.5676,position_measured,local,
Drone1_e1680,Drone1,Drone1:1680;Drone2:1621;Drone3:1686,351.3029,formation_hold,local,
Drone1_e1681,Drone1,Drone1:1681;Drone2:1621;Drone3:1686,351.4088,formation_hold,local,
Drone1_e1682,Drone1,Drone1:1682;Drone2:1621;Drone3:1686,351.5873,idle,local,
Drone3_e1690,Drone3,Drone1:1651;Drone2:1615;Drone3:1690,350.4676,idle,local,
Drone1_e1683,Drone1,Drone1:1683;Drone2:1621;Drone3:1686,351.6665,idle,local,
Drone2_e1634,Drone2,Drone1:1651;Drone2:1634;Drone3:1680,349.6364,position_measured,local,
Drone3_e1691,Drone3,Drone1:1651;Drone2:1615;Drone3:1691,350.7235,idle,send,Drone2
Drone1_e1684,Drone1,Drone1:1684;Drone2:1621;Drone3:1686,351.8103,idle,send,Drone2
Drone1_e1685,Drone1,Drone1:1685;Drone2:1621;Drone3:1686,351.9301,idle,local,
Drone2_e1635,Drone2,Drone1:1651;Drone2:1635;Drone3:1680,349.7046,position_measured,local,
Drone3_e1692,Drone3,Drone1:1651;Drone2:1615;Drone3:1692,350.8867,scanning,local,
Drone1_e1686,Drone1,Drone1:1686;Drone2:1621;Drone3:1686,352.1106,idle,local,
Drone3_e1693,Drone3,Drone1:1651;Drone2:1615;Drone3:1693,351.0973,scanning,local,
Drone3_e1694,Drone3,Drone1:1651;Drone2:1615;Drone3:1694,351.2024,scanning,send,Drone2
Drone2_e1636,Drone2,Drone1:1679;Drone2:1636;Drone3:1686,351.2049,position_measured,receive,Drone1
Drone3_e1695,Drone3,Drone1:1651;Drone2:1615;Drone3:1695,351.2669,scanning,send,Drone1
Drone2_e1637,Drone2,Drone1:1679;Drone2:1637;Drone3:1686,351.4364,position_measured,local,
Drone2_e1638,Drone2,Drone1:1679;Drone2:1638;Drone3:1686,351.6355,position_measured,local,
Drone2_e1639,Drone2,Drone1:1679;Drone2:1639;Drone3:1686,351.8720,position_measured,receive,Drone3
Drone2_e1640,Drone2,Drone1:1679;Drone2:1640;Drone3:1686,352.1285,position_measured,local,
Drone2_e1641,Drone2,Drone1:1679;Drone2:1641;Drone3:1686,352.4240,position_measured,local,
Drone3_e1696,Drone3,Drone1:1651;Drone2:1615;Drone3:1696,351.4674,scanning,local,
Drone2_e1642,Drone2,Drone1:1684;Drone2:1642;Drone3:1686,352.4908,position_sent,receive,Drone1
Drone1_e1687,Drone1,Drone1:1687;Drone2:1621;Drone3:1695,352.2186,idle,receive,Drone3
Drone1_e1688,Drone1,Drone1:1688;Drone2:1621;Drone3:1695,352.3471,idle,local,
Drone3_e1697,Drone3,Drone1:1651;Drone2:1615;Drone3:1697,351.5680,scanning,local,
Drone2_e1643,Drone2,Drone1:1684;Drone2:1643;Drone3:1689,352.6568,position_sent,receive,Drone3
Drone1_e1689,Drone1,Drone1:1689;Drone2:1621;Drone3:1695,352.6219,idle,local,
Drone1_e1690,Drone1,Drone1:1690;Drone2:1621;Drone3:1695,352.6916,idle,local,
Drone1_e1691,Drone1,Drone1:1691;Drone2:1621;Drone3:1695,352.7963,idle,send,Drone2
Drone2_e1644,Drone2,Drone1:1691;Drone2:1644;Drone3:1695,352.8794,position_sent,receive,Drone1
Drone2_e1645,Drone2,Drone1:1691;Drone2:1645;Drone3:1695,353.1735,position_sent,local,
Drone2_e1646,Drone2,Drone1:1691;Drone2:1646;Drone3:1695,353.3354,position_sent,receive,Drone3
Drone3_e1698,Drone3,Drone1:1651;Drone2:1615;Drone3:1698,351.6948,scanning,local,
Drone3_e1699,Drone3,Drone1:1651;Drone2:1615;Drone3:1699,351.9610,scanning,send,Drone1
Drone2_e1647,Drone2,Drone1:1691;Drone2:1647;Drone3:1695,353.4589,position_sent,receive,Drone3
Drone1_e1692,Drone1,Drone1:1692;Drone2:1621;Drone3:1695,352.8699,scanning,local,
Drone2_e1648,Drone2,Drone1:1691;Drone2:1648;Drone3:1695,353.5680,position_sent,send,Drone1
Drone1_e1693,Drone1,Drone1:1693;Drone2:1621;Drone3:1695,353.1279,scanning,local,
Drone2_e1649,Drone2,Drone1:1691;Drone2:1649;Drone3:1695,353.6451,position_sent,local,
Drone1_e1694,Drone1,Drone1:1694;Drone2:1621;Drone3:1695,353.3631,scanning,local,
Drone2_e1650,Drone2,Drone1:1691;Drone2:1650;Drone3:1695,353.7376,position_sent,local,
Drone1_e1695,Drone1,Drone1:1695;Drone2:1648;Drone3:1695,353.7778,scanning,receive,Drone2
Drone2_e1651,Drone2,Drone1:1691;Drone2:1651;Drone3:1695,353.9349,position_sent,local,
Drone1_e1696,Drone1,Drone1:1696;Drone2:1648;Drone3:1699,353.8930,scanning,receive,Drone3
Drone2_e1652,Drone2,Drone1:1691;Drone2:1652;Drone3:1695,354.1685,processing,send,Drone3
Drone2_e1653,Drone2,Drone1:1691;Drone2:1653;Drone3:1695,354.3902,processing,local,
Drone2_e1654,Drone2,Drone1:1691;Drone2:1654;Drone3:1695,354.6569,processing,send,Drone3
Drone1_e1697,Drone1,Drone1:1697;Drone2:1648;Drone3:1699,354.0779,scanning,local,
Drone1_e1698,Drone1,Drone1:1698;Drone2:1648;Drone3:1699,354.1722,scanning,local,
Drone3_e1700,Drone3,Drone1:1651;Drone2:1615;Drone3:1700,352.1131,scanning,local,
Drone2_e1655,Drone2,Drone1:1691;Drone2:1655;Drone3:1695,354.9468,processing,send,Drone3
Drone1_e1699,Drone1,Drone1:1699;Drone2:1648;Drone3:1699,354.3979,scanning,local,
Drone3_e1701,Drone3,Drone1:1651;Drone2:1615;Drone3:1701,352.2702,scanning,local,
Drone3_e1702,Drone3,Drone1:1651;Drone2:1615;Drone3:1702,352.3500,target_found,local,
Drone2_e1656,Drone2,Drone1:1691;Drone2:1656;Drone3:1695,355.0975,processing,local,
Drone2_e1657,Drone2,Drone1:1691;Drone2:1657;Drone3:1695,355.2770,processing,send,Drone3
Drone1_e1700,Drone1,Drone1:1700;Drone2:1648;Drone3:1699,354.4517,scanning,local,
Drone1_e1701,Drone1,Drone1:1701;Drone2:1648;Drone3:1699,354.5377,scanning,local,
Drone3_e1703,Drone3,Drone1:1651;Drone2:1615;Drone3:1703,352.4451,target_found,local,
Drone3_e1704,Drone3,Drone1:1691;Drone2:1652;Drone3:1704,354.2401,target_found,receive,Drone2
Drone2_e1658,Drone2,Drone1:1691;Drone2:1658;Drone3:1695,355.4919,processing,local,
Drone1_e1702,Drone1,Drone1:1702;Drone2:1648;Drone3:1699,354.7224,target_found,local,
Drone2_e1659,Drone2,Drone1:1691;Drone2:1659;Drone3:1695,355.7136,processing,local,
Drone2_e1660,Drone2,Drone1:1691;Drone2:1660;Drone3:1695,355.9467,processing,local,
Drone3_e1705,Drone3,Drone1:1691;Drone2:1652;Drone3:1705,354.5243,target_found,local,
Drone1_e1703,Drone1,Drone1:1703;Drone2:1648;Drone3:1699,354.8071,target_found,local,
Drone3_e1706,Drone3,Drone1:1691;Drone2:1654;Drone3:1706,354.8956,target_found,receive,Drone2
Drone1_e1704,Drone1,Drone1:1704;Drone2:1648;Drone3:1699,354.9907,target_found,local,
Drone3_e1707,Drone3,Drone1:1691;Drone2:1655;Drone3:1707,355.1527,target_found,receive,Drone2
Drone3_e1708,Drone3,Drone1:1691;Drone2:1657;Drone3:1708,355.5653,target_found,receive,Drone2
Drone1_e1705,Drone1,Drone1:1705;Drone2:1648;Drone3:1699,355.0501,target_found,local,
Drone2_e1661,Drone2,Drone1:1691;Drone2:1661;Drone3:1695,356.2346,processing,local,
Drone3_e1709,Drone3,Drone1:1691;Drone2:1657;Drone3:1709,355.7809,target_found,local,
Drone3_e1710,Drone3,Drone1:1691;Drone2:1657;Drone3:1710,356.0107,target_found,local,
Drone3_e1711,Drone3,Drone1:1691;Drone2:1657;Drone3:1711,356.1875,target_found,local,
Drone2_e1662,Drone2,Drone1:1691;Drone2:1662;Drone3:1695,356.3591,relative_computed,local,
Drone3_e1712,Drone3,Drone1:1691;Drone2:1657;Drone3:1712,356.4214,position_measured,local,
Drone3_e1713,Drone3,Drone1:1691;Drone2:1657;Drone3:1713,356.4879,position_measured,local,
Drone1_e1706,Drone1,Drone1:1706;Drone2:1648;Drone3:1699,355.2566,target_found,send,Drone3
Drone3_e1714,Drone3,Drone1:1691;Drone2:1657;Drone3:1714,356.7405,position_measured,local,
Drone1_e1707,Drone1,Drone1:1707;Drone2:1648;Drone3:1699,355.4170,target_found,local,
Drone2_e1663,Drone2,Drone1:1691;Drone2:1663;Drone3:1695,356.4679,relative_computed,local,
Drone3_e1715,Drone3,Drone1:1691;Drone2:1657;Drone3:1715,356.8881,position_measured,local,
Drone1_e1708,Drone1,Drone1:1708;Drone2:1648;Drone3:1699,355.7100,target_found,local,
Drone1_e1709,Drone1,Drone1:1709;Drone2:1648;Drone3:1699,355.8287,target_found,send,Drone3
Drone1_e1710,Drone1,Drone1:1710;Drone2:1648;Drone3:1699,355.8946,target_found,local,
Drone3_e1716,Drone3,Drone1:1691;Drone2:1657;Drone3:1716,357.0534,position_measured,local,
Drone3_e1717,Drone3,Drone1:1691;Drone2:1657;Drone3:1717,357.1996,position_measured,local,
Drone1_e1711,Drone1,Drone1:1711;Drone2:1648;Drone3:1699,356.0883,target_found,local,
Drone2_e1664,Drone2,Drone1:1691;Drone2:1664;Drone3:1695,356.6976,relative_computed,local,
Drone1_e1712,Drone1,Drone1:1712;Drone2:1648;Drone3:1699,356.1706,position_measured,local,
Drone3_e1718,Drone3,Drone1:1691;Drone2:1657;Drone3:1718,357.3730,position_measured,local,
Drone3_e1719,Drone3,Drone1:1706;Drone2:1657;Drone3:1719,357.5934,position_measured,receive,Drone1
Drone1_e1713,Drone1,Drone1:1713;Drone2:1648;Drone3:1699,356.2672,position_measured,local,
Drone3_e1720,Drone3,Drone1:1706;Drone2:1657;Drone3:1720,357.7356,position_measured,local,
Drone3_e1721,Drone3,Drone1:1709;Drone2:1657;Drone3:1721,357.9515,position_measured,receive,Drone1
Drone2_e1665,Drone2,Drone1:1691;Drone2:1665;Drone3:1695,356.8451,relative_computed,local,
Drone3_e1722,Drone3,Drone1:1709;Drone2:1657;Drone3:1722,358.1729,position_sent,local,
Drone3_e1723,Drone3,Drone1:1709;Drone2:1657;Drone3:1723,358.2649,position_sent,send,Drone1
Drone3_e1724,Drone3,Drone1:1709;Drone2:1657;Drone3:1724,358.5280,position_sent,send,Drone2
Drone2_e1666,Drone2,Drone1:1709;Drone2:1666;Drone3:1724,358.6932,relative_computed,receive,Drone3
Drone2_e1667,Drone2,Drone1:1709;Drone2:1667;Drone3:1724,358.9498,relative_computed,send,Drone3
Drone3_e1725,Drone3,Drone1:1709;Drone2:1667;Drone3:1725,359.1583,position_sent,receive,Drone2
Drone1_e1714,Drone1,Drone1:1714;Drone2:1648;Drone3:1699,356.5020,position_measured,local,
Drone2_e1668,Drone2,Drone1:1709;Drone2:1668;Drone3:1724,359.2073,relative_computed,local,
Drone1_e1715,Drone1,Drone1:1715;Drone2:1648;Drone3:1699,356.6007,position_measured,local,
Drone3_e1726,Drone3,Drone1:1709;Drone2:1667;Drone3:1726,359.2933,position_sent,local,
Drone1_e1716,Drone1,Drone1:1716;Drone2:1657;Drone3:1723,358.3615,position_measured,receive,Drone3
Drone2_e1669,Drone2,Drone1:1709;Drone2:1669;Drone3:1724,359.4904,relative_computed,local,
Drone1_e1717,Drone1,Drone1:1717;Drone2:1657;Drone3:1723,358.4974,position_measured,local,
Drone1_e1718,Drone1,Drone1:1718;Drone2:1657;Drone3:1723,358.5903,position_measured,local,
Drone3_e1727,Drone3,Drone1:1709;Drone2:1667;Drone3:1727,359.4291,position_sent,send,Drone1
Drone3_e1728,Drone3,Drone1:1709;Drone2:1667;Drone3:1728,359.5717,position_sent,local,
Drone1_e1719,Drone1,Drone1:1719;Drone2:1657;Drone3:1723,358.8752,position_measured,local,
Drone1_e1720,Drone1,Drone1:1720;Drone2:1657;Drone3:1723,359.0230,position_measured,local,
Drone2_e1670,Drone2,Drone1:1709;Drone2:1670;Drone3:1724,359.6701,relative_computed,send,Drone3
Drone2_e1671,Drone2,Drone1:1709;Drone2:1671;Drone3:1724,359.8598,relative_computed,local,
Drone1_e1721,Drone1,Drone1:1721;Drone2:1657;Drone3:1723,359.2620,position_measured,local,
Drone3_e1729,Drone3,Drone1:1709;Drone2:1670;Drone3:1729,359.7762,position_sent,receive,Drone2
Drone1_e1722,Drone1,Drone1:1722;Drone2:1667;Drone3:1727,359.6986,position_sent,receive,Drone3
Drone3_e1730,Drone3,Drone1:1709;Drone2:1670;Drone3:1730,359.8448,position_sent,local,
Drone1_e1723,Drone1,Drone1:1723;Drone2:1667;Drone3:1727,359.8983,position_sent,local,
Drone1_e1724,Drone1,Drone1:1724;Drone2:1667;Drone3:1727,360.0938,position_sent,send,Drone3
Drone2_e1672,Drone2,Drone1:1709;Drone2:1672;Drone3:1724,359.9313,formation_hold,local,
Drone2_e1673,Drone2,Drone1:1709;Drone2:1673;Drone3:1724,360.0033,formation_hold,send,Drone3
Drone2_e1674,Drone2,Drone1:1709;Drone2:1674;Drone3:1724,360.1350,formation_hold,local,
Drone2_e1675,Drone2,Drone1:1709;Drone2:1675;Drone3:1724,360.3673,formation_hold,send,Drone1
Drone2_e1676,Drone2,Drone1:1709;Drone2:1676;Drone3:1724,360.4709,formation_hold,local,
Drone2_e1677,Drone2,Drone1:1709;Drone2:1677;Drone3:1724,360.7324,formation_hold,local,
Drone3_e1731,Drone3,Drone1:1709;Drone2:1673;Drone3:1731,360.1652,position_sent,receive,Drone2
Drone2_e1678,Drone2,Drone1:1709;Drone2:1678;Drone3:1724,361.0205,formation_hold,send,Drone3
Drone1_e1725,Drone1,Drone1:1725;Drone2:1667;Drone3:1727,360.3046,position_sent,local,
Drone1_e1726,Drone1,Drone1:1726;Drone2:1675;Drone3:1727,360.4261,position_sent,receive,Drone2
Drone2_e1679,Drone2,Drone1:1709;Drone2:1679;Drone3:1724,361.2245,formation_hold,send,Drone3
Drone1_e1727,Drone1,Drone1:1727;Drone2:1675;Drone3:1727,360.6070,position_sent,local,
Drone3_e1732,Drone3,Drone1:1724;Drone2:1673;Drone3:1732,360.4046,processing,receive,Drone1
Drone1_e1728,Drone1,Drone1:1728;Drone2:1675;Drone3:1727,360.7158,position_sent,send,Drone2
Drone3_e1733,Drone3,Drone1:1724;Drone2:1673;Drone3:1733,360.6687,processing,local,
Drone2_e1680,Drone2,Drone1:1709;Drone2:1680;Drone3:1724,361.4970,formation_hold,local,
Drone2_e1681,Drone2,Drone1:1709;Drone2:1681;Drone3:1724,361.7752,formation_hold,local,
Drone2_e1682,Drone2,Drone1:1709;Drone2:1682;Drone3:1724,362.0641,idle,local,
Drone3_e1734,Drone3,Drone1:1724;Drone2:1673;Drone3:1734,360.9168,processing,local,
Drone2_e1683,Drone2,Drone1:1709;Drone2:1683;Drone3:1724,362.1840,idle,local,
Drone1_e1729,Drone1,Drone1:1729;Drone2:1675;Drone3:1727,360.8933,position_sent,send,Drone3
Drone3_e1735,Drone3,Drone1:1724;Drone2:1673;Drone3:1735,361.0367,processing,local,
Drone3_e1736,Drone3,Drone1:1724;Drone2:1678;Drone3:1736,361.3278,processing,receive,Drone2
Drone2_e1684,Drone2,Drone1:1709;Drone2:1684;Drone3:1724,362.4444,idle,local,
Drone2_e1685,Drone2,Drone1:1728;Drone2:1685;Drone3:1727,362.5705,idle,receive,Drone1
Drone3_e1737,Drone3,Drone1:1724;Drone2:1678;Drone3:1737,361.6198,processing,local,
Drone3_e1738,Drone3,Drone1:1724;Drone2:1678;Drone3:1738,361.7528,processing,local,
Drone1_e1730,Drone1,Drone1:1730;Drone2:1675;Drone3:1727,360.9449,position_sent,local,
Drone1_e1731,Drone1,Drone1:1731;Drone2:1675;Drone3:1727,361.0880,position_sent,send,Drone3
Drone1_e1732,Drone1,Drone1:1732;Drone2:1675;Drone3:1727,361.3576,processing,local,
Drone1_e1733,Drone1,Drone1:1733;Drone2:1675;Drone3:1727,361.4404,processing,local,
Drone1_e1734,Drone1,Drone1:1734;Drone2:1675;Drone3:1727,361.7075,processing,local,
Drone1_e1735,Drone1,Drone1:1735;Drone2:1675;Drone3:1727,361.8425,processing,send,Drone3
Drone1_e1736,Drone1,Drone1:1736;Drone2:1675;Drone3:1727,362.0508,processing,local,
Drone2_e1686,Drone2,Drone1:1728;Drone2:1686;Drone3:1727,362.6661,idle,local,
Drone1_e1737,Drone1,Drone1:1737;Drone2:1675;Drone3:1727,362.3136,processing,send,Drone3
Drone3_e1739,Drone3,Drone1:1724;Drone2:1678;Drone3:1739,361.8993,processing,local,
Drone3_e1740,Drone3,Drone1:1724;Drone2:1678;Drone3:1740,362.0719,processing,local,
Drone2_e1687,Drone2,Drone1:1728;Drone2:1687;Drone3:1727,362.8887,idle,local,
Drone1_e1738,Drone1,Drone1:1738;Drone2:1675;Drone3:1727,362.5883,processing,local,
Drone2_e1688,Drone2,Drone1:1728;Drone2:1688;Drone3:1727,363.0118,idle,local,
Drone2_e1689,Drone2,Drone1:1728;Drone2:1689;Drone3:1727,363.0943,idle,send,Drone1
Drone3_e1741,Drone3,Drone1:1724;Drone2:1678;Drone3:1741,362.2979,processing,local,
Drone2_e1690,Drone2,Drone1:1728;Drone2:1690;Drone3:1727,363.2757,idle,send,Drone1
Drone1_e1739,Drone1,Drone1:1739;Drone2:1675;Drone3:1727,362.8403,processing,local,
Drone1_e1740,Drone1,Drone1:1740;Drone2:1675;Drone3:1727,362.9379,processing,local,
Drone1_e1741,Drone1,Drone1:1741;Drone2:1689;Drone3:1727,363.3639,processing,receive,Drone2
Drone3_e1742,Drone3,Drone1:1724;Drone2:1679;Drone3:1742,362.5039,relative_computed,receive,Drone2
Drone1_e1742,Drone1,Drone1:1742;Drone2:1690;Drone3:1727,363.6353,relative_computed,receive,Drone2
Drone3_e1743,Drone3,Drone1:1729;Drone2:1679;Drone3:1743,362.6763,relative_computed,receive,Drone1
Drone1_e1743,Drone1,Drone1:1743;Drone2:1690;Drone3:1727,363.8011,relative_computed,local,
Drone1_e1744,Drone1,Drone1:1744;Drone2:1690;Drone3:1727,364.0428,relative_computed,local,
Drone2_e1691,Drone2,Drone1:1728;Drone2:1691;Drone3:1727,363.3475,idle,local,
Drone2_e1692,Drone2,Drone1:1728;Drone2:1692;Drone3:1727,363.6225,scanning,send,Drone1
Drone2_e1693,Drone2,Drone1:1728;Drone2:1693;Drone3:1727,363.7375,scanning,local,
Drone2_e1694,Drone2,Drone1:1728;Drone2:1694;Drone3:1727,363.8540,scanning,local,
Drone1_e1745,Drone1,Drone1:1745;Drone2:1692;Drone3:1727,364.1742,relative_computed,receive,Drone2
Drone3_e1744,Drone3,Drone1:1731;Drone2:1679;Drone3:1744,362.8219,relative_computed,receive,Drone1
Drone3_e1745,Drone3,Drone1:1731;Drone2:1679;Drone3:1745,363.0543,relative_computed,local,
Drone2_e1695,Drone2,Drone1:1728;Drone2:1695;Drone3:1727,364.0835,scanning,send,Drone1
Drone1_e1746,Drone1,Drone1:1746;Drone2:1692;Drone3:1727,364.2681,relative_computed,local,
Drone2_e1696,Drone2,Drone1:1728;Drone2:1696;Drone3:1727,364.1831,scanning,local,
Drone3_e1746,Drone3,Drone1:1731;Drone2:1679;Drone3:1746,363.3357,relative_computed,local,
Drone3_e1747,Drone3,Drone1:1731;Drone2:1679;Drone3:1747,363.4322,relative_computed,local,
Drone1_e1747,Drone1,Drone1:1747;Drone2:1695;Drone3:1727,364.3569,relative_computed,receive,Drone2
Drone3_e1748,Drone3,Drone1:1731;Drone2:1679;Drone3:1748,363.5358,relative_computed,local,
Drone2_e1697,Drone2,Drone1:1728;Drone2:1697;Drone3:1727,364.4719,scanning,local,
Drone3_e1749,Drone3,Drone1:1731;Drone2:1679;Drone3:1749,363.6675,relative_computed,local,
Drone3_e1750,Drone3,Drone1:1735;Drone2:1679;Drone3:1750,363.7766,relative_computed,receive,Drone1
Drone3_e1751,Drone3,Drone1:1737;Drone2:1679;Drone3:1751,363.9079,relative_computed,receive,Drone1
Drone2_e1698,Drone2,Drone1:1728;Drone2:1698;Drone3:1727,364.5831,scanning,local,
Drone3_e1752,Drone3,Drone1:1737;Drone2:1679;Drone3:1752,364.0929,formation_hold,local,
Drone2_e1699,Drone2,Drone1:1728;Drone2:1699;Drone3:1727,364.7101,scanning,local,
Drone2_e1700,Drone2,Drone1:1728;Drone2:1700;Drone3:1727,364.9444,scanning,send,Drone3
Drone2_e1701,Drone2,Drone1:1728;Drone2:1701;Drone3:1727,365.0668,scanning,send,Drone3
Drone1_e1748,Drone1,Drone1:1748;Drone2:1695;Drone3:1727,364.4721,relative_computed,local,
Drone2_e1702,Drone2,Drone1:1728;Drone2:1702;Drone3:1727,365.3551,target_found,local,
Drone2_e1703,Drone2,Drone1:1728;Drone2:1703;Drone3:1727,365.5864,target_found,local,
Drone1_e1749,Drone1,Drone1:1749;Drone2:1695;Drone3:1727,364.6730,relative_computed,local,
Drone3_e1753,Drone3,Drone1:1737;Drone2:1679;Drone3:1753,364.1896,formation_hold,local,
Drone1_e1750,Drone1,Drone1:1750;Drone2:1695;Drone3:1727,364.7636,relative_computed,local,
Drone2_e1704,Drone2,Drone1:1728;Drone2:1704;Drone3:1727,365.8263,target_found,send,Drone3
Drone2_e1705,Drone2,Drone1:1728;Drone2:1705;Drone3:1727,365.9299,target_found,local,
Drone3_e1754,Drone3,Drone1:1737;Drone2:1679;Drone3:1754,364.3213,formation_hold,local,
Drone3_e1755,Drone3,Drone1:1737;Drone2:1679;Drone3:1755,364.6078,formation_hold,local,
Drone3_e1756,Drone3,Drone1:1737;Drone2:1700;Drone3:1756,365.0014,formation_hold,receive,Drone2
Drone3_e1757,Drone3,Drone1:1737;Drone2:1700;Drone3:1757,365.0760,formation_hold,local,
Drone2_e1706,Drone2,Drone1:1728;Drone2:1706;Drone3:1727,366.1775,target_found,local,
Drone1_e1751,Drone1,Drone1:1751;Drone2:1695;Drone3:1727,364.8569,relative_computed,local,
Drone1_e1752,Drone1,Drone1:1752;Drone2:1695;Drone3:1727,365.0585,formation_hold,send,Drone3
Drone3_e1758,Drone3,Drone1:1737;Drone2:1700;Drone3:1758,365.2557,formation_hold,local,
Drone3_e1759,Drone3,Drone1:1737;Drone2:1700;Drone3:1759,365.4153,formation_hold,local,
Drone3_e1760,Drone3,Drone1:1737;Drone2:1701;Drone3:1760,365.6321,formation_hold,receive,Drone2
Drone2_e1707,Drone2,Drone1:1728;Drone2:1707;Drone3:1727,366.4586,target_found,send,Drone3
Drone1_e1753,Drone1,Drone1:1753;Drone2:1695;Drone3:1727,365.3530,formation_hold,send,Drone3
Drone1_e1754,Drone1,Drone1:1754;Drone2:1695;Drone3:1727,365.5644,formation_hold,local,
Drone3_e1761,Drone3,Drone1:1737;Drone2:1701;Drone3:1761,365.8256,formation_hold,local,
Drone1_e1755,Drone1,Drone1:1755;Drone2:1695;Drone3:1727,365.7011,formation_hold,local,
Drone1_e1756,Drone1,Drone1:1756;Drone2:1695;Drone3:1727,365.9691,formation_hold,local,
Drone3_e1762,Drone3,Drone1:1737;Drone2:1701;Drone3:1762,366.0925,idle,local,
Drone1_e1757,Drone1,Drone1:1757;Drone2:1695;Drone3:1727,366.1798,formation_hold,local,
Drone1_e1758,Drone1,Drone1:1758;Drone2:1695;Drone3:1727,366.4123,formation_hold,local,
Drone3_e1763,Drone3,Drone1:1737;Drone2:1701;Drone3:1763,366.3085,idle,local,
Drone1_e1759,Drone1,Drone1:1759;Drone2:1695;Drone3:1727,366.5818,formation_hold,local,
Drone3_e1764,Drone3,Drone1:1737;Drone2:1701;Drone3:1764,366.4863,idle,local,
Drone1_e1760,Drone1,Drone1:1760;Drone2:1695;Drone3:1727,366.6808,formation_hold,local,
Drone1_e1761,Drone1,Drone1:1761;Drone2:1695;Drone3:1727,366.9789,formation_hold,local,
Drone1_e1762,Drone1,Drone1:1762;Drone2:1695;Drone3:1727,367.0521,idle,send,Drone3
Drone1_e1763,Drone1,Drone1:1763;Drone2:1695;Drone3:1727,367.2604,idle,send,Drone2
Drone3_e1765,Drone3,Drone1:1752;Drone2:1701;Drone3:1765,366.5757,idle,receive,Drone1
Drone3_e1766,Drone3,Drone1:1752;Drone2:1701;Drone3:1766,366.8657,idle,local,
Drone2_e1708,Drone2,Drone1:1728;Drone2:1708;Drone3:1727,366.6736,target_found,local,
Drone1_e1764,Drone1,Drone1:1764;Drone2:1695;Drone3:1727,367.3394,idle,send,Drone2
Drone2_e1709,Drone2,Drone1:1728;Drone2:1709;Drone3:1727,366.7560,target_found,local,
Drone1_e1765,Drone1,Drone1:1765;Drone2:1695;Drone3:1727,367.5011,idle,send,Drone2
Drone3_e1767,Drone3,Drone1:1752;Drone2:1704;Drone3:1767,367.1488,idle,receive,Drone2
Drone1_e1766,Drone1,Drone1:1766;Drone2:1695;Drone3:1727,367.7377,idle,local,
Drone1_e1767,Drone1,Drone1:1767;Drone2:1695;Drone3:1727,367.8956,idle,send,Drone2
Drone2_e1710,Drone2,Drone1:1763;Drone2:1710;Drone3:1727,367.4755,target_found,receive,Drone1
Drone2_e1711,Drone2,Drone1:1763;Drone2:1711;Drone3:1727,367.6918,target_found,local,
Drone2_e1712,Drone2,Drone1:1763;Drone2:1712;Drone3:1727,367.7677,position_measured,local,
Drone2_e1713,Drone2,Drone1:1764;Drone2:1713;Drone3:1727,367.8888,position_measured,receive,Drone1
Drone3_e1768,Drone3,Drone1:1752;Drone2:1704;Drone3:1768,367.3551,idle,local,
Drone1_e1768,Drone1,Drone1:1768;Drone2:1695;Drone3:1727,368.1606,idle,local,
Drone3_e1769,Drone3,Drone1:1752;Drone2:1704;Drone3:1769,367.6506,idle,local,
Drone1_e1769,Drone1,Drone1:1769;Drone2:1695;Drone3:1727,368.3045,idle,local,
Drone1_e1770,Drone1,Drone1:1770;Drone2:1695;Drone3:1727,368.5023,idle,local,
Drone3_e1770,Drone3,Drone1:1752;Drone2:1704;Drone3:1770,367.9493,idle,local,
Drone2_e1714,Drone2,Drone1:1764;Drone2:1714;Drone3:1727,368.1487,position_measured,local,
Drone1_e1771,Drone1,Drone1:1771;Drone2:1695;Drone3:1727,368.7363,idle,local,
Drone1_e1772,Drone1,Drone1:1772;Drone2:1695;Drone3:1727,368.8400,scanning,local,
Drone3_e1771,Drone3,Drone1:1752;Drone2:1704;Drone3:1771,368.0856,idle,local,
Drone3_e1772,Drone3,Drone1:1752;Drone2:1704;Drone3:1772,368.3415,scanning,local,
Drone1_e1773,Drone1,Drone1:1773;Drone2:1695;Drone3:1727,368.9196,scanning,send,Drone3
Drone2_e1715,Drone2,Drone1:1765;Drone2:1715;Drone3:1727,368.3362,position_measured,receive,Drone1
Drone3_e1773,Drone3,Drone1:1752;Drone2:1707;Drone3:1773,368.5821,scanning,receive,Drone2
Drone1_e1774,Drone1,Drone1:1774;Drone2:1695;Drone3:1727,369.0345,scanning,send,Drone2
Drone1_e1775,Drone1,Drone1:1775;Drone2:1695;Drone3:1727,369.2791,scanning,local,
Drone1_e1776,Drone1,Drone1:1776;Drone2:1695;Drone3:1727,369.5616,scanning,send,Drone3
Drone2_e1716,Drone2,Drone1:1767;Drone2:1716;Drone3:1727,368.5060,position_measured,receive,Drone1
Drone3_e1774,Drone3,Drone1:1752;Drone2:1707;Drone3:1774,368.6472,scanning,local,
Drone3_e1775,Drone3,Drone1:1752;Drone2:1707;Drone3:1775,368.8080,scanning,local,
Drone3_e1776,Drone3,Drone1:1752;Drone2:1707;Drone3:1776,368.9658,scanning,local,
Drone3_e1777,Drone3,Drone1:1753;Drone2:1707;Drone3:1777,369.0483,scanning,receive,Drone1
Drone2_e1717,Drone2,Drone1:1767;Drone2:1717;Drone3:1727,368.7923,position_measured,local,
Drone1_e1777,Drone1,Drone1:1777;Drone2:1695;Drone3:1727,369.6769,scanning,local,
Drone1_e1778,Drone1,Drone1:1778;Drone2:1695;Drone3:1727,369.8980,scanning,local,
Drone3_e1778,Drone3,Drone1:1762;Drone2:1707;Drone3:1778,369.1064,scanning,receive,Drone1
Drone1_e1779,Drone1,Drone1:1779;Drone2:1695;Drone3:1727,370.1750,scanning,send,Drone3
Drone2_e1718,Drone2,Drone1:1767;Drone2:1718;Drone3:1727,368.9834,position_measured,local,
Drone3_e1779,Drone3,Drone1:1762;Drone2:1707;Drone3:1779,369.2622,scanning,local,
Drone2_e1719,Drone2,Drone1:1767;Drone2:1719;Drone3:1727,369.1261,position_measured,local,
Drone3_e1780,Drone3,Drone1:1762;Drone2:1707;Drone3:1780,369.5617,scanning,local,
Drone2_e1720,Drone2,Drone1:1774;Drone2:1720;Drone3:1727,369.4126,position_measured,receive,Drone1
Drone2_e1721,Drone2,Drone1:1774;Drone2:1721;Drone3:1727,369.4892,position_measured,local,
Drone2_e1722,Drone2,Drone1:1774;Drone2:1722;Drone3:1727,369.5398,position_sent,local,
Drone1_e1780,Drone1,Drone1:1780;Drone2:1695;Drone3:1727,370.4173,scanning,local,
Drone3_e1781,Drone3,Drone1:1773;Drone2:1707;Drone3:1781,369.6183,scanning,receive,Drone1
Drone3_e1782,Drone3,Drone1:1773;Drone2:1707;Drone3:1782,369.8068,target_found,local,
Drone1_e1781,Drone1,Drone1:1781;Drone2:1695;Drone3:1727,370.5363,scanning,local,
Drone1_e1782,Drone1,Drone1:1782;Drone2:1695;Drone3:1727,370.6923,target_found,local,
Drone1_e1783,Drone1,Drone1:1783;Drone2:1695;Drone3:1727,370.8715,target_found,local,
Drone3_e1783,Drone3,Drone1:1773;Drone2:1707;Drone3:1783,369.9687,target_found,local,
Drone1_e1784,Drone1,Drone1:1784;Drone2:1695;Drone3:1727,371.1386,target_found,local,
Drone1_e1785,Drone1,Drone1:1785;Drone2:1695;Drone3:1727,371.3647,target_found,local,
Drone2_e1723,Drone2,Drone1:1774;Drone2:1723;Drone3:1727,369.6920,position_sent,send,Drone1
Drone1_e1786,Drone1,Drone1:1786;Drone2:1723;Drone3:1727,371.5928,target_found,receive,Drone2
Drone2_e1724,Drone2,Drone1:1774;Drone2:1724;Drone3:1727,369.9452,position_sent,send,Drone1
Drone2_e1725,Drone2,Drone1:1774;Drone2:1725;Drone3:1727,370.1279,position_sent,local,
Drone2_e1726,Drone2,Drone1:1774;Drone2:1726;Drone3:1727,370.2278,position_sent,local,
Drone2_e1727,Drone2,Drone1:1774;Drone2:1727;Drone3:1727,370.2840,position_sent,send,Drone1
Drone3_e1784,Drone3,Drone1:1773;Drone2:1707;Drone3:1784,370.1060,target_found,local,
Drone3_e1785,Drone3,Drone1:1773;Drone2:1707;Drone3:1785,370.2677,target_found,local,
Drone3_e1786,Drone3,Drone1:1773;Drone2:1707;Drone3:1786,370.3811,target_found,local,
Drone1_e1787,Drone1,Drone1:1787;Drone2:1724;Drone3:1727,371.7263,target_found,receive,Drone2
Drone3_e1787,Drone3,Drone1:1773;Drone2:1707;Drone3:1787,370.6254,target_found,local,
Drone3_e1788,Drone3,Drone1:1773;Drone2:1707;Drone3:1788,370.8810,target_found,local,
Drone2_e1728,Drone2,Drone1:1774;Drone2:1728;Drone3:1727,370.5436,position_sent,local,
Drone2_e1729,Drone2,Drone1:1774;Drone2:1729;Drone3:1727,370.6308,position_sent,local,
Drone2_e1730,Drone2,Drone1:1774;Drone2:1730;Drone3:1727,370.8120,position_sent,local,
Drone1_e1788,Drone1,Drone1:1788;Drone2:1724;Drone3:1727,371.8950,target_found,local,
Drone1_e1789,Drone1,Drone1:1789;Drone2:1727;Drone3:1727,372.0458,target_found,receive,Drone2
Drone2_e1731,Drone2,Drone1:1774;Drone2:1731;Drone3:1727,371.0187,position_sent,send,Drone3
Drone1_e1790,Drone1,Drone1:1790;Drone2:1727;Drone3:1727,372.2946,target_found,local,
Drone1_e1791,Drone1,Drone1:1791;Drone2:1727;Drone3:1727,372.4660,target_found,local,
Drone2_e1732,Drone2,Drone1:1774;Drone2:1732;Drone3:1727,371.0780,processing,send,Drone3
Drone3_e1789,Drone3,Drone1:1773;Drone2:1707;Drone3:1789,371.0774,target_found,local,
Drone3_e1790,Drone3,Drone1:1773;Drone2:1707;Drone3:1790,371.2654,target_found,local,
Drone3_e1791,Drone3,Drone1:1773;Drone2:1707;Drone3:1791,371.4904,target_found,local,
Drone3_e1792,Drone3,Drone1:1773;Drone2:1707;Drone3:1792,371.6078,position_measured,local,
Drone1_e1792,Drone1,Drone1:1792;Drone2:1727;Drone3:1727,372.6829,position_measured,local,
Drone3_e1793,Drone3,Drone1:1776;Drone2:1707;Drone3:1793,371.6683,position_measured,receive,Drone1
Drone3_e1794,Drone3,Drone1:1776;Drone2:1707;Drone3:1794,371.7278,position_measured,local,
Drone3_e1795,Drone3,Drone1:1776;Drone2:1731;Drone3:1795,372.0101,position_measured,receive,Drone2
Drone2_e1733,Drone2,Drone1:1774;Drone2:1733;Drone3:1727,371.2603,processing,local,
Drone2_e1734,Drone2,Drone1:1774;Drone2:1734;Drone3:1727,371.4723,processing,local,
Drone1_e1793,Drone1,Drone1:1793;Drone2:1727;Drone3:1727,372.8427,position_measured,local,
Drone1_e1794,Drone1,Drone1:1794;Drone2:1727;Drone3:1727,372.9882,position_measured,local,
Drone3_e1796,Drone3,Drone1:1776;Drone2:1731;Drone3:1796,372.0857,position_measured,local,
Drone2_e1735,Drone2,Drone1:1774;Drone2:1735;Drone3:1727,371.5594,processing,local,
Drone2_e1736,Drone2,Drone1:1774;Drone2:1736;Drone3:1727,371.7307,processing,send,Drone1
Drone3_e1797,Drone3,Drone1:1779;Drone2:1731;Drone3:1797,372.3434,position_measured,receive,Drone1
Drone2_e1737,Drone2,Drone1:1774;Drone2:1737;Drone3:1727,371.8334,processing,local,
Drone3_e1798,Drone3,Drone1:1779;Drone2:1731;Drone3:1798,372.5608,position_measured,local,
Drone3_e1799,Drone3,Drone1:1779;Drone2:1732;Drone3:1799,372.8597,position_measured,receive,Drone2
Drone2_e1738,Drone2,Drone1:1774;Drone2:1738;Drone3:1727,371.9002,processing,local,
Drone2_e1739,Drone2,Drone1:1774;Drone2:1739;Drone3:1727,372.1622,processing,send,Drone3
Drone3_e1800,Drone3,Drone1:1779;Drone2:1739;Drone3:1800,373.0265,position_measured,receive,Drone2
Drone3_e1801,Drone3,Drone1:1779;Drone2:1739;Drone3:1801,373.3026,position_measured,local,
Drone1_e1795,Drone1,Drone1:1795;Drone2:1736;Drone3:1727,373.0519,position_measured,receive,Drone2
Drone1_e1796,Drone1,Drone1:1796;Drone2:1736;Drone3:1727,373.2668,position_measured,local,
Drone3_e1802,Drone3,Drone1:1779;Drone2:1739;Drone3:1802,373.5095,position_sent,local,
Drone1_e1797,Drone1,Drone1:1797;Drone2:1736;Drone3:1727,373.5422,position_measured,local,
Drone3_e1803,Drone3,Drone1:1779;Drone2:1739;Drone3:1803,373.7593,position_sent,local,
Drone1_e1798,Drone1,Drone1:1798;Drone2:1736;Drone3:1727,373.7677,position_measured,local,
Drone3_e1804,Drone3,Drone1:1779;Drone2:1739;Drone3:1804,373.9582,position_sent,local,
Drone3_e1805,Drone3,Drone1:1779;Drone2:1739;Drone3:1805,374.0448,position_sent,local,
Drone1_e1799,Drone1,Drone1:1799;Drone2:1736;Drone3:1727,374.0583,position_measured,send,Drone3
Drone3_e1806,Drone3,Drone1:1779;Drone2:1739;Drone3:1806,374.2207,position_sent,local,
Drone3_e1807,Drone3,Drone1:1779;Drone2:1739;Drone3:1807,374.5027,position_sent,local,
Drone3_e1808,Drone3,Drone1:1799;Drone2:1739;Drone3:1808,374.7953,position_sent,receive,Drone1
Drone2_e1740,Drone2,Drone1:1774;Drone2:1740;Drone3:1727,372.2882,processing,local,
Drone1_e1800,Drone1,Drone1:1800;Drone2:1736;Drone3:1727,374.2212,position_measured,send,Drone2
Drone2_e1741,Drone2,Drone1:1774;Drone2:1741;Drone3:1727,372.5226,processing,local,
Drone1_e1801,Drone1,Drone1:1801;Drone2:1736;Drone3:1727,374.3812,position_measured,local,
Drone3_e1809,Drone3,Drone1:1799;Drone2:1739;Drone3:1809,375.0784,position_sent,local,
Drone3_e1810,Drone3,Drone1:1799;Drone2:1739;Drone3:1810,375.1933,position_sent,send,Drone1
Drone1_e1802,Drone1,Drone1:1802;Drone2:1736;Drone3:1727,374.5113,position_sent,local,
Drone3_e1811,Drone3,Drone1:1799;Drone2:1739;Drone3:1811,375.4538,position_sent,send,Drone1
Drone2_e1742,Drone2,Drone1:1774;Drone2:1742;Drone3:1727,372.6475,relative_computed,local,
Drone2_e1743,Drone2,Drone1:1800;Drone2:1743;Drone3:1727,374.5047,relative_computed,receive,Drone1
Drone3_e1812,Drone3,Drone1:1799;Drone2:1739;Drone3:1812,375.6724,processing,local,
Drone3_e1813,Drone3,Drone1:1799;Drone2:1739;Drone3:1813,375.8724,processing,send,Drone1
Drone2_e1744,Drone2,Drone1:1800;Drone2:1744;Drone3:1727,374.6809,relative_computed,local,
Drone2_e1745,Drone2,Drone1:1800;Drone2:1745;Drone3:1727,374.8289,relative_computed,local,
Drone3_e1814,Drone3,Drone1:1799;Drone2:1739;Drone3:1814,376.0417,processing,local,
Drone3_e1815,Drone3,Drone1:1799;Drone2:1739;Drone3:1815,376.2389,processing,send,Drone1
Drone1_e1803,Drone1,Drone1:1803;Drone2:1736;Drone3:1727,374.6260,position_sent,local,
Drone1_e1804,Drone1,Drone1:1804;Drone2:1736;Drone3:1727,374.7818,position_sent,local,
Drone2_e1746,Drone2,Drone1:1800;Drone2:1746;Drone3:1727,375.0025,relative_computed,local,
Drone3_e1816,Drone3,Drone1:1799;Drone2:1739;Drone3:1816,376.3332,processing,local,
Drone2_e1747,Drone2,Drone1:1800;Drone2:1747;Drone3:1727,375.2546,relative_computed,local,
Drone3_e1817,Drone3,Drone1:1799;Drone2:1739;Drone3:1817,376.4665,processing,local,
Drone2_e1748,Drone2,Drone1:1800;Drone2:1748;Drone3:1727,375.4994,relative_computed,local,
Drone2_e1749,Drone2,Drone1:1800;Drone2:1749;Drone3:1727,375.7641,relative_computed,local,
Drone3_e1818,Drone3,Drone1:1799;Drone2:1739;Drone3:1818,376.6160,processing,local,
Drone2_e1750,Drone2,Drone1:1800;Drone2:1750;Drone3:1727,376.0353,relative_computed,local,
Drone2_e1751,Drone2,Drone1:1800;Drone2:1751;Drone3:1727,376.1561,relative_computed,local,
Drone3_e1819,Drone3,Drone1:1799;Drone2:1739;Drone3:1819,376.8027,processing,local,
Drone3_e1820,Drone3,Drone1:1799;Drone2:1739;Drone3:1820,376.8591,processing,send,Drone2
Drone2_e1752,Drone2,Drone1:1800;Drone2:1752;Drone3:1727,376.2440,formation_hold,local,
Drone2_e1753,Drone2,Drone1:1800;Drone2:1753;Drone3:1820,376.9347,formation_hold,receive,Drone3
Drone1_e1805,Drone1,Drone1:1805;Drone2:1739;Drone3:1810,375.3883,position_sent,receive,Drone3
Drone1_e1806,Drone1,Drone1:1806;Drone2:1739;Drone3:1810,375.5400,position_sent,local,
Drone3_e1821,Drone3,Drone1:1799;Drone2:1739;Drone3:1821,376.9092,processing,local,
Drone3_e1822,Drone3,Drone1:1799;Drone2:1739;Drone3:1822,377.1539,relative_computed,local,
Drone2_e1754,Drone2,Drone1:1800;Drone2:1754;Drone3:1820,377.1179,formation_hold,local,
Drone3_e1823,Drone3,Drone1:1799;Drone2:1739;Drone3:1823,377.4240,relative_computed,send,Drone1
Drone1_e1807,Drone1,Drone1:1807;Drone2:1739;Drone3:1810,375.6888,position_sent,local,
Drone1_e1808,Drone1,Drone1:1808;Drone2:1739;Drone3:1810,375.9270,position_sent,local,
Drone2_e1755,Drone2,Drone1:1800;Drone2:1755;Drone3:1820,377.1849,formation_hold,local,
Drone1_e1809,Drone1,Drone1:1809;Drone2:1739;Drone3:1810,375.9929,position_sent,local,
Drone2_e1756,Drone2,Drone1:1800;Drone2:1756;Drone3:1820,377.3815,formation_hold,send,Drone1
Drone3_e1824,Drone3,Drone1:1799;Drone2:1739;Drone3:1824,377.7236,relative_computed,send,Drone1
Drone1_e1810,Drone1,Drone1:1810;Drone2:1739;Drone3:1810,376.0698,position_sent,local,
Drone1_e1811,Drone1,Drone1:1811;Drone2:1739;Drone3:1810,376.2217,position_sent,local,
Drone1_e1812,Drone1,Drone1:1812;Drone2:1756;Drone3:1820,377.4425,processing,receive,Drone2
Drone2_e1757,Drone2,Drone1:1800;Drone2:1757;Drone3:1820,377.5593,formation_hold,local,
Drone2_e1758,Drone2,Drone1:1800;Drone2:1758;Drone3:1820,377.8168,formation_hold,local,
Drone1_e1813,Drone1,Drone1:1813;Drone2:1756;Drone3:1820,377.5826,processing,local,
Drone2_e1759,Drone2,Drone1:1800;Drone2:1759;Drone3:1820,377.9907,formation_hold,local,
Drone2_e1760,Drone2,Drone1:1800;Drone2:1760;Drone3:1820,378.1479,formation_hold,send,Drone1
Drone3_e1825,Drone3,Drone1:1799;Drone2:1739;Drone3:1825,377.9479,relative_computed,send,Drone1
Drone2_e1761,Drone2,Drone1:1800;Drone2:1761;Drone3:1820,378.2984,formation_hold,send,Drone3
Drone1_e1814,Drone1,Drone1:1814;Drone2:1756;Drone3:1820,377.8176,processing,local,
Drone3_e1826,Drone3,Drone1:1800;Drone2:1761;Drone3:1826,378.5235,relative_computed,receive,Drone2
Drone3_e1827,Drone3,Drone1:1800;Drone2:1761;Drone3:1827,378.7617,relative_computed,local,
Drone3_e1828,Drone3,Drone1:1800;Drone2:1761;Drone3:1828,379.0283,relative_computed,send,Drone1
Drone2_e1762,Drone2,Drone1:1800;Drone2:1762;Drone3:1820,378.3848,idle,local,
Drone2_e1763,Drone2,Drone1:1800;Drone2:1763;Drone3:1820,378.5382,idle,send,Drone3
Drone1_e1815,Drone1,Drone1:1815;Drone2:1756;Drone3:1820,378.0776,processing,local,
Drone3_e1829,Drone3,Drone1:1800;Drone2:1763;Drone3:1829,379.2350,relative_computed,receive,Drone2
Drone2_e1764,Drone2,Drone1:1800;Drone2:1764;Drone3:1820,378.7423,idle,local,
Drone3_e1830,Drone3,Drone1:1800;Drone2:1763;Drone3:1830,379.5137,relative_computed,local,
Drone3_e1831,Drone3,Drone1:1800;Drone2:1763;Drone3:1831,379.6627,relative_computed,local,
Drone3_e1832,Drone3,Drone1:1800;Drone2:1763;Drone3:1832,379.7906,formation_hold,local,
Drone3_e1833,Drone3,Drone1:1800;Drone2:1763;Drone3:1833,379.9187,formation_hold,local,
Drone1_e1816,Drone1,Drone1:1816;Drone2:1756;Drone3:1820,378.3723,processing,receive,Drone3
Drone3_e1834,Drone3,Drone1:1800;Drone2:1763;Drone3:1834,380.1221,formation_hold,send,Drone1
Drone3_e1835,Drone3,Drone1:1800;Drone2:1763;Drone3:1835,380.2173,formation_hold,local,
Drone3_e1836,Drone3,Drone1:1800;Drone2:1763;Drone3:1836,380.5159,formation_hold,local,
Drone1_e1817,Drone1,Drone1:1817;Drone2:1756;Drone3:1820,378.5177,processing,local,
Drone3_e1837,Drone3,Drone1:1800;Drone2:1763;Drone3:1837,380.5835,formation_hold,send,Drone1
Drone1_e1818,Drone1,Drone1:1818;Drone2:1756;Drone3:1820,378.7497,processing,local,
Drone1_e1819,Drone1,Drone1:1819;Drone2:1756;Drone3:1820,378.9342,processing,local,
Drone3_e1838,Drone3,Drone1:1800;Drone2:1763;Drone3:1838,380.6853,formation_hold,local,
Drone2_e1765,Drone2,Drone1:1800;Drone2:1765;Drone3:1820,378.8174,idle,send,Drone1
Drone3_e1839,Drone3,Drone1:1800;Drone2:1763;Drone3:1839,380.8852,formation_hold,send,Drone2
Drone2_e1766,Drone2,Drone1:1800;Drone2:1766;Drone3:1820,378.8796,idle,local,
Drone3_e1840,Drone3,Drone1:1800;Drone2:1763;Drone3:1840,381.0783,formation_hold,local,
Drone1_e1820,Drone1,Drone1:1820;Drone2:1756;Drone3:1820,379.0289,processing,receive,Drone3
Drone2_e1767,Drone2,Drone1:1800;Drone2:1767;Drone3:1820,379.1793,idle,local,
Drone3_e1841,Drone3,Drone1:1800;Drone2:1763;Drone3:1841,381.3247,formation_hold,local,
Drone3_e1842,Drone3,Drone1:1800;Drone2:1763;Drone3:1842,381.5280,idle,local,
Drone2_e1768,Drone2,Drone1:1800;Drone2:1768;Drone3:1820,379.2418,idle,local,
Drone2_e1769,Drone2,Drone1:1800;Drone2:1769;Drone3:1839,381.1402,idle,receive,Drone3
Drone2_e1770,Drone2,Drone1:1800;Drone2:1770;Drone3:1839,381.4065,idle,local,
Drone2_e1771,Drone2,Drone1:1800;Drone2:1771;Drone3:1839,381.5415,idle,local,
Drone1_e1821,Drone1,Drone1:1821;Drone2:1756;Drone3:1820,379.2745,processing,local,
Drone2_e1772,Drone2,Drone1:1800;Drone2:1772;Drone3:1839,381.8327,scanning,local,
Drone1_e1822,Drone1,Drone1:1822;Drone2:1756;Drone3:1820,379.5258,relative_computed,local,
Drone1_e1823,Drone1,Drone1:1823;Drone2:1756;Drone3:1820,379.6365,relative_computed,local,
Drone2_e1773,Drone2,Drone1:1800;Drone2:1773;Drone3:1839,382.1017,scanning,send,Drone3
Drone1_e1824,Drone1,Drone1:1824;Drone2:1756;Drone3:1820,379.7326,relative_computed,local,
Drone2_e1774,Drone2,Drone1:1800;Drone2:1774;Drone3:1839,382.2240,scanning,local,
Drone1_e1825,Drone1,Drone1:1825;Drone2:1756;Drone3:1820,379.9335,relative_computed,receive,Drone3
Drone2_e1775,Drone2,Drone1:1800;Drone2:1775;Drone3:1839,382.2763,scanning,send,Drone1
Drone3_e1843,Drone3,Drone1:1800;Drone2:1763;Drone3:1843,381.7919,idle,local,
Drone1_e1826,Drone1,Drone1:1826;Drone2:1756;Drone3:1823,380.0287,relative_computed,receive,Drone3
Drone2_e1776,Drone2,Drone1:1800;Drone2:1776;Drone3:1839,382.5466,scanning,local,
Drone3_e1844,Drone3,Drone1:1800;Drone2:1763;Drone3:1844,381.9196,idle,local,
Drone1_e1827,Drone1,Drone1:1827;Drone2:1756;Drone3:1823,380.2320,relative_computed,local,
Drone2_e1777,Drone2,Drone1:1800;Drone2:1777;Drone3:1839,382.6408,scanning,send,Drone1
Drone3_e1845,Drone3,Drone1:1800;Drone2:1763;Drone3:1845,381.9926,idle,local,
Drone3_e1846,Drone3,Drone1:1800;Drone2:1763;Drone3:1846,382.1054,idle,local,
Drone3_e1847,Drone3,Drone1:1800;Drone2:1763;Drone3:1847,382.4038,idle,local,
Drone1_e1828,Drone1,Drone1:1828;Drone2:1756;Drone3:1823,380.5269,relative_computed,local,
Drone1_e1829,Drone1,Drone1:1829;Drone2:1756;Drone3:1824,380.6972,relative_computed,receive,Drone3
Drone2_e1778,Drone2,Drone1:1800;Drone2:1778;Drone3:1839,382.7228,scanning,local,
Drone1_e1830,Drone1,Drone1:1830;Drone2:1756;Drone3:1825,380.8582,relative_computed,receive,Drone3
Drone1_e1831,Drone1,Drone1:1831;Drone2:1756;Drone3:1825,380.9765,relative_computed,local,
Drone1_e1832,Drone1,Drone1:1832;Drone2:1756;Drone3:1825,381.1287,formation_hold,local,
Drone2_e1779,Drone2,Drone1:1800;Drone2:1779;Drone3:1839,382.9324,scanning,local,
Drone2_e1780,Drone2,Drone1:1800;Drone2:1780;Drone3:1839,383.2123,scanning,send,Drone1
Drone1_e1833,Drone1,Drone1:1833;Drone2:1761;Drone3:1828,381.2359,formation_hold,receive,Drone3
Drone2_e1781,Drone2,Drone1:1800;Drone2:1781;Drone3:1839,383.3698,scanning,local,
Drone3_e1848,Drone3,Drone1:1800;Drone2:1763;Drone3:1848,382.5503,idle,local,
Drone3_e1849,Drone3,Drone1:1800;Drone2:1773;Drone3:1849,382.8437,idle,receive,Drone2
Drone3_e1850,Drone3,Drone1:1800;Drone2:1773;Drone3:1850,383.1307,idle,send,Drone2
Drone1_e1834,Drone1,Drone1:1834;Drone2:1761;Drone3:1828,381.4538,formation_hold,receive,Drone2
Drone3_e1851,Drone3,Drone1:1800;Drone2:1773;Drone3:1851,383.3065,idle,local,
Drone2_e1782,Drone2,Drone1:1800;Drone2:1782;Drone3:1850,383.4316,target_found,receive,Drone3
Drone3_e1852,Drone3,Drone1:1800;Drone2:1773;Drone3:1852,383.4202,scanning,local,
Drone3_e1853,Drone3,Drone1:1800;Drone2:1773;Drone3:1853,383.6332,scanning,local,
Drone2_e1783,Drone2,Drone1:1800;Drone2:1783;Drone3:1850,383.6991,target_found,local,
Drone1_e1835,Drone1,Drone1:1835;Drone2:1765;Drone3:1828,381.5423,formation_hold,receive,Drone2
Drone3_e1854,Drone3,Drone1:1800;Drone2:1773;Drone3:1854,383.7546,scanning,local,
Drone3_e1855,Drone3,Drone1:1800;Drone2:1773;Drone3:1855,383.9887,scanning,local,
Drone2_e1784,Drone2,Drone1:1800;Drone2:1784;Drone3:1850,383.9043,target_found,local,
Drone1_e1836,Drone1,Drone1:1836;Drone2:1765;Drone3:1828,381.8176,formation_hold,local,
Drone2_e1785,Drone2,Drone1:1800;Drone2:1785;Drone3:1850,384.0150,target_found,local,
Drone2_e1786,Drone2,Drone1:1800;Drone2:1786;Drone3:1850,384.2346,target_found,local,
Drone1_e1837,Drone1,Drone1:1837;Drone2:1765;Drone3:1828,381.8753,formation_hold,local,
Drone3_e1856,Drone3,Drone1:1800;Drone2:1773;Drone3:1856,384.2100,scanning,local,
Drone1_e1838,Drone1,Drone1:1838;Drone2:1765;Drone3:1828,382.0137,formation_hold,local,
Drone1_e1839,Drone1,Drone1:1839;Drone2:1765;Drone3:1828,382.0789,formation_hold,local,
Drone1_e1840,Drone1,Drone1:1840;Drone2:1765;Drone3:1828,382.2257,formation_hold,local,
Drone1_e1841,Drone1,Drone1:1841;Drone2:1765;Drone3:1828,382.3394,formation_hold,local,
Drone3_e1857,Drone3,Drone1:1800;Drone2:1773;Drone3:1857,384.2683,scanning,local,
Drone3_e1858,Drone3,Drone1:1800;Drone2:1773;Drone3:1858,384.5630,scanning,local,
Drone2_e1787,Drone2,Drone1:1800;Drone2:1787;Drone3:1850,384.4104,target_found,local,
Drone1_e1842,Drone1,Drone1:1842;Drone2:1775;Drone3:1839,382.4722,idle,receive,Drone2
Drone1_e1843,Drone1,Drone1:1843;Drone2:1775;Drone3:1839,382.5251,idle,local,
Drone3_e1859,Drone3,Drone1:1800;Drone2:1773;Drone3:1859,384.7981,scanning,local,
Drone3_e1860,Drone3,Drone1:1800;Drone2:1773;Drone3:1860,384.9582,scanning,send,Drone2
Drone3_e1861,Drone3,Drone1:1800;Drone2:1773;Drone3:1861,385.2188,scanning,send,Drone1
Drone2_e1788,Drone2,Drone1:1800;Drone2:1788;Drone3:1850,384.5301,target_found,local,
Drone2_e1789,Drone2,Drone1:1800;Drone2:1789;Drone3:1850,384.8190,target_found,local,
Drone2_e1790,Drone2,Drone1:1800;Drone2:1790;Drone3:1860,385.2147,target_found,receive,Drone3
Drone1_e1844,Drone1,Drone1:1844;Drone2:1775;Drone3:1839,382.7949,idle,local,
Drone3_e1862,Drone3,Drone1:1800;Drone2:1773;Drone3:1862,385.3814,target_found,send,Drone1
Drone3_e1863,Drone3,Drone1:1800;Drone2:1773;Drone3:1863,385.4917,target_found,send,Drone2
Drone3_e1864,Drone3,Drone1:1800;Drone2:1773;Drone3:1864,385.7817,target_found,send,Drone2
Drone3_e1865,Drone3,Drone1:1800;Drone2:1773;Drone3:1865,386.0503,target_found,local,
Drone3_e1866,Drone3,Drone1:1800;Drone2:1773;Drone3:1866,386.2558,target_found,local,
Drone3_e1867,Drone3,Drone1:1800;Drone2:1773;Drone3:1867,386.4524,target_found,local,
Drone3_e1868,Drone3,Drone1:1800;Drone2:1773;Drone3:1868,386.7236,target_found,local,
Drone3_e1869,Drone3,Drone1:1800;Drone2:1773;Drone3:1869,386.8501,target_found,local,
Drone2_e1791,Drone2,Drone1:1800;Drone2:1791;Drone3:1860,385.4404,target_found,local,
Drone2_e1792,Drone2,Drone1:1800;Drone2:1792;Drone3:1863,385.7119,position_measured,receive,Drone3
Drone2_e1793,Drone2,Drone1:1800;Drone2:1793;Drone3:1864,386.0343,position_measured,receive,Drone3
Drone3_e1870,Drone3,Drone1:1800;Drone2:1773;Drone3:1870,387.0352,target_found,local,
Drone2_e1794,Drone2,Drone1:1800;Drone2:1794;Drone3:1864,386.1280,position_measured,local,
Drone1_e1845,Drone1,Drone1:1845;Drone2:1775;Drone3:1839,383.0528,idle,local,
Drone3_e1871,Drone3,Drone1:1800;Drone2:1773;Drone3:1871,387.1259,target_found,send,Drone2
Drone1_e1846,Drone1,Drone1:1846;Drone2:1777;Drone3:1839,383.1405,idle,receive,Drone2
Drone1_e1847,Drone1,Drone1:1847;Drone2:1777;Drone3:1839,383.3554,idle,local,
Drone2_e1795,Drone2,Drone1:1800;Drone2:1795;Drone3:1871,387.4118,position_measured,receive,Drone3
Drone3_e1872,Drone3,Drone1:1800;Drone2:1773;Drone3:1872,387.3052,position_measured,send,Drone1
Drone3_e1873,Drone3,Drone1:1800;Drone2:1773;Drone3:1873,387.5331,position_measured,local,
Drone3_e1874,Drone3,Drone1:1800;Drone2:1773;Drone3:1874,387.6250,position_measured,local,
Drone1_e1848,Drone1,Drone1:1848;Drone2:1780;Drone3:1839,383.4091,idle,receive,Drone2
Drone1_e1849,Drone1,Drone1:1849;Drone2:1780;Drone3:1839,383.4632,idle,receive,Drone3
Drone3_e1875,Drone3,Drone1:1800;Drone2:1773;Drone3:1875,387.7904,position_measured,local,
Drone2_e1796,Drone2,Drone1:1800;Drone2:1796;Drone3:1871,387.5888,position_measured,send,Drone1
Drone3_e1876,Drone3,Drone1:1800;Drone2:1773;Drone3:1876,388.0573,position_measured,local,
Drone3_e1877,Drone3,Drone1:1800;Drone2:1773;Drone3:1877,388.2039,position_measured,local,
Drone1_e1850,Drone1,Drone1:1850;Drone2:1780;Drone3:1839,383.7176,idle,local,
Drone1_e1851,Drone1,Drone1:1851;Drone2:1796;Drone3:1871,387.7110,idle,receive,Drone2
Drone3_e1878,Drone3,Drone1:1800;Drone2:1773;Drone3:1878,388.4860,position_measured,send,Drone2
Drone3_e1879,Drone3,Drone1:1800;Drone2:1773;Drone3:1879,388.6834,position_measured,send,Drone1
Drone1_e1852,Drone1,Drone1:1852;Drone2:1796;Drone3:1871,387.8301,scanning,local,
Drone3_e1880,Drone3,Drone1:1800;Drone2:1773;Drone3:1880,388.7822,position_measured,local,
Drone2_e1797,Drone2,Drone1:1800;Drone2:1797;Drone3:1871,387.8844,position_measured,local,
Drone2_e1798,Drone2,Drone1:1800;Drone2:1798;Drone3:1871,388.1319,position_measured,local,
Drone1_e1853,Drone1,Drone1:1853;Drone2:1796;Drone3:1871,387.9943,scanning,receive,Drone3
Drone2_e1799,Drone2,Drone1:1800;Drone2:1799;Drone3:1871,388.1828,position_measured,local,
Drone2_e1800,Drone2,Drone1:1800;Drone2:1800;Drone3:1871,388.4709,position_measured,local,
Drone3_e1881,Drone3,Drone1:1800;Drone2:1773;Drone3:1881,389.0407,position_measured,local,
Drone2_e1801,Drone2,Drone1:1800;Drone2:1801;Drone3:1878,388.6450,position_measured,receive,Drone3
Drone3_e1882,Drone3,Drone1:1800;Drone2:1773;Drone3:1882,389.1579,position_sent,local,
Drone1_e1854,Drone1,Drone1:1854;Drone2:1796;Drone3:1871,388.2734,scanning,receive,Drone3
Drone2_e1802,Drone2,Drone1:1800;Drone2:1802;Drone3:1878,388.8722,position_sent,local,
Drone3_e1883,Drone3,Drone1:1800;Drone2:1773;Drone3:1883,389.4561,position_sent,local,
Drone1_e1855,Drone1,Drone1:1855;Drone2:1796;Drone3:1871,388.3238,scanning,local,
Drone2_e1803,Drone2,Drone1:1800;Drone2:1803;Drone3:1878,388.9474,position_sent,local,
Drone3_e1884,Drone3,Drone1:1800;Drone2:1773;Drone3:1884,389.7352,position_sent,local,
Drone2_e1804,Drone2,Drone1:1800;Drone2:1804;Drone3:1878,389.1147,position_sent,local,
Drone3_e1885,Drone3,Drone1:1800;Drone2:1773;Drone3:1885,389.8770,position_sent,local,
Drone3_e1886,Drone3,Drone1:1800;Drone2:1773;Drone3:1886,390.0345,position_sent,local,
Drone3_e1887,Drone3,Drone1:1800;Drone2:1773;Drone3:1887,390.1790,position_sent,send,Drone1
Drone3_e1888,Drone3,Drone1:1800;Drone2:1773;Drone3:1888,390.3844,position_sent,local,
Drone1_e1856,Drone1,Drone1:1856;Drone2:1796;Drone3:1871,388.5700,scanning,receive,Drone3
Drone3_e1889,Drone3,Drone1:1800;Drone2:1773;Drone3:1889,390.5740,position_sent,send,Drone2
Drone3_e1890,Drone3,Drone1:1800;Drone2:1773;Drone3:1890,390.7654,position_sent,local,
Drone2_e1805,Drone2,Drone1:1800;Drone2:1805;Drone3:1878,389.3353,position_sent,local,
Drone3_e1891,Drone3,Drone1:1800;Drone2:1773;Drone3:1891,390.9690,position_sent,local,
Drone2_e1806,Drone2,Drone1:1800;Drone2:1806;Drone3:1889,390.6691,position_sent,receive,Drone3
Drone2_e1807,Drone2,Drone1:1800;Drone2:1807;Drone3:1889,390.8614,position_sent,local,
Drone2_e1808,Drone2,Drone1:1800;Drone2:1808;Drone3:1889,390.9431,position_sent,send,Drone1
Drone1_e1857,Drone1,Drone1:1857;Drone2:1796;Drone3:1872,388.7336,scanning,receive,Drone3
Drone3_e1892,Drone3,Drone1:1800;Drone2:1773;Drone3:1892,391.1588,processing,local,
Drone1_e1858,Drone1,Drone1:1858;Drone2:1796;Drone3:1879,389.0281,scanning,receive,Drone3
Drone3_e1893,Drone3,Drone1:1800;Drone2:1773;Drone3:1893,391.3990,processing,local,
Drone3_e1894,Drone3,Drone1:1800;Drone2:1773;Drone3:1894,391.4838,processing,local,
Drone1_e1859,Drone1,Drone1:1859;Drone2:1796;Drone3:1879,389.1684,scanning,local,
Drone3_e1895,Drone3,Drone1:1800;Drone2:1773;Drone3:1895,391.7731,processing,local,
Drone2_e1809,Drone2,Drone1:1800;Drone2:1809;Drone3:1889,391.0658,position_sent,local,
Drone1_e1860,Drone1,Drone1:1860;Drone2:1796;Drone3:1879,389.2529,scanning,local,
Drone2_e1810,Drone2,Drone1:1800;Drone2:1810;Drone3:1889,391.1620,position_sent,local,
Drone1_e1861,Drone1,Drone1:1861;Drone2:1808;Drone3:1889,391.0632,scanning,receive,Drone2
Drone3_e1896,Drone3,Drone1:1800;Drone2:1773;Drone3:1896,391.9239,processing,local,
Drone1_e1862,Drone1,Drone1:1862;Drone2:1808;Drone3:1889,391.1574,target_found,local,
Drone1_e1863,Drone1,Drone1:1863;Drone2:1808;Drone3:1889,391.3268,target_found,local,
Drone3_e1897,Drone3,Drone1:1800;Drone2:1773;Drone3:1897,392.0862,processing,local,
Drone3_e1898,Drone3,Drone1:1800;Drone2:1773;Drone3:1898,392.3645,processing,local,
Drone2_e1811,Drone2,Drone1:1800;Drone2:1811;Drone3:1889,391.3036,position_sent,local,
Drone1_e1864,Drone1,Drone1:1864;Drone2:1808;Drone3:1889,391.5470,target_found,receive,Drone3
Drone2_e1812,Drone2,Drone1:1800;Drone2:1812;Drone3:1889,391.5623,processing,local,
Drone2_e1813,Drone2,Drone1:1800;Drone2:1813;Drone3:1889,391.7388,processing,local,
Drone1_e1865,Drone1,Drone1:1865;Drone2:1808;Drone3:1889,391.6324,target_found,local,
Drone2_e1814,Drone2,Drone1:1800;Drone2:1814;Drone3:1889,391.7888,processing,local,
Drone3_e1899,Drone3,Drone1:1800;Drone2:1773;Drone3:1899,392.4304,processing,send,Drone1
Drone2_e1815,Drone2,Drone1:1800;Drone2:1815;Drone3:1889,391.9413,processing,send,Drone3
Drone1_e1866,Drone1,Drone1:1866;Drone2:1808;Drone3:1889,391.7352,target_found,local,
Drone1_e1867,Drone1,Drone1:1867;Drone2:1808;Drone3:1899,392.7283,target_found,receive,Drone3
Drone3_e1900,Drone3,Drone1:1800;Drone2:1815;Drone3:1900,392.7022,processing,receive,Drone2
Drone2_e1816,Drone2,Drone1:1800;Drone2:1816;Drone3:1889,392.1127,processing,send,Drone1
Drone3_e1901,Drone3,Drone1:1800;Drone2:1815;Drone3:1901,392.9564,processing,local,
Drone1_e1868,Drone1,Drone1:1868;Drone2:1816;Drone3:1899,392.9576,target_found,receive,Drone2
Drone1_e1869,Drone1,Drone1:1869;Drone2:1816;Drone3:1899,393.0257,target_found,send,Drone3
Drone3_e1902,Drone3,Drone1:1800;Drone2:1815;Drone3:1902,393.2051,relative_computed,local,
Drone2_e1817,Drone2,Drone1:1800;Drone2:1817;Drone3:1889,392.1774,processing,send,Drone1
Drone2_e1818,Drone2,Drone1:1800;Drone2:1818;Drone3:1889,392.3878,processing,local,
Drone1_e1870,Drone1,Drone1:1870;Drone2:1817;Drone3:1899,393.3194,target_found,receive,Drone2
Drone3_e1903,Drone3,Drone1:1869;Drone2:1816;Drone3:1903,393.4766,relative_computed,receive,Drone1
Drone1_e1871,Drone1,Drone1:1871;Drone2:1817;Drone3:1899,393.5336,target_found,local,
Drone2_e1819,Drone2,Drone1:1800;Drone2:1819;Drone3:1889,392.6247,processing,send,Drone1
Drone1_e1872,Drone1,Drone1:1872;Drone2:1817;Drone3:1899,393.6405,position_measured,local,
Drone2_e1820,Drone2,Drone1:1800;Drone2:1820;Drone3:1889,392.7246,processing,send,Drone1
Drone1_e1873,Drone1,Drone1:1873;Drone2:1817;Drone3:1899,393.8929,position_measured,local,
Drone3_e1904,Drone3,Drone1:1869;Drone2:1816;Drone3:1904,393.5303,relative_computed,local,
Drone2_e1821,Drone2,Drone1:1800;Drone2:1821;Drone3:1889,392.9939,processing,send,Drone1
Drone3_e1905,Drone3,Drone1:1869;Drone2:1816;Drone3:1905,393.7207,relative_computed,local,
Drone2_e1822,Drone2,Drone1:1800;Drone2:1822;Drone3:1889,393.1006,relative_computed,local,
Drone3_e1906,Drone3,Drone1:1869;Drone2:1816;Drone3:1906,393.8740,relative_computed,send,Drone2
Drone3_e1907,Drone3,Drone1:1869;Drone2:1816;Drone3:1907,394.1403,relative_computed,local,
Drone2_e1823,Drone2,Drone1:1869;Drone2:1823;Drone3:1906,393.9938,relative_computed,receive,Drone3
Drone2_e1824,Drone2,Drone1:1869;Drone2:1824;Drone3:1906,394.1472,relative_computed,local,
Drone3_e1908,Drone3,Drone1:1869;Drone2:1816;Drone3:1908,394.4347,relative_computed,send,Drone1
Drone1_e1874,Drone1,Drone1:1874;Drone2:1817;Drone3:1899,394.1456,position_measured,local,
Drone1_e1875,Drone1,Drone1:1875;Drone2:1819;Drone3:1899,394.2045,position_measured,receive,Drone2
Drone2_e1825,Drone2,Drone1:1869;Drone2:1825;Drone3:1906,394.3908,relative_computed,send,Drone3
Drone3_e1909,Drone3,Drone1:1869;Drone2:1816;Drone3:1909,394.5401,relative_computed,local,
Drone1_e1876,Drone1,Drone1:1876;Drone2:1819;Drone3:1908,394.5380,position_measured,receive,Drone3
Drone3_e1910,Drone3,Drone1:1869;Drone2:1825;Drone3:1910,394.7211,relative_computed,receive,Drone2
Drone1_e1877,Drone1,Drone1:1877;Drone2:1820;Drone3:1908,394.6932,position_measured,receive,Drone2
Drone1_e1878,Drone1,Drone1:1878;Drone2:1820;Drone3:1908,394.8114,position_measured,local,
Drone3_e1911,Drone3,Drone1:1869;Drone2:1825;Drone3:1911,394.9575,relative_computed,local,
Drone2_e1826,Drone2,Drone1:1869;Drone2:1826;Drone3:1906,394.6883,relative_computed,send,Drone1
Drone2_e1827,Drone2,Drone1:1869;Drone2:1827;Drone3:1906,394.9710,relative_computed,local,
Drone3_e1912,Drone3,Drone1:1869;Drone2:1825;Drone3:1912,395.2494,formation_hold,send,Drone2
Drone2_e1828,Drone2,Drone1:1869;Drone2:1828;Drone3:1906,395.1166,relative_computed,local,
Drone3_e1913,Drone3,Drone1:1869;Drone2:1825;Drone3:1913,395.3739,formation_hold,local,
Drone1_e1879,Drone1,Drone1:1879;Drone2:1820;Drone3:1908,394.9442,position_measured,local,
Drone1_e1880,Drone1,Drone1:1880;Drone2:1820;Drone3:1908,395.1052,position_measured,local,
Drone2_e1829,Drone2,Drone1:1869;Drone2:1829;Drone3:1906,395.2650,relative_computed,local,
Drone2_e1830,Drone2,Drone1:1869;Drone2:1830;Drone3:1906,395.4031,relative_computed,local,
Drone2_e1831,Drone2,Drone1:1869;Drone2:1831;Drone3:1906,395.4930,relative_computed,local,
Drone3_e1914,Drone3,Drone1:1869;Drone2:1825;Drone3:1914,395.5724,formation_hold,send,Drone1
Drone3_e1915,Drone3,Drone1:1869;Drone2:1825;Drone3:1915,395.8480,formation_hold,local,
Drone2_e1832,Drone2,Drone1:1869;Drone2:1832;Drone3:1912,395.7002,formation_hold,receive,Drone3
Drone2_e1833,Drone2,Drone1:1869;Drone2:1833;Drone3:1912,395.9167,formation_hold,local,
Drone3_e1916,Drone3,Drone1:1869;Drone2:1825;Drone3:1916,395.9229,formation_hold,send,Drone1
Drone1_e1881,Drone1,Drone1:1881;Drone2:1820;Drone3:1908,395.2709,position_measured,local,
Drone3_e1917,Drone3,Drone1:1869;Drone2:1825;Drone3:1917,395.9966,formation_hold,local,
Drone3_e1918,Drone3,Drone1:1869;Drone2:1825;Drone3:1918,396.2479,formation_hold,send,Drone2
Drone3_e1919,Drone3,Drone1:1869;Drone2:1825;Drone3:1919,396.4684,formation_hold,local,
Drone1_e1882,Drone1,Drone1:1882;Drone2:1820;Drone3:1908,395.3652,position_sent,local,
Drone3_e1920,Drone3,Drone1:1869;Drone2:1825;Drone3:1920,396.7483,formation_hold,send,Drone2
Drone2_e1834,Drone2,Drone1:1869;Drone2:1834;Drone3:1912,396.1998,formation_hold,local,
Drone3_e1921,Drone3,Drone1:1869;Drone2:1825;Drone3:1921,396.9689,formation_hold,local,
Drone1_e1883,Drone1,Drone1:1883;Drone2:1820;Drone3:1908,395.5819,position_sent,local,
Drone1_e1884,Drone1,Drone1:1884;Drone2:1820;Drone3:1908,395.7104,position_sent,local,
Drone3_e1922,Drone3,Drone1:1869;Drone2:1825;Drone3:1922,397.2594,idle,local,
Drone1_e1885,Drone1,Drone1:1885;Drone2:1825;Drone3:1914,395.9502,position_sent,receive,Drone3
Drone3_e1923,Drone3,Drone1:1869;Drone2:1825;Drone3:1923,397.3292,idle,local,
Drone1_e1886,Drone1,Drone1:1886;Drone2:1825;Drone3:1914,396.2269,position_sent,receive,Drone2
Drone2_e1835,Drone2,Drone1:1869;Drone2:1835;Drone3:1912,396.4135,formation_hold,local,
Drone3_e1924,Drone3,Drone1:1869;Drone2:1825;Drone3:1924,397.4892,idle,local,
Drone3_e1925,Drone3,Drone1:1869;Drone2:1825;Drone3:1925,397.6487,idle,local,
Drone1_e1887,Drone1,Drone1:1887;Drone2:1825;Drone3:1914,396.3999,position_sent,local,
Drone2_e1836,Drone2,Drone1:1869;Drone2:1836;Drone3:1912,396.6746,formation_hold,local,
Drone2_e1837,Drone2,Drone1:1869;Drone2:1837;Drone3:1912,396.7370,formation_hold,local,
Drone2_e1838,Drone2,Drone1:1869;Drone2:1838;Drone3:1912,396.9344,formation_hold,local,
Drone2_e1839,Drone2,Drone1:1869;Drone2:1839;Drone3:1912,397.2128,formation_hold,local,
Drone3_e1926,Drone3,Drone1:1869;Drone2:1825;Drone3:1926,397.7152,idle,local,
Drone1_e1888,Drone1,Drone1:1888;Drone2:1825;Drone3:1914,396.5219,position_sent,local,
Drone3_e1927,Drone3,Drone1:1869;Drone2:1825;Drone3:1927,398.0076,idle,local,
Drone3_e1928,Drone3,Drone1:1869;Drone2:1825;Drone3:1928,398.0584,idle,send,Drone1
Drone2_e1840,Drone2,Drone1:1869;Drone2:1840;Drone3:1918,397.4824,formation_hold,receive,Drone3
Drone2_e1841,Drone2,Drone1:1869;Drone2:1841;Drone3:1920,397.5485,formation_hold,receive,Drone3
Drone3_e1929,Drone3,Drone1:1869;Drone2:1825;Drone3:1929,398.3472,idle,send,Drone1
Drone3_e1930,Drone3,Drone1:1869;Drone2:1825;Drone3:1930,398.5511,idle,local,
Drone1_e1889,Drone1,Drone1:1889;Drone2:1825;Drone3:1914,396.6617,position_sent,local,
Drone1_e1890,Drone1,Drone1:1890;Drone2:1825;Drone3:1914,396.8832,position_sent,local,
Drone2_e1842,Drone2,Drone1:1869;Drone2:1842;Drone3:1920,397.6955,idle,send,Drone3
Drone1_e1891,Drone1,Drone1:1891;Drone2:1825;Drone3:1916,397.0756,position_sent,receive,Drone3
Drone3_e1931,Drone3,Drone1:1869;Drone2:1842;Drone3:1931,398.7005,idle,receive,Drone2
Drone2_e1843,Drone2,Drone1:1869;Drone2:1843;Drone3:1920,397.9727,idle,local,
Drone3_e1932,Drone3,Drone1:1869;Drone2:1842;Drone3:1932,398.9298,scanning,send,Drone2
Drone2_e1844,Drone2,Drone1:1869;Drone2:1844;Drone3:1932,399.2288,idle,receive,Drone3
Drone3_e1933,Drone3,Drone1:1869;Drone2:1842;Drone3:1933,399.1590,scanning,send,Drone1
Drone1_e1892,Drone1,Drone1:1892;Drone2:1825;Drone3:1916,397.2681,processing,local,
Drone2_e1845,Drone2,Drone1:1869;Drone2:1845;Drone3:1932,399.4535,idle,local,
Drone2_e1846,Drone2,Drone1:1869;Drone2:1846;Drone3:1932,399.5087,idle,local,
Drone2_e1847,Drone2,Drone1:1869;Drone2:1847;Drone3:1932,399.6529,idle,local,
Drone1_e1893,Drone1,Drone1:1893;Drone2:1826;Drone3:1916,397.3726,processing,receive,Drone2
Drone3_e1934,Drone3,Drone1:1869;Drone2:1842;Drone3:1934,399.2117,scanning,local,
Drone2_e1848,Drone2,Drone1:1869;Drone2:1848;Drone3:1932,399.7812,idle,send,Drone3
Drone1_e1894,Drone1,Drone1:1894;Drone2:1826;Drone3:1916,397.4685,processing,local,
Drone1_e1895,Drone1,Drone1:1895;Drone2:1826;Drone3:1916,397.5822,processing,local,
Drone3_e1935,Drone3,Drone1:1869;Drone2:1848;Drone3:1935,399.9966,scanning,receive,Drone2
Drone3_e1936,Drone3,Drone1:1869;Drone2:1848;Drone3:1936,400.0839,scanning,local,
Drone1_e1896,Drone1,Drone1:1896;Drone2:1826;Drone3:1928,398.1258,processing,receive,Drone3
Drone3_e1937,Drone3,Drone1:1869;Drone2:1848;Drone3:1937,400.2768,scanning,local,
Drone3_e1938,Drone3,Drone1:1869;Drone2:1848;Drone3:1938,400.4322,scanning,local,
Drone3_e1939,Drone3,Drone1:1869;Drone2:1848;Drone3:1939,400.4836,scanning,send,Drone1
Drone3_e1940,Drone3,Drone1:1869;Drone2:1848;Drone3:1940,400.6371,scanning,local,
Drone2_e1849,Drone2,Drone1:1869;Drone2:1849;Drone3:1932,400.0528,idle,send,Drone1
Drone1_e1897,Drone1,Drone1:1897;Drone2:1826;Drone3:1929,398.5082,processing,receive,Drone3
Drone1_e1898,Drone1,Drone1:1898;Drone2:1826;Drone3:1929,398.5599,processing,local,
Drone3_e1941,Drone3,Drone1:1869;Drone2:1848;Drone3:1941,400.9309,scanning,local,
Drone2_e1850,Drone2,Drone1:1869;Drone2:1850;Drone3:1932,400.3219,idle,local,
Drone3_e1942,Drone3,Drone1:1869;Drone2:1848;Drone3:1942,401.2264,target_found,local,
Drone2_e1851,Drone2,Drone1:1869;Drone2:1851;Drone3:1932,400.5133,idle,local,
Drone1_e1899,Drone1,Drone1:1899;Drone2:1842;Drone3:1933,399.2869,processing,receive,Drone3
Drone2_e1852,Drone2,Drone1:1869;Drone2:1852;Drone3:1932,400.6681,scanning,send,Drone1
Drone1_e1900,Drone1,Drone1:1900;Drone2:1842;Drone3:1933,399.5581,processing,local,
Drone1_e1901,Drone1,Drone1:1901;Drone2:1842;Drone3:1933,399.6965,processing,local,
Drone1_e1902,Drone1,Drone1:1902;Drone2:1848;Drone3:1939,400.7794,relative_computed,receive,Drone3
Drone1_e1903,Drone1,Drone1:1903;Drone2:1848;Drone3:1939,400.8609,relative_computed,local,
Drone2_e1853,Drone2,Drone1:1869;Drone2:1853;Drone3:1932,400.9285,scanning,send,Drone3
Drone1_e1904,Drone1,Drone1:1904;Drone2:1848;Drone3:1939,401.0486,relative_computed,local,
Drone1_e1905,Drone1,Drone1:1905;Drone2:1849;Drone3:1939,401.1234,relative_computed,receive,Drone2
Drone3_e1943,Drone3,Drone1:1869;Drone2:1848;Drone3:1943,401.3192,target_found,local,
Drone2_e1854,Drone2,Drone1:1869;Drone2:1854;Drone3:1932,401.1096,scanning,local,
Drone1_e1906,Drone1,Drone1:1906;Drone2:1849;Drone3:1939,401.4008,relative_computed,local,
Drone3_e1944,Drone3,Drone1:1869;Drone2:1853;Drone3:1944,401.5105,target_found,receive,Drone2
Drone2_e1855,Drone2,Drone1:1869;Drone2:1855;Drone3:1932,401.2854,scanning,send,Drone1
Drone1_e1907,Drone1,Drone1:1907;Drone2:1849;Drone3:1939,401.5339,relative_computed,local,
Drone3_e1945,Drone3,Drone1:1869;Drone2:1853;Drone3:1945,401.7028,target_found,send,Drone2
Drone2_e1856,Drone2,Drone1:1869;Drone2:1856;Drone3:1932,401.4530,scanning,local,
Drone3_e1946,Drone3,Drone1:1869;Drone2:1853;Drone3:1946,401.8482,target_found,local,
Drone3_e1947,Drone3,Drone1:1869;Drone2:1853;Drone3:1947,402.0858,target_found,send,Drone1
Drone2_e1857,Drone2,Drone1:1869;Drone2:1857;Drone3:1932,401.6227,scanning,local,
Drone3_e1948,Drone3,Drone1:1869;Drone2:1853;Drone3:1948,402.1898,target_found,local,
Drone3_e1949,Drone3,Drone1:1869;Drone2:1853;Drone3:1949,402.3920,target_found,local,
Drone1_e1908,Drone1,Drone1:1908;Drone2:1849;Drone3:1939,401.7294,relative_computed,local,
Drone1_e1909,Drone1,Drone1:1909;Drone2:1849;Drone3:1939,401.8484,relative_computed,local,
Drone2_e1858,Drone2,Drone1:1869;Drone2:1858;Drone3:1932,401.8371,scanning,local,
Drone3_e1950,Drone3,Drone1:1869;Drone2:1853;Drone3:1950,402.4826,target_found,send,Drone2
Drone1_e1910,Drone1,Drone1:1910;Drone2:1852;Drone3:1939,402.0522,relative_computed,receive,Drone2
Drone3_e1951,Drone3,Drone1:1869;Drone2:1853;Drone3:1951,402.5664,target_found,send,Drone1
Drone1_e1911,Drone1,Drone1:1911;Drone2:1855;Drone3:1939,402.1715,relative_computed,receive,Drone2
Drone2_e1859,Drone2,Drone1:1869;Drone2:1859;Drone3:1932,402.0508,scanning,local,
Drone3_e1952,Drone3,Drone1:1869;Drone2:1853;Drone3:1952,402.6329,position_measured,send,Drone1
Drone2_e1860,Drone2,Drone1:1869;Drone2:1860;Drone3:1932,402.2784,scanning,local,
Drone3_e1953,Drone3,Drone1:1869;Drone2:1853;Drone3:1953,402.8669,position_measured,send,Drone1
Drone3_e1954,Drone3,Drone1:1869;Drone2:1853;Drone3:1954,403.0754,position_measured,send,Drone1
Drone1_e1912,Drone1,Drone1:1912;Drone2:1855;Drone3:1947,402.2763,formation_hold,receive,Drone3
Drone1_e1913,Drone1,Drone1:1913;Drone2:1855;Drone3:1951,402.7409,formation_hold,receive,Drone3
Drone1_e1914,Drone1,Drone1:1914;Drone2:1855;Drone3:1951,402.8167,formation_hold,local,
Drone2_e1861,Drone2,Drone1:1869;Drone2:1861;Drone3:1932,402.3388,scanning,local,
Drone1_e1915,Drone1,Drone1:1915;Drone2:1855;Drone3:1951,402.9712,formation_hold,local,
Drone1_e1916,Drone1,Drone1:1916;Drone2:1855;Drone3:1951,403.1202,formation_hold,local,
Drone1_e1917,Drone1,Drone1:1917;Drone2:1855;Drone3:1951,403.3764,formation_hold,local,
Drone2_e1862,Drone2,Drone1:1869;Drone2:1862;Drone3:1932,402.5375,target_found,local,
Drone2_e1863,Drone2,Drone1:1869;Drone2:1863;Drone3:1932,402.6764,target_found,local,
Drone3_e1955,Drone3,Drone1:1869;Drone2:1853;Drone3:1955,403.1584,position_measured,send,Drone1
Drone1_e1918,Drone1,Drone1:1918;Drone2:1855;Drone3:1951,403.5893,formation_hold,local,
Drone3_e1956,Drone3,Drone1:1869;Drone2:1853;Drone3:1956,403.3258,position_measured,send,Drone1
Drone2_e1864,Drone2,Drone1:1869;Drone2:1864;Drone3:1932,402.7367,target_found,local,
Drone1_e1919,Drone1,Drone1:1919;Drone2:1855;Drone3:1951,403.8783,formation_hold,local,
Drone1_e1920,Drone1,Drone1:1920;Drone2:1855;Drone3:1952,403.9942,formation_hold,receive,Drone3
Drone3_e1957,Drone3,Drone1:1869;Drone2:1853;Drone3:1957,403.4448,position_measured,local,
Drone3_e1958,Drone3,Drone1:1869;Drone2:1853;Drone3:1958,403.5353,position_measured,local,
Drone3_e1959,Drone3,Drone1:1869;Drone2:1853;Drone3:1959,403.8200,position_measured,send,Drone1
Drone2_e1865,Drone2,Drone1:1869;Drone2:1865;Drone3:1932,402.9119,target_found,local,
Drone2_e1866,Drone2,Drone1:1869;Drone2:1866;Drone3:1932,403.1831,target_found,local,
Drone2_e1867,Drone2,Drone1:1869;Drone2:1867;Drone3:1932,403.4600,target_found,local,
Drone2_e1868,Drone2,Drone1:1869;Drone2:1868;Drone3:1932,403.7292,target_found,local,
Drone1_e1921,Drone1,Drone1:1921;Drone2:1855;Drone3:1953,404.2767,formation_hold,receive,Drone3
Drone1_e1922,Drone1,Drone1:1922;Drone2:1855;Drone3:1953,404.5277,idle,local,
Drone2_e1869,Drone2,Drone1:1869;Drone2:1869;Drone3:1945,403.9245,target_found,receive,Drone3
Drone2_e1870,Drone2,Drone1:1869;Drone2:1870;Drone3:1950,404.0848,target_found,receive,Drone3
Drone2_e1871,Drone2,Drone1:1869;Drone2:1871;Drone3:1950,404.1839,target_found,local,
Drone2_e1872,Drone2,Drone1:1869;Drone2:1872;Drone3:1950,404.2810,position_measured,local,
Drone1_e1923,Drone1,Drone1:1923;Drone2:1855;Drone3:1953,404.6637,idle,local,
Drone2_e1873,Drone2,Drone1:1869;Drone2:1873;Drone3:1950,404.4253,position_measured,local,
Drone2_e1874,Drone2,Drone1:1869;Drone2:1874;Drone3:1950,404.5716,position_measured,send,Drone1
Drone2_e1875,Drone2,Drone1:1869;Drone2:1875;Drone3:1950,404.6510,position_measured,local,
Drone2_e1876,Drone2,Drone1:1869;Drone2:1876;Drone3:1950,404.7649,position_measured,local,
Drone2_e1877,Drone2,Drone1:1869;Drone2:1877;Drone3:1950,405.0448,position_measured,local,
Drone3_e1960,Drone3,Drone1:1869;Drone2:1853;Drone3:1960,404.0337,position_measured,local,
Drone3_e1961,Drone3,Drone1:1869;Drone2:1853;Drone3:1961,404.2520,position_measured,local,
Drone1_e1924,Drone1,Drone1:1924;Drone2:1855;Drone3:1953,404.9262,idle,local,
Drone3_e1962,Drone3,Drone1:1869;Drone2:1853;Drone3:1962,404.3119,position_sent,local,
Drone3_e1963,Drone3,Drone1:1869;Drone2:1853;Drone3:1963,404.6085,position_sent,local,
Drone3_e1964,Drone3,Drone1:1869;Drone2:1853;Drone3:1964,404.8434,position_sent,local,
Drone2_e1878,Drone2,Drone1:1869;Drone2:1878;Drone3:1950,405.2759,position_measured,send,Drone1
Drone3_e1965,Drone3,Drone1:1869;Drone2:1853;Drone3:1965,404.9593,position_sent,send,Drone2
Drone1_e1925,Drone1,Drone1:1925;Drone2:1855;Drone3:1953,405.1774,idle,local,
Drone1_e1926,Drone1,Drone1:1926;Drone2:1855;Drone3:1953,405.4681,idle,local,
Drone2_e1879,Drone2,Drone1:1869;Drone2:1879;Drone3:1950,405.5694,position_measured,local,
Drone1_e1927,Drone1,Drone1:1927;Drone2:1855;Drone3:1953,405.6847,idle,local,
Drone2_e1880,Drone2,Drone1:1869;Drone2:1880;Drone3:1950,405.6756,position_measured,local,
Drone2_e1881,Drone2,Drone1:1869;Drone2:1881;Drone3:1950,405.9630,position_measured,local,
Drone1_e1928,Drone1,Drone1:1928;Drone2:1855;Drone3:1953,405.7949,idle,local,
Drone1_e1929,Drone1,Drone1:1929;Drone2:1855;Drone3:1953,405.9364,idle,local,
Drone3_e1966,Drone3,Drone1:1869;Drone2:1853;Drone3:1966,405.1108,position_sent,local,
Drone2_e1882,Drone2,Drone1:1869;Drone2:1882;Drone3:1950,406.0797,position_sent,local,
Drone2_e1883,Drone2,Drone1:1869;Drone2:1883;Drone3:1950,406.2274,position_sent,local,
Drone3_e1967,Drone3,Drone1:1869;Drone2:1853;Drone3:1967,405.2279,position_sent,local,
Drone2_e1884,Drone2,Drone1:1869;Drone2:1884;Drone3:1950,406.3777,position_sent,local,
Drone3_e1968,Drone3,Drone1:1869;Drone2:1853;Drone3:1968,405.4773,position_sent,local,
Drone2_e1885,Drone2,Drone1:1869;Drone2:1885;Drone3:1950,406.6634,position_sent,local,
Drone3_e1969,Drone3,Drone1:1869;Drone2:1853;Drone3:1969,405.5771,position_sent,local,
Drone1_e1930,Drone1,Drone1:1930;Drone2:1855;Drone3:1953,406.1275,idle,local,
Drone2_e1886,Drone2,Drone1:1869;Drone2:1886;Drone3:1965,406.9539,position_sent,receive,Drone3
Drone1_e1931,Drone1,Drone1:1931;Drone2:1855;Drone3:1953,406.4040,idle,local,
Drone1_e1932,Drone1,Drone1:1932;Drone2:1855;Drone3:1954,406.5254,scanning,receive,Drone3
Drone1_e1933,Drone1,Drone1:1933;Drone2:1855;Drone3:1954,406.8024,scanning,local,
Drone3_e1970,Drone3,Drone1:1869;Drone2:1853;Drone3:1970,405.8368,position_sent,local,
Drone3_e1971,Drone3,Drone1:1869;Drone2:1853;Drone3:1971,405.9634,position_sent,local,
Drone1_e1934,Drone1,Drone1:1934;Drone2:1855;Drone3:1954,406.8988,scanning,local,
Drone2_e1887,Drone2,Drone1:1869;Drone2:1887;Drone3:1965,407.0847,position_sent,local,
Drone2_e1888,Drone2,Drone1:1869;Drone2:1888;Drone3:1965,407.2340,position_sent,local,
Drone2_e1889,Drone2,Drone1:1869;Drone2:1889;Drone3:1965,407.2874,position_sent,send,Drone1
Drone2_e1890,Drone2,Drone1:1869;Drone2:1890;Drone3:1965,407.5316,position_sent,send,Drone3
Drone3_e1972,Drone3,Drone1:1869;Drone2:1853;Drone3:1972,406.0798,processing,local,
Drone2_e1891,Drone2,Drone1:1869;Drone2:1891;Drone3:1965,407.5948,position_sent,send,Drone3
Drone3_e1973,Drone3,Drone1:1869;Drone2:1853;Drone3:1973,406.2925,processing,local,
Drone3_e1974,Drone3,Drone1:1869;Drone2:1890;Drone3:1974,407.8168,processing,receive,Drone2
Drone1_e1935,Drone1,Drone1:1935;Drone2:1855;Drone3:1955,407.1703,scanning,receive,Drone3
Drone1_e1936,Drone1,Drone1:1936;Drone2:1855;Drone3:1955,407.2343,scanning,local,
Drone3_e1975,Drone3,Drone1:1869;Drone2:1890;Drone3:1975,408.0313,processing,local,
Drone2_e1892,Drone2,Drone1:1869;Drone2:1892;Drone3:1965,407.6523,processing,send,Drone1
Drone3_e1976,Drone3,Drone1:1869;Drone2:1890;Drone3:1976,408.1118,processing,local,
Drone3_e1977,Drone3,Drone1:1869;Drone2:1890;Drone3:1977,408.3917,processing,local,
Drone1_e1937,Drone1,Drone1:1937;Drone2:1855;Drone3:1955,407.3041,scanning,local,
Drone3_e1978,Drone3,Drone1:1869;Drone2:1890;Drone3:1978,408.4648,processing,local,
Drone3_e1979,Drone3,Drone1:1869;Drone2:1891;Drone3:1979,408.5671,processing,receive,Drone2
Drone3_e1980,Drone3,Drone1:1869;Drone2:1891;Drone3:1980,408.7253,processing,send,Drone1
Drone3_e1981,Drone3,Drone1:1869;Drone2:1891;Drone3:1981,408.8403,processing,local,
Drone3_e1982,Drone3,Drone1:1869;Drone2:1891;Drone3:1982,409.0600,relative_computed,local,
Drone1_e1938,Drone1,Drone1:1938;Drone2:1874;Drone3:1955,407.5148,scanning,receive,Drone2
Drone1_e1939,Drone1,Drone1:1939;Drone2:1874;Drone3:1955,407.7983,scanning,local,
Drone3_e1983,Drone3,Drone1:1869;Drone2:1891;Drone3:1983,409.3091,relative_computed,send,Drone2
Drone3_e1984,Drone3,Drone1:1869;Drone2:1891;Drone3:1984,409.4148,relative_computed,local,
Drone2_e1893,Drone2,Drone1:1869;Drone2:1893;Drone3:1965,407.7353,processing,local,
Drone2_e1894,Drone2,Drone1:1869;Drone2:1894;Drone3:1965,407.8663,processing,local,
Drone1_e1940,Drone1,Drone1:1940;Drone2:1878;Drone3:1955,407.8761,scanning,receive,Drone2
Drone1_e1941,Drone1,Drone1:1941;Drone2:1878;Drone3:1955,407.9378,scanning,local,
Drone3_e1985,Drone3,Drone1:1869;Drone2:1891;Drone3:1985,409.6686,relative_computed,local,
Drone2_e1895,Drone2,Drone1:1869;Drone2:1895;Drone3:1965,407.9320,processing,local,
Drone2_e1896,Drone2,Drone1:1869;Drone2:1896;Drone3:1983,409.3682,processing,receive,Drone3
Drone1_e1942,Drone1,Drone1:1942;Drone2:1878;Drone3:1955,408.1584,target_found,local,
Drone3_e1986,Drone3,Drone1:1869;Drone2:1891;Drone3:1986,409.7652,relative_computed,send,Drone2
Drone2_e1897,Drone2,Drone1:1869;Drone2:1897;Drone3:1983,409.6545,processing,local,
Drone1_e1943,Drone1,Drone1:1943;Drone2:1878;Drone3:1955,408.3594,target_found,local,
Drone1_e1944,Drone1,Drone1:1944;Drone2:1878;Drone3:1955,408.5825,target_found,local,
Drone1_e1945,Drone1,Drone1:1945;Drone2:1878;Drone3:1955,408.6869,target_found,local,
Drone2_e1898,Drone2,Drone1:1869;Drone2:1898;Drone3:1983,409.8614,processing,local,
Drone1_e1946,Drone1,Drone1:1946;Drone2:1878;Drone3:1955,408.7780,target_found,local,
Drone1_e1947,Drone1,Drone1:1947;Drone2:1889;Drone3:1965,408.9226,target_found,receive,Drone2
Drone2_e1899,Drone2,Drone1:1869;Drone2:1899;Drone3:1986,410.0410,processing,receive,Drone3
Drone2_e1900,Drone2,Drone1:1869;Drone2:1900;Drone3:1986,410.2412,processing,send,Drone1
Drone1_e1948,Drone1,Drone1:1948;Drone2:1889;Drone3:1965,409.1304,target_found,local,
Drone2_e1901,Drone2,Drone1:1869;Drone2:1901;Drone3:1986,410.3772,processing,local,
Drone3_e1987,Drone3,Drone1:1869;Drone2:1891;Drone3:1987,409.9690,relative_computed,local,
Drone3_e1988,Drone3,Drone1:1869;Drone2:1891;Drone3:1988,410.2464,relative_computed,local,
Drone1_e1949,Drone1,Drone1:1949;Drone2:1889;Drone3:1965,409.2371,target_found,receive,Drone3
Drone3_e1989,Drone3,Drone1:1869;Drone2:1891;Drone3:1989,410.2967,relative_computed,send,Drone1
Drone2_e1902,Drone2,Drone1:1869;Drone2:1902;Drone3:1986,410.6000,relative_computed,local,
Drone1_e1950,Drone1,Drone1:1950;Drone2:1889;Drone3:1965,409.3434,target_found,local,
Drone1_e1951,Drone1,Drone1:1951;Drone2:1889;Drone3:1965,409.4152,target_found,local,
Drone2_e1903,Drone2,Drone1:1869;Drone2:1903;Drone3:1986,410.7674,relative_computed,local,
Drone1_e1952,Drone1,Drone1:1952;Drone2:1889;Drone3:1965,409.6030,position_measured,local,
Drone2_e1904,Drone2,Drone1:1869;Drone2:1904;Drone3:1986,410.9146,relative_computed,send,Drone1
Drone2_e1905,Drone2,Drone1:1869;Drone2:1905;Drone3:1986,410.9948,relative_computed,local,
Drone3_e1990,Drone3,Drone1:1869;Drone2:1891;Drone3:1990,410.5542,relative_computed,local,
Drone1_e1953,Drone1,Drone1:1953;Drone2:1892;Drone3:1965,409.6566,position_measured,receive,Drone2
Drone1_e1954,Drone1,Drone1:1954;Drone2:1900;Drone3:1986,410.3797,position_measured,receive,Drone2
Drone3_e1991,Drone3,Drone1:1869;Drone2:1891;Drone3:1991,410.7807,relative_computed,send,Drone1
Drone2_e1906,Drone2,Drone1:1869;Drone2:1906;Drone3:1986,411.2553,relative_computed,local,
Drone2_e1907,Drone2,Drone1:1869;Drone2:1907;Drone3:1986,411.4958,relative_computed,local,
Drone3_e1992,Drone3,Drone1:1869;Drone2:1891;Drone3:1992,411.0255,formation_hold,local,
Drone2_e1908,Drone2,Drone1:1869;Drone2:1908;Drone3:1986,411.7342,relative_computed,send,Drone3
Drone1_e1955,Drone1,Drone1:1955;Drone2:1904;Drone3:1986,411.2102,position_measured,receive,Drone2
Drone1_e1956,Drone1,Drone1:1956;Drone2:1904;Drone3:1986,411.4901,position_measured,receive,Drone3
Drone3_e1993,Drone3,Drone1:1869;Drone2:1908;Drone3:1993,411.9728,formation_hold,receive,Drone2
Drone2_e1909,Drone2,Drone1:1869;Drone2:1909;Drone3:1986,411.8708,relative_computed,send,Drone1
Drone3_e1994,Drone3,Drone1:1869;Drone2:1908;Drone3:1994,412.1644,formation_hold,local,
Drone3_e1995,Drone3,Drone1:1869;Drone2:1908;Drone3:1995,412.4621,formation_hold,local,
Drone3_e1996,Drone3,Drone1:1869;Drone2:1908;Drone3:1996,412.5567,formation_hold,local,
Drone2_e1910,Drone2,Drone1:1869;Drone2:1910;Drone3:1986,412.0150,relative_computed,local,
Drone3_e1997,Drone3,Drone1:1869;Drone2:1908;Drone3:1997,412.6911,formation_hold,local,
Drone2_e1911,Drone2,Drone1:1869;Drone2:1911;Drone3:1986,412.2901,relative_computed,local,
Drone1_e1957,Drone1,Drone1:1957;Drone2:1904;Drone3:1986,411.6989,position_measured,local,
Drone3_e1998,Drone3,Drone1:1869;Drone2:1908;Drone3:1998,412.9408,formation_hold,local,
Drone1_e1958,Drone1,Drone1:1958;Drone2:1904;Drone3:1986,411.7776,position_measured,local,
Drone1_e1959,Drone1,Drone1:1959;Drone2:1904;Drone3:1986,411.8966,position_measured,receive,Drone3
Drone1_e1960,Drone1,Drone1:1960;Drone2:1904;Drone3:1989,412.0039,position_measured,receive,Drone3
Drone3_e1999,Drone3,Drone1:1869;Drone2:1908;Drone3:1999,413.1838,formation_hold,local,
Drone3_e2000,Drone3,Drone1:1869;Drone2:1908;Drone3:2000,413.2710,formation_hold,local,
Drone3_e2001,Drone3,Drone1:1869;Drone2:1908;Drone3:2001,413.3646,formation_hold,send,Drone2
Drone3_e2002,Drone3,Drone1:1869;Drone2:1908;Drone3:2002,413.5806,idle,send,Drone2
Drone1_e1961,Drone1,Drone1:1961;Drone2:1904;Drone3:1989,412.2339,position_measured,local,
Drone3_e2003,Drone3,Drone1:1869;Drone2:1908;Drone3:2003,413.6464,idle,local,
Drone3_e2004,Drone3,Drone1:1869;Drone2:1908;Drone3:2004,413.7076,idle,send,Drone2
Drone2_e1912,Drone2,Drone1:1869;Drone2:1912;Drone3:2001,413.6144,formation_hold,receive,Drone3
Drone3_e2005,Drone3,Drone1:1869;Drone2:1908;Drone3:2005,413.8497,idle,local,
Drone2_e1913,Drone2,Drone1:1869;Drone2:1913;Drone3:2001,413.7313,formation_hold,local,
Drone1_e1962,Drone1,Drone1:1962;Drone2:1904;Drone3:1989,412.5135,position_sent,local,
Drone2_e1914,Drone2,Drone1:1869;Drone2:1914;Drone3:2002,413.7855,formation_hold,receive,Drone3
Drone3_e2006,Drone3,Drone1:1869;Drone2:1908;Drone3:2006,414.0478,idle,send,Drone2
Drone1_e1963,Drone1,Drone1:1963;Drone2:1904;Drone3:1989,412.6762,position_sent,local,
Drone2_e1915,Drone2,Drone1:1869;Drone2:1915;Drone3:2004,413.8506,formation_hold,receive,Drone3
Drone1_e1964,Drone1,Drone1:1964;Drone2:1904;Drone3:1989,412.7307,position_sent,local,
Drone1_e1965,Drone1,Drone1:1965;Drone2:1904;Drone3:1989,412.8203,position_sent,local,
Drone1_e1966,Drone1,Drone1:1966;Drone2:1904;Drone3:1991,412.8943,position_sent,receive,Drone3
Drone3_e2007,Drone3,Drone1:1869;Drone2:1908;Drone3:2007,414.1352,idle,local,
Drone1_e1967,Drone1,Drone1:1967;Drone2:1904;Drone3:1991,413.0872,position_sent,local,
Drone3_e2008,Drone3,Drone1:1869;Drone2:1908;Drone3:2008,414.4219,idle,local,
Drone2_e1916,Drone2,Drone1:1869;Drone2:1916;Drone3:2004,414.0422,formation_hold,local,
Drone2_e1917,Drone2,Drone1:1869;Drone2:1917;Drone3:2004,414.2338,formation_hold,local,
Drone3_e2009,Drone3,Drone1:1869;Drone2:1908;Drone3:2009,414.4904,idle,local,
Drone2_e1918,Drone2,Drone1:1869;Drone2:1918;Drone3:2004,414.4048,formation_hold,local,
Drone1_e1968,Drone1,Drone1:1968;Drone2:1904;Drone3:1991,413.3835,position_sent,local,
Drone1_e1969,Drone1,Drone1:1969;Drone2:1909;Drone3:1991,413.6022,position_sent,receive,Drone2
Drone1_e1970,Drone1,Drone1:1970;Drone2:1909;Drone3:1991,413.7370,position_sent,local,
Drone3_e2010,Drone3,Drone1:1869;Drone2:1908;Drone3:2010,414.6741,idle,local,
Drone2_e1919,Drone2,Drone1:1869;Drone2:1919;Drone3:2004,414.5599,formation_hold,local,
Drone1_e1971,Drone1,Drone1:1971;Drone2:1909;Drone3:1991,414.0210,position_sent,local,
Drone3_e2011,Drone3,Drone1:1869;Drone2:1908;Drone3:2011,414.9492,idle,local,
Drone3_e2012,Drone3,Drone1:1869;Drone2:1908;Drone3:2012,415.0499,scanning,local,
Drone3_e2013,Drone3,Drone1:1869;Drone2:1908;Drone3:2013,415.1821,scanning,send,Drone2
Drone1_e1972,Drone1,Drone1:1972;Drone2:1909;Drone3:1991,414.1164,processing,send,Drone3
Drone1_e1973,Drone1,Drone1:1973;Drone2:1909;Drone3:1991,414.1967,processing,send,Drone2
Drone1_e1974,Drone1,Drone1:1974;Drone2:1909;Drone3:1991,414.2525,processing,local,
Drone2_e1920,Drone2,Drone1:1869;Drone2:1920;Drone3:2004,414.7044,formation_hold,local,
Drone2_e1921,Drone2,Drone1:1869;Drone2:1921;Drone3:2004,414.8684,formation_hold,local,
Drone2_e1922,Drone2,Drone1:1869;Drone2:1922;Drone3:2004,415.0962,idle,local,
Drone1_e1975,Drone1,Drone1:1975;Drone2:1909;Drone3:1991,414.4015,processing,send,Drone3
Drone2_e1923,Drone2,Drone1:1869;Drone2:1923;Drone3:2004,415.3368,idle,local,
Drone2_e1924,Drone2,Drone1:1869;Drone2:1924;Drone3:2004,415.5299,idle,local,
Drone3_e2014,Drone3,Drone1:1869;Drone2:1908;Drone3:2014,415.3095,scanning,local,
Drone1_e1976,Drone1,Drone1:1976;Drone2:1909;Drone3:1991,414.5018,processing,local,
Drone2_e1925,Drone2,Drone1:1869;Drone2:1925;Drone3:2004,415.8276,idle,local,
Drone2_e1926,Drone2,Drone1:1869;Drone2:1926;Drone3:2004,415.8858,idle,local,
Drone2_e1927,Drone2,Drone1:1973;Drone2:1927;Drone3:2004,416.1106,idle,receive,Drone1
Drone2_e1928,Drone2,Drone1:1973;Drone2:1928;Drone3:2006,416.4043,idle,receive,Drone3
Drone3_e2015,Drone3,Drone1:1869;Drone2:1908;Drone3:2015,415.4061,scanning,local,
Drone2_e1929,Drone2,Drone1:1973;Drone2:1929;Drone3:2006,416.4818,idle,local,
Drone3_e2016,Drone3,Drone1:1869;Drone2:1908;Drone3:2016,415.5456,scanning,local,
Drone3_e2017,Drone3,Drone1:1869;Drone2:1908;Drone3:2017,415.6513,scanning,local,
Drone1_e1977,Drone1,Drone1:1977;Drone2:1909;Drone3:1991,414.7002,processing,send,Drone3
Drone3_e2018,Drone3,Drone1:1972;Drone2:1909;Drone3:2018,415.7888,scanning,receive,Drone1
Drone1_e1978,Drone1,Drone1:1978;Drone2:1909;Drone3:1991,414.8658,processing,local,
Drone3_e2019,Drone3,Drone1:1975;Drone2:1909;Drone3:2019,415.8975,scanning,receive,Drone1
Drone1_e1979,Drone1,Drone1:1979;Drone2:1909;Drone3:1991,415.0694,processing,local,
Drone3_e2020,Drone3,Drone1:1975;Drone2:1909;Drone3:2020,416.0874,scanning,local,
Drone3_e2021,Drone3,Drone1:1975;Drone2:1909;Drone3:2021,416.2903,scanning,local,
Drone2_e1930,Drone2,Drone1:1973;Drone2:1930;Drone3:2006,416.6353,idle,local,
Drone2_e1931,Drone2,Drone1:1973;Drone2:1931;Drone3:2013,416.8737,idle,receive,Drone3
Drone2_e1932,Drone2,Drone1:1973;Drone2:1932;Drone3:2013,417.0006,scanning,local,
Drone2_e1933,Drone2,Drone1:1973;Drone2:1933;Drone3:2013,417.2485,scanning,local,
Drone2_e1934,Drone2,Drone1:1973;Drone2:1934;Drone3:2013,417.3974,scanning,local,
Drone3_e2022,Drone3,Drone1:1975;Drone2:1909;Drone3:2022,416.5285,target_found,local,
Drone1_e1980,Drone1,Drone1:1980;Drone2:1909;Drone3:1991,415.3556,processing,local,
Drone2_e1935,Drone2,Drone1:1973;Drone2:1935;Drone3:2013,417.5187,scanning,send,Drone3
Drone3_e2023,Drone3,Drone1:1975;Drone2:1909;Drone3:2023,416.7978,target_found,local,
Drone2_e1936,Drone2,Drone1:1973;Drone2:1936;Drone3:2013,417.6052,scanning,send,Drone1
Drone1_e1981,Drone1,Drone1:1981;Drone2:1909;Drone3:1991,415.5307,processing,local,
Drone1_e1982,Drone1,Drone1:1982;Drone2:1909;Drone3:1991,415.6999,relative_computed,local,
Drone1_e1983,Drone1,Drone1:1983;Drone2:1909;Drone3:1991,415.9172,relative_computed,local,
Drone3_e2024,Drone3,Drone1:1975;Drone2:1909;Drone3:2024,417.0684,target_found,local,
Drone3_e2025,Drone3,Drone1:1975;Drone2:1909;Drone3:2025,417.1858,target_found,local,
Drone1_e1984,Drone1,Drone1:1984;Drone2:1936;Drone3:2013,417.9046,relative_computed,receive,Drone2
Drone3_e2026,Drone3,Drone1:1975;Drone2:1909;Drone3:2026,417.2511,target_found,local,
Drone1_e1985,Drone1,Drone1:1985;Drone2:1936;Drone3:2013,418.1450,relative_computed,send,Drone3
Drone2_e1937,Drone2,Drone1:1973;Drone2:1937;Drone3:2013,417.8800,scanning,local,
Drone3_e2027,Drone3,Drone1:1975;Drone2:1935;Drone3:2027,417.7262,target_found,receive,Drone2
Drone2_e1938,Drone2,Drone1:1973;Drone2:1938;Drone3:2013,418.0482,scanning,local,
Drone3_e2028,Drone3,Drone1:1977;Drone2:1935;Drone3:2028,417.7856,target_found,receive,Drone1
Drone1_e1986,Drone1,Drone1:1986;Drone2:1936;Drone3:2013,418.3367,relative_computed,send,Drone3
Drone2_e1939,Drone2,Drone1:1973;Drone2:1939;Drone3:2013,418.1142,scanning,local,
Drone3_e2029,Drone3,Drone1:1977;Drone2:1935;Drone3:2029,417.9772,target_found,local,
Drone1_e1987,Drone1,Drone1:1987;Drone2:1936;Drone3:2013,418.4134,relative_computed,send,Drone3
Drone1_e1988,Drone1,Drone1:1988;Drone2:1936;Drone3:2013,418.5467,relative_computed,send,Drone3
Drone2_e1940,Drone2,Drone1:1973;Drone2:1940;Drone3:2013,418.2964,scanning,local,
Drone3_e2030,Drone3,Drone1:1985;Drone2:1936;Drone3:2030,418.3406,target_found,receive,Drone1
Drone3_e2031,Drone3,Drone1:1985;Drone2:1936;Drone3:2031,418.5085,target_found,local,
Drone1_e1989,Drone1,Drone1:1989;Drone2:1936;Drone3:2013,418.7043,relative_computed,local,
Drone1_e1990,Drone1,Drone1:1990;Drone2:1936;Drone3:2013,418.9066,relative_computed,local,
Drone1_e1991,Drone1,Drone1:1991;Drone2:1936;Drone3:2013,419.0948,relative_computed,send,Drone3
Drone1_e1992,Drone1,Drone1:1992;Drone2:1936;Drone3:2013,419.2439,formation_hold,send,Drone3
Drone1_e1993,Drone1,Drone1:1993;Drone2:1936;Drone3:2013,419.5275,formation_hold,send,Drone2
Drone3_e2032,Drone3,Drone1:1986;Drone2:1936;Drone3:2032,418.6326,position_measured,receive,Drone1
Drone1_e1994,Drone1,Drone1:1994;Drone2:1936;Drone3:2013,419.6169,formation_hold,send,Drone3
Drone3_e2033,Drone3,Drone1:1986;Drone2:1936;Drone3:2033,418.6910,position_measured,local,
Drone1_e1995,Drone1,Drone1:1995;Drone2:1936;Drone3:2013,419.7401,formation_hold,send,Drone3
Drone2_e1941,Drone2,Drone1:1973;Drone2:1941;Drone3:2013,418.5104,scanning,local,
Drone1_e1996,Drone1,Drone1:1996;Drone2:1936;Drone3:2013,419.9559,formation_hold,local,
Drone3_e2034,Drone3,Drone1:1986;Drone2:1936;Drone3:2034,418.8671,position_measured,local,
Drone3_e2035,Drone3,Drone1:1986;Drone2:1936;Drone3:2035,419.0816,position_measured,local,
Drone3_e2036,Drone3,Drone1:1986;Drone2:1936;Drone3:2036,419.1398,position_measured,local,
Drone3_e2037,Drone3,Drone1:1987;Drone2:1936;Drone3:2037,419.3320,position_measured,receive,Drone1
Drone2_e1942,Drone2,Drone1:1993;Drone2:1942;Drone3:2013,419.6158,target_found,receive,Drone1
Drone3_e2038,Drone3,Drone1:1988;Drone2:1936;Drone3:2038,419.4916,position_measured,receive,Drone1
Drone2_e1943,Drone2,Drone1:1993;Drone2:1943;Drone3:2013,419.7129,target_found,send,Drone3
Drone1_e1997,Drone1,Drone1:1997;Drone2:1936;Drone3:2013,420.2163,formation_hold,local,
Drone1_e1998,Drone1,Drone1:1998;Drone2:1936;Drone3:2013,420.5031,formation_hold,send,Drone3
Drone1_e1999,Drone1,Drone1:1999;Drone2:1936;Drone3:2013,420.6587,formation_hold,send,Drone3
Drone2_e1944,Drone2,Drone1:1993;Drone2:1944;Drone3:2013,419.9453,target_found,send,Drone3
Drone1_e2000,Drone1,Drone1:2000;Drone2:1936;Drone3:2013,420.8387,formation_hold,send,Drone2
Drone1_e2001,Drone1,Drone1:2001;Drone2:1936;Drone3:2013,420.9472,formation_hold,local,
Drone1_e2002,Drone1,Drone1:2002;Drone2:1936;Drone3:2013,421.0975,idle,send,Drone3
Drone1_e2003,Drone1,Drone1:2003;Drone2:1936;Drone3:2013,421.2049,idle,send,Drone2
Drone1_e2004,Drone1,Drone1:2004;Drone2:1936;Drone3:2013,421.3720,idle,send,Drone3
Drone1_e2005,Drone1,Drone1:2005;Drone2:1936;Drone3:2013,421.4527,idle,local,
Drone2_e1945,Drone2,Drone1:1993;Drone2:1945;Drone3:2013,420.0866,target_found,local,
Drone1_e2006,Drone1,Drone1:2006;Drone2:1936;Drone3:2013,421.6095,idle,local,
Drone2_e1946,Drone2,Drone1:1993;Drone2:1946;Drone3:2013,420.2235,target_found,local,
Drone2_e1947,Drone2,Drone1:2000;Drone2:1947;Drone3:2013,420.9321,target_found,receive,Drone1
Drone3_e2039,Drone3,Drone1:1991;Drone2:1936;Drone3:2039,419.5611,position_measured,receive,Drone1
Drone1_e2007,Drone1,Drone1:2007;Drone2:1936;Drone3:2013,421.8431,idle,local,
Drone3_e2040,Drone3,Drone1:1991;Drone2:1936;Drone3:2040,419.8152,position_measured,local,
Drone1_e2008,Drone1,Drone1:2008;Drone2:1936;Drone3:2013,421.9609,idle,send,Drone2
Drone1_e2009,Drone1,Drone1:2009;Drone2:1936;Drone3:2013,422.1255,idle,send,Drone3
Drone3_e2041,Drone3,Drone1:1991;Drone2:1936;Drone3:2041,420.0644,position_measured,local,
Drone1_e2010,Drone1,Drone1:2010;Drone2:1936;Drone3:2013,422.4149,idle,send,Drone2
Drone3_e2042,Drone3,Drone1:1991;Drone2:1936;Drone3:2042,420.1876,position_sent,local,
Drone2_e1948,Drone2,Drone1:2003;Drone2:1948;Drone3:2013,421.4840,target_found,receive,Drone1
Drone2_e1949,Drone2,Drone1:2003;Drone2:1949;Drone3:2013,421.6706,target_found,local,
Drone3_e2043,Drone3,Drone1:1991;Drone2:1936;Drone3:2043,420.2630,position_sent,local,
Drone2_e1950,Drone2,Drone1:2003;Drone2:1950;Drone3:2013,421.8934,target_found,local,
Drone2_e1951,Drone2,Drone1:2003;Drone2:1951;Drone3:2013,422.0468,target_found,local,
Drone3_e2044,Drone3,Drone1:1991;Drone2:1936;Drone3:2044,420.4632,position_sent,local,
Drone1_e2011,Drone1,Drone1:2011;Drone2:1936;Drone3:2013,422.4774,idle,local,
Drone2_e1952,Drone2,Drone1:2003;Drone2:1952;Drone3:2013,422.1537,position_measured,local,
Drone2_e1953,Drone2,Drone1:2008;Drone2:1953;Drone3:2013,422.3609,position_measured,receive,Drone1
Drone2_e1954,Drone2,Drone1:2008;Drone2:1954;Drone3:2013,422.6437,position_measured,local,
Drone1_e2012,Drone1,Drone1:2012;Drone2:1936;Drone3:2013,422.7281,scanning,send,Drone2
Drone3_e2045,Drone3,Drone1:1991;Drone2:1936;Drone3:2045,420.5990,position_sent,local,
Drone2_e1955,Drone2,Drone1:2008;Drone2:1955;Drone3:2013,422.7641,position_measured,local,
Drone2_e1956,Drone2,Drone1:2008;Drone2:1956;Drone3:2013,422.9953,position_measured,local,
Drone1_e2013,Drone1,Drone1:2013;Drone2:1936;Drone3:2013,422.8994,scanning,local,
Drone3_e2046,Drone3,Drone1:1992;Drone2:1936;Drone3:2046,420.8476,position_sent,receive,Drone1
Drone1_e2014,Drone1,Drone1:2014;Drone2:1936;Drone3:2013,423.1942,scanning,send,Drone2
Drone1_e2015,Drone1,Drone1:2015;Drone2:1936;Drone3:2013,423.4858,scanning,local,
Drone1_e2016,Drone1,Drone1:2016;Drone2:1936;Drone3:2013,423.7814,scanning,send,Drone3
Drone3_e2047,Drone3,Drone1:1992;Drone2:1936;Drone3:2047,421.1272,position_sent,local,
Drone3_e2048,Drone3,Drone1:1994;Drone2:1936;Drone3:2048,421.2908,position_sent,receive,Drone1
Drone1_e2017,Drone1,Drone1:2017;Drone2:1936;Drone3:2013,423.9526,scanning,local,
Drone3_e2049,Drone3,Drone1:1995;Drone2:1936;Drone3:2049,421.4903,position_sent,receive,Drone1
Drone2_e1957,Drone2,Drone1:2010;Drone2:1957;Drone3:2013,423.2189,position_measured,receive,Drone1
Drone1_e2018,Drone1,Drone1:2018;Drone2:1936;Drone3:2013,424.1864,scanning,local,
Drone1_e2019,Drone1,Drone1:2019;Drone2:1936;Drone3:2013,424.2795,scanning,local,
Drone1_e2020,Drone1,Drone1:2020;Drone2:1936;Drone3:2013,424.5659,scanning,local,
Drone3_e2050,Drone3,Drone1:1998;Drone2:1936;Drone3:2050,421.6797,position_sent,receive,Drone1
Drone1_e2021,Drone1,Drone1:2021;Drone2:1936;Drone3:2013,424.8302,scanning,send,Drone3
Drone1_e2022,Drone1,Drone1:2022;Drone2:1936;Drone3:2013,424.9242,target_found,send,Drone3
Drone3_e2051,Drone3,Drone1:1998;Drone2:1943;Drone3:2051,421.8775,position_sent,receive,Drone2
Drone3_e2052,Drone3,Drone1:1999;Drone2:1943;Drone3:2052,422.1547,processing,receive,Drone1
Drone3_e2053,Drone3,Drone1:1999;Drone2:1943;Drone3:2053,422.3778,processing,local,
Drone1_e2023,Drone1,Drone1:2023;Drone2:1936;Drone3:2013,425.0478,target_found,send,Drone3
Drone2_e1958,Drone2,Drone1:2010;Drone2:1958;Drone3:2013,423.4773,position_measured,local,
Drone2_e1959,Drone2,Drone1:2010;Drone2:1959;Drone3:2013,423.6569,position_measured,local,
Drone3_e2054,Drone3,Drone1:1999;Drone2:1943;Drone3:2054,422.6584,processing,local,
Drone1_e2024,Drone1,Drone1:2024;Drone2:1936;Drone3:2013,425.2989,target_found,send,Drone2
Drone1_e2025,Drone1,Drone1:2025;Drone2:1936;Drone3:2013,425.5024,target_found,local,
Drone2_e1960,Drone2,Drone1:2010;Drone2:1960;Drone3:2013,423.8780,position_measured,local,
Drone1_e2026,Drone1,Drone1:2026;Drone2:1936;Drone3:2013,425.7711,target_found,local,
Drone1_e2027,Drone1,Drone1:2027;Drone2:1936;Drone3:2013,425.9332,target_found,local,
Drone2_e1961,Drone2,Drone1:2010;Drone2:1961;Drone3:2013,424.1540,position_measured,local,
Drone2_e1962,Drone2,Drone1:2010;Drone2:1962;Drone3:2013,424.3685,position_sent,local,
Drone1_e2028,Drone1,Drone1:2028;Drone2:1936;Drone3:2013,426.1326,target_found,local,
Drone2_e1963,Drone2,Drone1:2010;Drone2:1963;Drone3:2013,424.4855,position_sent,local,
Drone2_e1964,Drone2,Drone1:2010;Drone2:1964;Drone3:2013,424.6540,position_sent,local,
Drone1_e2029,Drone1,Drone1:2029;Drone2:1936;Drone3:2013,426.3244,target_found,send,Drone3
Drone1_e2030,Drone1,Drone1:2030;Drone2:1936;Drone3:2013,426.5959,target_found,local,
Drone2_e1965,Drone2,Drone1:2010;Drone2:1965;Drone3:2013,424.7394,position_sent,local,
Drone3_e2055,Drone3,Drone1:1999;Drone2:1944;Drone3:2055,422.8516,processing,receive,Drone2
Drone1_e2031,Drone1,Drone1:2031;Drone2:1936;Drone3:2013,426.6751,target_found,send,Drone3
Drone2_e1966,Drone2,Drone1:2010;Drone2:1966;Drone3:2013,425.0282,position_sent,local,
Drone2_e1967,Drone2,Drone1:2012;Drone2:1967;Drone3:2013,425.2261,position_sent,receive,Drone1
Drone2_e1968,Drone2,Drone1:2012;Drone2:1968;Drone3:2013,425.4513,position_sent,local,
Drone2_e1969,Drone2,Drone1:2014;Drone2:1969;Drone3:2013,425.6172,position_sent,receive,Drone1
Drone3_e2056,Drone3,Drone1:1999;Drone2:1944;Drone3:2056,423.0630,processing,local,
Drone1_e2032,Drone1,Drone1:2032;Drone2:1936;Drone3:2013,426.9058,position_measured,local,
Drone3_e2057,Drone3,Drone1:1999;Drone2:1944;Drone3:2057,423.1580,processing,local,
Drone2_e1970,Drone2,Drone1:2024;Drone2:1970;Drone3:2013,425.8330,position_sent,receive,Drone1
Drone3_e2058,Drone3,Drone1:1999;Drone2:1944;Drone3:2058,423.3696,processing,local,
Drone3_e2059,Drone3,Drone1:2002;Drone2:1944;Drone3:2059,423.4707,processing,receive,Drone1
Drone1_e2033,Drone1,Drone1:2033;Drone2:1936;Drone3:2013,426.9667,position_measured,send,Drone2
Drone3_e2060,Drone3,Drone1:2002;Drone2:1944;Drone3:2060,423.7335,processing,local,
Drone3_e2061,Drone3,Drone1:2002;Drone2:1944;Drone3:2061,423.7996,processing,local,
Drone3_e2062,Drone3,Drone1:2004;Drone2:1944;Drone3:2062,423.8731,relative_computed,receive,Drone1
Drone1_e2034,Drone1,Drone1:2034;Drone2:1936;Drone3:2013,427.1097,position_measured,local,
Drone2_e1971,Drone2,Drone1:2024;Drone2:1971;Drone3:2013,426.1109,position_sent,local,
Drone1_e2035,Drone1,Drone1:2035;Drone2:1936;Drone3:2013,427.2943,position_measured,local,
Drone2_e1972,Drone2,Drone1:2024;Drone2:1972;Drone3:2013,426.2948,processing,local,
Drone2_e1973,Drone2,Drone1:2033;Drone2:1973;Drone3:2013,427.0427,processing,receive,Drone1
Drone3_e2063,Drone3,Drone1:2009;Drone2:1944;Drone3:2063,423.9887,relative_computed,receive,Drone1
Drone3_e2064,Drone3,Drone1:2016;Drone2:1944;Drone3:2064,424.2859,relative_computed,receive,Drone1
Drone1_e2036,Drone1,Drone1:2036;Drone2:1936;Drone3:2013,427.5127,position_measured,local,
Drone1_e2037,Drone1,Drone1:2037;Drone2:1936;Drone3:2013,427.6072,position_measured,local,
Drone3_e2065,Drone3,Drone1:2016;Drone2:1944;Drone3:2065,424.4603,relative_computed,local,
Drone3_e2066,Drone3,Drone1:2016;Drone2:1944;Drone3:2066,424.5715,relative_computed,local,
Drone2_e1974,Drone2,Drone1:2033;Drone2:1974;Drone3:2013,427.2867,processing,local,
Drone2_e1975,Drone2,Drone1:2033;Drone2:1975;Drone3:2013,427.4071,processing,local,
Drone2_e1976,Drone2,Drone1:2033;Drone2:1976;Drone3:2013,427.6509,processing,local,
Drone1_e2038,Drone1,Drone1:2038;Drone2:1936;Drone3:2013,427.8382,position_measured,local,
Drone1_e2039,Drone1,Drone1:2039;Drone2:1936;Drone3:2013,427.9162,position_measured,send,Drone2
Drone1_e2040,Drone1,Drone1:2040;Drone2:1936;Drone3:2013,428.0752,position_measured,local,
Drone1_e2041,Drone1,Drone1:2041;Drone2:1936;Drone3:2013,428.1709,position_measured,send,Drone2
Drone2_e1977,Drone2,Drone1:2033;Drone2:1977;Drone3:2013,427.7123,processing,local,
Drone1_e2042,Drone1,Drone1:2042;Drone2:1936;Drone3:2013,428.3539,position_sent,local,
Drone1_e2043,Drone1,Drone1:2043;Drone2:1936;Drone3:2013,428.6383,position_sent,send,Drone3
Drone3_e2067,Drone3,Drone1:2016;Drone2:1944;Drone3:2067,424.7965,relative_computed,local,
Drone1_e2044,Drone1,Drone1:2044;Drone2:1936;Drone3:2013,428.7267,position_sent,send,Drone3
Drone2_e1978,Drone2,Drone1:2033;Drone2:1978;Drone3:2013,427.9108,processing,local,
Drone3_e2068,Drone3,Drone1:2021;Drone2:1944;Drone3:2068,425.0431,relative_computed,receive,Drone1
Drone3_e2069,Drone3,Drone1:2021;Drone2:1944;Drone3:2069,425.1208,relative_computed,local,
Drone3_e2070,Drone3,Drone1:2022;Drone2:1944;Drone3:2070,425.3896,relative_computed,receive,Drone1
Drone2_e1979,Drone2,Drone1:2033;Drone2:1979;Drone3:2013,428.1452,processing,local,
Drone3_e2071,Drone3,Drone1:2023;Drone2:1944;Drone3:2071,425.4552,relative_computed,receive,Drone1
Drone2_e1980,Drone2,Drone1:2033;Drone2:1980;Drone3:2013,428.3821,processing,local,
Drone3_e2072,Drone3,Drone1:2029;Drone2:1944;Drone3:2072,426.4215,formation_hold,receive,Drone1
Drone1_e2045,Drone1,Drone1:2045;Drone2:1936;Drone3:2013,428.8584,position_sent,send,Drone2
Drone1_e2046,Drone1,Drone1:2046;Drone2:1936;Drone3:2013,429.0458,position_sent,send,Drone2
Drone1_e2047,Drone1,Drone1:2047;Drone2:1936;Drone3:2013,429.2341,position_sent,local,
Drone1_e2048,Drone1,Drone1:2048;Drone2:1936;Drone3:2013,429.4947,position_sent,local,
Drone3_e2073,Drone3,Drone1:2031;Drone2:1944;Drone3:2073,426.7400,formation_hold,receive,Drone1
Drone2_e1981,Drone2,Drone1:2033;Drone2:1981;Drone3:2013,428.5402,processing,local,
Drone2_e1982,Drone2,Drone1:2033;Drone2:1982;Drone3:2013,428.8236,relative_computed,local,
Drone1_e2049,Drone1,Drone1:2049;Drone2:1936;Drone3:2013,429.7652,position_sent,send,Drone2
Drone3_e2074,Drone3,Drone1:2031;Drone2:1944;Drone3:2074,426.8864,formation_hold,local,
Drone1_e2050,Drone1,Drone1:2050;Drone2:1936;Drone3:2013,429.9171,position_sent,send,Drone3
Drone3_e2075,Drone3,Drone1:2043;Drone2:1944;Drone3:2075,428.8471,formation_hold,receive,Drone1
Drone3_e2076,Drone3,Drone1:2043;Drone2:1944;Drone3:2076,429.1253,formation_hold,local,
Drone2_e1983,Drone2,Drone1:2039;Drone2:1983;Drone3:2013,428.8998,relative_computed,receive,Drone1
Drone2_e1984,Drone2,Drone1:2039;Drone2:1984;Drone3:2013,429.1911,relative_computed,local,
Drone1_e2051,Drone1,Drone1:2051;Drone2:1936;Drone3:2013,430.0146,position_sent,send,Drone2
Drone3_e2077,Drone3,Drone1:2043;Drone2:1944;Drone3:2077,429.2146,formation_hold,local,
Drone1_e2052,Drone1,Drone1:2052;Drone2:1936;Drone3:2013,430.1026,processing,local,
Drone3_e2078,Drone3,Drone1:2043;Drone2:1944;Drone3:2078,429.3916,formation_hold,local,
Drone1_e2053,Drone1,Drone1:2053;Drone2:1936;Drone3:2013,430.1994,processing,local,
Drone3_e2079,Drone3,Drone1:2043;Drone2:1944;Drone3:2079,429.6556,formation_hold,local,
Drone3_e2080,Drone3,Drone1:2043;Drone2:1944;Drone3:2080,429.8827,formation_hold,local,
Drone3_e2081,Drone3,Drone1:2043;Drone2:1944;Drone3:2081,429.9376,formation_hold,local,
Drone2_e1985,Drone2,Drone1:2039;Drone2:1985;Drone3:2013,429.2648,relative_computed,local,
Drone1_e2054,Drone1,Drone1:2054;Drone2:1936;Drone3:2013,430.4066,processing,local,
Drone2_e1986,Drone2,Drone1:2039;Drone2:1986;Drone3:2013,429.3566,relative_computed,local,
Drone3_e2082,Drone3,Drone1:2043;Drone2:1944;Drone3:2082,430.1222,idle,local,
Drone1_e2055,Drone1,Drone1:2055;Drone2:1936;Drone3:2013,430.6599,processing,local,
Drone1_e2056,Drone1,Drone1:2056;Drone2:1936;Drone3:2013,430.8652,processing,local,
Drone2_e1987,Drone2,Drone1:2039;Drone2:1987;Drone3:2013,429.6457,relative_computed,local,
Drone1_e2057,Drone1,Drone1:2057;Drone2:1936;Drone3:2013,431.0410,processing,local,
Drone1_e2058,Drone1,Drone1:2058;Drone2:1936;Drone3:2013,431.2394,processing,local,
Drone3_e2083,Drone3,Drone1:2043;Drone2:1944;Drone3:2083,430.3330,idle,local,
Drone3_e2084,Drone3,Drone1:2043;Drone2:1944;Drone3:2084,430.4705,idle,local,
Drone2_e1988,Drone2,Drone1:2041;Drone2:1988;Drone3:2013,429.9434,relative_computed,receive,Drone1
Drone3_e2085,Drone3,Drone1:2044;Drone2:1944;Drone3:2085,430.6147,idle,receive,Drone1
Drone3_e2086,Drone3,Drone1:2044;Drone2:1944;Drone3:2086,430.7645,idle,local,
Drone2_e1989,Drone2,Drone1:2041;Drone2:1989;Drone3:2013,430.1463,relative_computed,local,
Drone2_e1990,Drone2,Drone1:2041;Drone2:1990;Drone3:2013,430.2198,relative_computed,local,
Drone2_e1991,Drone2,Drone1:2041;Drone2:1991;Drone3:2013,430.3468,relative_computed,local,
Drone3_e2087,Drone3,Drone1:2044;Drone2:1944;Drone3:2087,431.0373,idle,local,
Drone1_e2059,Drone1,Drone1:2059;Drone2:1936;Drone3:2013,431.3453,processing,local,
Drone2_e1992,Drone2,Drone1:2041;Drone2:1992;Drone3:2013,430.5539,formation_hold,local,
Drone1_e2060,Drone1,Drone1:2060;Drone2:1936;Drone3:2013,431.5798,processing,local,
Drone1_e2061,Drone1,Drone1:2061;Drone2:1936;Drone3:2013,431.7818,processing,local,
Drone2_e1993,Drone2,Drone1:2045;Drone2:1993;Drone3:2013,430.6396,formation_hold,receive,Drone1
Drone3_e2088,Drone3,Drone1:2044;Drone2:1944;Drone3:2088,431.2349,idle,local,
Drone2_e1994,Drone2,Drone1:2046;Drone2:1994;Drone3:2013,430.8331,formation_hold,receive,Drone1
Drone2_e1995,Drone2,Drone1:2046;Drone2:1995;Drone3:2013,431.0237,formation_hold,local,
Drone3_e2089,Drone3,Drone1:2044;Drone2:1944;Drone3:2089,431.3992,idle,local,
Drone3_e2090,Drone3,Drone1:2044;Drone2:1944;Drone3:2090,431.5129,idle,local,
Drone2_e1996,Drone2,Drone1:2046;Drone2:1996;Drone3:2013,431.2864,formation_hold,local,
Drone2_e1997,Drone2,Drone1:2046;Drone2:1997;Drone3:2013,431.3552,formation_hold,local,
Drone3_e2091,Drone3,Drone1:2050;Drone2:1944;Drone3:2091,431.5910,idle,receive,Drone1
Drone2_e1998,Drone2,Drone1:2049;Drone2:1998;Drone3:2013,431.5349,formation_hold,receive,Drone1
Drone3_e2092,Drone3,Drone1:2050;Drone2:1944;Drone3:2092,431.7407,scanning,local,
Drone3_e2093,Drone3,Drone1:2050;Drone2:1944;Drone3:2093,431.9240,scanning,local,
Drone2_e1999,Drone2,Drone1:2051;Drone2:1999;Drone3:2013,431.6512,formation_hold,receive,Drone1
Drone2_e2000,Drone2,Drone1:2051;Drone2:2000;Drone3:2013,431.8670,formation_hold,send,Drone1
Drone3_e2094,Drone3,Drone1:2050;Drone2:1944;Drone3:2094,432.1930,scanning,local,
Drone2_e2001,Drone2,Drone1:2051;Drone2:2001;Drone3:2013,431.9465,formation_hold,local,
Drone1_e2062,Drone1,Drone1:2062;Drone2:2000;Drone3:2013,432.1573,relative_computed,receive,Drone2
Drone1_e2063,Drone1,Drone1:2063;Drone2:2000;Drone3:2013,432.2797,relative_computed,local,
Drone3_e2095,Drone3,Drone1:2050;Drone2:1944;Drone3:2095,432.2475,scanning,local,
Drone3_e2096,Drone3,Drone1:2050;Drone2:1944;Drone3:2096,432.3871,scanning,send,Drone2
Drone1_e2064,Drone1,Drone1:2064;Drone2:2000;Drone3:2013,432.3299,relative_computed,local,
Drone3_e2097,Drone3,Drone1:2050;Drone2:1944;Drone3:2097,432.4846,scanning,local,
Drone3_e2098,Drone3,Drone1:2050;Drone2:1944;Drone3:2098,432.6171,scanning,local,
Drone2_e2002,Drone2,Drone1:2051;Drone2:2002;Drone3:2013,432.1317,idle,local,
Drone1_e2065,Drone1,Drone1:2065;Drone2:2000;Drone3:2013,432.5641,relative_computed,local,
Drone2_e2003,Drone2,Drone1:2051;Drone2:2003;Drone3:2013,432.3676,idle,local,
Drone1_e2066,Drone1,Drone1:2066;Drone2:2000;Drone3:2013,432.7181,relative_computed,local,
Drone1_e2067,Drone1,Drone1:2067;Drone2:2000;Drone3:2013,432.9652,relative_computed,send,Drone3
Drone1_e2068,Drone1,Drone1:2068;Drone2:2000;Drone3:2013,433.0266,relative_computed,send,Drone2
Drone2_e2004,Drone2,Drone1:2051;Drone2:2004;Drone3:2013,432.6076,idle,local,
Drone2_e2005,Drone2,Drone1:2068;Drone2:2005;Drone3:2013,433.2379,idle,receive,Drone1
Drone1_e2069,Drone1,Drone1:2069;Drone2:2000;Drone3:2013,433.3142,relative_computed,local,
Drone2_e2006,Drone2,Drone1:2068;Drone2:2006;Drone3:2096,433.4797,idle,receive,Drone3
Drone1_e2070,Drone1,Drone1:2070;Drone2:2000;Drone3:2013,433.6089,relative_computed,local,
Drone3_e2099,Drone3,Drone1:2050;Drone2:1944;Drone3:2099,432.9147,scanning,local,
Drone2_e2007,Drone2,Drone1:2068;Drone2:2007;Drone3:2096,433.5427,idle,local,
Drone2_e2008,Drone2,Drone1:2068;Drone2:2008;Drone3:2096,433.8207,idle,local,
Drone3_e2100,Drone3,Drone1:2067;Drone2:2000;Drone3:2100,433.0557,scanning,receive,Drone1
Drone3_e2101,Drone3,Drone1:2067;Drone2:2000;Drone3:2101,433.1135,scanning,local,
Drone3_e2102,Drone3,Drone1:2067;Drone2:2000;Drone3:2102,433.2704,target_found,local,
Drone3_e2103,Drone3,Drone1:2067;Drone2:2000;Drone3:2103,433.3882,target_found,send,Drone1
Drone2_e2009,Drone2,Drone1:2068;Drone2:2009;Drone3:2096,434.1130,idle,local,
Drone1_e2071,Drone1,Drone1:2071;Drone2:2000;Drone3:2013,433.8934,relative_computed,local,
Drone2_e2010,Drone2,Drone1:2068;Drone2:2010;Drone3:2096,434.3293,idle,local,
Drone2_e2011,Drone2,Drone1:2068;Drone2:2011;Drone3:2096,434.6116,idle,local,
Drone2_e2012,Drone2,Drone1:2068;Drone2:2012;Drone3:2096,434.7560,scanning,send,Drone1
Drone1_e2072,Drone1,Drone1:2072;Drone2:2000;Drone3:2103,434.0963,formation_hold,receive,Drone3
Drone2_e2013,Drone2,Drone1:2068;Drone2:2013;Drone3:2096,434.8402,scanning,local,
Drone2_e2014,Drone2,Drone1:2068;Drone2:2014;Drone3:2096,434.9363,scanning,local,
Drone1_e2073,Drone1,Drone1:2073;Drone2:2012;Drone3:2103,434.8890,formation_hold,receive,Drone2
Drone1_e2074,Drone1,Drone1:2074;Drone2:2012;Drone3:2103,435.1008,formation_hold,local,
Drone2_e2015,Drone2,Drone1:2068;Drone2:2015;Drone3:2096,434.9937,scanning,local,
Drone2_e2016,Drone2,Drone1:2068;Drone2:2016;Drone3:2096,435.2688,scanning,local,
Drone2_e2017,Drone2,Drone1:2068;Drone2:2017;Drone3:2096,435.4900,scanning,local,
Drone2_e2018,Drone2,Drone1:2068;Drone2:2018;Drone3:2096,435.5957,scanning,local,
Drone2_e2019,Drone2,Drone1:2068;Drone2:2019;Drone3:2096,435.6698,scanning,local,
Drone1_e2075,Drone1,Drone1:2075;Drone2:2012;Drone3:2103,435.2290,formation_hold,local,
Drone2_e2020,Drone2,Drone1:2068;Drone2:2020;Drone3:2096,435.9622,scanning,local,
Drone2_e2021,Drone2,Drone1:2068;Drone2:2021;Drone3:2096,436.0991,scanning,local,
Drone1_e2076,Drone1,Drone1:2076;Drone2:2012;Drone3:2103,435.2798,formation_hold,send,Drone2
Drone1_e2077,Drone1,Drone1:2077;Drone2:2012;Drone3:2103,435.4944,formation_hold,local,
Drone1_e2078,Drone1,Drone1:2078;Drone2:2012;Drone3:2103,435.5614,formation_hold,local,
Drone3_e2104,Drone3,Drone1:2067;Drone2:2000;Drone3:2104,433.4974,target_found,local,
Drone3_e2105,Drone3,Drone1:2067;Drone2:2000;Drone3:2105,433.6711,target_found,send,Drone2
Drone2_e2022,Drone2,Drone1:2068;Drone2:2022;Drone3:2096,436.2831,target_found,local,
Drone3_e2106,Drone3,Drone1:2067;Drone2:2000;Drone3:2106,433.8755,target_found,local,
Drone3_e2107,Drone3,Drone1:2067;Drone2:2000;Drone3:2107,434.0943,target_found,local,
Drone3_e2108,Drone3,Drone1:2067;Drone2:2000;Drone3:2108,434.1895,target_found,local,
Drone3_e2109,Drone3,Drone1:2067;Drone2:2000;Drone3:2109,434.4098,target_found,local,
Drone2_e2023,Drone2,Drone1:2076;Drone2:2023;Drone3:2103,436.3585,target_found,receive,Drone1
Drone1_e2079,Drone1,Drone1:2079;Drone2:2012;Drone3:2103,435.6933,formation_hold,local,
Drone2_e2024,Drone2,Drone1:2076;Drone2:2024;Drone3:2103,436.5206,target_found,local,
Drone1_e2080,Drone1,Drone1:2080;Drone2:2012;Drone3:2103,435.7564,formation_hold,local,
Drone3_e2110,Drone3,Drone1:2067;Drone2:2000;Drone3:2110,434.6096,target_found,send,Drone2
Drone2_e2025,Drone2,Drone1:2076;Drone2:2025;Drone3:2103,436.6475,target_found,local,
Drone2_e2026,Drone2,Drone1:2076;Drone2:2026;Drone3:2105,436.8571,target_found,receive,Drone3
Drone2_e2027,Drone2,Drone1:2076;Drone2:2027;Drone3:2105,436.9815,target_found,local,
Drone3_e2111,Drone3,Drone1:2067;Drone2:2000;Drone3:2111,434.8729,target_found,local,
Drone2_e2028,Drone2,Drone1:2076;Drone2:2028;Drone3:2110,437.0613,target_found,receive,Drone3
Drone3_e2112,Drone3,Drone1:2067;Drone2:2000;Drone3:2112,435.1244,position_measured,local,
Drone3_e2113,Drone3,Drone1:2067;Drone2:2000;Drone3:2113,435.2394,position_measured,local,
Drone3_e2114,Drone3,Drone1:2067;Drone2:2000;Drone3:2114,435.3472,position_measured,send,Drone2
Drone3_e2115,Drone3,Drone1:2067;Drone2:2000;Drone3:2115,435.4528,position_measured,local,
Drone1_e2081,Drone1,Drone1:2081;Drone2:2012;Drone3:2103,435.9117,formation_hold,local,
Drone1_e2082,Drone1,Drone1:2082;Drone2:2012;Drone3:2103,436.0216,idle,local,
Drone3_e2116,Drone3,Drone1:2067;Drone2:2000;Drone3:2116,435.6530,position_measured,local,
Drone1_e2083,Drone1,Drone1:2083;Drone2:2012;Drone3:2103,436.0810,idle,local,
Drone2_e2029,Drone2,Drone1:2076;Drone2:2029;Drone3:2110,437.3337,target_found,local,
Drone3_e2117,Drone3,Drone1:2067;Drone2:2000;Drone3:2117,435.8230,position_measured,send,Drone1
Drone2_e2030,Drone2,Drone1:2076;Drone2:2030;Drone3:2114,437.5905,target_found,receive,Drone3
Drone2_e2031,Drone2,Drone1:2076;Drone2:2031;Drone3:2114,437.7189,target_found,send,Drone1
Drone1_e2084,Drone1,Drone1:2084;Drone2:2012;Drone3:2103,436.2074,idle,local,
Drone2_e2032,Drone2,Drone1:2076;Drone2:2032;Drone3:2114,437.8220,position_measured,local,
Drone2_e2033,Drone2,Drone1:2076;Drone2:2033;Drone3:2114,437.9927,position_measured,local,
Drone3_e2118,Drone3,Drone1:2067;Drone2:2000;Drone3:2118,435.9620,position_measured,send,Drone1
Drone3_e2119,Drone3,Drone1:2067;Drone2:2000;Drone3:2119,436.0852,position_measured,local,
Drone2_e2034,Drone2,Drone1:2076;Drone2:2034;Drone3:2114,438.2265,position_measured,local,
Drone2_e2035,Drone2,Drone1:2076;Drone2:2035;Drone3:2114,438.5099,position_measured,local,
Drone3_e2120,Drone3,Drone1:2067;Drone2:2000;Drone3:2120,436.2824,position_measured,local,
Drone1_e2085,Drone1,Drone1:2085;Drone2:2012;Drone3:2103,436.3135,idle,local,
Drone2_e2036,Drone2,Drone1:2076;Drone2:2036;Drone3:2114,438.7820,position_measured,send,Drone3
Drone3_e2121,Drone3,Drone1:2067;Drone2:2000;Drone3:2121,436.3979,position_measured,local,
Drone2_e2037,Drone2,Drone1:2076;Drone2:2037;Drone3:2114,439.0044,position_measured,send,Drone1
Drone1_e2086,Drone1,Drone1:2086;Drone2:2012;Drone3:2117,436.4835,idle,receive,Drone3
Drone3_e2122,Drone3,Drone1:2076;Drone2:2036;Drone3:2122,439.0402,position_sent,receive,Drone2
Drone3_e2123,Drone3,Drone1:2076;Drone2:2036;Drone3:2123,439.1311,position_sent,local,
Drone3_e2124,Drone3,Drone1:2076;Drone2:2036;Drone3:2124,439.3470,position_sent,send,Drone2
Drone2_e2038,Drone2,Drone1:2076;Drone2:2038;Drone3:2114,439.0970,position_measured,local,
Drone2_e2039,Drone2,Drone1:2076;Drone2:2039;Drone3:2124,439.5518,position_measured,receive,Drone3
Drone3_e2125,Drone3,Drone1:2076;Drone2:2036;Drone3:2125,439.5115,position_sent,local,
Drone2_e2040,Drone2,Drone1:2076;Drone2:2040;Drone3:2124,439.7421,position_measured,local,
Drone2_e2041,Drone2,Drone1:2076;Drone2:2041;Drone3:2124,440.0146,position_measured,local,
Drone2_e2042,Drone2,Drone1:2076;Drone2:2042;Drone3:2124,440.2073,position_sent,local,
Drone3_e2126,Drone3,Drone1:2076;Drone2:2036;Drone3:2126,439.7721,position_sent,send,Drone1
Drone1_e2087,Drone1,Drone1:2087;Drone2:2031;Drone3:2117,437.8791,idle,receive,Drone2
Drone3_e2127,Drone3,Drone1:2076;Drone2:2036;Drone3:2127,439.9568,position_sent,local,
Drone3_e2128,Drone3,Drone1:2076;Drone2:2036;Drone3:2128,440.2183,position_sent,local,
Drone1_e2088,Drone1,Drone1:2088;Drone2:2031;Drone3:2117,438.0039,idle,local,
Drone3_e2129,Drone3,Drone1:2076;Drone2:2036;Drone3:2129,440.4929,position_sent,send,Drone2
Drone2_e2043,Drone2,Drone1:2076;Drone2:2043;Drone3:2129,440.7306,position_sent,receive,Drone3
Drone3_e2130,Drone3,Drone1:2076;Drone2:2036;Drone3:2130,440.7743,position_sent,send,Drone2
Drone1_e2089,Drone1,Drone1:2089;Drone2:2031;Drone3:2117,438.2526,idle,local,
Drone1_e2090,Drone1,Drone1:2090;Drone2:2031;Drone3:2117,438.4928,idle,local,
Drone1_e2091,Drone1,Drone1:2091;Drone2:2031;Drone3:2117,438.6406,idle,local,
Drone3_e2131,Drone3,Drone1:2076;Drone2:2036;Drone3:2131,441.0058,position_sent,send,Drone1
Drone3_e2132,Drone3,Drone1:2076;Drone2:2036;Drone3:2132,441.2438,processing,send,Drone2
Drone3_e2133,Drone3,Drone1:2076;Drone2:2036;Drone3:2133,441.4384,processing,send,Drone1
Drone3_e2134,Drone3,Drone1:2076;Drone2:2036;Drone3:2134,441.6113,processing,local,
Drone3_e2135,Drone3,Drone1:2076;Drone2:2036;Drone3:2135,441.8054,processing,send,Drone2
Drone1_e2092,Drone1,Drone1:2092;Drone2:2031;Drone3:2117,438.8449,scanning,local,
Drone3_e2136,Drone3,Drone1:2076;Drone2:2036;Drone3:2136,442.0669,processing,local,
Drone1_e2093,Drone1,Drone1:2093;Drone2:2031;Drone3:2117,439.0392,scanning,local,
Drone2_e2044,Drone2,Drone1:2076;Drone2:2044;Drone3:2130,441.0555,position_sent,receive,Drone3
Drone3_e2137,Drone3,Drone1:2076;Drone2:2036;Drone3:2137,442.1392,processing,send,Drone2
Drone3_e2138,Drone3,Drone1:2076;Drone2:2036;Drone3:2138,442.3154,processing,local,
Drone1_e2094,Drone1,Drone1:2094;Drone2:2031;Drone3:2117,439.2053,scanning,local,
Drone3_e2139,Drone3,Drone1:2076;Drone2:2036;Drone3:2139,442.4142,processing,send,Drone2
Drone3_e2140,Drone3,Drone1:2076;Drone2:2036;Drone3:2140,442.6507,processing,local,
Drone1_e2095,Drone1,Drone1:2095;Drone2:2037;Drone3:2117,439.4521,scanning,receive,Drone2
Drone1_e2096,Drone1,Drone1:2096;Drone2:2037;Drone3:2118,439.7154,scanning,receive,Drone3
Drone2_e2045,Drone2,Drone1:2076;Drone2:2045;Drone3:2132,441.3812,position_sent,receive,Drone3
Drone1_e2097,Drone1,Drone1:2097;Drone2:2037;Drone3:2118,439.7759,scanning,local,
Drone1_e2098,Drone1,Drone1:2098;Drone2:2037;Drone3:2118,439.9079,scanning,local,
Drone3_e2141,Drone3,Drone1:2076;Drone2:2036;Drone3:2141,442.9146,processing,local,
Drone3_e2142,Drone3,Drone1:2076;Drone2:2036;Drone3:2142,443.0465,relative_computed,send,Drone2
Drone1_e2099,Drone1,Drone1:2099;Drone2:2037;Drone3:2126,440.0096,scanning,receive,Drone3
Drone1_e2100,Drone1,Drone1:2100;Drone2:2037;Drone3:2126,440.2928,scanning,local,
Drone3_e2143,Drone3,Drone1:2076;Drone2:2036;Drone3:2143,443.1913,relative_computed,local,
Drone2_e2046,Drone2,Drone1:2076;Drone2:2046;Drone3:2135,441.8751,position_sent,receive,Drone3
Drone3_e2144,Drone3,Drone1:2076;Drone2:2036;Drone3:2144,443.4215,relative_computed,local,
Drone2_e2047,Drone2,Drone1:2076;Drone2:2047;Drone3:2135,441.9774,position_sent,local,
Drone1_e2101,Drone1,Drone1:2101;Drone2:2037;Drone3:2126,440.3578,scanning,local,
Drone1_e2102,Drone1,Drone1:2102;Drone2:2037;Drone3:2126,440.5440,target_found,local,
Drone2_e2048,Drone2,Drone1:2076;Drone2:2048;Drone3:2137,442.3018,position_sent,receive,Drone3
Drone1_e2103,Drone1,Drone1:2103;Drone2:2037;Drone3:2131,441.2710,target_found,receive,Drone3
Drone2_e2049,Drone2,Drone1:2076;Drone2:2049;Drone3:2139,442.6062,position_sent,receive,Drone3
Drone2_e2050,Drone2,Drone1:2076;Drone2:2050;Drone3:2142,443.1218,position_sent,receive,Drone3
Drone2_e2051,Drone2,Drone1:2076;Drone2:2051;Drone3:2142,443.3369,position_sent,send,Drone1
Drone3_e2145,Drone3,Drone1:2076;Drone2:2036;Drone3:2145,443.5894,relative_computed,local,
Drone1_e2104,Drone1,Drone1:2104;Drone2:2037;Drone3:2131,441.5348,target_found,local,
Drone3_e2146,Drone3,Drone1:2076;Drone2:2036;Drone3:2146,443.8885,relative_computed,local,
Drone3_e2147,Drone3,Drone1:2076;Drone2:2036;Drone3:2147,443.9397,relative_computed,local,
Drone1_e2105,Drone1,Drone1:2105;Drone2:2051;Drone3:2142,443.4813,target_found,receive,Drone2
Drone2_e2052,Drone2,Drone1:2076;Drone2:2052;Drone3:2142,443.4060,processing,send,Drone3
Drone1_e2106,Drone1,Drone1:2106;Drone2:2051;Drone3:2142,443.7054,target_found,local,
Drone2_e2053,Drone2,Drone1:2076;Drone2:2053;Drone3:2142,443.5072,processing,local,
Drone3_e2148,Drone3,Drone1:2076;Drone2:2036;Drone3:2148,444.1484,relative_computed,local,
Drone2_e2054,Drone2,Drone1:2076;Drone2:2054;Drone3:2142,443.6236,processing,local,
Drone2_e2055,Drone2,Drone1:2076;Drone2:2055;Drone3:2142,443.6829,processing,local,
Drone3_e2149,Drone3,Drone1:2076;Drone2:2036;Drone3:2149,444.1987,relative_computed,local,
Drone2_e2056,Drone2,Drone1:2076;Drone2:2056;Drone3:2142,443.7350,processing,local,
Drone1_e2107,Drone1,Drone1:2107;Drone2:2051;Drone3:2142,443.8076,target_found,local,
Drone1_e2108,Drone1,Drone1:2108;Drone2:2051;Drone3:2142,443.9848,target_found,local,
Drone1_e2109,Drone1,Drone1:2109;Drone2:2051;Drone3:2142,444.2039,target_found,receive,Drone3
Drone2_e2057,Drone2,Drone1:2076;Drone2:2057;Drone3:2142,443.9330,processing,send,Drone1
Drone1_e2110,Drone1,Drone1:2110;Drone2:2051;Drone3:2142,444.3978,target_found,local,
Drone3_e2150,Drone3,Drone1:2076;Drone2:2036;Drone3:2150,444.3533,relative_computed,local,
Drone2_e2058,Drone2,Drone1:2076;Drone2:2058;Drone3:2142,444.1254,processing,send,Drone1
Drone1_e2111,Drone1,Drone1:2111;Drone2:2051;Drone3:2142,444.6387,target_found,local,
Drone2_e2059,Drone2,Drone1:2076;Drone2:2059;Drone3:2142,444.3027,processing,local,
Drone2_e2060,Drone2,Drone1:2076;Drone2:2060;Drone3:2142,444.5413,processing,local,
Drone2_e2061,Drone2,Drone1:2076;Drone2:2061;Drone3:2142,444.7991,processing,send,Drone1
Drone2_e2062,Drone2,Drone1:2076;Drone2:2062;Drone3:2142,445.0723,relative_computed,local,
Drone1_e2112,Drone1,Drone1:2112;Drone2:2051;Drone3:2142,444.7195,position_measured,local,
Drone2_e2063,Drone2,Drone1:2076;Drone2:2063;Drone3:2142,445.1276,relative_computed,local,
Drone2_e2064,Drone2,Drone1:2076;Drone2:2064;Drone3:2142,445.4176,relative_computed,local,
Drone1_e2113,Drone1,Drone1:2113;Drone2:2051;Drone3:2142,444.9589,position_measured,local,
Drone2_e2065,Drone2,Drone1:2076;Drone2:2065;Drone3:2142,445.6590,relative_computed,local,
Drone1_e2114,Drone1,Drone1:2114;Drone2:2057;Drone3:2142,445.1565,position_measured,receive,Drone2
Drone3_e2151,Drone3,Drone1:2076;Drone2:2036;Drone3:2151,444.5301,relative_computed,local,
Drone1_e2115,Drone1,Drone1:2115;Drone2:2057;Drone3:2142,445.3173,position_measured,local,
Drone3_e2152,Drone3,Drone1:2076;Drone2:2052;Drone3:2152,444.7632,formation_hold,receive,Drone2
Drone1_e2116,Drone1,Drone1:2116;Drone2:2057;Drone3:2142,445.5576,position_measured,local,
Drone2_e2066,Drone2,Drone1:2076;Drone2:2066;Drone3:2142,445.7326,relative_computed,send,Drone3
Drone3_e2153,Drone3,Drone1:2076;Drone2:2066;Drone3:2153,445.9382,formation_hold,receive,Drone2
Drone1_e2117,Drone1,Drone1:2117;Drone2:2057;Drone3:2142,445.6949,position_measured,local,
Drone3_e2154,Drone3,Drone1:2076;Drone2:2066;Drone3:2154,446.2066,formation_hold,local,
Drone1_e2118,Drone1,Drone1:2118;Drone2:2058;Drone3:2142,445.8438,position_measured,receive,Drone2
Drone2_e2067,Drone2,Drone1:2076;Drone2:2067;Drone3:2142,446.0250,relative_computed,send,Drone1
Drone2_e2068,Drone2,Drone1:2076;Drone2:2068;Drone3:2142,446.2906,relative_computed,send,Drone1
Drone1_e2119,Drone1,Drone1:2119;Drone2:2058;Drone3:2142,446.0466,position_measured,local,
Drone3_e2155,Drone3,Drone1:2076;Drone2:2066;Drone3:2155,446.3691,formation_hold,local,
Drone1_e2120,Drone1,Drone1:2120;Drone2:2061;Drone3:2142,446.1132,position_measured,receive,Drone2
Drone1_e2121,Drone1,Drone1:2121;Drone2:2061;Drone3:2142,446.2869,position_measured,local,
Drone3_e2156,Drone3,Drone1:2076;Drone2:2066;Drone3:2156,446.4871,formation_hold,local,
Drone3_e2157,Drone3,Drone1:2076;Drone2:2066;Drone3:2157,446.6300,formation_hold,send,Drone2
Drone1_e2122,Drone1,Drone1:2122;Drone2:2061;Drone3:2142,446.4977,position_sent,local,
Drone1_e2123,Drone1,Drone1:2123;Drone2:2061;Drone3:2142,446.7263,position_sent,local,
Drone2_e2069,Drone2,Drone1:2076;Drone2:2069;Drone3:2157,446.7160,relative_computed,receive,Drone3
Drone2_e2070,Drone2,Drone1:2076;Drone2:2070;Drone3:2157,446.8824,relative_computed,local,
Drone3_e2158,Drone3,Drone1:2076;Drone2:2066;Drone3:2158,446.8195,formation_hold,local,
Drone1_e2124,Drone1,Drone1:2124;Drone2:2061;Drone3:2142,447.0221,position_sent,local,
Drone3_e2159,Drone3,Drone1:2076;Drone2:2066;Drone3:2159,446.9153,formation_hold,local,
Drone2_e2071,Drone2,Drone1:2076;Drone2:2071;Drone3:2157,447.1429,relative_computed,send,Drone3
Drone1_e2125,Drone1,Drone1:2125;Drone2:2067;Drone3:2142,447.1383,position_sent,receive,Drone2
Drone3_e2160,Drone3,Drone1:2076;Drone2:2066;Drone3:2160,447.0188,formation_hold,local,
Drone2_e2072,Drone2,Drone1:2076;Drone2:2072;Drone3:2157,447.2018,formation_hold,send,Drone1
Drone2_e2073,Drone2,Drone1:2076;Drone2:2073;Drone3:2157,447.3597,formation_hold,local,
Drone3_e2161,Drone3,Drone1:2076;Drone2:2071;Drone3:2161,447.3116,formation_hold,receive,Drone2
Drone1_e2126,Drone1,Drone1:2126;Drone2:2067;Drone3:2142,447.3005,position_sent,local,
Drone3_e2162,Drone3,Drone1:2076;Drone2:2071;Drone3:2162,447.5564,idle,send,Drone1
Drone1_e2127,Drone1,Drone1:2127;Drone2:2067;Drone3:2142,447.5454,position_sent,local,
Drone1_e2128,Drone1,Drone1:2128;Drone2:2071;Drone3:2162,447.7867,position_sent,receive,Drone3
Drone1_e2129,Drone1,Drone1:2129;Drone2:2071;Drone3:2162,447.8859,position_sent,local,
Drone3_e2163,Drone3,Drone1:2076;Drone2:2071;Drone3:2163,447.6089,idle,local,
Drone2_e2074,Drone2,Drone1:2076;Drone2:2074;Drone3:2157,447.4879,formation_hold,local,
Drone1_e2130,Drone1,Drone1:2130;Drone2:2071;Drone3:2162,447.9700,position_sent,receive,Drone2
Drone3_e2164,Drone3,Drone1:2076;Drone2:2071;Drone3:2164,447.6654,idle,local,
Drone2_e2075,Drone2,Drone1:2076;Drone2:2075;Drone3:2157,447.5603,formation_hold,send,Drone3
Drone1_e2131,Drone1,Drone1:2131;Drone2:2071;Drone3:2162,448.0630,position_sent,local,
Drone1_e2132,Drone1,Drone1:2132;Drone2:2072;Drone3:2162,448.2545,processing,receive,Drone2
Drone3_e2165,Drone3,Drone1:2076;Drone2:2071;Drone3:2165,447.9365,idle,local,
Drone3_e2166,Drone3,Drone1:2076;Drone2:2075;Drone3:2166,448.0329,idle,receive,Drone2
Drone1_e2133,Drone1,Drone1:2133;Drone2:2072;Drone3:2162,448.3680,processing,local,
Drone3_e2167,Drone3,Drone1:2076;Drone2:2075;Drone3:2167,448.2688,idle,local,
Drone1_e2134,Drone1,Drone1:2134;Drone2:2072;Drone3:2162,448.4458,processing,local,
Drone1_e2135,Drone1,Drone1:2135;Drone2:2072;Drone3:2162,448.7440,processing,local,
Drone1_e2136,Drone1,Drone1:2136;Drone2:2072;Drone3:2162,448.7955,processing,local,
Drone2_e2076,Drone2,Drone1:2076;Drone2:2076;Drone3:2157,447.7121,formation_hold,local,
Drone1_e2137,Drone1,Drone1:2137;Drone2:2072;Drone3:2162,449.0354,processing,local,
Drone2_e2077,Drone2,Drone1:2076;Drone2:2077;Drone3:2157,447.9947,formation_hold,local,
Drone1_e2138,Drone1,Drone1:2138;Drone2:2072;Drone3:2162,449.1086,processing,send,Drone2
Drone2_e2078,Drone2,Drone1:2138;Drone2:2078;Drone3:2162,449.2039,formation_hold,receive,Drone1
Drone3_e2168,Drone3,Drone1:2076;Drone2:2075;Drone3:2168,448.3543,idle,send,Drone1
Drone3_e2169,Drone3,Drone1:2076;Drone2:2075;Drone3:2169,448.5704,idle,local,
Drone1_e2139,Drone1,Drone1:2139;Drone2:2072;Drone3:2162,449.2349,processing,local,
Drone2_e2079,Drone2,Drone1:2138;Drone2:2079;Drone3:2162,449.3725,formation_hold,local,
Drone1_e2140,Drone1,Drone1:2140;Drone2:2075;Drone3:2168,449.3370,processing,receive,Drone3
Drone1_e2141,Drone1,Drone1:2141;Drone2:2075;Drone3:2168,449.5433,processing,local,
Drone2_e2080,Drone2,Drone1:2138;Drone2:2080;Drone3:2162,449.5401,formation_hold,send,Drone1
Drone1_e2142,Drone1,Drone1:2142;Drone2:2075;Drone3:2168,449.7440,relative_computed,local,
Drone2_e2081,Drone2,Drone1:2138;Drone2:2081;Drone3:2162,449.5961,formation_hold,local,
Drone3_e2170,Drone3,Drone1:2076;Drone2:2075;Drone3:2170,448.8272,idle,send,Drone2
Drone2_e2082,Drone2,Drone1:2138;Drone2:2082;Drone3:2162,449.7338,idle,local,
Drone2_e2083,Drone2,Drone1:2138;Drone2:2083;Drone3:2170,449.8104,idle,receive,Drone3
Drone3_e2171,Drone3,Drone1:2076;Drone2:2075;Drone3:2171,448.9198,idle,send,Drone1
Drone2_e2084,Drone2,Drone1:2138;Drone2:2084;Drone3:2170,449.9615,idle,local,
Drone3_e2172,Drone3,Drone1:2076;Drone2:2075;Drone3:2172,449.0337,scanning,send,Drone2
Drone3_e2173,Drone3,Drone1:2076;Drone2:2075;Drone3:2173,449.3034,scanning,local,
Drone3_e2174,Drone3,Drone1:2076;Drone2:2075;Drone3:2174,449.3851,scanning,local,
Drone2_e2085,Drone2,Drone1:2138;Drone2:2085;Drone3:2172,450.2385,idle,receive,Drone3
Drone3_e2175,Drone3,Drone1:2076;Drone2:2075;Drone3:2175,449.5131,scanning,local,
Drone2_e2086,Drone2,Drone1:2138;Drone2:2086;Drone3:2172,450.3981,idle,send,Drone1
Drone3_e2176,Drone3,Drone1:2076;Drone2:2075;Drone3:2176,449.5852,scanning,local,
Drone3_e2177,Drone3,Drone1:2076;Drone2:2075;Drone3:2177,449.7579,scanning,send,Drone1
Drone3_e2178,Drone3,Drone1:2076;Drone2:2075;Drone3:2178,449.8406,scanning,local,
Drone2_e2087,Drone2,Drone1:2138;Drone2:2087;Drone3:2172,450.4607,idle,local,
Drone3_e2179,Drone3,Drone1:2076;Drone2:2075;Drone3:2179,450.0816,scanning,local,
Drone1_e2143,Drone1,Drone1:2143;Drone2:2080;Drone3:2168,450.0024,relative_computed,receive,Drone2
Drone2_e2088,Drone2,Drone1:2138;Drone2:2088;Drone3:2172,450.5803,idle,local,
Drone2_e2089,Drone2,Drone1:2138;Drone2:2089;Drone3:2172,450.6979,idle,local,
Drone1_e2144,Drone1,Drone1:2144;Drone2:2080;Drone3:2168,450.0817,relative_computed,local,
Drone3_e2180,Drone3,Drone1:2076;Drone2:2075;Drone3:2180,450.2341,scanning,local,
Drone2_e2090,Drone2,Drone1:2138;Drone2:2090;Drone3:2172,450.7849,idle,local,
Drone1_e2145,Drone1,Drone1:2145;Drone2:2086;Drone3:2172,450.4979,relative_computed,receive,Drone2
Drone3_e2181,Drone3,Drone1:2076;Drone2:2075;Drone3:2181,450.5188,scanning,local,
Drone1_e2146,Drone1,Drone1:2146;Drone2:2086;Drone3:2172,450.6377,relative_computed,local,
Drone2_e2091,Drone2,Drone1:2138;Drone2:2091;Drone3:2172,451.0253,idle,send,Drone1
Drone1_e2147,Drone1,Drone1:2147;Drone2:2091;Drone3:2172,451.2124,relative_computed,receive,Drone2
Drone2_e2092,Drone2,Drone1:2138;Drone2:2092;Drone3:2172,451.2612,scanning,send,Drone3
Drone2_e2093,Drone2,Drone1:2138;Drone2:2093;Drone3:2172,451.4597,scanning,local,
Drone3_e2182,Drone3,Drone1:2138;Drone2:2092;Drone3:2182,451.3416,target_found,receive,Drone2
Drone1_e2148,Drone1,Drone1:2148;Drone2:2091;Drone3:2172,451.2631,relative_computed,local,
Drone3_e2183,Drone3,Drone1:2138;Drone2:2092;Drone3:2183,451.6042,target_found,local,
Drone2_e2094,Drone2,Drone1:2138;Drone2:2094;Drone3:2172,451.6950,scanning,local,
Drone1_e2149,Drone1,Drone1:2149;Drone2:2091;Drone3:2172,451.3478,relative_computed,local,
Drone2_e2095,Drone2,Drone1:2138;Drone2:2095;Drone3:2172,451.9305,scanning,send,Drone3
Drone3_e2184,Drone3,Drone1:2138;Drone2:2092;Drone3:2184,451.8904,target_found,local,
Drone3_e2185,Drone3,Drone1:2138;Drone2:2092;Drone3:2185,452.1254,target_found,local,
Drone3_e2186,Drone3,Drone1:2138;Drone2:2095;Drone3:2186,452.3109,target_found,receive,Drone2
Drone3_e2187,Drone3,Drone1:2138;Drone2:2095;Drone3:2187,452.4967,target_found,local,
Drone1_e2150,Drone1,Drone1:2150;Drone2:2091;Drone3:2172,451.6144,relative_computed,local,
Drone3_e2188,Drone3,Drone1:2138;Drone2:2095;Drone3:2188,452.7967,target_found,local,
Drone2_e2096,Drone2,Drone1:2138;Drone2:2096;Drone3:2172,451.9863,scanning,send,Drone1
Drone3_e2189,Drone3,Drone1:2138;Drone2:2095;Drone3:2189,453.0898,target_found,local,
Drone3_e2190,Drone3,Drone1:2138;Drone2:2095;Drone3:2190,453.2021,target_found,send,Drone1
Drone1_e2151,Drone1,Drone1:2151;Drone2:2091;Drone3:2172,451.8452,relative_computed,local,
Drone1_e2152,Drone1,Drone1:2152;Drone2:2091;Drone3:2172,451.9158,formation_hold,local,
Drone1_e2153,Drone1,Drone1:2153;Drone2:2091;Drone3:2172,451.9871,formation_hold,local,
Drone1_e2154,Drone1,Drone1:2154;Drone2:2091;Drone3:2172,452.1759,formation_hold,local,
Drone2_e2097,Drone2,Drone1:2138;Drone2:2097;Drone3:2172,452.1187,scanning,local,
Drone1_e2155,Drone1,Drone1:2155;Drone2:2091;Drone3:2172,452.4666,formation_hold,local,
Drone2_e2098,Drone2,Drone1:2138;Drone2:2098;Drone3:2172,452.2160,scanning,send,Drone1
Drone2_e2099,Drone2,Drone1:2138;Drone2:2099;Drone3:2172,452.4322,scanning,local,
Drone1_e2156,Drone1,Drone1:2156;Drone2:2091;Drone3:2172,452.7073,formation_hold,receive,Drone3
Drone2_e2100,Drone2,Drone1:2138;Drone2:2100;Drone3:2172,452.4897,scanning,local,
Drone2_e2101,Drone2,Drone1:2138;Drone2:2101;Drone3:2172,452.6834,scanning,local,
Drone3_e2191,Drone3,Drone1:2138;Drone2:2095;Drone3:2191,453.4679,target_found,send,Drone2
Drone2_e2102,Drone2,Drone1:2138;Drone2:2102;Drone3:2172,452.9124,target_found,local,
Drone1_e2157,Drone1,Drone1:2157;Drone2:2096;Drone3:2172,452.8241,formation_hold,receive,Drone2
Drone3_e2192,Drone3,Drone1:2138;Drone2:2095;Drone3:2192,453.7204,position_measured,local,
Drone3_e2193,Drone3,Drone1:2138;Drone2:2095;Drone3:2193,453.9980,position_measured,local,
Drone3_e2194,Drone3,Drone1:2138;Drone2:2095;Drone3:2194,454.2781,position_measured,local,
Drone3_e2195,Drone3,Drone1:2138;Drone2:2095;Drone3:2195,454.4772,position_measured,send,Drone2
Drone2_e2103,Drone2,Drone1:2138;Drone2:2103;Drone3:2172,452.9997,target_found,local,
Drone2_e2104,Drone2,Drone1:2138;Drone2:2104;Drone3:2191,453.6431,target_found,receive,Drone3
Drone1_e2158,Drone1,Drone1:2158;Drone2:2096;Drone3:2172,453.0463,formation_hold,local,
Drone1_e2159,Drone1,Drone1:2159;Drone2:2096;Drone3:2172,453.2937,formation_hold,local,
Drone2_e2105,Drone2,Drone1:2138;Drone2:2105;Drone3:2191,453.7412,target_found,local,
Drone2_e2106,Drone2,Drone1:2138;Drone2:2106;Drone3:2195,454.6134,target_found,receive,Drone3
Drone2_e2107,Drone2,Drone1:2138;Drone2:2107;Drone3:2195,454.6851,target_found,send,Drone3
Drone3_e2196,Drone3,Drone1:2138;Drone2:2107;Drone3:2196,454.8731,position_measured,receive,Drone2
Drone2_e2108,Drone2,Drone1:2138;Drone2:2108;Drone3:2195,454.9068,target_found,send,Drone1
Drone1_e2160,Drone1,Drone1:2160;Drone2:2096;Drone3:2172,453.5403,formation_hold,local,
Drone2_e2109,Drone2,Drone1:2138;Drone2:2109;Drone3:2195,454.9613,target_found,local,
Drone3_e2197,Drone3,Drone1:2138;Drone2:2107;Drone3:2197,455.0225,position_measured,local,
Drone1_e2161,Drone1,Drone1:2161;Drone2:2098;Drone3:2172,453.6450,formation_hold,receive,Drone2
Drone2_e2110,Drone2,Drone1:2138;Drone2:2110;Drone3:2195,455.0172,target_found,local,
Drone1_e2162,Drone1,Drone1:2162;Drone2:2108;Drone3:2195,455.0874,idle,receive,Drone2
Drone2_e2111,Drone2,Drone1:2138;Drone2:2111;Drone3:2195,455.2480,target_found,send,Drone1
Drone3_e2198,Drone3,Drone1:2138;Drone2:2107;Drone3:2198,455.1226,position_measured,local,
Drone1_e2163,Drone1,Drone1:2163;Drone2:2108;Drone3:2195,455.3849,idle,local,
Drone3_e2199,Drone3,Drone1:2138;Drone2:2107;Drone3:2199,455.2603,position_measured,local,
Drone1_e2164,Drone1,Drone1:2164;Drone2:2108;Drone3:2195,455.6716,idle,receive,Drone3
Drone3_e2200,Drone3,Drone1:2138;Drone2:2107;Drone3:2200,455.4347,position_measured,local,
Drone2_e2112,Drone2,Drone1:2138;Drone2:2112;Drone3:2195,455.3793,position_measured,local,
Drone3_e2201,Drone3,Drone1:2138;Drone2:2107;Drone3:2201,455.6732,position_measured,local,
Drone2_e2113,Drone2,Drone1:2138;Drone2:2113;Drone3:2195,455.4408,position_measured,local,
Drone2_e2114,Drone2,Drone1:2138;Drone2:2114;Drone3:2195,455.7142,position_measured,local,
Drone2_e2115,Drone2,Drone1:2138;Drone2:2115;Drone3:2195,455.8189,position_measured,local,
Drone3_e2202,Drone3,Drone1:2138;Drone2:2107;Drone3:2202,455.7500,position_sent,send,Drone1
Drone1_e2165,Drone1,Drone1:2165;Drone2:2111;Drone3:2195,455.8131,idle,receive,Drone2
Drone3_e2203,Drone3,Drone1:2138;Drone2:2107;Drone3:2203,455.9565,position_sent,local,
Drone1_e2166,Drone1,Drone1:2166;Drone2:2111;Drone3:2195,455.9403,idle,local,
Drone1_e2167,Drone1,Drone1:2167;Drone2:2111;Drone3:2195,456.1299,idle,receive,Drone3
Drone2_e2116,Drone2,Drone1:2138;Drone2:2116;Drone3:2195,456.0026,position_measured,send,Drone3
Drone1_e2168,Drone1,Drone1:2168;Drone2:2111;Drone3:2195,456.3691,idle,local,
Drone3_e2204,Drone3,Drone1:2138;Drone2:2107;Drone3:2204,456.2130,position_sent,local,
Drone3_e2205,Drone3,Drone1:2138;Drone2:2107;Drone3:2205,456.3615,position_sent,local,
Drone1_e2169,Drone1,Drone1:2169;Drone2:2111;Drone3:2195,456.6310,idle,local,
Drone3_e2206,Drone3,Drone1:2138;Drone2:2107;Drone3:2206,456.6453,position_sent,local,
Drone3_e2207,Drone3,Drone1:2138;Drone2:2107;Drone3:2207,456.9335,position_sent,local,
Drone1_e2170,Drone1,Drone1:2170;Drone2:2111;Drone3:2202,456.9201,idle,receive,Drone3
Drone3_e2208,Drone3,Drone1:2138;Drone2:2107;Drone3:2208,457.2044,position_sent,local,
Drone2_e2117,Drone2,Drone1:2138;Drone2:2117;Drone3:2195,456.1631,position_measured,local,
Drone2_e2118,Drone2,Drone1:2138;Drone2:2118;Drone3:2195,456.2865,position_measured,local,
Drone2_e2119,Drone2,Drone1:2138;Drone2:2119;Drone3:2195,456.5021,position_measured,local,
Drone3_e2209,Drone3,Drone1:2138;Drone2:2116;Drone3:2209,457.3448,position_sent,receive,Drone2
Drone1_e2171,Drone1,Drone1:2171;Drone2:2111;Drone3:2202,457.2032,idle,local,
Drone3_e2210,Drone3,Drone1:2138;Drone2:2116;Drone3:2210,457.5362,position_sent,local,
Drone2_e2120,Drone2,Drone1:2138;Drone2:2120;Drone3:2195,456.5835,position_measured,local,
Drone2_e2121,Drone2,Drone1:2138;Drone2:2121;Drone3:2195,456.8364,position_measured,local,
Drone2_e2122,Drone2,Drone1:2138;Drone2:2122;Drone3:2195,457.1061,position_sent,send,Drone3
Drone2_e2123,Drone2,Drone1:2138;Drone2:2123;Drone3:2195,457.3929,position_sent,local,
Drone1_e2172,Drone1,Drone1:2172;Drone2:2111;Drone3:2202,457.4641,scanning,send,Drone3
Drone3_e2211,Drone3,Drone1:2138;Drone2:2116;Drone3:2211,457.6753,position_sent,local,
Drone2_e2124,Drone2,Drone1:2138;Drone2:2124;Drone3:2195,457.4472,position_sent,send,Drone1
Drone2_e2125,Drone2,Drone1:2138;Drone2:2125;Drone3:2195,457.5663,position_sent,local,
Drone2_e2126,Drone2,Drone1:2138;Drone2:2126;Drone3:2195,457.6383,position_sent,local,
Drone1_e2173,Drone1,Drone1:2173;Drone2:2124;Drone3:2202,457.7076,scanning,receive,Drone2
Drone3_e2212,Drone3,Drone1:2138;Drone2:2116;Drone3:2212,457.8581,processing,local,
Drone2_e2127,Drone2,Drone1:2138;Drone2:2127;Drone3:2195,457.7467,position_sent,send,Drone3
Drone1_e2174,Drone1,Drone1:2174;Drone2:2124;Drone3:2202,457.9043,scanning,local,
Drone2_e2128,Drone2,Drone1:2138;Drone2:2128;Drone3:2195,458.0127,position_sent,local,
Drone1_e2175,Drone1,Drone1:2175;Drone2:2124;Drone3:2202,458.0864,scanning,local,
Drone2_e2129,Drone2,Drone1:2138;Drone2:2129;Drone3:2195,458.1677,position_sent,local,
Drone1_e2176,Drone1,Drone1:2176;Drone2:2124;Drone3:2202,458.2377,scanning,local,
Drone1_e2177,Drone1,Drone1:2177;Drone2:2124;Drone3:2202,458.3122,scanning,local,
Drone1_e2178,Drone1,Drone1:2178;Drone2:2124;Drone3:2202,458.4077,scanning,local,
Drone1_e2179,Drone1,Drone1:2179;Drone2:2124;Drone3:2202,458.5505,scanning,local,
Drone1_e2180,Drone1,Drone1:2180;Drone2:2124;Drone3:2202,458.6702,scanning,local,
Drone3_e2213,Drone3,Drone1:2172;Drone2:2116;Drone3:2213,457.9377,processing,receive,Drone1
Drone2_e2130,Drone2,Drone1:2138;Drone2:2130;Drone3:2195,458.2187,position_sent,send,Drone3
Drone1_e2181,Drone1,Drone1:2181;Drone2:2124;Drone3:2202,458.7453,scanning,local,
Drone3_e2214,Drone3,Drone1:2172;Drone2:2116;Drone3:2214,458.1140,processing,local,
Drone1_e2182,Drone1,Drone1:2182;Drone2:2124;Drone3:2202,458.8460,target_found,local,
Drone1_e2183,Drone1,Drone1:2183;Drone2:2124;Drone3:2202,458.9464,target_found,local,
Drone3_e2215,Drone3,Drone1:2172;Drone2:2116;Drone3:2215,458.3710,processing,local,
Drone3_e2216,Drone3,Drone1:2172;Drone2:2116;Drone3:2216,458.6605,processing,local,
Drone1_e2184,Drone1,Drone1:2184;Drone2:2124;Drone3:2202,459.0045,target_found,send,Drone3
Drone1_e2185,Drone1,Drone1:2185;Drone2:2124;Drone3:2202,459.2578,target_found,send,Drone3
Drone1_e2186,Drone1,Drone1:2186;Drone2:2124;Drone3:2202,459.4947,target_found,send,Drone3
Drone3_e2217,Drone3,Drone1:2172;Drone2:2116;Drone3:2217,458.9010,processing,local,
Drone3_e2218,Drone3,Drone1:2172;Drone2:2116;Drone3:2218,459.1462,processing,local,
Drone1_e2187,Drone1,Drone1:2187;Drone2:2124;Drone3:2202,459.7341,target_found,local,
Drone1_e2188,Drone1,Drone1:2188;Drone2:2124;Drone3:2202,460.0191,target_found,local,
Drone3_e2219,Drone3,Drone1:2172;Drone2:2116;Drone3:2219,459.4406,processing,local,
Drone1_e2189,Drone1,Drone1:2189;Drone2:2124;Drone3:2202,460.1337,target_found,local,
Drone3_e2220,Drone3,Drone1:2172;Drone2:2116;Drone3:2220,459.7020,processing,local,
Drone3_e2221,Drone3,Drone1:2172;Drone2:2116;Drone3:2221,459.8829,processing,local,
Drone2_e2131,Drone2,Drone1:2138;Drone2:2131;Drone3:2195,458.4259,position_sent,local,
Drone1_e2190,Drone1,Drone1:2190;Drone2:2124;Drone3:2202,460.2689,target_found,send,Drone3
Drone2_e2132,Drone2,Drone1:2138;Drone2:2132;Drone3:2195,458.6524,processing,local,
Drone1_e2191,Drone1,Drone1:2191;Drone2:2124;Drone3:2202,460.3605,target_found,local,
Drone3_e2222,Drone3,Drone1:2172;Drone2:2116;Drone3:2222,460.1422,relative_computed,local,
Drone3_e2223,Drone3,Drone1:2172;Drone2:2116;Drone3:2223,460.3101,relative_computed,local,
Drone2_e2133,Drone2,Drone1:2138;Drone2:2133;Drone3:2195,458.7165,processing,local,
Drone1_e2192,Drone1,Drone1:2192;Drone2:2124;Drone3:2202,460.6469,position_measured,local,
Drone1_e2193,Drone1,Drone1:2193;Drone2:2124;Drone3:2202,460.8350,position_measured,local,
Drone3_e2224,Drone3,Drone1:2172;Drone2:2122;Drone3:2224,460.6041,relative_computed,receive,Drone2
Drone1_e2194,Drone1,Drone1:2194;Drone2:2124;Drone3:2202,461.0542,position_measured,send,Drone2
Drone3_e2225,Drone3,Drone1:2172;Drone2:2122;Drone3:2225,460.7502,relative_computed,local,
Drone2_e2134,Drone2,Drone1:2138;Drone2:2134;Drone3:2195,458.7966,processing,local,
Drone1_e2195,Drone1,Drone1:2195;Drone2:2124;Drone3:2202,461.3136,position_measured,local,
Drone1_e2196,Drone1,Drone1:2196;Drone2:2124;Drone3:2202,461.4684,position_measured,local,
Drone1_e2197,Drone1,Drone1:2197;Drone2:2124;Drone3:2202,461.5201,position_measured,local,
Drone2_e2135,Drone2,Drone1:2138;Drone2:2135;Drone3:2195,459.0151,processing,local,
Drone3_e2226,Drone3,Drone1:2172;Drone2:2122;Drone3:2226,460.9963,relative_computed,local,
Drone2_e2136,Drone2,Drone1:2138;Drone2:2136;Drone3:2195,459.1902,processing,local,
Drone1_e2198,Drone1,Drone1:2198;Drone2:2124;Drone3:2202,461.7374,position_measured,send,Drone3
Drone2_e2137,Drone2,Drone1:2194;Drone2:2137;Drone3:2202,461.1575,processing,receive,Drone1
Drone2_e2138,Drone2,Drone1:2194;Drone2:2138;Drone3:2202,461.2481,processing,local,
Drone1_e2199,Drone1,Drone1:2199;Drone2:2124;Drone3:2202,461.7969,position_measured,local,
Drone2_e2139,Drone2,Drone1:2194;Drone2:2139;Drone3:2202,461.4889,processing,local,
Drone3_e2227,Drone3,Drone1:2172;Drone2:2127;Drone3:2227,461.1112,relative_computed,receive,Drone2
Drone3_e2228,Drone3,Drone1:2172;Drone2:2127;Drone3:2228,461.2584,relative_computed,local,
Drone2_e2140,Drone2,Drone1:2194;Drone2:2140;Drone3:2202,461.6281,processing,local,
Drone2_e2141,Drone2,Drone1:2194;Drone2:2141;Drone3:2202,461.7077,processing,local,
Drone3_e2229,Drone3,Drone1:2172;Drone2:2127;Drone3:2229,461.5370,relative_computed,local,
Drone2_e2142,Drone2,Drone1:2194;Drone2:2142;Drone3:2202,461.9926,relative_computed,local,
Drone1_e2200,Drone1,Drone1:2200;Drone2:2124;Drone3:2202,462.0309,position_measured,send,Drone2
Drone2_e2143,Drone2,Drone1:2194;Drone2:2143;Drone3:2202,462.2484,relative_computed,local,
Drone2_e2144,Drone2,Drone1:2200;Drone2:2144;Drone3:2202,462.5304,relative_computed,receive,Drone1
Drone1_e2201,Drone1,Drone1:2201;Drone2:2124;Drone3:2202,462.3257,position_measured,send,Drone2
Drone3_e2230,Drone3,Drone1:2172;Drone2:2127;Drone3:2230,461.6515,relative_computed,local,
Drone1_e2202,Drone1,Drone1:2202;Drone2:2124;Drone3:2202,462.5514,position_sent,send,Drone2
Drone3_e2231,Drone3,Drone1:2184;Drone2:2127;Drone3:2231,461.8460,relative_computed,receive,Drone1
Drone2_e2145,Drone2,Drone1:2200;Drone2:2145;Drone3:2202,462.6536,relative_computed,local,
Drone1_e2203,Drone1,Drone1:2203;Drone2:2124;Drone3:2202,462.6767,position_sent,send,Drone2
Drone1_e2204,Drone1,Drone1:2204;Drone2:2124;Drone3:2202,462.8769,position_sent,local,
Drone1_e2205,Drone1,Drone1:2205;Drone2:2124;Drone3:2202,463.0060,position_sent,local,
Drone1_e2206,Drone1,Drone1:2206;Drone2:2124;Drone3:2202,463.1481,position_sent,send,Drone2
Drone1_e2207,Drone1,Drone1:2207;Drone2:2124;Drone3:2202,463.3780,position_sent,local,
Drone3_e2232,Drone3,Drone1:2184;Drone2:2127;Drone3:2232,461.9930,formation_hold,local,
Drone2_e2146,Drone2,Drone1:2200;Drone2:2146;Drone3:2202,462.9021,relative_computed,local,
Drone1_e2208,Drone1,Drone1:2208;Drone2:2124;Drone3:2202,463.6619,position_sent,local,
Drone2_e2147,Drone2,Drone1:2201;Drone2:2147;Drone3:2202,462.9755,relative_computed,receive,Drone1
Drone2_e2148,Drone2,Drone1:2202;Drone2:2148;Drone3:2202,463.2456,relative_computed,receive,Drone1
Drone2_e2149,Drone2,Drone1:2202;Drone2:2149;Drone3:2202,463.4008,relative_computed,local,
Drone1_e2209,Drone1,Drone1:2209;Drone2:2124;Drone3:2202,463.9170,position_sent,local,
Drone3_e2233,Drone3,Drone1:2184;Drone2:2127;Drone3:2233,462.2569,formation_hold,local,
Drone1_e2210,Drone1,Drone1:2210;Drone2:2124;Drone3:2202,464.0287,position_sent,local,
Drone2_e2150,Drone2,Drone1:2203;Drone2:2150;Drone3:2202,463.4850,relative_computed,receive,Drone1
Drone1_e2211,Drone1,Drone1:2211;Drone2:2124;Drone3:2202,464.3056,position_sent,local,
Drone2_e2151,Drone2,Drone1:2203;Drone2:2151;Drone3:2202,463.5685,relative_computed,local,
Drone3_e2234,Drone3,Drone1:2184;Drone2:2130;Drone3:2234,462.4336,formation_hold,receive,Drone2
Drone2_e2152,Drone2,Drone1:2206;Drone2:2152;Drone3:2202,463.7126,formation_hold,receive,Drone1
Drone3_e2235,Drone3,Drone1:2185;Drone2:2130;Drone3:2235,462.5238,formation_hold,receive,Drone1
Drone3_e2236,Drone3,Drone1:2186;Drone2:2130;Drone3:2236,462.6477,formation_hold,receive,Drone1
Drone2_e2153,Drone2,Drone1:2206;Drone2:2153;Drone3:2202,463.9471,formation_hold,local,
Drone2_e2154,Drone2,Drone1:2206;Drone2:2154;Drone3:2202,464.1028,formation_hold,local,
Drone2_e2155,Drone2,Drone1:2206;Drone2:2155;Drone3:2202,464.1620,formation_hold,local,
Drone1_e2212,Drone1,Drone1:2212;Drone2:2124;Drone3:2202,464.3624,processing,local,
Drone1_e2213,Drone1,Drone1:2213;Drone2:2124;Drone3:2202,464.4431,processing,send,Drone3
Drone2_e2156,Drone2,Drone1:2206;Drone2:2156;Drone3:2202,464.4007,formation_hold,local,
Drone2_e2157,Drone2,Drone1:2206;Drone2:2157;Drone3:2202,464.6110,formation_hold,local,
Drone1_e2214,Drone1,Drone1:2214;Drone2:2124;Drone3:2202,464.6737,processing,local,
Drone1_e2215,Drone1,Drone1:2215;Drone2:2124;Drone3:2202,464.8004,processing,send,Drone3
Drone1_e2216,Drone1,Drone1:2216;Drone2:2124;Drone3:2202,465.0445,processing,local,
Drone2_e2158,Drone2,Drone1:2206;Drone2:2158;Drone3:2202,464.8711,formation_hold,send,Drone1
Drone3_e2237,Drone3,Drone1:2186;Drone2:2130;Drone3:2237,462.8741,formation_hold,local,
Drone3_e2238,Drone3,Drone1:2190;Drone2:2130;Drone3:2238,462.9646,formation_hold,receive,Drone1
Drone1_e2217,Drone1,Drone1:2217;Drone2:2158;Drone3:2202,465.2658,processing,receive,Drone2
Drone2_e2159,Drone2,Drone1:2206;Drone2:2159;Drone3:2202,465.1445,formation_hold,local,
Drone1_e2218,Drone1,Drone1:2218;Drone2:2158;Drone3:2202,465.5243,processing,local,
Drone1_e2219,Drone1,Drone1:2219;Drone2:2158;Drone3:2202,465.6815,processing,local,
Drone1_e2220,Drone1,Drone1:2220;Drone2:2158;Drone3:2202,465.9023,processing,send,Drone3
Drone1_e2221,Drone1,Drone1:2221;Drone2:2158;Drone3:2202,465.9692,processing,local,
Drone3_e2239,Drone3,Drone1:2198;Drone2:2130;Drone3:2239,463.0666,formation_hold,receive,Drone1
Drone3_e2240,Drone3,Drone1:2198;Drone2:2130;Drone3:2240,463.2169,formation_hold,local,
Drone2_e2160,Drone2,Drone1:2206;Drone2:2160;Drone3:2202,465.2840,formation_hold,local,
Drone1_e2222,Drone1,Drone1:2222;Drone2:2158;Drone3:2202,466.1997,relative_computed,send,Drone3
Drone2_e2161,Drone2,Drone1:2206;Drone2:2161;Drone3:2202,465.4356,formation_hold,local,
Drone3_e2241,Drone3,Drone1:2198;Drone2:2130;Drone3:2241,463.4662,formation_hold,local,
Drone3_e2242,Drone3,Drone1:2198;Drone2:2130;Drone3:2242,463.6470,idle,local,
Drone2_e2162,Drone2,Drone1:2206;Drone2:2162;Drone3:2202,465.5440,idle,local,
Drone1_e2223,Drone1,Drone1:2223;Drone2:2158;Drone3:2202,466.4447,relative_computed,local,
Drone1_e2224,Drone1,Drone1:2224;Drone2:2158;Drone3:2202,466.6918,relative_computed,send,Drone3
Drone3_e2243,Drone3,Drone1:2198;Drone2:2130;Drone3:2243,463.9056,idle,local,
Drone1_e2225,Drone1,Drone1:2225;Drone2:2158;Drone3:2202,466.8862,relative_computed,local,
Drone3_e2244,Drone3,Drone1:2213;Drone2:2130;Drone3:2244,464.6421,idle,receive,Drone1
Drone2_e2163,Drone2,Drone1:2206;Drone2:2163;Drone3:2202,465.6584,idle,local,
Drone1_e2226,Drone1,Drone1:2226;Drone2:2158;Drone3:2202,467.1066,relative_computed,local,
Drone3_e2245,Drone3,Drone1:2215;Drone2:2130;Drone3:2245,464.8649,idle,receive,Drone1
Drone2_e2164,Drone2,Drone1:2206;Drone2:2164;Drone3:2202,465.9288,idle,local,
Drone2_e2165,Drone2,Drone1:2206;Drone2:2165;Drone3:2202,466.0649,idle,local,
Drone1_e2227,Drone1,Drone1:2227;Drone2:2158;Drone3:2202,467.1759,relative_computed,local,
Drone3_e2246,Drone3,Drone1:2215;Drone2:2130;Drone3:2246,464.9752,idle,local,
Drone3_e2247,Drone3,Drone1:2220;Drone2:2158;Drone3:2247,466.0715,idle,receive,Drone1
Drone2_e2166,Drone2,Drone1:2206;Drone2:2166;Drone3:2202,466.1475,idle,local,
Drone3_e2248,Drone3,Drone1:2222;Drone2:2158;Drone3:2248,466.4262,idle,receive,Drone1
Drone1_e2228,Drone1,Drone1:2228;Drone2:2158;Drone3:2202,467.2627,relative_computed,local,
Drone1_e2229,Drone1,Drone1:2229;Drone2:2158;Drone3:2202,467.5217,relative_computed,send,Drone2
Drone2_e2167,Drone2,Drone1:2206;Drone2:2167;Drone3:2202,466.3200,idle,local,
Drone3_e2249,Drone3,Drone1:2224;Drone2:2158;Drone3:2249,466.7684,idle,receive,Drone1
Drone1_e2230,Drone1,Drone1:2230;Drone2:2158;Drone3:2202,467.6111,relative_computed,send,Drone3
Drone3_e2250,Drone3,Drone1:2230;Drone2:2158;Drone3:2250,467.7281,idle,receive,Drone1
Drone3_e2251,Drone3,Drone1:2230;Drone2:2158;Drone3:2251,467.9165,idle,local,
Drone1_e2231,Drone1,Drone1:2231;Drone2:2158;Drone3:2202,467.8961,relative_computed,local,
Drone2_e2168,Drone2,Drone1:2206;Drone2:2168;Drone3:2202,466.3720,idle,local,
Drone3_e2252,Drone3,Drone1:2230;Drone2:2158;Drone3:2252,468.0113,scanning,local,
Drone1_e2232,Drone1,Drone1:2232;Drone2:2158;Drone3:2202,468.1328,formation_hold,local,
Drone3_e2253,Drone3,Drone1:2230;Drone2:2158;Drone3:2253,468.0648,scanning,local,
Drone2_e2169,Drone2,Drone1:2229;Drone2:2169;Drone3:2202,467.6388,idle,receive,Drone1
Drone1_e2233,Drone1,Drone1:2233;Drone2:2158;Drone3:2202,468.3999,formation_hold,send,Drone2
Drone2_e2170,Drone2,Drone1:2229;Drone2:2170;Drone3:2202,467.9106,idle,local,
Drone1_e2234,Drone1,Drone1:2234;Drone2:2158;Drone3:2202,468.6514,formation_hold,local,
Drone1_e2235,Drone1,Drone1:2235;Drone2:2158;Drone3:2202,468.7499,formation_hold,local,
Drone1_e2236,Drone1,Drone1:2236;Drone2:2158;Drone3:2202,468.9713,formation_hold,local,
Drone1_e2237,Drone1,Drone1:2237;Drone2:2158;Drone3:2202,469.0734,formation_hold,send,Drone2
Drone2_e2171,Drone2,Drone1:2229;Drone2:2171;Drone3:2202,468.0065,idle,local,
Drone2_e2172,Drone2,Drone1:2233;Drone2:2172;Drone3:2202,468.6631,scanning,receive,Drone1
Drone2_e2173,Drone2,Drone1:2237;Drone2:2173;Drone3:2202,469.3191,scanning,receive,Drone1
Drone2_e2174,Drone2,Drone1:2237;Drone2:2174;Drone3:2202,469.5980,scanning,local,
Drone1_e2238,Drone1,Drone1:2238;Drone2:2158;Drone3:2202,469.3629,formation_hold,local,
Drone1_e2239,Drone1,Drone1:2239;Drone2:2158;Drone3:2202,469.6020,formation_hold,local,
Drone2_e2175,Drone2,Drone1:2237;Drone2:2175;Drone3:2202,469.8683,scanning,send,Drone1
Drone3_e2254,Drone3,Drone1:2230;Drone2:2158;Drone3:2254,468.3192,scanning,local,
Drone3_e2255,Drone3,Drone1:2230;Drone2:2158;Drone3:2255,468.5439,scanning,local,
Drone1_e2240,Drone1,Drone1:2240;Drone2:2158;Drone3:2202,469.7082,formation_hold,local,
Drone2_e2176,Drone2,Drone1:2237;Drone2:2176;Drone3:2202,470.1661,scanning,local,
Drone2_e2177,Drone2,Drone1:2237;Drone2:2177;Drone3:2202,470.2561,scanning,send,Drone1
Drone3_e2256,Drone3,Drone1:2230;Drone2:2158;Drone3:2256,468.6494,scanning,send,Drone2
Drone3_e2257,Drone3,Drone1:2230;Drone2:2158;Drone3:2257,468.7143,scanning,send,Drone2
Drone2_e2178,Drone2,Drone1:2237;Drone2:2178;Drone3:2202,470.4193,scanning,local,
Drone3_e2258,Drone3,Drone1:2230;Drone2:2158;Drone3:2258,468.8072,scanning,local,
Drone1_e2241,Drone1,Drone1:2241;Drone2:2158;Drone3:2202,469.8341,formation_hold,local,
Drone1_e2242,Drone1,Drone1:2242;Drone2:2158;Drone3:2202,469.9503,idle,local,
Drone3_e2259,Drone3,Drone1:2230;Drone2:2158;Drone3:2259,468.9506,scanning,local,
Drone2_e2179,Drone2,Drone1:2237;Drone2:2179;Drone3:2202,470.5957,scanning,local,
Drone3_e2260,Drone3,Drone1:2230;Drone2:2158;Drone3:2260,469.2047,scanning,local,
Drone2_e2180,Drone2,Drone1:2237;Drone2:2180;Drone3:2202,470.8941,scanning,local,
Drone2_e2181,Drone2,Drone1:2237;Drone2:2181;Drone3:2202,470.9495,scanning,local,
Drone1_e2243,Drone1,Drone1:2243;Drone2:2158;Drone3:2202,470.1666,idle,local,
Drone1_e2244,Drone1,Drone1:2244;Drone2:2158;Drone3:2202,470.4272,idle,local,
Drone1_e2245,Drone1,Drone1:2245;Drone2:2158;Drone3:2202,470.5187,idle,local,
Drone1_e2246,Drone1,Drone1:2246;Drone2:2158;Drone3:2202,470.7628,idle,local,
Drone2_e2182,Drone2,Drone1:2237;Drone2:2182;Drone3:2202,471.0591,target_found,local,
Drone1_e2247,Drone1,Drone1:2247;Drone2:2175;Drone3:2202,470.9590,idle,receive,Drone2
Drone1_e2248,Drone1,Drone1:2248;Drone2:2175;Drone3:2202,471.0961,idle,local,
Drone1_e2249,Drone1,Drone1:2249;Drone2:2177;Drone3:2202,471.1478,idle,receive,Drone2
Drone1_e2250,Drone1,Drone1:2250;Drone2:2177;Drone3:2202,471.2080,idle,send,Drone2
Drone2_e2183,Drone2,Drone1:2237;Drone2:2183;Drone3:2202,471.3104,target_found,local,
Drone2_e2184,Drone2,Drone1:2237;Drone2:2184;Drone3:2202,471.3753,target_found,local,
Drone3_e2261,Drone3,Drone1:2230;Drone2:2158;Drone3:2261,469.3112,scanning,local,
Drone2_e2185,Drone2,Drone1:2237;Drone2:2185;Drone3:2256,471.4818,target_found,receive,Drone3
Drone2_e2186,Drone2,Drone1:2237;Drone2:2186;Drone3:2256,471.7351,target_found,local,
Drone3_e2262,Drone3,Drone1:2230;Drone2:2158;Drone3:2262,469.5172,target_found,send,Drone1
Drone1_e2251,Drone1,Drone1:2251;Drone2:2177;Drone3:2262,471.3316,idle,receive,Drone3
Drone1_e2252,Drone1,Drone1:2252;Drone2:2177;Drone3:2262,471.4224,scanning,local,
Drone2_e2187,Drone2,Drone1:2237;Drone2:2187;Drone3:2257,471.8718,target_found,receive,Drone3
Drone3_e2263,Drone3,Drone1:2230;Drone2:2158;Drone3:2263,469.8171,target_found,local,
Drone1_e2253,Drone1,Drone1:2253;Drone2:2177;Drone3:2262,471.6606,scanning,send,Drone3
Drone1_e2254,Drone1,Drone1:2254;Drone2:2177;Drone3:2262,471.8216,scanning,send,Drone2
Drone2_e2188,Drone2,Drone1:2237;Drone2:2188;Drone3:2257,472.0200,target_found,local,
Drone3_e2264,Drone3,Drone1:2230;Drone2:2158;Drone3:2264,469.9006,target_found,local,
Drone1_e2255,Drone1,Drone1:2255;Drone2:2177;Drone3:2262,472.1134,scanning,send,Drone2
Drone2_e2189,Drone2,Drone1:2250;Drone2:2189;Drone3:2257,472.1849,target_found,receive,Drone1
Drone3_e2265,Drone3,Drone1:2253;Drone2:2177;Drone3:2265,471.7270,target_found,receive,Drone1
Drone1_e2256,Drone1,Drone1:2256;Drone2:2177;Drone3:2262,472.3122,scanning,local,
Drone2_e2190,Drone2,Drone1:2250;Drone2:2190;Drone3:2257,472.3765,target_found,local,
Drone2_e2191,Drone2,Drone1:2254;Drone2:2191;Drone3:2262,472.5730,target_found,receive,Drone1
Drone1_e2257,Drone1,Drone1:2257;Drone2:2177;Drone3:2262,472.3812,scanning,local,
Drone1_e2258,Drone1,Drone1:2258;Drone2:2177;Drone3:2262,472.4892,scanning,send,Drone3
Drone2_e2192,Drone2,Drone1:2255;Drone2:2192;Drone3:2262,472.8367,position_measured,receive,Drone1
Drone2_e2193,Drone2,Drone1:2255;Drone2:2193;Drone3:2262,472.9245,position_measured,local,
Drone3_e2266,Drone3,Drone1:2253;Drone2:2177;Drone3:2266,471.8766,target_found,local,
Drone2_e2194,Drone2,Drone1:2255;Drone2:2194;Drone3:2262,473.1498,position_measured,send,Drone1
Drone3_e2267,Drone3,Drone1:2253;Drone2:2177;Drone3:2267,472.0388,target_found,local,
Drone1_e2259,Drone1,Drone1:2259;Drone2:2194;Drone3:2262,473.3648,scanning,receive,Drone2
Drone3_e2268,Drone3,Drone1:2253;Drone2:2177;Drone3:2268,472.1676,target_found,local,
Drone1_e2260,Drone1,Drone1:2260;Drone2:2194;Drone3:2262,473.4563,scanning,send,Drone2
Drone1_e2261,Drone1,Drone1:2261;Drone2:2194;Drone3:2262,473.7214,scanning,send,Drone2
Drone2_e2195,Drone2,Drone1:2260;Drone2:2195;Drone3:2262,473.5741,position_measured,receive,Drone1
Drone3_e2269,Drone3,Drone1:2253;Drone2:2177;Drone3:2269,472.2427,target_found,local,
Drone3_e2270,Drone3,Drone1:2258;Drone2:2177;Drone3:2270,472.7058,target_found,receive,Drone1
Drone1_e2262,Drone1,Drone1:2262;Drone2:2194;Drone3:2262,473.8818,target_found,local,
Drone3_e2271,Drone3,Drone1:2258;Drone2:2177;Drone3:2271,472.7907,target_found,local,
Drone2_e2196,Drone2,Drone1:2260;Drone2:2196;Drone3:2262,473.6558,position_measured,local,
Drone3_e2272,Drone3,Drone1:2258;Drone2:2177;Drone3:2272,473.0557,position_measured,local,
Drone1_e2263,Drone1,Drone1:2263;Drone2:2194;Drone3:2262,474.0572,target_found,local,
Drone1_e2264,Drone1,Drone1:2264;Drone2:2194;Drone3:2262,474.1708,target_found,local,
Drone3_e2273,Drone3,Drone1:2258;Drone2:2177;Drone3:2273,473.3386,position_measured,local,
Drone1_e2265,Drone1,Drone1:2265;Drone2:2194;Drone3:2262,474.4048,target_found,local,
Drone1_e2266,Drone1,Drone1:2266;Drone2:2194;Drone3:2262,474.5905,target_found,local,
Drone2_e2197,Drone2,Drone1:2261;Drone2:2197;Drone3:2262,473.9299,position_measured,receive,Drone1
Drone3_e2274,Drone3,Drone1:2258;Drone2:2177;Drone3:2274,473.6088,position_measured,send,Drone1
Drone1_e2267,Drone1,Drone1:2267;Drone2:2194;Drone3:2262,474.8870,target_found,local,
Drone2_e2198,Drone2,Drone1:2261;Drone2:2198;Drone3:2262,474.0694,position_measured,local,
Drone3_e2275,Drone3,Drone1:2258;Drone2:2177;Drone3:2275,473.7003,position_measured,local,
Drone2_e2199,Drone2,Drone1:2261;Drone2:2199;Drone3:2262,474.2857,position_measured,local,
Drone2_e2200,Drone2,Drone1:2261;Drone2:2200;Drone3:2262,474.4949,position_measured,send,Drone3
Drone2_e2201,Drone2,Drone1:2261;Drone2:2201;Drone3:2262,474.6775,position_measured,local,
Drone3_e2276,Drone3,Drone1:2258;Drone2:2177;Drone3:2276,473.9934,position_measured,local,
Drone2_e2202,Drone2,Drone1:2261;Drone2:2202;Drone3:2262,474.9051,position_sent,local,
Drone2_e2203,Drone2,Drone1:2261;Drone2:2203;Drone3:2262,474.9596,position_sent,send,Drone1
Drone3_e2277,Drone3,Drone1:2261;Drone2:2200;Drone3:2277,474.5762,position_measured,receive,Drone2
Drone3_e2278,Drone3,Drone1:2261;Drone2:2200;Drone3:2278,474.7168,position_measured,local,
Drone1_e2268,Drone1,Drone1:2268;Drone2:2194;Drone3:2262,475.0964,target_found,local,
Drone2_e2204,Drone2,Drone1:2261;Drone2:2204;Drone3:2262,475.0297,position_sent,local,
Drone3_e2279,Drone3,Drone1:2261;Drone2:2200;Drone3:2279,474.9057,position_measured,local,
Drone1_e2269,Drone1,Drone1:2269;Drone2:2194;Drone3:2274,475.1486,target_found,receive,Drone3
Drone1_e2270,Drone1,Drone1:2270;Drone2:2194;Drone3:2274,475.2867,target_found,local,
Drone3_e2280,Drone3,Drone1:2261;Drone2:2200;Drone3:2280,475.0571,position_measured,local,
Drone2_e2205,Drone2,Drone1:2261;Drone2:2205;Drone3:2262,475.2178,position_sent,local,
Drone1_e2271,Drone1,Drone1:2271;Drone2:2194;Drone3:2274,475.3997,target_found,local,
Drone1_e2272,Drone1,Drone1:2272;Drone2:2194;Drone3:2274,475.4724,position_measured,local,
Drone1_e2273,Drone1,Drone1:2273;Drone2:2194;Drone3:2274,475.5838,position_measured,local,
Drone2_e2206,Drone2,Drone1:2261;Drone2:2206;Drone3:2262,475.4163,position_sent,send,Drone1
Drone1_e2274,Drone1,Drone1:2274;Drone2:2194;Drone3:2274,475.7976,position_measured,local,
Drone2_e2207,Drone2,Drone1:2261;Drone2:2207;Drone3:2262,475.4762,position_sent,send,Drone3
Drone2_e2208,Drone2,Drone1:2261;Drone2:2208;Drone3:2262,475.5918,position_sent,local,
Drone2_e2209,Drone2,Drone1:2261;Drone2:2209;Drone3:2262,475.6549,position_sent,local,
Drone3_e2281,Drone3,Drone1:2261;Drone2:2207;Drone3:2281,475.5725,position_measured,receive,Drone2
Drone2_e2210,Drone2,Drone1:2261;Drone2:2210;Drone3:2262,475.8667,position_sent,local,
Drone1_e2275,Drone1,Drone1:2275;Drone2:2194;Drone3:2274,476.0012,position_measured,local,
Drone1_e2276,Drone1,Drone1:2276;Drone2:2194;Drone3:2274,476.0723,position_measured,local,
Drone1_e2277,Drone1,Drone1:2277;Drone2:2203;Drone3:2274,476.2570,position_measured,receive,Drone2
Drone1_e2278,Drone1,Drone1:2278;Drone2:2206;Drone3:2274,476.5161,position_measured,receive,Drone2
Drone1_e2279,Drone1,Drone1:2279;Drone2:2206;Drone3:2274,476.6617,position_measured,send,Drone2
Drone1_e2280,Drone1,Drone1:2280;Drone2:2206;Drone3:2274,476.8166,position_measured,local,
Drone1_e2281,Drone1,Drone1:2281;Drone2:2206;Drone3:2274,476.9025,position_measured,local,
Drone2_e2211,Drone2,Drone1:2261;Drone2:2211;Drone3:2262,475.9968,position_sent,local,
Drone2_e2212,Drone2,Drone1:2261;Drone2:2212;Drone3:2262,476.2777,processing,local,
Drone3_e2282,Drone3,Drone1:2261;Drone2:2207;Drone3:2282,475.8326,position_sent,local,
Drone2_e2213,Drone2,Drone1:2261;Drone2:2213;Drone3:2262,476.5452,processing,local,
Drone2_e2214,Drone2,Drone1:2279;Drone2:2214;Drone3:2274,476.7143,processing,receive,Drone1
Drone3_e2283,Drone3,Drone1:2261;Drone2:2207;Drone3:2283,475.9984,position_sent,local,
Drone1_e2282,Drone1,Drone1:2282;Drone2:2206;Drone3:2274,477.0637,position_sent,send,Drone2
Drone2_e2215,Drone2,Drone1:2279;Drone2:2215;Drone3:2274,476.9786,processing,local,
Drone3_e2284,Drone3,Drone1:2261;Drone2:2207;Drone3:2284,476.2450,position_sent,send,Drone1
Drone1_e2283,Drone1,Drone1:2283;Drone2:2207;Drone3:2284,477.1845,position_sent,receive,Drone3
Drone1_e2284,Drone1,Drone1:2284;Drone2:2207;Drone3:2284,477.3094,position_sent,local,
Drone1_e2285,Drone1,Drone1:2285;Drone2:2207;Drone3:2284,477.4567,position_sent,local,
Drone2_e2216,Drone2,Drone1:2279;Drone2:2216;Drone3:2274,477.1005,processing,local,
Drone3_e2285,Drone3,Drone1:2261;Drone2:2207;Drone3:2285,476.4110,position_sent,send,Drone1
Drone3_e2286,Drone3,Drone1:2261;Drone2:2207;Drone3:2286,476.5918,position_sent,local,
Drone2_e2217,Drone2,Drone1:2279;Drone2:2217;Drone3:2274,477.3741,processing,local,
Drone1_e2286,Drone1,Drone1:2286;Drone2:2207;Drone3:2284,477.6798,position_sent,local,
Drone2_e2218,Drone2,Drone1:2279;Drone2:2218;Drone3:2274,477.4691,processing,local,
Drone1_e2287,Drone1,Drone1:2287;Drone2:2207;Drone3:2284,477.9498,position_sent,local,
Drone1_e2288,Drone1,Drone1:2288;Drone2:2207;Drone3:2284,478.2144,position_sent,local,
Drone1_e2289,Drone1,Drone1:2289;Drone2:2207;Drone3:2284,478.3747,position_sent,local,
Drone1_e2290,Drone1,Drone1:2290;Drone2:2207;Drone3:2284,478.5483,position_sent,local,
Drone3_e2287,Drone3,Drone1:2261;Drone2:2207;Drone3:2287,476.6850,position_sent,local,
Drone3_e2288,Drone3,Drone1:2261;Drone2:2207;Drone3:2288,476.8067,position_sent,send,Drone1
Drone1_e2291,Drone1,Drone1:2291;Drone2:2207;Drone3:2284,478.6650,position_sent,local,
Drone2_e2219,Drone2,Drone1:2282;Drone2:2219;Drone3:2274,477.5612,processing,receive,Drone1
Drone2_e2220,Drone2,Drone1:2282;Drone2:2220;Drone3:2274,477.8064,processing,local,
Drone1_e2292,Drone1,Drone1:2292;Drone2:2207;Drone3:2284,478.8122,processing,local,
Drone2_e2221,Drone2,Drone1:2282;Drone2:2221;Drone3:2274,478.0466,processing,local,
Drone1_e2293,Drone1,Drone1:2293;Drone2:2207;Drone3:2285,479.0554,processing,receive,Drone3
Drone2_e2222,Drone2,Drone1:2282;Drone2:2222;Drone3:2274,478.1912,relative_computed,local,
Drone1_e2294,Drone1,Drone1:2294;Drone2:2207;Drone3:2285,479.2473,processing,local,
Drone2_e2223,Drone2,Drone1:2282;Drone2:2223;Drone3:2274,478.2845,relative_computed,local,
Drone3_e2289,Drone3,Drone1:2261;Drone2:2207;Drone3:2289,477.0332,position_sent,local,
Drone1_e2295,Drone1,Drone1:2295;Drone2:2207;Drone3:2285,479.5421,processing,local,
Drone1_e2296,Drone1,Drone1:2296;Drone2:2207;Drone3:2285,479.6489,processing,local,
Drone2_e2224,Drone2,Drone1:2282;Drone2:2224;Drone3:2274,478.4127,relative_computed,local,
Drone3_e2290,Drone3,Drone1:2261;Drone2:2207;Drone3:2290,477.1268,position_sent,local,
Drone2_e2225,Drone2,Drone1:2282;Drone2:2225;Drone3:2274,478.5213,relative_computed,local,
Drone3_e2291,Drone3,Drone1:2261;Drone2:2207;Drone3:2291,477.3856,position_sent,local,
Drone1_e2297,Drone1,Drone1:2297;Drone2:2207;Drone3:2285,479.7540,processing,local,
Drone3_e2292,Drone3,Drone1:2261;Drone2:2207;Drone3:2292,477.4481,processing,send,Drone2
Drone2_e2226,Drone2,Drone1:2282;Drone2:2226;Drone3:2274,478.7301,relative_computed,local,
Drone3_e2293,Drone3,Drone1:2261;Drone2:2207;Drone3:2293,477.6120,processing,send,Drone1
Drone3_e2294,Drone3,Drone1:2261;Drone2:2207;Drone3:2294,477.7763,processing,send,Drone1
Drone2_e2227,Drone2,Drone1:2282;Drone2:2227;Drone3:2274,478.8007,relative_computed,local,
Drone2_e2228,Drone2,Drone1:2282;Drone2:2228;Drone3:2274,479.0914,relative_computed,local,
Drone2_e2229,Drone2,Drone1:2282;Drone2:2229;Drone3:2274,479.2055,relative_computed,local,
Drone2_e2230,Drone2,Drone1:2282;Drone2:2230;Drone3:2274,479.2884,relative_computed,local,
Drone2_e2231,Drone2,Drone1:2282;Drone2:2231;Drone3:2274,479.4394,relative_computed,local,
Drone1_e2298,Drone1,Drone1:2298;Drone2:2207;Drone3:2288,480.0246,processing,receive,Drone3
Drone1_e2299,Drone1,Drone1:2299;Drone2:2207;Drone3:2288,480.2787,processing,local,
Drone3_e2295,Drone3,Drone1:2261;Drone2:2207;Drone3:2295,477.8347,processing,local,
Drone1_e2300,Drone1,Drone1:2300;Drone2:2207;Drone3:2293,480.5598,processing,receive,Drone3
Drone1_e2301,Drone1,Drone1:2301;Drone2:2207;Drone3:2293,480.6373,processing,local,
Drone3_e2296,Drone3,Drone1:2261;Drone2:2207;Drone3:2296,477.8949,processing,local,
Drone2_e2232,Drone2,Drone1:2282;Drone2:2232;Drone3:2274,479.6988,formation_hold,local,
Drone2_e2233,Drone2,Drone1:2282;Drone2:2233;Drone3:2292,479.8397,formation_hold,receive,Drone3
Drone2_e2234,Drone2,Drone1:2282;Drone2:2234;Drone3:2292,479.9466,formation_hold,send,Drone1
Drone1_e2302,Drone1,Drone1:2302;Drone2:2207;Drone3:2293,480.9160,relative_computed,local,
Drone3_e2297,Drone3,Drone1:2261;Drone2:2207;Drone3:2297,477.9977,processing,local,
Drone2_e2235,Drone2,Drone1:2282;Drone2:2235;Drone3:2292,480.1066,formation_hold,local,
Drone1_e2303,Drone1,Drone1:2303;Drone2:2207;Drone3:2294,481.0838,relative_computed,receive,Drone3
Drone1_e2304,Drone1,Drone1:2304;Drone2:2207;Drone3:2294,481.1677,relative_computed,local,
Drone3_e2298,Drone3,Drone1:2261;Drone2:2207;Drone3:2298,478.2697,processing,send,Drone2
Drone2_e2236,Drone2,Drone1:2282;Drone2:2236;Drone3:2292,480.3172,formation_hold,local,
Drone1_e2305,Drone1,Drone1:2305;Drone2:2207;Drone3:2294,481.4105,relative_computed,local,
Drone2_e2237,Drone2,Drone1:2282;Drone2:2237;Drone3:2292,480.4940,formation_hold,local,
Drone2_e2238,Drone2,Drone1:2282;Drone2:2238;Drone3:2298,480.7131,formation_hold,receive,Drone3
Drone1_e2306,Drone1,Drone1:2306;Drone2:2234;Drone3:2294,481.6036,relative_computed,receive,Drone2
Drone1_e2307,Drone1,Drone1:2307;Drone2:2234;Drone3:2294,481.8569,relative_computed,local,
Drone3_e2299,Drone3,Drone1:2261;Drone2:2207;Drone3:2299,478.4742,processing,local,
Drone3_e2300,Drone3,Drone1:2261;Drone2:2207;Drone3:2300,478.7710,processing,local,
Drone1_e2308,Drone1,Drone1:2308;Drone2:2234;Drone3:2294,481.9856,relative_computed,local,
Drone3_e2301,Drone3,Drone1:2261;Drone2:2207;Drone3:2301,478.8265,processing,local,
Drone3_e2302,Drone3,Drone1:2261;Drone2:2207;Drone3:2302,479.0193,relative_computed,local,
Drone1_e2309,Drone1,Drone1:2309;Drone2:2234;Drone3:2294,482.2093,relative_computed,local,
Drone1_e2310,Drone1,Drone1:2310;Drone2:2234;Drone3:2294,482.4505,relative_computed,send,Drone3
Drone1_e2311,Drone1,Drone1:2311;Drone2:2234;Drone3:2294,482.6009,relative_computed,local,
Drone3_e2303,Drone3,Drone1:2261;Drone2:2207;Drone3:2303,479.1710,relative_computed,local,
Drone1_e2312,Drone1,Drone1:2312;Drone2:2234;Drone3:2294,482.8415,formation_hold,send,Drone2
Drone2_e2239,Drone2,Drone1:2282;Drone2:2239;Drone3:2298,480.9075,formation_hold,local,
Drone3_e2304,Drone3,Drone1:2261;Drone2:2207;Drone3:2304,479.2247,relative_computed,local,
Drone1_e2313,Drone1,Drone1:2313;Drone2:2234;Drone3:2294,483.0366,formation_hold,local,
Drone1_e2314,Drone1,Drone1:2314;Drone2:2234;Drone3:2294,483.2138,formation_hold,local,
Drone3_e2305,Drone3,Drone1:2310;Drone2:2234;Drone3:2305,482.6231,relative_computed,receive,Drone1
Drone3_e2306,Drone3,Drone1:2310;Drone2:2234;Drone3:2306,482.9146,relative_computed,send,Drone2
Drone1_e2315,Drone1,Drone1:2315;Drone2:2234;Drone3:2294,483.3222,formation_hold,local,
Drone1_e2316,Drone1,Drone1:2316;Drone2:2234;Drone3:2294,483.6008,formation_hold,local,
Drone1_e2317,Drone1,Drone1:2317;Drone2:2234;Drone3:2294,483.8564,formation_hold,local,
Drone2_e2240,Drone2,Drone1:2282;Drone2:2240;Drone3:2298,481.0004,formation_hold,local,
Drone3_e2307,Drone3,Drone1:2310;Drone2:2234;Drone3:2307,483.0162,relative_computed,send,Drone1
Drone3_e2308,Drone3,Drone1:2310;Drone2:2234;Drone3:2308,483.2379,relative_computed,local,
Drone3_e2309,Drone3,Drone1:2310;Drone2:2234;Drone3:2309,483.4565,relative_computed,send,Drone1
Drone1_e2318,Drone1,Drone1:2318;Drone2:2234;Drone3:2294,483.9820,formation_hold,local,
Drone3_e2310,Drone3,Drone1:2310;Drone2:2234;Drone3:2310,483.5114,relative_computed,local,
Drone2_e2241,Drone2,Drone1:2312;Drone2:2241;Drone3:2298,483.0039,formation_hold,receive,Drone1
Drone2_e2242,Drone2,Drone1:2312;Drone2:2242;Drone3:2298,483.0698,idle,local,
Drone2_e2243,Drone2,Drone1:2312;Drone2:2243;Drone3:2298,483.2296,idle,local,
Drone1_e2319,Drone1,Drone1:2319;Drone2:2234;Drone3:2307,484.2716,formation_hold,receive,Drone3
Drone2_e2244,Drone2,Drone1:2312;Drone2:2244;Drone3:2306,483.4443,idle,receive,Drone3
Drone1_e2320,Drone1,Drone1:2320;Drone2:2234;Drone3:2307,484.4960,formation_hold,local,
Drone3_e2311,Drone3,Drone1:2310;Drone2:2234;Drone3:2311,483.7465,relative_computed,local,
Drone2_e2245,Drone2,Drone1:2312;Drone2:2245;Drone3:2306,483.5222,idle,local,
Drone2_e2246,Drone2,Drone1:2312;Drone2:2246;Drone3:2306,483.8040,idle,local,
Drone2_e2247,Drone2,Drone1:2312;Drone2:2247;Drone3:2306,484.0925,idle,local,
Drone2_e2248,Drone2,Drone1:2312;Drone2:2248;Drone3:2306,484.3120,idle,local,
Drone2_e2249,Drone2,Drone1:2312;Drone2:2249;Drone3:2306,484.4939,idle,local,
Drone1_e2321,Drone1,Drone1:2321;Drone2:2234;Drone3:2309,484.7666,formation_hold,receive,Drone3
Drone3_e2312,Drone3,Drone1:2310;Drone2:2234;Drone3:2312,483.9610,formation_hold,local,
Drone3_e2313,Drone3,Drone1:2310;Drone2:2234;Drone3:2313,484.0931,formation_hold,local,
Drone1_e2322,Drone1,Drone1:2322;Drone2:2234;Drone3:2309,485.0103,idle,local,
Drone1_e2323,Drone1,Drone1:2323;Drone2:2234;Drone3:2309,485.2945,idle,local,
Drone1_e2324,Drone1,Drone1:2324;Drone2:2234;Drone3:2309,485.4191,idle,local,
Drone2_e2250,Drone2,Drone1:2312;Drone2:2250;Drone3:2306,484.5948,idle,local,
Drone3_e2314,Drone3,Drone1:2310;Drone2:2234;Drone3:2314,484.1510,formation_hold,local,
Drone3_e2315,Drone3,Drone1:2310;Drone2:2234;Drone3:2315,484.4412,formation_hold,local,
Drone1_e2325,Drone1,Drone1:2325;Drone2:2234;Drone3:2309,485.5696,idle,local,
Drone3_e2316,Drone3,Drone1:2310;Drone2:2234;Drone3:2316,484.6288,formation_hold,send,Drone2
Drone3_e2317,Drone3,Drone1:2310;Drone2:2234;Drone3:2317,484.7528,formation_hold,local,
Drone2_e2251,Drone2,Drone1:2312;Drone2:2251;Drone3:2306,484.7263,idle,local,
Drone1_e2326,Drone1,Drone1:2326;Drone2:2234;Drone3:2309,485.6244,idle,local,
Drone1_e2327,Drone1,Drone1:2327;Drone2:2234;Drone3:2309,485.8394,idle,local,
Drone2_e2252,Drone2,Drone1:2312;Drone2:2252;Drone3:2306,484.8223,scanning,local,
Drone3_e2318,Drone3,Drone1:2310;Drone2:2234;Drone3:2318,484.8717,formation_hold,local,
Drone1_e2328,Drone1,Drone1:2328;Drone2:2234;Drone3:2309,485.8899,idle,local,
Drone3_e2319,Drone3,Drone1:2310;Drone2:2234;Drone3:2319,485.1015,formation_hold,local,
Drone2_e2253,Drone2,Drone1:2312;Drone2:2253;Drone3:2306,484.9152,scanning,local,
Drone2_e2254,Drone2,Drone1:2312;Drone2:2254;Drone3:2306,484.9983,scanning,local,
Drone3_e2320,Drone3,Drone1:2310;Drone2:2234;Drone3:2320,485.3617,formation_hold,send,Drone1
Drone1_e2329,Drone1,Drone1:2329;Drone2:2234;Drone3:2309,486.0540,idle,local,
Drone3_e2321,Drone3,Drone1:2310;Drone2:2234;Drone3:2321,485.4555,formation_hold,local,
Drone2_e2255,Drone2,Drone1:2312;Drone2:2255;Drone3:2316,485.1184,scanning,receive,Drone3
Drone1_e2330,Drone1,Drone1:2330;Drone2:2234;Drone3:2320,486.2615,idle,receive,Drone3
Drone1_e2331,Drone1,Drone1:2331;Drone2:2234;Drone3:2320,486.3950,idle,local,
Drone3_e2322,Drone3,Drone1:2310;Drone2:2234;Drone3:2322,485.7242,idle,local,
Drone1_e2332,Drone1,Drone1:2332;Drone2:2234;Drone3:2320,486.6290,scanning,send,Drone2
Drone2_e2256,Drone2,Drone1:2312;Drone2:2256;Drone3:2316,485.4010,scanning,local,
Drone1_e2333,Drone1,Drone1:2333;Drone2:2234;Drone3:2320,486.7327,scanning,send,Drone3
Drone3_e2323,Drone3,Drone1:2333;Drone2:2234;Drone3:2323,487.0174,idle,receive,Drone1
Drone1_e2334,Drone1,Drone1:2334;Drone2:2234;Drone3:2320,486.8974,scanning,local,
Drone1_e2335,Drone1,Drone1:2335;Drone2:2234;Drone3:2320,487.0898,scanning,send,Drone3
Drone2_e2257,Drone2,Drone1:2312;Drone2:2257;Drone3:2316,485.6828,scanning,local,
Drone1_e2336,Drone1,Drone1:2336;Drone2:2234;Drone3:2320,487.3021,scanning,send,Drone3
Drone2_e2258,Drone2,Drone1:2332;Drone2:2258;Drone3:2320,486.7396,scanning,receive,Drone1
Drone2_e2259,Drone2,Drone1:2332;Drone2:2259;Drone3:2320,486.8001,scanning,send,Drone3
Drone2_e2260,Drone2,Drone1:2332;Drone2:2260;Drone3:2320,486.9140,scanning,send,Drone3
Drone1_e2337,Drone1,Drone1:2337;Drone2:2234;Drone3:2320,487.5559,scanning,local,
Drone2_e2261,Drone2,Drone1:2332;Drone2:2261;Drone3:2320,487.0336,scanning,local,
Drone1_e2338,Drone1,Drone1:2338;Drone2:2234;Drone3:2320,487.8243,scanning,local,
Drone3_e2324,Drone3,Drone1:2335;Drone2:2234;Drone3:2324,487.1695,idle,receive,Drone1
Drone3_e2325,Drone3,Drone1:2335;Drone2:2234;Drone3:2325,487.4691,idle,local,
Drone1_e2339,Drone1,Drone1:2339;Drone2:2234;Drone3:2320,487.9434,scanning,local,
Drone3_e2326,Drone3,Drone1:2335;Drone2:2234;Drone3:2326,487.5571,idle,local,
Drone1_e2340,Drone1,Drone1:2340;Drone2:2234;Drone3:2320,488.0511,scanning,local,
Drone1_e2341,Drone1,Drone1:2341;Drone2:2234;Drone3:2320,488.3028,scanning,local,
Drone3_e2327,Drone3,Drone1:2335;Drone2:2234;Drone3:2327,487.8497,idle,local,
Drone2_e2262,Drone2,Drone1:2332;Drone2:2262;Drone3:2320,487.1160,target_found,send,Drone1
Drone3_e2328,Drone3,Drone1:2335;Drone2:2259;Drone3:2328,488.1416,idle,receive,Drone2
Drone3_e2329,Drone3,Drone1:2335;Drone2:2259;Drone3:2329,488.2253,idle,local,
Drone1_e2342,Drone1,Drone1:2342;Drone2:2234;Drone3:2320,488.3993,target_found,local,
Drone3_e2330,Drone3,Drone1:2336;Drone2:2259;Drone3:2330,488.5156,idle,receive,Drone1
Drone3_e2331,Drone3,Drone1:2336;Drone2:2259;Drone3:2331,488.5684,idle,local,
Drone2_e2263,Drone2,Drone1:2332;Drone2:2263;Drone3:2320,487.4076,target_found,local,
Drone3_e2332,Drone3,Drone1:2336;Drone2:2259;Drone3:2332,488.6626,scanning,local,
Drone2_e2264,Drone2,Drone1:2332;Drone2:2264;Drone3:2320,487.7039,target_found,local,
Drone3_e2333,Drone3,Drone1:2336;Drone2:2259;Drone3:2333,488.7512,scanning,local,
Drone3_e2334,Drone3,Drone1:2336;Drone2:2259;Drone3:2334,489.0391,scanning,local,
Drone3_e2335,Drone3,Drone1:2336;Drone2:2260;Drone3:2335,489.2769,scanning,receive,Drone2
Drone3_e2336,Drone3,Drone1:2336;Drone2:2260;Drone3:2336,489.5701,scanning,local,
Drone3_e2337,Drone3,Drone1:2336;Drone2:2260;Drone3:2337,489.7976,scanning,local,
Drone2_e2265,Drone2,Drone1:2332;Drone2:2265;Drone3:2320,487.8469,target_found,local,
Drone2_e2266,Drone2,Drone1:2332;Drone2:2266;Drone3:2320,487.9587,target_found,send,Drone1
Drone3_e2338,Drone3,Drone1:2336;Drone2:2260;Drone3:2338,490.0714,scanning,send,Drone2
Drone1_e2343,Drone1,Drone1:2343;Drone2:2262;Drone3:2320,488.6001,target_found,receive,Drone2
Drone3_e2339,Drone3,Drone1:2336;Drone2:2260;Drone3:2339,490.1601,scanning,send,Drone1
Drone1_e2344,Drone1,Drone1:2344;Drone2:2262;Drone3:2320,488.6574,target_found,local,
Drone1_e2345,Drone1,Drone1:2345;Drone2:2266;Drone3:2320,488.8705,target_found,receive,Drone2
Drone3_e2340,Drone3,Drone1:2336;Drone2:2260;Drone3:2340,490.4426,scanning,local,
Drone1_e2346,Drone1,Drone1:2346;Drone2:2266;Drone3:2320,489.1016,target_found,local,
Drone1_e2347,Drone1,Drone1:2347;Drone2:2266;Drone3:2320,489.2278,target_found,local,
Drone3_e2341,Drone3,Drone1:2336;Drone2:2260;Drone3:2341,490.7058,scanning,local,
Drone2_e2267,Drone2,Drone1:2332;Drone2:2267;Drone3:2320,488.1497,target_found,local,
Drone1_e2348,Drone1,Drone1:2348;Drone2:2266;Drone3:2339,490.2611,target_found,receive,Drone3
Drone3_e2342,Drone3,Drone1:2336;Drone2:2260;Drone3:2342,490.7939,target_found,local,
Drone3_e2343,Drone3,Drone1:2336;Drone2:2260;Drone3:2343,490.9614,target_found,local,
Drone1_e2349,Drone1,Drone1:2349;Drone2:2266;Drone3:2339,490.4462,target_found,local,
Drone3_e2344,Drone3,Drone1:2336;Drone2:2260;Drone3:2344,491.1792,target_found,local,
Drone2_e2268,Drone2,Drone1:2336;Drone2:2268;Drone3:2338,490.1956,target_found,receive,Drone3
Drone1_e2350,Drone1,Drone1:2350;Drone2:2266;Drone3:2339,490.7386,target_found,local,
Drone3_e2345,Drone3,Drone1:2336;Drone2:2260;Drone3:2345,491.2876,target_found,send,Drone1
Drone1_e2351,Drone1,Drone1:2351;Drone2:2266;Drone3:2345,491.5860,target_found,receive,Drone3
Drone2_e2269,Drone2,Drone1:2336;Drone2:2269;Drone3:2338,490.4457,target_found,local,
Drone3_e2346,Drone3,Drone1:2336;Drone2:2260;Drone3:2346,491.4773,target_found,local,
Drone3_e2347,Drone3,Drone1:2336;Drone2:2260;Drone3:2347,491.7561,target_found,local,
Drone3_e2348,Drone3,Drone1:2336;Drone2:2260;Drone3:2348,492.0130,target_found,local,
Drone3_e2349,Drone3,Drone1:2336;Drone2:2260;Drone3:2349,492.3077,target_found,local,
Drone1_e2352,Drone1,Drone1:2352;Drone2:2266;Drone3:2345,491.8503,position_measured,local,
Drone2_e2270,Drone2,Drone1:2336;Drone2:2270;Drone3:2338,490.7155,target_found,local,
Drone1_e2353,Drone1,Drone1:2353;Drone2:2266;Drone3:2345,491.9914,position_measured,local,
Drone3_e2350,Drone3,Drone1:2336;Drone2:2260;Drone3:2350,492.4699,target_found,local,
Drone2_e2271,Drone2,Drone1:2336;Drone2:2271;Drone3:2338,490.9997,target_found,local,
Drone2_e2272,Drone2,Drone1:2336;Drone2:2272;Drone3:2338,491.2942,position_measured,local,
Drone1_e2354,Drone1,Drone1:2354;Drone2:2266;Drone3:2345,492.2043,position_measured,local,
Drone3_e2351,Drone3,Drone1:2336;Drone2:2260;Drone3:2351,492.7127,target_found,local,
Drone1_e2355,Drone1,Drone1:2355;Drone2:2266;Drone3:2345,492.4532,position_measured,local,
Drone2_e2273,Drone2,Drone1:2336;Drone2:2273;Drone3:2338,491.3743,position_measured,local,
Drone1_e2356,Drone1,Drone1:2356;Drone2:2266;Drone3:2345,492.7443,position_measured,local,
Drone3_e2352,Drone3,Drone1:2336;Drone2:2260;Drone3:2352,492.9753,position_measured,send,Drone2
Drone1_e2357,Drone1,Drone1:2357;Drone2:2266;Drone3:2345,492.9168,position_measured,send,Drone3
Drone1_e2358,Drone1,Drone1:2358;Drone2:2266;Drone3:2345,492.9851,position_measured,local,
Drone2_e2274,Drone2,Drone1:2336;Drone2:2274;Drone3:2352,493.0468,position_measured,receive,Drone3
Drone3_e2353,Drone3,Drone1:2336;Drone2:2260;Drone3:2353,493.0701,position_measured,local,
Drone1_e2359,Drone1,Drone1:2359;Drone2:2266;Drone3:2345,493.2435,position_measured,send,Drone3
Drone3_e2354,Drone3,Drone1:2336;Drone2:2260;Drone3:2354,493.2695,position_measured,local,
Drone1_e2360,Drone1,Drone1:2360;Drone2:2266;Drone3:2345,493.4224,position_measured,local,
Drone1_e2361,Drone1,Drone1:2361;Drone2:2266;Drone3:2345,493.5198,position_measured,send,Drone2
Drone3_e2355,Drone3,Drone1:2357;Drone2:2266;Drone3:2355,493.5325,position_measured,receive,Drone1
Drone2_e2275,Drone2,Drone1:2361;Drone2:2275;Drone3:2352,493.6415,position_measured,receive,Drone1
Drone3_e2356,Drone3,Drone1:2359;Drone2:2266;Drone3:2356,493.7058,position_measured,receive,Drone1
Drone1_e2362,Drone1,Drone1:2362;Drone2:2266;Drone3:2345,493.8095,position_sent,local,
Drone2_e2276,Drone2,Drone1:2361;Drone2:2276;Drone3:2352,493.8851,position_measured,local,
Drone2_e2277,Drone2,Drone1:2361;Drone2:2277;Drone3:2352,494.1659,position_measured,local,
Drone1_e2363,Drone1,Drone1:2363;Drone2:2266;Drone3:2345,493.9771,position_sent,local,
Drone2_e2278,Drone2,Drone1:2361;Drone2:2278;Drone3:2352,494.4125,position_measured,send,Drone1
Drone3_e2357,Drone3,Drone1:2359;Drone2:2266;Drone3:2357,493.7783,position_measured,send,Drone2
Drone3_e2358,Drone3,Drone1:2359;Drone2:2266;Drone3:2358,494.0442,position_measured,send,Drone1
Drone3_e2359,Drone3,Drone1:2359;Drone2:2266;Drone3:2359,494.1612,position_measured,local,
Drone2_e2279,Drone2,Drone1:2361;Drone2:2279;Drone3:2357,494.4717,position_measured,receive,Drone3
Drone1_e2364,Drone1,Drone1:2364;Drone2:2266;Drone3:2345,494.1156,position_sent,local,
Drone1_e2365,Drone1,Drone1:2365;Drone2:2278;Drone3:2352,494.6447,position_sent,receive,Drone2
Drone1_e2366,Drone1,Drone1:2366;Drone2:2278;Drone3:2358,494.7598,position_sent,receive,Drone3
Drone3_e2360,Drone3,Drone1:2359;Drone2:2266;Drone3:2360,494.3093,position_measured,local,
Drone2_e2280,Drone2,Drone1:2361;Drone2:2280;Drone3:2357,494.7522,position_measured,send,Drone1
Drone1_e2367,Drone1,Drone1:2367;Drone2:2278;Drone3:2358,495.0151,position_sent,local,
Drone1_e2368,Drone1,Drone1:2368;Drone2:2280;Drone3:2358,495.2121,position_sent,receive,Drone2
Drone1_e2369,Drone1,Drone1:2369;Drone2:2280;Drone3:2358,495.3418,position_sent,local,
Drone2_e2281,Drone2,Drone1:2361;Drone2:2281;Drone3:2357,495.0484,position_measured,send,Drone3
Drone1_e2370,Drone1,Drone1:2370;Drone2:2280;Drone3:2358,495.5890,position_sent,local,
Drone3_e2361,Drone3,Drone1:2361;Drone2:2281;Drone3:2361,495.2994,position_measured,receive,Drone2
Drone1_e2371,Drone1,Drone1:2371;Drone2:2280;Drone3:2358,495.7861,position_sent,local,
Drone2_e2282,Drone2,Drone1:2361;Drone2:2282;Drone3:2357,495.2901,position_sent,local,
Drone3_e2362,Drone3,Drone1:2361;Drone2:2281;Drone3:2362,495.4091,position_sent,local,
Drone2_e2283,Drone2,Drone1:2361;Drone2:2283;Drone3:2357,495.4761,position_sent,local,
Drone2_e2284,Drone2,Drone1:2361;Drone2:2284;Drone3:2357,495.5958,position_sent,local,
Drone3_e2363,Drone3,Drone1:2361;Drone2:2281;Drone3:2363,495.6241,position_sent,local,
Drone3_e2364,Drone3,Drone1:2361;Drone2:2281;Drone3:2364,495.7120,position_sent,local,
Drone2_e2285,Drone2,Drone1:2361;Drone2:2285;Drone3:2357,495.6685,position_sent,send,Drone3
Drone2_e2286,Drone2,Drone1:2361;Drone2:2286;Drone3:2357,495.8958,position_sent,send,Drone3
Drone1_e2372,Drone1,Drone1:2372;Drone2:2280;Drone3:2358,496.0167,processing,local,
Drone2_e2287,Drone2,Drone1:2361;Drone2:2287;Drone3:2357,495.9788,position_sent,local,
Drone1_e2373,Drone1,Drone1:2373;Drone2:2280;Drone3:2358,496.2179,processing,local,
Drone2_e2288,Drone2,Drone1:2361;Drone2:2288;Drone3:2357,496.1546,position_sent,send,Drone1
Drone3_e2365,Drone3,Drone1:2361;Drone2:2281;Drone3:2365,495.9525,position_sent,local,
Drone2_e2289,Drone2,Drone1:2361;Drone2:2289;Drone3:2357,496.3310,position_sent,local,
Drone3_e2366,Drone3,Drone1:2361;Drone2:2281;Drone3:2366,496.2506,position_sent,local,
Drone1_e2374,Drone1,Drone1:2374;Drone2:2280;Drone3:2358,496.2782,processing,local,
Drone3_e2367,Drone3,Drone1:2361;Drone2:2281;Drone3:2367,496.4505,position_sent,local,
Drone3_e2368,Drone3,Drone1:2361;Drone2:2285;Drone3:2368,496.7169,position_sent,receive,Drone2
Drone1_e2375,Drone1,Drone1:2375;Drone2:2288;Drone3:2358,496.5309,processing,receive,Drone2
Drone2_e2290,Drone2,Drone1:2361;Drone2:2290;Drone3:2357,496.5153,position_sent,send,Drone3
Drone3_e2369,Drone3,Drone1:2361;Drone2:2286;Drone3:2369,496.8526,position_sent,receive,Drone2
Drone2_e2291,Drone2,Drone1:2361;Drone2:2291;Drone3:2357,496.5931,position_sent,send,Drone1
Drone3_e2370,Drone3,Drone1:2361;Drone2:2286;Drone3:2370,496.9764,position_sent,local,
Drone2_e2292,Drone2,Drone1:2361;Drone2:2292;Drone3:2357,496.8112,processing,local,
Drone1_e2376,Drone1,Drone1:2376;Drone2:2291;Drone3:2358,496.6996,processing,receive,Drone2
Drone2_e2293,Drone2,Drone1:2361;Drone2:2293;Drone3:2357,496.9802,processing,local,
Drone2_e2294,Drone2,Drone1:2361;Drone2:2294;Drone3:2357,497.0998,processing,local,
Drone2_e2295,Drone2,Drone1:2361;Drone2:2295;Drone3:2357,497.3895,processing,local,
Drone1_e2377,Drone1,Drone1:2377;Drone2:2291;Drone3:2358,496.9193,processing,local,
Drone3_e2371,Drone3,Drone1:2361;Drone2:2286;Drone3:2371,497.2560,position_sent,local,
Drone1_e2378,Drone1,Drone1:2378;Drone2:2291;Drone3:2358,497.0417,processing,send,Drone2
Drone3_e2372,Drone3,Drone1:2361;Drone2:2290;Drone3:2372,497.4883,processing,receive,Drone2
Drone3_e2373,Drone3,Drone1:2361;Drone2:2290;Drone3:2373,497.7393,processing,send,Drone2
Drone2_e2296,Drone2,Drone1:2378;Drone2:2296;Drone3:2358,497.4844,processing,receive,Drone1
Drone2_e2297,Drone2,Drone1:2378;Drone2:2297;Drone3:2358,497.6785,processing,local,
Drone1_e2379,Drone1,Drone1:2379;Drone2:2291;Drone3:2358,497.3357,processing,local,
Drone1_e2380,Drone1,Drone1:2380;Drone2:2291;Drone3:2358,497.4041,processing,local,
Drone3_e2374,Drone3,Drone1:2361;Drone2:2290;Drone3:2374,497.8218,processing,local,
Drone2_e2298,Drone2,Drone1:2378;Drone2:2298;Drone3:2358,497.9553,processing,local,
Drone1_e2381,Drone1,Drone1:2381;Drone2:2291;Drone3:2358,497.5834,processing,send,Drone3
Drone1_e2382,Drone1,Drone1:2382;Drone2:2291;Drone3:2358,497.8365,relative_computed,local,
Drone2_e2299,Drone2,Drone1:2378;Drone2:2299;Drone3:2373,498.1042,processing,receive,Drone3
Drone2_e2300,Drone2,Drone1:2378;Drone2:2300;Drone3:2373,498.2470,processing,local,
Drone1_e2383,Drone1,Drone1:2383;Drone2:2291;Drone3:2358,498.1083,relative_computed,local,
Drone1_e2384,Drone1,Drone1:2384;Drone2:2291;Drone3:2358,498.2655,relative_computed,local,
Drone1_e2385,Drone1,Drone1:2385;Drone2:2291;Drone3:2358,498.4625,relative_computed,local,
Drone1_e2386,Drone1,Drone1:2386;Drone2:2291;Drone3:2358,498.6591,relative_computed,local,
Drone3_e2375,Drone3,Drone1:2381;Drone2:2291;Drone3:2375,497.8864,processing,receive,Drone1
Drone3_e2376,Drone3,Drone1:2381;Drone2:2291;Drone3:2376,497.9722,processing,send,Drone1
Drone1_e2387,Drone1,Drone1:2387;Drone2:2291;Drone3:2376,498.7939,relative_computed,receive,Drone3
Drone3_e2377,Drone3,Drone1:2381;Drone2:2291;Drone3:2377,498.2115,processing,send,Drone2
Drone3_e2378,Drone3,Drone1:2381;Drone2:2291;Drone3:2378,498.4108,processing,local,
Drone1_e2388,Drone1,Drone1:2388;Drone2:2291;Drone3:2376,498.9875,relative_computed,local,
Drone1_e2389,Drone1,Drone1:2389;Drone2:2291;Drone3:2376,499.0479,relative_computed,local,
Drone3_e2379,Drone3,Drone1:2381;Drone2:2291;Drone3:2379,498.5684,processing,local,
Drone1_e2390,Drone1,Drone1:2390;Drone2:2291;Drone3:2376,499.2138,relative_computed,local,
Drone2_e2301,Drone2,Drone1:2378;Drone2:2301;Drone3:2373,498.4624,processing,local,
Drone2_e2302,Drone2,Drone1:2378;Drone2:2302;Drone3:2373,498.7578,relative_computed,local,
Drone3_e2380,Drone3,Drone1:2381;Drone2:2291;Drone3:2380,498.6294,processing,local,
Drone2_e2303,Drone2,Drone1:2378;Drone2:2303;Drone3:2373,499.0484,relative_computed,local,
Drone2_e2304,Drone2,Drone1:2378;Drone2:2304;Drone3:2373,499.3298,relative_computed,local,
Drone1_e2391,Drone1,Drone1:2391;Drone2:2291;Drone3:2376,499.2949,relative_computed,local,
Drone1_e2392,Drone1,Drone1:2392;Drone2:2291;Drone3:2376,499.3750,formation_hold,local,
Drone3_e2381,Drone3,Drone1:2381;Drone2:2291;Drone3:2381,498.7664,processing,local,
Drone2_e2305,Drone2,Drone1:2378;Drone2:2305;Drone3:2373,499.4507,relative_computed,local,
Drone2_e2306,Drone2,Drone1:2378;Drone2:2306;Drone3:2373,499.6002,relative_computed,local,
Drone2_e2307,Drone2,Drone1:2381;Drone2:2307;Drone3:2377,499.7995,relative_computed,receive,Drone3
Drone3_e2382,Drone3,Drone1:2381;Drone2:2291;Drone3:2382,498.8472,relative_computed,local,
Drone3_e2383,Drone3,Drone1:2381;Drone2:2291;Drone3:2383,498.9759,relative_computed,local,
Drone2_e2308,Drone2,Drone1:2381;Drone2:2308;Drone3:2377,499.9082,relative_computed,local,
Drone2_e2309,Drone2,Drone1:2381;Drone2:2309;Drone3:2377,500.1683,relative_computed,send,Drone3
Drone2_e2310,Drone2,Drone1:2381;Drone2:2310;Drone3:2377,500.2259,relative_computed,local,
Drone1_e2393,Drone1,Drone1:2393;Drone2:2291;Drone3:2376,499.6145,formation_hold,send,Drone2
Drone2_e2311,Drone2,Drone1:2393;Drone2:2311;Drone3:2377,500.3642,relative_computed,receive,Drone1
Drone1_e2394,Drone1,Drone1:2394;Drone2:2291;Drone3:2376,499.7558,formation_hold,local,
Drone1_e2395,Drone1,Drone1:2395;Drone2:2291;Drone3:2376,499.8555,formation_hold,local,
Drone1_e2396,Drone1,Drone1:2396;Drone2:2291;Drone3:2376,500.0754,formation_hold,send,Drone2
Drone3_e2384,Drone3,Drone1:2381;Drone2:2291;Drone3:2384,499.1317,relative_computed,local,
Drone1_e2397,Drone1,Drone1:2397;Drone2:2291;Drone3:2376,500.1389,formation_hold,local,
Drone3_e2385,Drone3,Drone1:2381;Drone2:2291;Drone3:2385,499.1972,relative_computed,local,
Drone1_e2398,Drone1,Drone1:2398;Drone2:2291;Drone3:2376,500.2076,formation_hold,send,Drone3
Drone1_e2399,Drone1,Drone1:2399;Drone2:2291;Drone3:2376,500.3345,formation_hold,local,
Drone3_e2386,Drone3,Drone1:2381;Drone2:2309;Drone3:2386,500.4604,relative_computed,receive,Drone2
Drone3_e2387,Drone3,Drone1:2381;Drone2:2309;Drone3:2387,500.5639,relative_computed,local,
Drone3_e2388,Drone3,Drone1:2381;Drone2:2309;Drone3:2388,500.7875,relative_computed,local,
Drone2_e2312,Drone2,Drone1:2393;Drone2:2312;Drone3:2377,500.4941,formation_hold,local,
Drone2_e2313,Drone2,Drone1:2396;Drone2:2313;Drone3:2377,500.7337,formation_hold,receive,Drone1
Drone3_e2389,Drone3,Drone1:2381;Drone2:2309;Drone3:2389,500.9704,relative_computed,local,
Drone2_e2314,Drone2,Drone1:2396;Drone2:2314;Drone3:2377,501.0179,formation_hold,local,
Drone3_e2390,Drone3,Drone1:2381;Drone2:2309;Drone3:2390,501.0741,relative_computed,local,
Drone2_e2315,Drone2,Drone1:2396;Drone2:2315;Drone3:2377,501.0986,formation_hold,local,
Drone1_e2400,Drone1,Drone1:2400;Drone2:2291;Drone3:2376,500.5629,formation_hold,send,Drone3
Drone2_e2316,Drone2,Drone1:2396;Drone2:2316;Drone3:2377,501.2476,formation_hold,send,Drone3
Drone1_e2401,Drone1,Drone1:2401;Drone2:2291;Drone3:2376,500.7301,formation_hold,local,
Drone1_e2402,Drone1,Drone1:2402;Drone2:2291;Drone3:2376,501.0285,idle,local,
Drone3_e2391,Drone3,Drone1:2381;Drone2:2309;Drone3:2391,501.2426,relative_computed,local,
Drone3_e2392,Drone3,Drone1:2396;Drone2:2316;Drone3:2392,501.3587,formation_hold,receive,Drone2
Drone1_e2403,Drone1,Drone1:2403;Drone2:2291;Drone3:2376,501.1036,idle,local,
Drone1_e2404,Drone1,Drone1:2404;Drone2:2291;Drone3:2376,501.2617,idle,send,Drone3
Drone1_e2405,Drone1,Drone1:2405;Drone2:2291;Drone3:2376,501.4843,idle,send,Drone2
Drone3_e2393,Drone3,Drone1:2396;Drone2:2316;Drone3:2393,501.4619,formation_hold,local,
Drone3_e2394,Drone3,Drone1:2398;Drone2:2316;Drone3:2394,501.5842,formation_hold,receive,Drone1
Drone1_e2406,Drone1,Drone1:2406;Drone2:2291;Drone3:2376,501.6148,idle,send,Drone2
Drone1_e2407,Drone1,Drone1:2407;Drone2:2291;Drone3:2376,501.8985,idle,local,
Drone2_e2317,Drone2,Drone1:2405;Drone2:2317;Drone3:2377,501.5989,formation_hold,receive,Drone1
Drone2_e2318,Drone2,Drone1:2405;Drone2:2318;Drone3:2377,501.7080,formation_hold,local,
Drone3_e2395,Drone3,Drone1:2400;Drone2:2316;Drone3:2395,501.7971,formation_hold,receive,Drone1
Drone1_e2408,Drone1,Drone1:2408;Drone2:2291;Drone3:2376,501.9539,idle,send,Drone2
Drone1_e2409,Drone1,Drone1:2409;Drone2:2291;Drone3:2376,502.0203,idle,send,Drone2
Drone3_e2396,Drone3,Drone1:2404;Drone2:2316;Drone3:2396,501.9762,formation_hold,receive,Drone1
Drone2_e2319,Drone2,Drone1:2406;Drone2:2319;Drone3:2377,501.8817,formation_hold,receive,Drone1
Drone1_e2410,Drone1,Drone1:2410;Drone2:2291;Drone3:2376,502.2016,idle,local,
Drone3_e2397,Drone3,Drone1:2404;Drone2:2316;Drone3:2397,502.1090,formation_hold,send,Drone2
Drone2_e2320,Drone2,Drone1:2406;Drone2:2320;Drone3:2377,502.0138,formation_hold,local,
Drone2_e2321,Drone2,Drone1:2406;Drone2:2321;Drone3:2377,502.0955,formation_hold,local,
Drone2_e2322,Drone2,Drone1:2408;Drone2:2322;Drone3:2377,502.2264,idle,receive,Drone1
Drone3_e2398,Drone3,Drone1:2404;Drone2:2316;Drone3:2398,502.3146,formation_hold,local,
Drone1_e2411,Drone1,Drone1:2411;Drone2:2291;Drone3:2376,502.3069,idle,local,
Drone1_e2412,Drone1,Drone1:2412;Drone2:2291;Drone3:2376,502.5540,scanning,send,Drone3
Drone1_e2413,Drone1,Drone1:2413;Drone2:2291;Drone3:2376,502.6501,scanning,send,Drone2
Drone2_e2323,Drone2,Drone1:2408;Drone2:2323;Drone3:2377,502.4576,idle,local,
Drone1_e2414,Drone1,Drone1:2414;Drone2:2291;Drone3:2376,502.8233,scanning,local,
Drone2_e2324,Drone2,Drone1:2408;Drone2:2324;Drone3:2377,502.5585,idle,local,
Drone1_e2415,Drone1,Drone1:2415;Drone2:2291;Drone3:2376,503.0548,scanning,local,
Drone3_e2399,Drone3,Drone1:2404;Drone2:2316;Drone3:2399,502.6033,formation_hold,local,
Drone2_e2325,Drone2,Drone1:2408;Drone2:2325;Drone3:2377,502.7910,idle,local,
Drone1_e2416,Drone1,Drone1:2416;Drone2:2291;Drone3:2376,503.2155,scanning,local,
Drone1_e2417,Drone1,Drone1:2417;Drone2:2291;Drone3:2376,503.2786,scanning,local,
Drone2_e2326,Drone2,Drone1:2408;Drone2:2326;Drone3:2377,502.9248,idle,local,
Drone2_e2327,Drone2,Drone1:2409;Drone2:2327;Drone3:2377,503.0086,idle,receive,Drone1
Drone2_e2328,Drone2,Drone1:2409;Drone2:2328;Drone3:2397,503.2187,idle,receive,Drone3
Drone3_e2400,Drone3,Drone1:2412;Drone2:2316;Drone3:2400,502.6864,formation_hold,receive,Drone1
Drone2_e2329,Drone2,Drone1:2413;Drone2:2329;Drone3:2397,503.3870,idle,receive,Drone1
Drone2_e2330,Drone2,Drone1:2413;Drone2:2330;Drone3:2397,503.5440,idle,local,
Drone2_e2331,Drone2,Drone1:2413;Drone2:2331;Drone3:2397,503.8045,idle,send,Drone1
Drone2_e2332,Drone2,Drone1:2413;Drone2:2332;Drone3:2397,503.8579,scanning,local,
Drone1_e2418,Drone1,Drone1:2418;Drone2:2331;Drone3:2397,503.9022,scanning,receive,Drone2
Drone3_e2401,Drone3,Drone1:2412;Drone2:2316;Drone3:2401,502.8256,formation_hold,local,
Drone2_e2333,Drone2,Drone1:2413;Drone2:2333;Drone3:2397,504.1068,scanning,local,
Drone2_e2334,Drone2,Drone1:2413;Drone2:2334;Drone3:2397,504.2275,scanning,local,
Drone2_e2335,Drone2,Drone1:2413;Drone2:2335;Drone3:2397,504.4389,scanning,send,Drone3
Drone1_e2419,Drone1,Drone1:2419;Drone2:2331;Drone3:2397,504.1974,scanning,send,Drone2
Drone3_e2402,Drone3,Drone1:2412;Drone2:2316;Drone3:2402,503.0454,idle,local,
Drone3_e2403,Drone3,Drone1:2412;Drone2:2316;Drone3:2403,503.2309,idle,local,
Drone2_e2336,Drone2,Drone1:2413;Drone2:2336;Drone3:2397,504.6384,scanning,local,
Drone1_e2420,Drone1,Drone1:2420;Drone2:2331;Drone3:2397,504.2560,scanning,send,Drone3
Drone3_e2404,Drone3,Drone1:2412;Drone2:2316;Drone3:2404,503.3596,idle,local,
Drone2_e2337,Drone2,Drone1:2419;Drone2:2337;Drone3:2397,504.8377,scanning,receive,Drone1
Drone3_e2405,Drone3,Drone1:2413;Drone2:2335;Drone3:2405,504.6827,idle,receive,Drone2
Drone2_e2338,Drone2,Drone1:2419;Drone2:2338;Drone3:2397,504.9207,scanning,send,Drone1
Drone1_e2421,Drone1,Drone1:2421;Drone2:2331;Drone3:2397,504.3703,scanning,local,
Drone2_e2339,Drone2,Drone1:2419;Drone2:2339;Drone3:2397,505.0099,scanning,send,Drone1
Drone3_e2406,Drone3,Drone1:2413;Drone2:2335;Drone3:2406,504.9663,idle,local,
Drone3_e2407,Drone3,Drone1:2413;Drone2:2335;Drone3:2407,505.0350,idle,local,
Drone1_e2422,Drone1,Drone1:2422;Drone2:2338;Drone3:2397,505.1113,target_found,receive,Drone2
Drone2_e2340,Drone2,Drone1:2419;Drone2:2340;Drone3:2397,505.0609,scanning,send,Drone1
Drone1_e2423,Drone1,Drone1:2423;Drone2:2339;Drone3:2397,505.2705,target_found,receive,Drone2
Drone3_e2408,Drone3,Drone1:2413;Drone2:2335;Drone3:2408,505.3039,idle,local,
Drone1_e2424,Drone1,Drone1:2424;Drone2:2339;Drone3:2397,505.5247,target_found,local,
Drone3_e2409,Drone3,Drone1:2413;Drone2:2335;Drone3:2409,505.4299,idle,local,
Drone2_e2341,Drone2,Drone1:2419;Drone2:2341;Drone3:2397,505.3176,scanning,local,
Drone3_e2410,Drone3,Drone1:2420;Drone2:2335;Drone3:2410,505.6587,idle,receive,Drone1
Drone3_e2411,Drone3,Drone1:2420;Drone2:2335;Drone3:2411,505.8316,idle,local,
Drone3_e2412,Drone3,Drone1:2420;Drone2:2335;Drone3:2412,506.0132,scanning,local,
Drone1_e2425,Drone1,Drone1:2425;Drone2:2340;Drone3:2397,505.5891,target_found,receive,Drone2
Drone3_e2413,Drone3,Drone1:2420;Drone2:2335;Drone3:2413,506.2752,scanning,local,
Drone1_e2426,Drone1,Drone1:2426;Drone2:2340;Drone3:2397,505.6515,target_found,local,
Drone3_e2414,Drone3,Drone1:2420;Drone2:2335;Drone3:2414,506.4996,scanning,send,Drone1
Drone2_e2342,Drone2,Drone1:2419;Drone2:2342;Drone3:2397,505.4601,target_found,local,
Drone2_e2343,Drone2,Drone1:2419;Drone2:2343;Drone3:2397,505.7550,target_found,local,
Drone3_e2415,Drone3,Drone1:2420;Drone2:2335;Drone3:2415,506.7671,scanning,local,
Drone2_e2344,Drone2,Drone1:2419;Drone2:2344;Drone3:2397,505.9933,target_found,local,
Drone2_e2345,Drone2,Drone1:2419;Drone2:2345;Drone3:2397,506.2150,target_found,local,
Drone3_e2416,Drone3,Drone1:2420;Drone2:2335;Drone3:2416,506.8653,scanning,send,Drone2
Drone3_e2417,Drone3,Drone1:2420;Drone2:2335;Drone3:2417,507.1581,scanning,local,
Drone3_e2418,Drone3,Drone1:2420;Drone2:2335;Drone3:2418,507.3193,scanning,local,
Drone1_e2427,Drone1,Drone1:2427;Drone2:2340;Drone3:2414,506.5623,target_found,receive,Drone3
Drone3_e2419,Drone3,Drone1:2420;Drone2:2335;Drone3:2419,507.4736,scanning,send,Drone1
Drone2_e2346,Drone2,Drone1:2419;Drone2:2346;Drone3:2397,506.2668,target_found,local,
Drone2_e2347,Drone2,Drone1:2420;Drone2:2347;Drone3:2416,507.0984,target_found,receive,Drone3
Drone3_e2420,Drone3,Drone1:2420;Drone2:2335;Drone3:2420,507.7613,scanning,local,
Drone2_e2348,Drone2,Drone1:2420;Drone2:2348;Drone3:2416,507.3801,target_found,local,
Drone2_e2349,Drone2,Drone1:2420;Drone2:2349;Drone3:2416,507.6180,target_found,local,
Drone2_e2350,Drone2,Drone1:2420;Drone2:2350;Drone3:2416,507.7560,target_found,local,
Drone1_e2428,Drone1,Drone1:2428;Drone2:2340;Drone3:2419,507.5922,target_found,receive,Drone3
Drone1_e2429,Drone1,Drone1:2429;Drone2:2340;Drone3:2419,507.7266,target_found,send,Drone3
Drone2_e2351,Drone2,Drone1:2420;Drone2:2351;Drone3:2416,508.0200,target_found,local,
Drone2_e2352,Drone2,Drone1:2420;Drone2:2352;Drone3:2416,508.1593,position_measured,local,
Drone2_e2353,Drone2,Drone1:2420;Drone2:2353;Drone3:2416,508.2732,position_measured,local,
Drone1_e2430,Drone1,Drone1:2430;Drone2:2340;Drone3:2419,507.9920,target_found,send,Drone3
Drone2_e2354,Drone2,Drone1:2420;Drone2:2354;Drone3:2416,508.5564,position_measured,send,Drone3
Drone1_e2431,Drone1,Drone1:2431;Drone2:2340;Drone3:2419,508.0924,target_found,send,Drone2
Drone2_e2355,Drone2,Drone1:2420;Drone2:2355;Drone3:2416,508.8560,position_measured,local,
Drone1_e2432,Drone1,Drone1:2432;Drone2:2340;Drone3:2419,508.2007,position_measured,local,
Drone2_e2356,Drone2,Drone1:2420;Drone2:2356;Drone3:2416,509.1228,position_measured,local,
Drone3_e2421,Drone3,Drone1:2429;Drone2:2340;Drone3:2421,508.0509,scanning,receive,Drone1
Drone2_e2357,Drone2,Drone1:2431;Drone2:2357;Drone3:2419,509.3752,position_measured,receive,Drone1
Drone2_e2358,Drone2,Drone1:2431;Drone2:2358;Drone3:2419,509.5534,position_measured,send,Drone1
Drone2_e2359,Drone2,Drone1:2431;Drone2:2359;Drone3:2419,509.8027,position_measured,send,Drone1
Drone2_e2360,Drone2,Drone1:2431;Drone2:2360;Drone3:2419,509.9879,position_measured,local,
Drone3_e2422,Drone3,Drone1:2429;Drone2:2340;Drone3:2422,508.1085,target_found,local,
Drone3_e2423,Drone3,Drone1:2429;Drone2:2340;Drone3:2423,508.2280,target_found,local,
Drone1_e2433,Drone1,Drone1:2433;Drone2:2358;Drone3:2419,509.7494,position_measured,receive,Drone2
Drone2_e2361,Drone2,Drone1:2431;Drone2:2361;Drone3:2419,510.2438,position_measured,local,
Drone2_e2362,Drone2,Drone1:2431;Drone2:2362;Drone3:2419,510.5108,position_sent,local,
Drone3_e2424,Drone3,Drone1:2429;Drone2:2340;Drone3:2424,508.3117,target_found,local,
Drone2_e2363,Drone2,Drone1:2431;Drone2:2363;Drone3:2419,510.5990,position_sent,local,
Drone2_e2364,Drone2,Drone1:2431;Drone2:2364;Drone3:2419,510.7463,position_sent,send,Drone3
Drone2_e2365,Drone2,Drone1:2431;Drone2:2365;Drone3:2419,510.8710,position_sent,local,
Drone1_e2434,Drone1,Drone1:2434;Drone2:2358;Drone3:2419,509.8879,position_measured,local,
Drone2_e2366,Drone2,Drone1:2431;Drone2:2366;Drone3:2419,511.0441,position_sent,local,
Drone3_e2425,Drone3,Drone1:2429;Drone2:2340;Drone3:2425,508.3653,target_found,local,
Drone2_e2367,Drone2,Drone1:2431;Drone2:2367;Drone3:2419,511.2539,position_sent,local,
Drone1_e2435,Drone1,Drone1:2435;Drone2:2358;Drone3:2419,510.1071,position_measured,local,
Drone2_e2368,Drone2,Drone1:2431;Drone2:2368;Drone3:2419,511.4608,position_sent,local,
Drone3_e2426,Drone3,Drone1:2429;Drone2:2354;Drone3:2426,508.6067,target_found,receive,Drone2
Drone3_e2427,Drone3,Drone1:2429;Drone2:2354;Drone3:2427,508.7243,target_found,local,
Drone3_e2428,Drone3,Drone1:2429;Drone2:2354;Drone3:2428,508.9884,target_found,local,
Drone1_e2436,Drone1,Drone1:2436;Drone2:2358;Drone3:2419,510.2455,position_measured,local,
Drone3_e2429,Drone3,Drone1:2429;Drone2:2354;Drone3:2429,509.2291,target_found,local,
Drone2_e2369,Drone2,Drone1:2431;Drone2:2369;Drone3:2419,511.6635,position_sent,local,
Drone1_e2437,Drone1,Drone1:2437;Drone2:2358;Drone3:2419,510.5066,position_measured,local,
Drone1_e2438,Drone1,Drone1:2438;Drone2:2359;Drone3:2419,510.6975,position_measured,receive,Drone2
Drone2_e2370,Drone2,Drone1:2431;Drone2:2370;Drone3:2419,511.8313,position_sent,local,
Drone3_e2430,Drone3,Drone1:2429;Drone2:2354;Drone3:2430,509.3697,target_found,local,
Drone2_e2371,Drone2,Drone1:2431;Drone2:2371;Drone3:2419,511.9097,position_sent,local,
Drone2_e2372,Drone2,Drone1:2431;Drone2:2372;Drone3:2419,512.1441,processing,send,Drone3
Drone3_e2431,Drone3,Drone1:2429;Drone2:2354;Drone3:2431,509.4595,target_found,local,
Drone1_e2439,Drone1,Drone1:2439;Drone2:2359;Drone3:2419,510.9361,position_measured,local,
Drone1_e2440,Drone1,Drone1:2440;Drone2:2359;Drone3:2419,511.0661,position_measured,local,
Drone3_e2432,Drone3,Drone1:2429;Drone2:2354;Drone3:2432,509.6086,position_measured,local,
Drone3_e2433,Drone3,Drone1:2429;Drone2:2354;Drone3:2433,509.7277,position_measured,local,
Drone3_e2434,Drone3,Drone1:2429;Drone2:2354;Drone3:2434,509.8389,position_measured,local,
Drone1_e2441,Drone1,Drone1:2441;Drone2:2359;Drone3:2419,511.1239,position_measured,send,Drone3
Drone3_e2435,Drone3,Drone1:2431;Drone2:2364;Drone3:2435,510.9754,position_measured,receive,Drone2
Drone2_e2373,Drone2,Drone1:2431;Drone2:2373;Drone3:2419,512.4038,processing,send,Drone3
Drone2_e2374,Drone2,Drone1:2431;Drone2:2374;Drone3:2419,512.5062,processing,local,
Drone2_e2375,Drone2,Drone1:2431;Drone2:2375;Drone3:2419,512.6522,processing,send,Drone1
Drone1_e2442,Drone1,Drone1:2442;Drone2:2359;Drone3:2419,511.2273,position_sent,local,
Drone3_e2436,Drone3,Drone1:2431;Drone2:2364;Drone3:2436,511.0470,position_measured,local,
Drone1_e2443,Drone1,Drone1:2443;Drone2:2359;Drone3:2419,511.4097,position_sent,local,
Drone1_e2444,Drone1,Drone1:2444;Drone2:2359;Drone3:2419,511.5849,position_sent,local,
Drone2_e2376,Drone2,Drone1:2431;Drone2:2376;Drone3:2419,512.9238,processing,local,
Drone2_e2377,Drone2,Drone1:2431;Drone2:2377;Drone3:2419,513.1146,processing,local,
Drone2_e2378,Drone2,Drone1:2431;Drone2:2378;Drone3:2419,513.3130,processing,local,
Drone1_e2445,Drone1,Drone1:2445;Drone2:2359;Drone3:2419,511.8669,position_sent,local,
Drone1_e2446,Drone1,Drone1:2446;Drone2:2375;Drone3:2419,512.7572,position_sent,receive,Drone2
Drone2_e2379,Drone2,Drone1:2431;Drone2:2379;Drone3:2419,513.6082,processing,send,Drone1
Drone1_e2447,Drone1,Drone1:2447;Drone2:2379;Drone3:2419,513.6672,position_sent,receive,Drone2
Drone2_e2380,Drone2,Drone1:2431;Drone2:2380;Drone3:2419,513.7264,processing,local,
Drone3_e2437,Drone3,Drone1:2431;Drone2:2364;Drone3:2437,511.2565,position_measured,local,
Drone1_e2448,Drone1,Drone1:2448;Drone2:2379;Drone3:2419,513.8552,position_sent,local,
Drone2_e2381,Drone2,Drone1:2431;Drone2:2381;Drone3:2419,513.9216,processing,local,
Drone3_e2438,Drone3,Drone1:2431;Drone2:2372;Drone3:2438,512.2993,position_measured,receive,Drone2
Drone2_e2382,Drone2,Drone1:2431;Drone2:2382;Drone3:2419,514.1200,relative_computed,local,
Drone1_e2449,Drone1,Drone1:2449;Drone2:2379;Drone3:2419,514.1249,position_sent,local,
Drone3_e2439,Drone3,Drone1:2431;Drone2:2372;Drone3:2439,512.5207,position_measured,local,
Drone2_e2383,Drone2,Drone1:2431;Drone2:2383;Drone3:2419,514.2856,relative_computed,local,
Drone1_e2450,Drone1,Drone1:2450;Drone2:2379;Drone3:2419,514.1911,position_sent,local,
Drone2_e2384,Drone2,Drone1:2431;Drone2:2384;Drone3:2419,514.4751,relative_computed,local,
Drone2_e2385,Drone2,Drone1:2431;Drone2:2385;Drone3:2419,514.7720,relative_computed,local,
Drone3_e2440,Drone3,Drone1:2431;Drone2:2372;Drone3:2440,512.6126,position_measured,local,
Drone3_e2441,Drone3,Drone1:2431;Drone2:2373;Drone3:2441,512.8002,position_measured,receive,Drone2
Drone2_e2386,Drone2,Drone1:2431;Drone2:2386;Drone3:2419,514.9533,relative_computed,local,
Drone1_e2451,Drone1,Drone1:2451;Drone2:2379;Drone3:2419,514.4124,position_sent,local,
Drone2_e2387,Drone2,Drone1:2431;Drone2:2387;Drone3:2419,515.1517,relative_computed,send,Drone1
Drone3_e2442,Drone3,Drone1:2431;Drone2:2373;Drone3:2442,513.0841,position_sent,receive,Drone1
Drone3_e2443,Drone3,Drone1:2431;Drone2:2373;Drone3:2443,513.2921,position_sent,local,
Drone2_e2388,Drone2,Drone1:2431;Drone2:2388;Drone3:2419,515.3385,relative_computed,local,
Drone3_e2444,Drone3,Drone1:2441;Drone2:2373;Drone3:2444,513.5540,position_sent,receive,Drone1
Drone1_e2452,Drone1,Drone1:2452;Drone2:2379;Drone3:2419,514.4958,processing,local,
Drone1_e2453,Drone1,Drone1:2453;Drone2:2379;Drone3:2419,514.6679,processing,local,
Drone2_e2389,Drone2,Drone1:2431;Drone2:2389;Drone3:2419,515.5786,relative_computed,local,
Drone3_e2445,Drone3,Drone1:2441;Drone2:2373;Drone3:2445,513.6157,position_sent,send,Drone1
Drone3_e2446,Drone3,Drone1:2441;Drone2:2373;Drone3:2446,513.8606,position_sent,send,Drone2
Drone3_e2447,Drone3,Drone1:2441;Drone2:2373;Drone3:2447,514.0075,position_sent,local,
Drone3_e2448,Drone3,Drone1:2441;Drone2:2373;Drone3:2448,514.1135,position_sent,local,
Drone3_e2449,Drone3,Drone1:2441;Drone2:2373;Drone3:2449,514.3959,position_sent,local,
Drone2_e2390,Drone2,Drone1:2431;Drone2:2390;Drone3:2419,515.7805,relative_computed,local,
Drone2_e2391,Drone2,Drone1:2431;Drone2:2391;Drone3:2419,515.8911,relative_computed,local,
Drone2_e2392,Drone2,Drone1:2441;Drone2:2392;Drone3:2446,516.0231,formation_hold,receive,Drone3
Drone3_e2450,Drone3,Drone1:2441;Drone2:2373;Drone3:2450,514.6615,position_sent,local,
Drone3_e2451,Drone3,Drone1:2441;Drone2:2373;Drone3:2451,514.9606,position_sent,local,
Drone1_e2454,Drone1,Drone1:2454;Drone2:2379;Drone3:2445,514.7213,processing,receive,Drone3
Drone2_e2393,Drone2,Drone1:2441;Drone2:2393;Drone3:2446,516.2580,formation_hold,local,
Drone1_e2455,Drone1,Drone1:2455;Drone2:2379;Drone3:2445,514.9358,processing,local,
Drone1_e2456,Drone1,Drone1:2456;Drone2:2387;Drone3:2445,515.2868,processing,receive,Drone2
Drone1_e2457,Drone1,Drone1:2457;Drone2:2387;Drone3:2445,515.5287,processing,local,
Drone2_e2394,Drone2,Drone1:2441;Drone2:2394;Drone3:2446,516.3162,formation_hold,local,
Drone1_e2458,Drone1,Drone1:2458;Drone2:2387;Drone3:2445,515.7099,processing,local,
Drone3_e2452,Drone3,Drone1:2441;Drone2:2373;Drone3:2452,515.2299,processing,local,
Drone1_e2459,Drone1,Drone1:2459;Drone2:2387;Drone3:2445,515.9376,processing,local,
Drone2_e2395,Drone2,Drone1:2441;Drone2:2395;Drone3:2446,516.4581,formation_hold,send,Drone3
Drone3_e2453,Drone3,Drone1:2441;Drone2:2373;Drone3:2453,515.3060,processing,local,
Drone1_e2460,Drone1,Drone1:2460;Drone2:2387;Drone3:2445,516.0647,processing,local,
Drone2_e2396,Drone2,Drone1:2441;Drone2:2396;Drone3:2446,516.6710,formation_hold,local,
Drone3_e2454,Drone3,Drone1:2441;Drone2:2395;Drone3:2454,516.7422,processing,receive,Drone2
Drone3_e2455,Drone3,Drone1:2441;Drone2:2395;Drone3:2455,517.0049,processing,local,
Drone1_e2461,Drone1,Drone1:2461;Drone2:2387;Drone3:2445,516.3624,processing,local,
Drone1_e2462,Drone1,Drone1:2462;Drone2:2387;Drone3:2445,516.5999,relative_computed,local,
Drone3_e2456,Drone3,Drone1:2441;Drone2:2395;Drone3:2456,517.2408,processing,local,
Drone3_e2457,Drone3,Drone1:2441;Drone2:2395;Drone3:2457,517.5104,processing,local,
Drone2_e2397,Drone2,Drone1:2441;Drone2:2397;Drone3:2446,516.8554,formation_hold,local,
Drone1_e2463,Drone1,Drone1:2463;Drone2:2387;Drone3:2445,516.8509,relative_computed,send,Drone3
Drone3_e2458,Drone3,Drone1:2463;Drone2:2395;Drone3:2458,517.6885,processing,receive,Drone1
Drone2_e2398,Drone2,Drone1:2441;Drone2:2398;Drone3:2446,517.0237,formation_hold,local,
Drone2_e2399,Drone2,Drone1:2441;Drone2:2399;Drone3:2446,517.2785,formation_hold,send,Drone1
Drone2_e2400,Drone2,Drone1:2441;Drone2:2400;Drone3:2446,517.4353,formation_hold,local,
Drone2_e2401,Drone2,Drone1:2441;Drone2:2401;Drone3:2446,517.5019,formation_hold,local,
Drone1_e2464,Drone1,Drone1:2464;Drone2:2387;Drone3:2445,517.0542,relative_computed,local,
Drone2_e2402,Drone2,Drone1:2441;Drone2:2402;Drone3:2446,517.6784,idle,send,Drone3
Drone1_e2465,Drone1,Drone1:2465;Drone2:2387;Drone3:2445,517.1930,relative_computed,local,
Drone2_e2403,Drone2,Drone1:2441;Drone2:2403;Drone3:2446,517.9050,idle,local,
Drone1_e2466,Drone1,Drone1:2466;Drone2:2387;Drone3:2445,517.4188,relative_computed,local,
Drone1_e2467,Drone1,Drone1:2467;Drone2:2387;Drone3:2445,517.5272,relative_computed,local,
Drone3_e2459,Drone3,Drone1:2463;Drone2:2402;Drone3:2459,517.9161,processing,receive,Drone2
Drone1_e2468,Drone1,Drone1:2468;Drone2:2387;Drone3:2445,517.5994,relative_computed,local,
Drone3_e2460,Drone3,Drone1:2463;Drone2:2402;Drone3:2460,518.1425,processing,local,
Drone2_e2404,Drone2,Drone1:2441;Drone2:2404;Drone3:2446,518.2040,idle,local,
Drone1_e2469,Drone1,Drone1:2469;Drone2:2399;Drone3:2446,517.6720,relative_computed,receive,Drone2
Drone3_e2461,Drone3,Drone1:2463;Drone2:2402;Drone3:2461,518.3299,processing,local,
Drone3_e2462,Drone3,Drone1:2463;Drone2:2402;Drone3:2462,518.5143,relative_computed,local,
Drone3_e2463,Drone3,Drone1:2463;Drone2:2402;Drone3:2463,518.6616,relative_computed,local,
Drone2_e2405,Drone2,Drone1:2441;Drone2:2405;Drone3:2446,518.3290,idle,local,
Drone2_e2406,Drone2,Drone1:2441;Drone2:2406;Drone3:2446,518.5563,idle,local,
Drone2_e2407,Drone2,Drone1:2441;Drone2:2407;Drone3:2446,518.6926,idle,send,Drone1
Drone3_e2464,Drone3,Drone1:2463;Drone2:2402;Drone3:2464,518.8478,relative_computed,local,
Drone3_e2465,Drone3,Drone1:2463;Drone2:2402;Drone3:2465,518.9647,relative_computed,send,Drone2
Drone3_e2466,Drone3,Drone1:2463;Drone2:2402;Drone3:2466,519.1252,relative_computed,send,Drone1
Drone2_e2408,Drone2,Drone1:2463;Drone2:2408;Drone3:2465,519.2391,idle,receive,Drone3
Drone1_e2470,Drone1,Drone1:2470;Drone2:2399;Drone3:2446,517.7455,relative_computed,local,
Drone3_e2467,Drone3,Drone1:2463;Drone2:2402;Drone3:2467,519.3366,relative_computed,local,
Drone2_e2409,Drone2,Drone1:2463;Drone2:2409;Drone3:2465,519.3138,idle,local,
Drone2_e2410,Drone2,Drone1:2463;Drone2:2410;Drone3:2465,519.5307,idle,local,
Drone2_e2411,Drone2,Drone1:2463;Drone2:2411;Drone3:2465,519.5954,idle,local,
Drone3_e2468,Drone3,Drone1:2463;Drone2:2402;Drone3:2468,519.5601,relative_computed,send,Drone1
Drone2_e2412,Drone2,Drone1:2463;Drone2:2412;Drone3:2465,519.7933,scanning,send,Drone1
Drone3_e2469,Drone3,Drone1:2463;Drone2:2402;Drone3:2469,519.7441,relative_computed,local,
Drone2_e2413,Drone2,Drone1:2463;Drone2:2413;Drone3:2465,520.0925,scanning,local,
Drone1_e2471,Drone1,Drone1:2471;Drone2:2399;Drone3:2446,517.8027,relative_computed,local,
Drone1_e2472,Drone1,Drone1:2472;Drone2:2399;Drone3:2446,518.0659,formation_hold,local,
Drone2_e2414,Drone2,Drone1:2463;Drone2:2414;Drone3:2465,520.3298,scanning,local,
Drone3_e2470,Drone3,Drone1:2463;Drone2:2402;Drone3:2470,519.9404,relative_computed,local,
Drone3_e2471,Drone3,Drone1:2463;Drone2:2402;Drone3:2471,520.0195,relative_computed,local,
Drone1_e2473,Drone1,Drone1:2473;Drone2:2399;Drone3:2446,518.2290,formation_hold,local,
Drone1_e2474,Drone1,Drone1:2474;Drone2:2399;Drone3:2446,518.3734,formation_hold,local,
Drone2_e2415,Drone2,Drone1:2463;Drone2:2415;Drone3:2465,520.6179,scanning,local,
Drone1_e2475,Drone1,Drone1:2475;Drone2:2402;Drone3:2466,519.3619,formation_hold,receive,Drone3
Drone1_e2476,Drone1,Drone1:2476;Drone2:2407;Drone3:2466,519.4455,formation_hold,receive,Drone2
Drone1_e2477,Drone1,Drone1:2477;Drone2:2412;Drone3:2466,519.9104,formation_hold,receive,Drone2
Drone3_e2472,Drone3,Drone1:2463;Drone2:2402;Drone3:2472,520.0876,formation_hold,local,
Drone1_e2478,Drone1,Drone1:2478;Drone2:2412;Drone3:2466,520.2034,formation_hold,local,
Drone3_e2473,Drone3,Drone1:2463;Drone2:2402;Drone3:2473,520.2597,formation_hold,send,Drone2
Drone3_e2474,Drone3,Drone1:2463;Drone2:2402;Drone3:2474,520.3331,formation_hold,local,
Drone2_e2416,Drone2,Drone1:2463;Drone2:2416;Drone3:2465,520.7498,scanning,local,
Drone3_e2475,Drone3,Drone1:2463;Drone2:2402;Drone3:2475,520.5867,formation_hold,local,
Drone1_e2479,Drone1,Drone1:2479;Drone2:2412;Drone3:2468,520.4076,formation_hold,receive,Drone3
Drone1_e2480,Drone1,Drone1:2480;Drone2:2412;Drone3:2468,520.4733,formation_hold,send,Drone3
Drone2_e2417,Drone2,Drone1:2463;Drone2:2417;Drone3:2465,521.0267,scanning,local,
Drone2_e2418,Drone2,Drone1:2463;Drone2:2418;Drone3:2465,521.1118,scanning,local,
Drone2_e2419,Drone2,Drone1:2463;Drone2:2419;Drone3:2465,521.1893,scanning,local,
Drone2_e2420,Drone2,Drone1:2463;Drone2:2420;Drone3:2473,521.3342,scanning,receive,Drone3
Drone1_e2481,Drone1,Drone1:2481;Drone2:2412;Drone3:2468,520.7189,formation_hold,local,
Drone2_e2421,Drone2,Drone1:2463;Drone2:2421;Drone3:2473,521.5449,scanning,local,
Drone3_e2476,Drone3,Drone1:2463;Drone2:2402;Drone3:2476,520.7257,formation_hold,local,
Drone1_e2482,Drone1,Drone1:2482;Drone2:2412;Drone3:2468,520.8903,idle,local,
Drone2_e2422,Drone2,Drone1:2463;Drone2:2422;Drone3:2473,521.8151,target_found,local,
Drone1_e2483,Drone1,Drone1:2483;Drone2:2412;Drone3:2468,520.9469,idle,send,Drone2
Drone3_e2477,Drone3,Drone1:2480;Drone2:2412;Drone3:2477,520.9614,formation_hold,receive,Drone1
Drone2_e2423,Drone2,Drone1:2483;Drone2:2423;Drone3:2473,522.0730,target_found,receive,Drone1
Drone2_e2424,Drone2,Drone1:2483;Drone2:2424;Drone3:2473,522.3544,target_found,local,
Drone2_e2425,Drone2,Drone1:2483;Drone2:2425;Drone3:2473,522.5042,target_found,local,
Drone1_e2484,Drone1,Drone1:2484;Drone2:2412;Drone3:2468,521.1401,idle,send,Drone2
Drone2_e2426,Drone2,Drone1:2483;Drone2:2426;Drone3:2473,522.6145,target_found,local,
Drone1_e2485,Drone1,Drone1:2485;Drone2:2412;Drone3:2468,521.2591,idle,send,Drone3
Drone3_e2478,Drone3,Drone1:2480;Drone2:2412;Drone3:2478,521.0324,formation_hold,local,
Drone3_e2479,Drone3,Drone1:2480;Drone2:2412;Drone3:2479,521.2274,formation_hold,local,
Drone1_e2486,Drone1,Drone1:2486;Drone2:2412;Drone3:2468,521.3377,idle,send,Drone2
Drone3_e2480,Drone3,Drone1:2480;Drone2:2412;Drone3:2480,521.3919,formation_hold,local,
Drone3_e2481,Drone3,Drone1:2480;Drone2:2412;Drone3:2481,521.6479,formation_hold,local,
Drone1_e2487,Drone1,Drone1:2487;Drone2:2412;Drone3:2468,521.4601,idle,send,Drone2
Drone3_e2482,Drone3,Drone1:2485;Drone2:2412;Drone3:2482,521.8081,idle,receive,Drone1
Drone3_e2483,Drone3,Drone1:2485;Drone2:2412;Drone3:2483,521.8818,idle,local,
Drone1_e2488,Drone1,Drone1:2488;Drone2:2412;Drone3:2468,521.6356,idle,send,Drone3
Drone1_e2489,Drone1,Drone1:2489;Drone2:2412;Drone3:2468,521.9269,idle,send,Drone3
Drone1_e2490,Drone1,Drone1:2490;Drone2:2412;Drone3:2468,522.1224,idle,local,
Drone2_e2427,Drone2,Drone1:2484;Drone2:2427;Drone3:2473,522.7271,target_found,receive,Drone1
Drone2_e2428,Drone2,Drone1:2484;Drone2:2428;Drone3:2473,522.8802,target_found,local,
Drone3_e2484,Drone3,Drone1:2488;Drone2:2412;Drone3:2484,522.0533,idle,receive,Drone1
Drone3_e2485,Drone3,Drone1:2489;Drone2:2412;Drone3:2485,522.1276,idle,receive,Drone1
Drone3_e2486,Drone3,Drone1:2489;Drone2:2412;Drone3:2486,522.3353,idle,local,
Drone2_e2429,Drone2,Drone1:2484;Drone2:2429;Drone3:2473,522.9624,target_found,local,
Drone2_e2430,Drone2,Drone1:2484;Drone2:2430;Drone3:2473,523.1140,target_found,local,
Drone3_e2487,Drone3,Drone1:2489;Drone2:2412;Drone3:2487,522.3859,idle,local,
Drone2_e2431,Drone2,Drone1:2484;Drone2:2431;Drone3:2473,523.3282,target_found,local,
Drone1_e2491,Drone1,Drone1:2491;Drone2:2412;Drone3:2468,522.3528,idle,local,
Drone2_e2432,Drone2,Drone1:2484;Drone2:2432;Drone3:2473,523.4230,position_measured,local,
Drone3_e2488,Drone3,Drone1:2489;Drone2:2412;Drone3:2488,522.4442,idle,send,Drone2
Drone1_e2492,Drone1,Drone1:2492;Drone2:2412;Drone3:2468,522.6425,scanning,send,Drone2
Drone2_e2433,Drone2,Drone1:2484;Drone2:2433;Drone3:2473,523.7172,position_measured,local,
Drone3_e2489,Drone3,Drone1:2489;Drone2:2412;Drone3:2489,522.7217,idle,local,
Drone1_e2493,Drone1,Drone1:2493;Drone2:2412;Drone3:2468,522.9214,scanning,local,
Drone1_e2494,Drone1,Drone1:2494;Drone2:2412;Drone3:2468,522.9954,scanning,send,Drone2
Drone1_e2495,Drone1,Drone1:2495;Drone2:2412;Drone3:2468,523.1655,scanning,send,Drone3
Drone1_e2496,Drone1,Drone1:2496;Drone2:2412;Drone3:2468,523.2795,scanning,local,
Drone3_e2490,Drone3,Drone1:2489;Drone2:2412;Drone3:2490,522.8071,idle,local,
Drone1_e2497,Drone1,Drone1:2497;Drone2:2412;Drone3:2468,523.4299,scanning,local,
Drone1_e2498,Drone1,Drone1:2498;Drone2:2412;Drone3:2468,523.5121,scanning,send,Drone2
Drone1_e2499,Drone1,Drone1:2499;Drone2:2412;Drone3:2468,523.8099,scanning,send,Drone2
Drone1_e2500,Drone1,Drone1:2500;Drone2:2412;Drone3:2468,524.0067,scanning,local,
Drone1_e2501,Drone1,Drone1:2501;Drone2:2412;Drone3:2468,524.0685,scanning,local,
Drone2_e2434,Drone2,Drone1:2489;Drone2:2434;Drone3:2488,523.7911,position_measured,receive,Drone3
Drone3_e2491,Drone3,Drone1:2489;Drone2:2412;Drone3:2491,523.0465,idle,local,
Drone1_e2502,Drone1,Drone1:2502;Drone2:2412;Drone3:2468,524.1825,target_found,send,Drone2
Drone2_e2435,Drone2,Drone1:2489;Drone2:2435;Drone3:2488,523.8892,position_measured,receive,Drone1
Drone3_e2492,Drone3,Drone1:2495;Drone2:2412;Drone3:2492,523.3447,scanning,receive,Drone1
Drone1_e2503,Drone1,Drone1:2503;Drone2:2412;Drone3:2468,524.2721,target_found,local,
Drone3_e2493,Drone3,Drone1:2495;Drone2:2412;Drone3:2493,523.4786,scanning,local,
Drone2_e2436,Drone2,Drone1:2489;Drone2:2436;Drone3:2488,524.0225,position_measured,local,
Drone1_e2504,Drone1,Drone1:2504;Drone2:2412;Drone3:2468,524.4472,target_found,local,
Drone2_e2437,Drone2,Drone1:2489;Drone2:2437;Drone3:2488,524.1470,position_measured,local,
Drone2_e2438,Drone2,Drone1:2489;Drone2:2438;Drone3:2488,524.1982,position_measured,local,
Drone2_e2439,Drone2,Drone1:2489;Drone2:2439;Drone3:2488,524.3558,position_measured,local,
Drone1_e2505,Drone1,Drone1:2505;Drone2:2412;Drone3:2468,524.6797,target_found,send,Drone2
Drone3_e2494,Drone3,Drone1:2495;Drone2:2412;Drone3:2494,523.5905,scanning,local,
Drone2_e2440,Drone2,Drone1:2489;Drone2:2440;Drone3:2488,524.5241,position_measured,local,
Drone1_e2506,Drone1,Drone1:2506;Drone2:2412;Drone3:2468,524.7740,target_found,send,Drone3
Drone2_e2441,Drone2,Drone1:2489;Drone2:2441;Drone3:2488,524.6632,position_measured,local,
Drone1_e2507,Drone1,Drone1:2507;Drone2:2412;Drone3:2468,524.8684,target_found,local,
Drone2_e2442,Drone2,Drone1:2489;Drone2:2442;Drone3:2488,524.8143,position_sent,local,
Drone2_e2443,Drone2,Drone1:2489;Drone2:2443;Drone3:2488,524.8808,position_sent,local,
Drone2_e2444,Drone2,Drone1:2489;Drone2:2444;Drone3:2488,525.0284,position_sent,local,
Drone1_e2508,Drone1,Drone1:2508;Drone2:2412;Drone3:2468,524.9800,target_found,local,
Drone3_e2495,Drone3,Drone1:2495;Drone2:2412;Drone3:2495,523.7954,scanning,local,
Drone2_e2445,Drone2,Drone1:2489;Drone2:2445;Drone3:2488,525.1047,position_sent,local,
Drone2_e2446,Drone2,Drone1:2489;Drone2:2446;Drone3:2488,525.2470,position_sent,local,
Drone1_e2509,Drone1,Drone1:2509;Drone2:2412;Drone3:2468,525.1754,target_found,local,
Drone2_e2447,Drone2,Drone1:2489;Drone2:2447;Drone3:2488,525.4914,position_sent,receive,Drone1
Drone2_e2448,Drone2,Drone1:2489;Drone2:2448;Drone3:2488,525.6399,position_sent,local,
Drone3_e2496,Drone3,Drone1:2506;Drone2:2412;Drone3:2496,524.9085,scanning,receive,Drone1
Drone3_e2497,Drone3,Drone1:2506;Drone2:2412;Drone3:2497,525.1309,scanning,local,
Drone2_e2449,Drone2,Drone1:2492;Drone2:2449;Drone3:2488,525.8768,position_sent,receive,Drone1
Drone1_e2510,Drone1,Drone1:2510;Drone2:2412;Drone3:2468,525.3488,target_found,send,Drone3
Drone3_e2498,Drone3,Drone1:2510;Drone2:2412;Drone3:2498,525.4835,scanning,receive,Drone1
Drone1_e2511,Drone1,Drone1:2511;Drone2:2412;Drone3:2468,525.6147,target_found,send,Drone3
Drone3_e2499,Drone3,Drone1:2510;Drone2:2412;Drone3:2499,525.7712,scanning,local,
Drone3_e2500,Drone3,Drone1:2510;Drone2:2412;Drone3:2500,526.0540,scanning,local,
Drone2_e2450,Drone2,Drone1:2494;Drone2:2450;Drone3:2488,526.0296,position_sent,receive,Drone1
Drone2_e2451,Drone2,Drone1:2494;Drone2:2451;Drone3:2488,526.1868,position_sent,local,
Drone3_e2501,Drone3,Drone1:2510;Drone2:2412;Drone3:2501,526.2073,scanning,local,
Drone1_e2512,Drone1,Drone1:2512;Drone2:2412;Drone3:2468,525.7993,position_measured,local,
Drone2_e2452,Drone2,Drone1:2494;Drone2:2452;Drone3:2488,526.3844,processing,local,
Drone1_e2513,Drone1,Drone1:2513;Drone2:2412;Drone3:2468,526.0373,position_measured,local,
Drone3_e2502,Drone3,Drone1:2510;Drone2:2412;Drone3:2502,526.2766,target_found,local,
Drone1_e2514,Drone1,Drone1:2514;Drone2:2412;Drone3:2468,526.1434,position_measured,local,
Drone3_e2503,Drone3,Drone1:2511;Drone2:2412;Drone3:2503,526.5508,target_found,receive,Drone1
Drone3_e2504,Drone3,Drone1:2511;Drone2:2412;Drone3:2504,526.7745,target_found,local,
Drone1_e2515,Drone1,Drone1:2515;Drone2:2412;Drone3:2468,526.3177,position_measured,send,Drone2
Drone1_e2516,Drone1,Drone1:2516;Drone2:2412;Drone3:2468,526.4626,position_measured,local,
Drone2_e2453,Drone2,Drone1:2494;Drone2:2453;Drone3:2488,526.6282,processing,local,
Drone1_e2517,Drone1,Drone1:2517;Drone2:2412;Drone3:2468,526.5811,position_measured,local,
Drone3_e2505,Drone3,Drone1:2511;Drone2:2412;Drone3:2505,526.9450,target_found,local,
Drone3_e2506,Drone3,Drone1:2511;Drone2:2412;Drone3:2506,526.9997,target_found,local,
Drone1_e2518,Drone1,Drone1:2518;Drone2:2412;Drone3:2468,526.6998,position_measured,local,
Drone1_e2519,Drone1,Drone1:2519;Drone2:2412;Drone3:2468,526.9946,position_measured,send,Drone2
Drone2_e2454,Drone2,Drone1:2494;Drone2:2454;Drone3:2488,526.8262,processing,local,
Drone2_e2455,Drone2,Drone1:2494;Drone2:2455;Drone3:2488,526.9867,processing,local,
Drone1_e2520,Drone1,Drone1:2520;Drone2:2412;Drone3:2468,527.1141,position_measured,local,
Drone1_e2521,Drone1,Drone1:2521;Drone2:2412;Drone3:2468,527.4120,position_measured,local,
Drone3_e2507,Drone3,Drone1:2511;Drone2:2412;Drone3:2507,527.1359,target_found,send,Drone2
Drone2_e2456,Drone2,Drone1:2511;Drone2:2456;Drone3:2507,527.3353,processing,receive,Drone3
Drone2_e2457,Drone2,Drone1:2511;Drone2:2457;Drone3:2507,527.3882,processing,receive,Drone1
Drone2_e2458,Drone2,Drone1:2511;Drone2:2458;Drone3:2507,527.5037,processing,local,
Drone3_e2508,Drone3,Drone1:2511;Drone2:2412;Drone3:2508,527.2312,target_found,send,Drone1
Drone2_e2459,Drone2,Drone1:2511;Drone2:2459;Drone3:2507,527.6495,processing,local,
Drone2_e2460,Drone2,Drone1:2511;Drone2:2460;Drone3:2507,527.7216,processing,local,
Drone2_e2461,Drone2,Drone1:2511;Drone2:2461;Drone3:2507,527.9397,processing,local,
Drone2_e2462,Drone2,Drone1:2511;Drone2:2462;Drone3:2507,528.1274,relative_computed,local,
Drone1_e2522,Drone1,Drone1:2522;Drone2:2412;Drone3:2508,527.4702,position_sent,receive,Drone3
Drone2_e2463,Drone2,Drone1:2511;Drone2:2463;Drone3:2507,528.3737,relative_computed,receive,Drone1
Drone3_e2509,Drone3,Drone1:2511;Drone2:2412;Drone3:2509,527.4753,target_found,send,Drone2
Drone1_e2523,Drone1,Drone1:2523;Drone2:2412;Drone3:2508,527.5882,position_sent,local,
Drone3_e2510,Drone3,Drone1:2511;Drone2:2412;Drone3:2510,527.5739,target_found,send,Drone1
Drone1_e2524,Drone1,Drone1:2524;Drone2:2412;Drone3:2510,527.6921,position_sent,receive,Drone3
Drone3_e2511,Drone3,Drone1:2511;Drone2:2412;Drone3:2511,527.7444,target_found,local,
Drone1_e2525,Drone1,Drone1:2525;Drone2:2412;Drone3:2510,527.8105,position_sent,local,
Drone1_e2526,Drone1,Drone1:2526;Drone2:2412;Drone3:2510,527.8826,position_sent,send,Drone3
Drone1_e2527,Drone1,Drone1:2527;Drone2:2412;Drone3:2510,528.1489,position_sent,local,
Drone2_e2464,Drone2,Drone1:2511;Drone2:2464;Drone3:2507,528.4331,relative_computed,local,
Drone2_e2465,Drone2,Drone1:2511;Drone2:2465;Drone3:2507,528.5059,relative_computed,local,
Drone2_e2466,Drone2,Drone1:2511;Drone2:2466;Drone3:2507,528.7005,relative_computed,receive,Drone1
Drone3_e2512,Drone3,Drone1:2511;Drone2:2412;Drone3:2512,527.9589,position_measured,local,
Drone1_e2528,Drone1,Drone1:2528;Drone2:2412;Drone3:2510,528.3629,position_sent,send,Drone3
Drone1_e2529,Drone1,Drone1:2529;Drone2:2412;Drone3:2510,528.4226,position_sent,local,
Drone3_e2513,Drone3,Drone1:2511;Drone2:2412;Drone3:2513,528.2293,position_measured,local,
Drone2_e2467,Drone2,Drone1:2511;Drone2:2467;Drone3:2507,528.8515,relative_computed,local,
Drone3_e2514,Drone3,Drone1:2511;Drone2:2412;Drone3:2514,528.4663,position_measured,local,
Drone1_e2530,Drone1,Drone1:2530;Drone2:2412;Drone3:2510,528.6231,position_sent,local,
Drone1_e2531,Drone1,Drone1:2531;Drone2:2412;Drone3:2510,528.9118,position_sent,send,Drone2
Drone1_e2532,Drone1,Drone1:2532;Drone2:2412;Drone3:2510,529.0374,processing,send,Drone3
Drone2_e2468,Drone2,Drone1:2511;Drone2:2468;Drone3:2507,529.1506,relative_computed,local,
Drone1_e2533,Drone1,Drone1:2533;Drone2:2412;Drone3:2510,529.1061,processing,local,
Drone1_e2534,Drone1,Drone1:2534;Drone2:2412;Drone3:2510,529.2975,processing,local,
Drone3_e2515,Drone3,Drone1:2526;Drone2:2412;Drone3:2515,528.5676,position_measured,receive,Drone1
Drone3_e2516,Drone3,Drone1:2528;Drone2:2412;Drone3:2516,528.6986,position_measured,receive,Drone1
Drone2_e2469,Drone2,Drone1:2511;Drone2:2469;Drone3:2509,529.3983,relative_computed,receive,Drone3
Drone1_e2535,Drone1,Drone1:2535;Drone2:2412;Drone3:2510,529.5431,processing,send,Drone2
Drone1_e2536,Drone1,Drone1:2536;Drone2:2412;Drone3:2510,529.6705,processing,local,
Drone1_e2537,Drone1,Drone1:2537;Drone2:2412;Drone3:2510,529.7964,processing,local,
Drone2_e2470,Drone2,Drone1:2511;Drone2:2470;Drone3:2509,529.4494,relative_computed,local,
Drone3_e2517,Drone3,Drone1:2528;Drone2:2412;Drone3:2517,528.9124,position_measured,local,
Drone2_e2471,Drone2,Drone1:2511;Drone2:2471;Drone3:2509,529.7095,relative_computed,receive,Drone1
Drone2_e2472,Drone2,Drone1:2511;Drone2:2472;Drone3:2509,529.8343,formation_hold,local,
Drone1_e2538,Drone1,Drone1:2538;Drone2:2412;Drone3:2510,530.0798,processing,local,
Drone1_e2539,Drone1,Drone1:2539;Drone2:2412;Drone3:2510,530.2817,processing,local,
Drone2_e2473,Drone2,Drone1:2511;Drone2:2473;Drone3:2509,530.0118,formation_hold,local,
Drone2_e2474,Drone2,Drone1:2515;Drone2:2474;Drone3:2509,530.1087,formation_hold,receive,Drone1
Drone1_e2540,Drone1,Drone1:2540;Drone2:2412;Drone3:2510,530.3411,processing,send,Drone2
Drone3_e2518,Drone3,Drone1:2528;Drone2:2412;Drone3:2518,529.1161,position_measured,local,
Drone1_e2541,Drone1,Drone1:2541;Drone2:2412;Drone3:2510,530.4858,processing,local,
Drone3_e2519,Drone3,Drone1:2528;Drone2:2412;Drone3:2519,529.2084,position_measured,local,
Drone3_e2520,Drone3,Drone1:2532;Drone2:2412;Drone3:2520,529.3294,position_measured,receive,Drone1
Drone1_e2542,Drone1,Drone1:2542;Drone2:2412;Drone3:2510,530.5564,relative_computed,send,Drone2
Drone2_e2475,Drone2,Drone1:2519;Drone2:2475;Drone3:2509,530.2614,formation_hold,receive,Drone1
Drone3_e2521,Drone3,Drone1:2532;Drone2:2412;Drone3:2521,529.5449,position_measured,local,
Drone2_e2476,Drone2,Drone1:2531;Drone2:2476;Drone3:2510,530.5149,formation_hold,receive,Drone1
Drone2_e2477,Drone2,Drone1:2535;Drone2:2477;Drone3:2510,530.6088,formation_hold,receive,Drone1
Drone3_e2522,Drone3,Drone1:2532;Drone2:2412;Drone3:2522,529.6728,position_sent,local,
Drone1_e2543,Drone1,Drone1:2543;Drone2:2412;Drone3:2510,530.6772,relative_computed,send,Drone3
Drone3_e2523,Drone3,Drone1:2532;Drone2:2412;Drone3:2523,529.9564,position_sent,local,
Drone2_e2478,Drone2,Drone1:2535;Drone2:2478;Drone3:2510,530.8081,formation_hold,local,
Drone3_e2524,Drone3,Drone1:2543;Drone2:2412;Drone3:2524,530.8337,position_sent,receive,Drone1
Drone3_e2525,Drone3,Drone1:2543;Drone2:2412;Drone3:2525,531.1290,position_sent,send,Drone1
Drone1_e2544,Drone1,Drone1:2544;Drone2:2412;Drone3:2525,531.2871,relative_computed,receive,Drone3
Drone2_e2479,Drone2,Drone1:2535;Drone2:2479;Drone3:2510,531.0874,formation_hold,local,
Drone1_e2545,Drone1,Drone1:2545;Drone2:2412;Drone3:2525,531.5317,relative_computed,local,
Drone2_e2480,Drone2,Drone1:2535;Drone2:2480;Drone3:2510,531.3503,formation_hold,local,
Drone1_e2546,Drone1,Drone1:2546;Drone2:2412;Drone3:2525,531.7628,relative_computed,local,
Drone2_e2481,Drone2,Drone1:2540;Drone2:2481;Drone3:2510,531.4336,formation_hold,receive,Drone1
Drone3_e2526,Drone3,Drone1:2543;Drone2:2412;Drone3:2526,531.2707,position_sent,local,
Drone2_e2482,Drone2,Drone1:2542;Drone2:2482;Drone3:2510,531.6027,idle,receive,Drone1
Drone3_e2527,Drone3,Drone1:2543;Drone2:2412;Drone3:2527,531.5355,position_sent,send,Drone2
Drone3_e2528,Drone3,Drone1:2543;Drone2:2412;Drone3:2528,531.6133,position_sent,local,
Drone1_e2547,Drone1,Drone1:2547;Drone2:2412;Drone3:2525,531.9401,relative_computed,send,Drone3
Drone2_e2483,Drone2,Drone1:2542;Drone2:2483;Drone3:2510,531.7179,idle,local,
Drone3_e2529,Drone3,Drone1:2543;Drone2:2412;Drone3:2529,531.8578,position_sent,local,
Drone1_e2548,Drone1,Drone1:2548;Drone2:2412;Drone3:2525,531.9910,relative_computed,local,
Drone3_e2530,Drone3,Drone1:2543;Drone2:2412;Drone3:2530,532.0107,position_sent,local,
Drone3_e2531,Drone3,Drone1:2543;Drone2:2412;Drone3:2531,532.2288,position_sent,local,
Drone1_e2549,Drone1,Drone1:2549;Drone2:2412;Drone3:2525,532.1750,relative_computed,local,
Drone1_e2550,Drone1,Drone1:2550;Drone2:2412;Drone3:2525,532.2672,relative_computed,local,
Drone3_e2532,Drone3,Drone1:2543;Drone2:2412;Drone3:2532,532.3092,processing,local,
Drone3_e2533,Drone3,Drone1:2547;Drone2:2412;Drone3:2533,532.3949,processing,receive,Drone1
Drone1_e2551,Drone1,Drone1:2551;Drone2:2412;Drone3:2525,532.3882,relative_computed,send,Drone2
Drone3_e2534,Drone3,Drone1:2547;Drone2:2412;Drone3:2534,532.6615,processing,send,Drone2
Drone3_e2535,Drone3,Drone1:2547;Drone2:2412;Drone3:2535,532.7195,processing,send,Drone2
Drone2_e2484,Drone2,Drone1:2551;Drone2:2484;Drone3:2525,532.5512,idle,receive,Drone1
Drone1_e2552,Drone1,Drone1:2552;Drone2:2412;Drone3:2525,532.6143,formation_hold,send,Drone2
Drone1_e2553,Drone1,Drone1:2553;Drone2:2412;Drone3:2525,532.6717,formation_hold,local,
Drone2_e2485,Drone2,Drone1:2552;Drone2:2485;Drone3:2525,532.8962,idle,receive,Drone1
Drone1_e2554,Drone1,Drone1:2554;Drone2:2412;Drone3:2525,532.8544,formation_hold,local,
Drone1_e2555,Drone1,Drone1:2555;Drone2:2412;Drone3:2525,532.9063,formation_hold,local,
Drone2_e2486,Drone2,Drone1:2552;Drone2:2486;Drone3:2527,533.1853,idle,receive,Drone3
Drone3_e2536,Drone3,Drone1:2547;Drone2:2412;Drone3:2536,532.9192,processing,local,
Drone2_e2487,Drone2,Drone1:2552;Drone2:2487;Drone3:2527,533.2426,idle,local,
Drone3_e2537,Drone3,Drone1:2547;Drone2:2412;Drone3:2537,532.9751,processing,send,Drone1
Drone2_e2488,Drone2,Drone1:2552;Drone2:2488;Drone3:2534,533.5201,idle,receive,Drone3
Drone3_e2538,Drone3,Drone1:2547;Drone2:2412;Drone3:2538,533.0858,processing,local,
Drone1_e2556,Drone1,Drone1:2556;Drone2:2412;Drone3:2525,533.1742,formation_hold,local,
Drone1_e2557,Drone1,Drone1:2557;Drone2:2412;Drone3:2525,533.3518,formation_hold,local,
Drone1_e2558,Drone1,Drone1:2558;Drone2:2412;Drone3:2525,533.4675,formation_hold,local,
Drone2_e2489,Drone2,Drone1:2552;Drone2:2489;Drone3:2534,533.7701,idle,local,
Drone2_e2490,Drone2,Drone1:2552;Drone2:2490;Drone3:2534,533.9773,idle,local,
Drone3_e2539,Drone3,Drone1:2547;Drone2:2412;Drone3:2539,533.2962,processing,send,Drone1
Drone3_e2540,Drone3,Drone1:2547;Drone2:2412;Drone3:2540,533.4987,processing,local,
Drone1_e2559,Drone1,Drone1:2559;Drone2:2412;Drone3:2537,533.6419,formation_hold,receive,Drone3
Drone3_e2541,Drone3,Drone1:2547;Drone2:2412;Drone3:2541,533.7908,processing,local,
Drone3_e2542,Drone3,Drone1:2547;Drone2:2412;Drone3:2542,533.9569,relative_computed,local,
Drone3_e2543,Drone3,Drone1:2547;Drone2:2412;Drone3:2543,534.1738,relative_computed,local,
Drone1_e2560,Drone1,Drone1:2560;Drone2:2412;Drone3:2539,533.7545,formation_hold,receive,Drone3
Drone1_e2561,Drone1,Drone1:2561;Drone2:2412;Drone3:2539,533.9052,formation_hold,local,
Drone3_e2544,Drone3,Drone1:2547;Drone2:2412;Drone3:2544,534.3620,relative_computed,send,Drone2
Drone2_e2491,Drone2,Drone1:2552;Drone2:2491;Drone3:2534,534.2234,idle,local,
Drone3_e2545,Drone3,Drone1:2547;Drone2:2412;Drone3:2545,534.5864,relative_computed,local,
Drone1_e2562,Drone1,Drone1:2562;Drone2:2412;Drone3:2539,534.0247,idle,local,
Drone3_e2546,Drone3,Drone1:2547;Drone2:2412;Drone3:2546,534.6366,relative_computed,local,
Drone2_e2492,Drone2,Drone1:2552;Drone2:2492;Drone3:2534,534.3808,scanning,local,
Drone3_e2547,Drone3,Drone1:2547;Drone2:2412;Drone3:2547,534.7764,relative_computed,send,Drone2
Drone1_e2563,Drone1,Drone1:2563;Drone2:2412;Drone3:2539,534.2750,idle,local,
Drone2_e2493,Drone2,Drone1:2552;Drone2:2493;Drone3:2535,534.6128,scanning,receive,Drone3
Drone2_e2494,Drone2,Drone1:2552;Drone2:2494;Drone3:2544,534.7230,scanning,receive,Drone3
Drone2_e2495,Drone2,Drone1:2552;Drone2:2495;Drone3:2544,534.8658,scanning,local,
Drone1_e2564,Drone1,Drone1:2564;Drone2:2412;Drone3:2539,534.3610,idle,send,Drone3
Drone2_e2496,Drone2,Drone1:2552;Drone2:2496;Drone3:2547,535.0203,scanning,receive,Drone3
Drone3_e2548,Drone3,Drone1:2564;Drone2:2412;Drone3:2548,534.8614,relative_computed,receive,Drone1
Drone1_e2565,Drone1,Drone1:2565;Drone2:2412;Drone3:2539,534.5390,idle,local,
Drone1_e2566,Drone1,Drone1:2566;Drone2:2412;Drone3:2539,534.6886,idle,local,
Drone3_e2549,Drone3,Drone1:2564;Drone2:2412;Drone3:2549,534.9854,relative_computed,send,Drone2
Drone2_e2497,Drone2,Drone1:2552;Drone2:2497;Drone3:2547,535.2797,scanning,local,
Drone1_e2567,Drone1,Drone1:2567;Drone2:2412;Drone3:2539,534.9577,idle,local,
Drone1_e2568,Drone1,Drone1:2568;Drone2:2412;Drone3:2539,535.1765,idle,local,
Drone1_e2569,Drone1,Drone1:2569;Drone2:2412;Drone3:2539,535.4518,idle,local,
Drone1_e2570,Drone1,Drone1:2570;Drone2:2412;Drone3:2539,535.6935,idle,send,Drone2
Drone2_e2498,Drone2,Drone1:2564;Drone2:2498;Drone3:2549,535.4066,scanning,receive,Drone3
Drone3_e2550,Drone3,Drone1:2564;Drone2:2412;Drone3:2550,535.0970,relative_computed,local,
Drone2_e2499,Drone2,Drone1:2564;Drone2:2499;Drone3:2549,535.5385,scanning,local,
Drone2_e2500,Drone2,Drone1:2570;Drone2:2500;Drone3:2549,535.9549,scanning,receive,Drone1
Drone3_e2551,Drone3,Drone1:2564;Drone2:2412;Drone3:2551,535.2431,relative_computed,local,
Drone2_e2501,Drone2,Drone1:2570;Drone2:2501;Drone3:2549,536.0996,scanning,local,
Drone1_e2571,Drone1,Drone1:2571;Drone2:2412;Drone3:2539,535.8565,idle,send,Drone3
Drone1_e2572,Drone1,Drone1:2572;Drone2:2412;Drone3:2539,535.9597,scanning,local,
Drone3_e2552,Drone3,Drone1:2571;Drone2:2412;Drone3:2552,536.0754,formation_hold,receive,Drone1
Drone2_e2502,Drone2,Drone1:2570;Drone2:2502;Drone3:2549,536.3824,target_found,local,
Drone1_e2573,Drone1,Drone1:2573;Drone2:2412;Drone3:2539,536.1442,scanning,local,
Drone1_e2574,Drone1,Drone1:2574;Drone2:2412;Drone3:2539,536.2508,scanning,local,
Drone2_e2503,Drone2,Drone1:2570;Drone2:2503;Drone3:2549,536.5836,target_found,send,Drone1
Drone2_e2504,Drone2,Drone1:2570;Drone2:2504;Drone3:2549,536.7443,target_found,send,Drone1
Drone1_e2575,Drone1,Drone1:2575;Drone2:2412;Drone3:2539,536.5386,scanning,local,
Drone3_e2553,Drone3,Drone1:2571;Drone2:2412;Drone3:2553,536.1320,formation_hold,send,Drone1
Drone1_e2576,Drone1,Drone1:2576;Drone2:2412;Drone3:2539,536.7240,scanning,local,
Drone1_e2577,Drone1,Drone1:2577;Drone2:2412;Drone3:2539,536.8638,scanning,local,
Drone1_e2578,Drone1,Drone1:2578;Drone2:2412;Drone3:2539,537.1387,scanning,local,
Drone2_e2505,Drone2,Drone1:2570;Drone2:2505;Drone3:2549,536.9130,target_found,local,
Drone1_e2579,Drone1,Drone1:2579;Drone2:2503;Drone3:2549,537.3936,scanning,receive,Drone2
Drone1_e2580,Drone1,Drone1:2580;Drone2:2503;Drone3:2549,537.4739,scanning,local,
Drone1_e2581,Drone1,Drone1:2581;Drone2:2503;Drone3:2549,537.6489,scanning,local,
Drone2_e2506,Drone2,Drone1:2570;Drone2:2506;Drone3:2549,537.1974,target_found,local,
Drone2_e2507,Drone2,Drone1:2570;Drone2:2507;Drone3:2549,537.2587,target_found,send,Drone1
Drone1_e2582,Drone1,Drone1:2582;Drone2:2503;Drone3:2549,537.7111,target_found,local,
Drone3_e2554,Drone3,Drone1:2571;Drone2:2412;Drone3:2554,536.2349,formation_hold,send,Drone1
Drone3_e2555,Drone3,Drone1:2571;Drone2:2412;Drone3:2555,536.3061,formation_hold,send,Drone2
Drone1_e2583,Drone1,Drone1:2583;Drone2:2504;Drone3:2549,537.8070,target_found,receive,Drone2
Drone3_e2556,Drone3,Drone1:2571;Drone2:2412;Drone3:2556,536.4637,formation_hold,local,
Drone2_e2508,Drone2,Drone1:2571;Drone2:2508;Drone3:2555,537.4028,target_found,receive,Drone3
Drone3_e2557,Drone3,Drone1:2571;Drone2:2412;Drone3:2557,536.6887,formation_hold,local,
Drone1_e2584,Drone1,Drone1:2584;Drone2:2504;Drone3:2549,537.9492,target_found,local,
Drone3_e2558,Drone3,Drone1:2571;Drone2:2412;Drone3:2558,536.9205,formation_hold,local,
Drone3_e2559,Drone3,Drone1:2571;Drone2:2412;Drone3:2559,537.1734,formation_hold,local,
Drone1_e2585,Drone1,Drone1:2585;Drone2:2504;Drone3:2553,538.1976,target_found,receive,Drone3
Drone2_e2509,Drone2,Drone1:2571;Drone2:2509;Drone3:2555,537.6972,target_found,local,
Drone1_e2586,Drone1,Drone1:2586;Drone2:2504;Drone3:2553,538.2683,target_found,local,
Drone2_e2510,Drone2,Drone1:2571;Drone2:2510;Drone3:2555,537.8643,target_found,local,
Drone3_e2560,Drone3,Drone1:2571;Drone2:2412;Drone3:2560,537.2947,formation_hold,local,
Drone2_e2511,Drone2,Drone1:2571;Drone2:2511;Drone3:2555,538.1238,target_found,send,Drone3
Drone2_e2512,Drone2,Drone1:2571;Drone2:2512;Drone3:2555,538.3275,position_measured,send,Drone1
Drone2_e2513,Drone2,Drone1:2571;Drone2:2513;Drone3:2555,538.6075,position_measured,send,Drone1
Drone3_e2561,Drone3,Drone1:2571;Drone2:2412;Drone3:2561,537.4694,formation_hold,local,
Drone2_e2514,Drone2,Drone1:2571;Drone2:2514;Drone3:2555,538.7425,position_measured,local,
Drone2_e2515,Drone2,Drone1:2571;Drone2:2515;Drone3:2555,538.9546,position_measured,send,Drone3
Drone2_e2516,Drone2,Drone1:2571;Drone2:2516;Drone3:2555,539.2005,position_measured,send,Drone1
Drone1_e2587,Drone1,Drone1:2587;Drone2:2504;Drone3:2553,538.5237,target_found,local,
Drone3_e2562,Drone3,Drone1:2571;Drone2:2511;Drone3:2562,538.2755,idle,receive,Drone2
Drone1_e2588,Drone1,Drone1:2588;Drone2:2504;Drone3:2553,538.7299,target_found,local,
Drone1_e2589,Drone1,Drone1:2589;Drone2:2507;Drone3:2553,538.9487,target_found,receive,Drone2
Drone2_e2517,Drone2,Drone1:2571;Drone2:2517;Drone3:2555,539.3873,position_measured,local,
Drone2_e2518,Drone2,Drone1:2571;Drone2:2518;Drone3:2555,539.5954,position_measured,send,Drone3
Drone1_e2590,Drone1,Drone1:2590;Drone2:2512;Drone3:2555,539.0365,target_found,receive,Drone2
Drone3_e2563,Drone3,Drone1:2571;Drone2:2511;Drone3:2563,538.4603,idle,local,
Drone3_e2564,Drone3,Drone1:2571;Drone2:2515;Drone3:2564,539.0992,idle,receive,Drone2
Drone3_e2565,Drone3,Drone1:2571;Drone2:2515;Drone3:2565,539.2203,idle,local,
Drone3_e2566,Drone3,Drone1:2571;Drone2:2518;Drone3:2566,539.8733,idle,receive,Drone2
Drone1_e2591,Drone1,Drone1:2591;Drone2:2513;Drone3:2555,539.2381,target_found,receive,Drone2
Drone1_e2592,Drone1,Drone1:2592;Drone2:2516;Drone3:2555,539.5228,position_measured,receive,Drone2
Drone1_e2593,Drone1,Drone1:2593;Drone2:2516;Drone3:2555,539.6570,position_measured,local,
Drone1_e2594,Drone1,Drone1:2594;Drone2:2516;Drone3:2555,539.8414,position_measured,local,
Drone3_e2567,Drone3,Drone1:2571;Drone2:2518;Drone3:2567,540.0991,idle,send,Drone1
Drone1_e2595,Drone1,Drone1:2595;Drone2:2516;Drone3:2555,540.0008,position_measured,receive,Drone3
Drone3_e2568,Drone3,Drone1:2571;Drone2:2518;Drone3:2568,540.2746,idle,local,
Drone2_e2519,Drone2,Drone1:2571;Drone2:2519;Drone3:2555,539.6976,position_measured,local,
Drone2_e2520,Drone2,Drone1:2571;Drone2:2520;Drone3:2555,539.8814,position_measured,local,
Drone2_e2521,Drone2,Drone1:2571;Drone2:2521;Drone3:2555,540.1318,position_measured,send,Drone1
Drone2_e2522,Drone2,Drone1:2571;Drone2:2522;Drone3:2555,540.3243,position_sent,local,
Drone2_e2523,Drone2,Drone1:2571;Drone2:2523;Drone3:2555,540.6042,position_sent,local,
Drone1_e2596,Drone1,Drone1:2596;Drone2:2521;Drone3:2555,540.3765,position_measured,receive,Drone2
Drone3_e2569,Drone3,Drone1:2571;Drone2:2518;Drone3:2569,540.5283,idle,local,
Drone2_e2524,Drone2,Drone1:2571;Drone2:2524;Drone3:2555,540.7524,position_sent,send,Drone3
Drone1_e2597,Drone1,Drone1:2597;Drone2:2521;Drone3:2555,540.6430,position_measured,local,
Drone1_e2598,Drone1,Drone1:2598;Drone2:2521;Drone3:2555,540.7852,position_measured,local,
Drone1_e2599,Drone1,Drone1:2599;Drone2:2521;Drone3:2555,541.0836,position_measured,local,
Drone2_e2525,Drone2,Drone1:2571;Drone2:2525;Drone3:2555,540.8576,position_sent,local,
Drone1_e2600,Drone1,Drone1:2600;Drone2:2521;Drone3:2555,541.3422,position_measured,local,
Drone3_e2570,Drone3,Drone1:2571;Drone2:2524;Drone3:2570,540.9558,idle,receive,Drone2
Drone2_e2526,Drone2,Drone1:2571;Drone2:2526;Drone3:2555,541.0354,position_sent,send,Drone3
Drone3_e2571,Drone3,Drone1:2571;Drone2:2524;Drone3:2571,541.0470,idle,local,
Drone3_e2572,Drone3,Drone1:2571;Drone2:2526;Drone3:2572,541.3046,scanning,receive,Drone2
Drone1_e2601,Drone1,Drone1:2601;Drone2:2521;Drone3:2567,541.4709,position_measured,receive,Drone3
Drone2_e2527,Drone2,Drone1:2571;Drone2:2527;Drone3:2555,541.3281,position_sent,local,
Drone2_e2528,Drone2,Drone1:2571;Drone2:2528;Drone3:2555,541.5115,position_sent,local,
Drone2_e2529,Drone2,Drone1:2571;Drone2:2529;Drone3:2555,541.5973,position_sent,local,
Drone3_e2573,Drone3,Drone1:2571;Drone2:2526;Drone3:2573,541.5461,scanning,send,Drone2
Drone2_e2530,Drone2,Drone1:2571;Drone2:2530;Drone3:2555,541.8250,position_sent,local,
Drone1_e2602,Drone1,Drone1:2602;Drone2:2521;Drone3:2567,541.5787,position_sent,local,
Drone2_e2531,Drone2,Drone1:2571;Drone2:2531;Drone3:2555,542.0285,position_sent,local,
Drone3_e2574,Drone3,Drone1:2571;Drone2:2526;Drone3:2574,541.6604,scanning,local,
Drone2_e2532,Drone2,Drone1:2571;Drone2:2532;Drone3:2555,542.0967,processing,local,
Drone3_e2575,Drone3,Drone1:2571;Drone2:2526;Drone3:2575,541.9276,scanning,send,Drone2
Drone3_e2576,Drone3,Drone1:2571;Drone2:2526;Drone3:2576,541.9787,scanning,local,
Drone1_e2603,Drone1,Drone1:2603;Drone2:2521;Drone3:2567,541.7019,position_sent,local,
Drone2_e2533,Drone2,Drone1:2571;Drone2:2533;Drone3:2555,542.3927,processing,local,
Drone3_e2577,Drone3,Drone1:2571;Drone2:2526;Drone3:2577,542.2035,scanning,local,
Drone3_e2578,Drone3,Drone1:2571;Drone2:2526;Drone3:2578,542.3252,scanning,local,
Drone2_e2534,Drone2,Drone1:2571;Drone2:2534;Drone3:2555,542.6235,processing,local,
Drone2_e2535,Drone2,Drone1:2571;Drone2:2535;Drone3:2555,542.7077,processing,local,
Drone1_e2604,Drone1,Drone1:2604;Drone2:2521;Drone3:2567,541.8247,position_sent,local,
Drone3_e2579,Drone3,Drone1:2571;Drone2:2526;Drone3:2579,542.4261,scanning,send,Drone1
Drone3_e2580,Drone3,Drone1:2571;Drone2:2526;Drone3:2580,542.5096,scanning,local,
Drone2_e2536,Drone2,Drone1:2571;Drone2:2536;Drone3:2555,542.9279,processing,local,
Drone1_e2605,Drone1,Drone1:2605;Drone2:2521;Drone3:2567,541.9230,position_sent,local,
Drone3_e2581,Drone3,Drone1:2571;Drone2:2526;Drone3:2581,542.5986,scanning,local,
Drone1_e2606,Drone1,Drone1:2606;Drone2:2521;Drone3:2567,542.1477,position_sent,local,
Drone2_e2537,Drone2,Drone1:2571;Drone2:2537;Drone3:2573,543.0999,processing,receive,Drone3
Drone3_e2582,Drone3,Drone1:2571;Drone2:2526;Drone3:2582,542.7475,target_found,local,
Drone2_e2538,Drone2,Drone1:2571;Drone2:2538;Drone3:2573,543.3176,processing,local,
Drone3_e2583,Drone3,Drone1:2571;Drone2:2526;Drone3:2583,542.7986,target_found,local,
Drone1_e2607,Drone1,Drone1:2607;Drone2:2521;Drone3:2567,542.4185,position_sent,local,
Drone1_e2608,Drone1,Drone1:2608;Drone2:2526;Drone3:2579,542.6990,position_sent,receive,Drone3
Drone3_e2584,Drone3,Drone1:2571;Drone2:2526;Drone3:2584,542.9216,target_found,local,
Drone2_e2539,Drone2,Drone1:2571;Drone2:2539;Drone3:2575,543.5610,processing,receive,Drone3
Drone3_e2585,Drone3,Drone1:2571;Drone2:2526;Drone3:2585,543.0773,target_found,send,Drone1
Drone2_e2540,Drone2,Drone1:2571;Drone2:2540;Drone3:2575,543.7062,processing,local,
Drone3_e2586,Drone3,Drone1:2571;Drone2:2526;Drone3:2586,543.2520,target_found,send,Drone2
Drone3_e2587,Drone3,Drone1:2571;Drone2:2526;Drone3:2587,543.4763,target_found,local,
Drone2_e2541,Drone2,Drone1:2571;Drone2:2541;Drone3:2586,543.9162,processing,receive,Drone3
Drone2_e2542,Drone2,Drone1:2571;Drone2:2542;Drone3:2586,544.0378,relative_computed,local,
Drone2_e2543,Drone2,Drone1:2571;Drone2:2543;Drone3:2586,544.2376,relative_computed,local,
Drone1_e2609,Drone1,Drone1:2609;Drone2:2526;Drone3:2579,542.8416,position_sent,local,
Drone2_e2544,Drone2,Drone1:2571;Drone2:2544;Drone3:2586,544.3160,relative_computed,send,Drone1
Drone1_e2610,Drone1,Drone1:2610;Drone2:2526;Drone3:2585,543.3182,position_sent,receive,Drone3
Drone1_e2611,Drone1,Drone1:2611;Drone2:2526;Drone3:2585,543.6009,position_sent,local,
Drone2_e2545,Drone2,Drone1:2571;Drone2:2545;Drone3:2586,544.3854,relative_computed,send,Drone1
Drone2_e2546,Drone2,Drone1:2571;Drone2:2546;Drone3:2586,544.5542,relative_computed,send,Drone1
Drone3_e2588,Drone3,Drone1:2571;Drone2:2526;Drone3:2588,543.7500,target_found,local,
Drone3_e2589,Drone3,Drone1:2571;Drone2:2526;Drone3:2589,543.8542,target_found,send,Drone1
Drone3_e2590,Drone3,Drone1:2571;Drone2:2526;Drone3:2590,544.0484,target_found,local,
Drone3_e2591,Drone3,Drone1:2571;Drone2:2526;Drone3:2591,544.1699,target_found,local,
Drone3_e2592,Drone3,Drone1:2571;Drone2:2526;Drone3:2592,544.2353,position_measured,send,Drone2
Drone1_e2612,Drone1,Drone1:2612;Drone2:2526;Drone3:2589,544.0004,processing,receive,Drone3
Drone3_e2593,Drone3,Drone1:2571;Drone2:2526;Drone3:2593,544.4570,position_measured,local,
Drone2_e2547,Drone2,Drone1:2571;Drone2:2547;Drone3:2592,544.6728,relative_computed,receive,Drone3
Drone3_e2594,Drone3,Drone1:2571;Drone2:2526;Drone3:2594,544.6216,position_measured,send,Drone2
Drone2_e2548,Drone2,Drone1:2571;Drone2:2548;Drone3:2592,544.7721,relative_computed,local,
Drone3_e2595,Drone3,Drone1:2571;Drone2:2526;Drone3:2595,544.6973,position_measured,local,
Drone2_e2549,Drone2,Drone1:2571;Drone2:2549;Drone3:2592,544.9015,relative_computed,local,
Drone2_e2550,Drone2,Drone1:2571;Drone2:2550;Drone3:2592,545.0733,relative_computed,local,
Drone2_e2551,Drone2,Drone1:2571;Drone2:2551;Drone3:2592,545.1323,relative_computed,local,
Drone3_e2596,Drone3,Drone1:2571;Drone2:2526;Drone3:2596,544.9449,position_measured,send,Drone2
Drone3_e2597,Drone3,Drone1:2571;Drone2:2526;Drone3:2597,545.1158,position_measured,send,Drone1
Drone1_e2613,Drone1,Drone1:2613;Drone2:2526;Drone3:2589,544.0771,processing,local,
Drone3_e2598,Drone3,Drone1:2571;Drone2:2526;Drone3:2598,545.2719,position_measured,local,
Drone3_e2599,Drone3,Drone1:2571;Drone2:2526;Drone3:2599,545.3501,position_measured,local,
Drone3_e2600,Drone3,Drone1:2571;Drone2:2526;Drone3:2600,545.6068,position_measured,local,
Drone2_e2552,Drone2,Drone1:2571;Drone2:2552;Drone3:2592,545.3271,formation_hold,local,
Drone3_e2601,Drone3,Drone1:2571;Drone2:2526;Drone3:2601,545.8228,position_measured,local,
Drone1_e2614,Drone1,Drone1:2614;Drone2:2526;Drone3:2589,544.2462,processing,local,
Drone1_e2615,Drone1,Drone1:2615;Drone2:2526;Drone3:2589,544.5124,processing,local,
Drone2_e2553,Drone2,Drone1:2571;Drone2:2553;Drone3:2592,545.5112,formation_hold,local,
Drone2_e2554,Drone2,Drone1:2571;Drone2:2554;Drone3:2594,545.7221,formation_hold,receive,Drone3
Drone1_e2616,Drone1,Drone1:2616;Drone2:2526;Drone3:2589,544.6679,processing,local,
Drone2_e2555,Drone2,Drone1:2571;Drone2:2555;Drone3:2594,545.9084,formation_hold,local,
Drone1_e2617,Drone1,Drone1:2617;Drone2:2544;Drone3:2589,544.9648,processing,receive,Drone2
Drone3_e2602,Drone3,Drone1:2571;Drone2:2526;Drone3:2602,546.0654,position_sent,local,
Drone3_e2603,Drone3,Drone1:2571;Drone2:2526;Drone3:2603,546.2124,position_sent,send,Drone1
Drone3_e2604,Drone3,Drone1:2571;Drone2:2526;Drone3:2604,546.4887,position_sent,send,Drone2
Drone3_e2605,Drone3,Drone1:2571;Drone2:2526;Drone3:2605,546.6786,position_sent,local,
Drone1_e2618,Drone1,Drone1:2618;Drone2:2544;Drone3:2589,545.1496,processing,local,
Drone2_e2556,Drone2,Drone1:2571;Drone2:2556;Drone3:2594,546.0654,formation_hold,local,
Drone2_e2557,Drone2,Drone1:2571;Drone2:2557;Drone3:2594,546.1674,formation_hold,local,
Drone1_e2619,Drone1,Drone1:2619;Drone2:2544;Drone3:2597,545.2507,processing,receive,Drone3
Drone2_e2558,Drone2,Drone1:2571;Drone2:2558;Drone3:2596,546.3249,formation_hold,receive,Drone3
Drone3_e2606,Drone3,Drone1:2571;Drone2:2526;Drone3:2606,546.7841,position_sent,local,
Drone2_e2559,Drone2,Drone1:2571;Drone2:2559;Drone3:2604,546.7415,formation_hold,receive,Drone3
Drone3_e2607,Drone3,Drone1:2571;Drone2:2526;Drone3:2607,546.8655,position_sent,send,Drone2
Drone3_e2608,Drone3,Drone1:2571;Drone2:2526;Drone3:2608,546.9905,position_sent,local,
Drone1_e2620,Drone1,Drone1:2620;Drone2:2544;Drone3:2597,545.3018,processing,local,
Drone3_e2609,Drone3,Drone1:2571;Drone2:2526;Drone3:2609,547.0881,position_sent,local,
Drone1_e2621,Drone1,Drone1:2621;Drone2:2544;Drone3:2597,545.4929,processing,local,
Drone2_e2560,Drone2,Drone1:2571;Drone2:2560;Drone3:2607,547.0753,formation_hold,receive,Drone3
Drone1_e2622,Drone1,Drone1:2622;Drone2:2544;Drone3:2597,545.7217,relative_computed,local,
Drone1_e2623,Drone1,Drone1:2623;Drone2:2544;Drone3:2597,545.9700,relative_computed,local,
Drone2_e2561,Drone2,Drone1:2571;Drone2:2561;Drone3:2607,547.3120,formation_hold,local,
Drone1_e2624,Drone1,Drone1:2624;Drone2:2544;Drone3:2603,546.2974,relative_computed,receive,Drone3
Drone1_e2625,Drone1,Drone1:2625;Drone2:2544;Drone3:2603,546.4676,relative_computed,local,
Drone3_e2610,Drone3,Drone1:2571;Drone2:2526;Drone3:2610,547.1877,position_sent,local,
Drone3_e2611,Drone3,Drone1:2571;Drone2:2526;Drone3:2611,547.4646,position_sent,send,Drone2
Drone1_e2626,Drone1,Drone1:2626;Drone2:2545;Drone3:2603,546.6967,relative_computed,receive,Drone2
Drone2_e2562,Drone2,Drone1:2571;Drone2:2562;Drone3:2611,547.6834,idle,receive,Drone3
Drone2_e2563,Drone2,Drone1:2571;Drone2:2563;Drone3:2611,547.8206,idle,send,Drone1
Drone3_e2612,Drone3,Drone1:2571;Drone2:2526;Drone3:2612,547.7200,processing,local,
Drone3_e2613,Drone3,Drone1:2571;Drone2:2526;Drone3:2613,547.8874,processing,local,
Drone3_e2614,Drone3,Drone1:2571;Drone2:2526;Drone3:2614,548.1333,processing,local,
Drone2_e2564,Drone2,Drone1:2571;Drone2:2564;Drone3:2611,548.0400,idle,local,
Drone3_e2615,Drone3,Drone1:2571;Drone2:2526;Drone3:2615,548.2104,processing,local,
Drone2_e2565,Drone2,Drone1:2571;Drone2:2565;Drone3:2611,548.1986,idle,local,
Drone2_e2566,Drone2,Drone1:2571;Drone2:2566;Drone3:2611,548.3625,idle,local,
Drone2_e2567,Drone2,Drone1:2571;Drone2:2567;Drone3:2611,548.5435,idle,send,Drone3
Drone1_e2627,Drone1,Drone1:2627;Drone2:2546;Drone3:2603,546.7507,relative_computed,receive,Drone2
Drone3_e2616,Drone3,Drone1:2571;Drone2:2526;Drone3:2616,548.2985,processing,local,
Drone2_e2568,Drone2,Drone1:2571;Drone2:2568;Drone3:2611,548.8401,idle,local,
Drone2_e2569,Drone2,Drone1:2571;Drone2:2569;Drone3:2611,548.9812,idle,local,
Drone2_e2570,Drone2,Drone1:2571;Drone2:2570;Drone3:2611,549.2705,idle,local,
Drone1_e2628,Drone1,Drone1:2628;Drone2:2563;Drone3:2611,548.0154,relative_computed,receive,Drone2
Drone2_e2571,Drone2,Drone1:2571;Drone2:2571;Drone3:2611,549.4352,idle,send,Drone1
Drone2_e2572,Drone2,Drone1:2571;Drone2:2572;Drone3:2611,549.6047,scanning,local,
Drone1_e2629,Drone1,Drone1:2629;Drone2:2563;Drone3:2611,548.2560,relative_computed,local,
Drone2_e2573,Drone2,Drone1:2571;Drone2:2573;Drone3:2611,549.8148,scanning,local,
Drone1_e2630,Drone1,Drone1:2630;Drone2:2571;Drone3:2611,549.4944,relative_computed,receive,Drone2
Drone3_e2617,Drone3,Drone1:2571;Drone2:2567;Drone3:2617,548.6927,processing,receive,Drone2
Drone1_e2631,Drone1,Drone1:2631;Drone2:2571;Drone3:2611,549.5521,relative_computed,local,
Drone1_e2632,Drone1,Drone1:2632;Drone2:2571;Drone3:2611,549.7423,formation_hold,send,Drone3
Drone3_e2618,Drone3,Drone1:2632;Drone2:2571;Drone3:2618,550.0034,processing,receive,Drone1
Drone2_e2574,Drone2,Drone1:2571;Drone2:2574;Drone3:2611,550.0807,scanning,local,
Drone1_e2633,Drone1,Drone1:2633;Drone2:2571;Drone3:2611,549.9192,formation_hold,send,Drone3
Drone3_e2619,Drone3,Drone1:2633;Drone2:2571;Drone3:2619,550.2770,processing,receive,Drone1
Drone3_e2620,Drone3,Drone1:2633;Drone2:2571;Drone3:2620,550.4696,processing,send,Drone2
Drone2_e2575,Drone2,Drone1:2571;Drone2:2575;Drone3:2611,550.3353,scanning,local,
Drone2_e2576,Drone2,Drone1:2633;Drone2:2576;Drone3:2620,550.7659,scanning,receive,Drone3
Drone2_e2577,Drone2,Drone1:2633;Drone2:2577;Drone3:2620,550.9856,scanning,local,
Drone1_e2634,Drone1,Drone1:2634;Drone2:2571;Drone3:2611,549.9749,formation_hold,local,
Drone1_e2635,Drone1,Drone1:2635;Drone2:2571;Drone3:2611,550.1981,formation_hold,send,Drone3
Drone3_e2621,Drone3,Drone1:2633;Drone2:2571;Drone3:2621,550.6109,processing,local,
Drone3_e2622,Drone3,Drone1:2635;Drone2:2571;Drone3:2622,550.7955,relative_computed,receive,Drone1
Drone2_e2578,Drone2,Drone1:2633;Drone2:2578;Drone3:2620,551.1836,scanning,local,
Drone1_e2636,Drone1,Drone1:2636;Drone2:2571;Drone3:2611,550.3726,formation_hold,local,
Drone1_e2637,Drone1,Drone1:2637;Drone2:2571;Drone3:2611,550.6253,formation_hold,send,Drone2
Drone3_e2623,Drone3,Drone1:2635;Drone2:2571;Drone3:2623,551.0144,relative_computed,local,
Drone1_e2638,Drone1,Drone1:2638;Drone2:2571;Drone3:2611,550.8413,formation_hold,send,Drone3
Drone1_e2639,Drone1,Drone1:2639;Drone2:2571;Drone3:2611,551.0779,formation_hold,local,
Drone1_e2640,Drone1,Drone1:2640;Drone2:2571;Drone3:2611,551.2752,formation_hold,local,
Drone3_e2624,Drone3,Drone1:2635;Drone2:2571;Drone3:2624,551.1343,relative_computed,local,
Drone1_e2641,Drone1,Drone1:2641;Drone2:2571;Drone3:2611,551.3538,formation_hold,local,
Drone3_e2625,Drone3,Drone1:2638;Drone2:2571;Drone3:2625,551.4041,relative_computed,receive,Drone1
Drone3_e2626,Drone3,Drone1:2638;Drone2:2571;Drone3:2626,551.7012,relative_computed,local,
Drone2_e2579,Drone2,Drone1:2633;Drone2:2579;Drone3:2620,551.4449,scanning,local,
Drone1_e2642,Drone1,Drone1:2642;Drone2:2571;Drone3:2611,551.5820,idle,local,
Drone1_e2643,Drone1,Drone1:2643;Drone2:2571;Drone3:2611,551.6544,idle,local,
Drone1_e2644,Drone1,Drone1:2644;Drone2:2571;Drone3:2611,551.8517,idle,send,Drone2
Drone3_e2627,Drone3,Drone1:2638;Drone2:2571;Drone3:2627,551.8983,relative_computed,local,
Drone1_e2645,Drone1,Drone1:2645;Drone2:2571;Drone3:2611,552.0320,idle,local,
Drone3_e2628,Drone3,Drone1:2638;Drone2:2571;Drone3:2628,552.1618,relative_computed,send,Drone2
Drone3_e2629,Drone3,Drone1:2638;Drone2:2571;Drone3:2629,552.2551,relative_computed,local,
Drone3_e2630,Drone3,Drone1:2638;Drone2:2571;Drone3:2630,552.3628,relative_computed,local,
Drone3_e2631,Drone3,Drone1:2638;Drone2:2571;Drone3:2631,552.4289,relative_computed,local,
Drone3_e2632,Drone3,Drone1:2638;Drone2:2571;Drone3:2632,552.6289,formation_hold,local,
Drone1_e2646,Drone1,Drone1:2646;Drone2:2571;Drone3:2611,552.0946,idle,local,
Drone3_e2633,Drone3,Drone1:2638;Drone2:2571;Drone3:2633,552.8555,formation_hold,send,Drone2
Drone3_e2634,Drone3,Drone1:2638;Drone2:2571;Drone3:2634,553.0117,formation_hold,local,
Drone1_e2647,Drone1,Drone1:2647;Drone2:2571;Drone3:2611,552.2431,idle,local,
Drone3_e2635,Drone3,Drone1:2638;Drone2:2571;Drone3:2635,553.0679,formation_hold,local,
Drone1_e2648,Drone1,Drone1:2648;Drone2:2571;Drone3:2611,552.4617,idle,send,Drone2
Drone2_e2580,Drone2,Drone1:2633;Drone2:2580;Drone3:2620,551.5821,scanning,local,
Drone3_e2636,Drone3,Drone1:2638;Drone2:2571;Drone3:2636,553.2326,formation_hold,local,
Drone3_e2637,Drone3,Drone1:2638;Drone2:2571;Drone3:2637,553.4749,formation_hold,local,
Drone1_e2649,Drone1,Drone1:2649;Drone2:2571;Drone3:2611,552.7395,idle,local,
Drone1_e2650,Drone1,Drone1:2650;Drone2:2571;Drone3:2611,552.7986,idle,send,Drone2
Drone2_e2581,Drone2,Drone1:2633;Drone2:2581;Drone3:2620,551.8688,scanning,local,
Drone3_e2638,Drone3,Drone1:2638;Drone2:2571;Drone3:2638,553.5860,formation_hold,local,
Drone3_e2639,Drone3,Drone1:2638;Drone2:2571;Drone3:2639,553.8684,formation_hold,local,
Drone3_e2640,Drone3,Drone1:2638;Drone2:2571;Drone3:2640,554.0444,formation_hold,local,
Drone1_e2651,Drone1,Drone1:2651;Drone2:2571;Drone3:2611,553.0353,idle,send,Drone2
Drone1_e2652,Drone1,Drone1:2652;Drone2:2571;Drone3:2611,553.2369,scanning,local,
Drone2_e2582,Drone2,Drone1:2633;Drone2:2582;Drone3:2620,552.1022,target_found,local,
Drone2_e2583,Drone2,Drone1:2633;Drone2:2583;Drone3:2620,552.3415,target_found,local,
Drone1_e2653,Drone1,Drone1:2653;Drone2:2571;Drone3:2611,553.4084,scanning,local,
Drone2_e2584,Drone2,Drone1:2633;Drone2:2584;Drone3:2620,552.4161,target_found,local,
Drone2_e2585,Drone2,Drone1:2633;Drone2:2585;Drone3:2620,552.6835,target_found,local,
Drone1_e2654,Drone1,Drone1:2654;Drone2:2571;Drone3:2611,553.5941,scanning,local,
Drone1_e2655,Drone1,Drone1:2655;Drone2:2571;Drone3:2611,553.7031,scanning,local,
Drone3_e2641,Drone3,Drone1:2638;Drone2:2571;Drone3:2641,554.2606,formation_hold,local,
Drone2_e2586,Drone2,Drone1:2637;Drone2:2586;Drone3:2620,552.9533,target_found,receive,Drone1
Drone3_e2642,Drone3,Drone1:2638;Drone2:2571;Drone3:2642,554.3536,idle,send,Drone2
Drone1_e2656,Drone1,Drone1:2656;Drone2:2571;Drone3:2611,553.8619,scanning,send,Drone3
Drone3_e2643,Drone3,Drone1:2638;Drone2:2571;Drone3:2643,554.5323,idle,local,
Drone3_e2644,Drone3,Drone1:2638;Drone2:2571;Drone3:2644,554.6310,idle,local,
Drone3_e2645,Drone3,Drone1:2656;Drone2:2571;Drone3:2645,554.9284,idle,receive,Drone1
Drone2_e2587,Drone2,Drone1:2638;Drone2:2587;Drone3:2628,553.1193,target_found,receive,Drone3
Drone3_e2646,Drone3,Drone1:2656;Drone2:2571;Drone3:2646,555.1805,idle,local,
Drone3_e2647,Drone3,Drone1:2656;Drone2:2571;Drone3:2647,555.2644,idle,local,
Drone2_e2588,Drone2,Drone1:2638;Drone2:2588;Drone3:2628,553.2893,target_found,local,
Drone1_e2657,Drone1,Drone1:2657;Drone2:2571;Drone3:2611,554.1555,scanning,local,
Drone2_e2589,Drone2,Drone1:2638;Drone2:2589;Drone3:2633,553.4766,target_found,receive,Drone3
Drone1_e2658,Drone1,Drone1:2658;Drone2:2571;Drone3:2611,554.2978,scanning,local,
Drone3_e2648,Drone3,Drone1:2656;Drone2:2571;Drone3:2648,555.3936,idle,local,
Drone1_e2659,Drone1,Drone1:2659;Drone2:2571;Drone3:2611,554.5831,scanning,local,
Drone2_e2590,Drone2,Drone1:2644;Drone2:2590;Drone3:2633,553.5539,target_found,receive,Drone1
Drone2_e2591,Drone2,Drone1:2644;Drone2:2591;Drone3:2642,554.5465,target_found,receive,Drone3
Drone1_e2660,Drone1,Drone1:2660;Drone2:2571;Drone3:2611,554.8704,scanning,local,
Drone2_e2592,Drone2,Drone1:2644;Drone2:2592;Drone3:2642,554.6842,position_measured,local,
Drone1_e2661,Drone1,Drone1:2661;Drone2:2571;Drone3:2611,555.0307,scanning,local,
Drone3_e2649,Drone3,Drone1:2656;Drone2:2571;Drone3:2649,555.5750,idle,send,Drone2
Drone1_e2662,Drone1,Drone1:2662;Drone2:2571;Drone3:2611,555.2742,target_found,send,Drone3
Drone1_e2663,Drone1,Drone1:2663;Drone2:2571;Drone3:2611,555.3701,target_found,local,
Drone2_e2593,Drone2,Drone1:2644;Drone2:2593;Drone3:2642,554.8939,position_measured,local,
Drone3_e2650,Drone3,Drone1:2656;Drone2:2571;Drone3:2650,555.7653,idle,local,
Drone2_e2594,Drone2,Drone1:2648;Drone2:2594;Drone3:2642,555.1920,position_measured,receive,Drone1
Drone3_e2651,Drone3,Drone1:2662;Drone2:2571;Drone3:2651,556.0088,idle,receive,Drone1
Drone3_e2652,Drone3,Drone1:2662;Drone2:2571;Drone3:2652,556.0842,scanning,send,Drone1
Drone1_e2664,Drone1,Drone1:2664;Drone2:2571;Drone3:2652,556.1502,target_found,receive,Drone3
Drone3_e2653,Drone3,Drone1:2662;Drone2:2571;Drone3:2653,556.2906,scanning,local,
Drone2_e2595,Drone2,Drone1:2656;Drone2:2595;Drone3:2649,555.7254,position_measured,receive,Drone3
Drone3_e2654,Drone3,Drone1:2662;Drone2:2571;Drone3:2654,556.3779,scanning,local,
Drone1_e2665,Drone1,Drone1:2665;Drone2:2571;Drone3:2652,556.3022,target_found,send,Drone2
Drone1_e2666,Drone1,Drone1:2666;Drone2:2571;Drone3:2652,556.5107,target_found,local,
Drone1_e2667,Drone1,Drone1:2667;Drone2:2571;Drone3:2652,556.7823,target_found,local,
Drone1_e2668,Drone1,Drone1:2668;Drone2:2571;Drone3:2652,556.9569,target_found,local,
Drone1_e2669,Drone1,Drone1:2669;Drone2:2571;Drone3:2652,557.2100,target_found,send,Drone2
Drone1_e2670,Drone1,Drone1:2670;Drone2:2571;Drone3:2652,557.4228,target_found,local,
Drone2_e2596,Drone2,Drone1:2656;Drone2:2596;Drone3:2649,555.8663,position_measured,receive,Drone1
Drone2_e2597,Drone2,Drone1:2656;Drone2:2597;Drone3:2649,556.1000,position_measured,local,
Drone2_e2598,Drone2,Drone1:2656;Drone2:2598;Drone3:2649,556.3243,position_measured,local,
Drone2_e2599,Drone2,Drone1:2656;Drone2:2599;Drone3:2649,556.5698,position_measured,local,
Drone1_e2671,Drone1,Drone1:2671;Drone2:2571;Drone3:2652,557.6635,target_found,local,
Drone2_e2600,Drone2,Drone1:2656;Drone2:2600;Drone3:2649,556.8451,position_measured,receive,Drone1
Drone3_e2655,Drone3,Drone1:2662;Drone2:2571;Drone3:2655,556.5519,scanning,local,
Drone1_e2672,Drone1,Drone1:2672;Drone2:2571;Drone3:2652,557.8492,position_measured,local,
Drone2_e2601,Drone2,Drone1:2656;Drone2:2601;Drone3:2649,556.9856,position_measured,local,
Drone2_e2602,Drone2,Drone1:2665;Drone2:2602;Drone3:2652,557.0903,position_sent,receive,Drone1
Drone2_e2603,Drone2,Drone1:2665;Drone2:2603;Drone3:2652,557.2104,position_sent,local,
Drone3_e2656,Drone3,Drone1:2662;Drone2:2571;Drone3:2656,556.7392,scanning,local,
Drone3_e2657,Drone3,Drone1:2662;Drone2:2571;Drone3:2657,556.8939,scanning,local,
Drone3_e2658,Drone3,Drone1:2662;Drone2:2571;Drone3:2658,557.0706,scanning,send,Drone2
Drone2_e2604,Drone2,Drone1:2665;Drone2:2604;Drone3:2652,557.4745,position_sent,local,
Drone3_e2659,Drone3,Drone1:2662;Drone2:2571;Drone3:2659,557.2088,scanning,local,
Drone3_e2660,Drone3,Drone1:2662;Drone2:2571;Drone3:2660,557.4163,scanning,local,
Drone2_e2605,Drone2,Drone1:2665;Drone2:2605;Drone3:2652,557.5784,position_sent,local,
Drone2_e2606,Drone2,Drone1:2665;Drone2:2606;Drone3:2652,557.7578,position_sent,local,
Drone1_e2673,Drone1,Drone1:2673;Drone2:2571;Drone3:2652,558.0174,position_measured,send,Drone3
Drone3_e2661,Drone3,Drone1:2662;Drone2:2571;Drone3:2661,557.6974,scanning,local,
Drone3_e2662,Drone3,Drone1:2673;Drone2:2571;Drone3:2662,558.2606,target_found,receive,Drone1
Drone3_e2663,Drone3,Drone1:2673;Drone2:2571;Drone3:2663,558.5117,target_found,local,
Drone3_e2664,Drone3,Drone1:2673;Drone2:2571;Drone3:2664,558.6369,target_found,send,Drone2
Drone3_e2665,Drone3,Drone1:2673;Drone2:2571;Drone3:2665,558.8361,target_found,local,
Drone2_e2607,Drone2,Drone1:2665;Drone2:2607;Drone3:2652,557.8158,position_sent,local,
Drone1_e2674,Drone1,Drone1:2674;Drone2:2571;Drone3:2652,558.2650,position_measured,local,
Drone2_e2608,Drone2,Drone1:2665;Drone2:2608;Drone3:2652,557.9561,position_sent,local,
Drone3_e2666,Drone3,Drone1:2673;Drone2:2571;Drone3:2666,559.0191,target_found,send,Drone1
Drone2_e2609,Drone2,Drone1:2665;Drone2:2609;Drone3:2652,558.1893,position_sent,local,
Drone1_e2675,Drone1,Drone1:2675;Drone2:2571;Drone3:2666,559.1392,position_measured,receive,Drone3
Drone3_e2667,Drone3,Drone1:2673;Drone2:2571;Drone3:2667,559.2109,target_found,local,
Drone3_e2668,Drone3,Drone1:2673;Drone2:2571;Drone3:2668,559.3178,target_found,local,
Drone3_e2669,Drone3,Drone1:2673;Drone2:2571;Drone3:2669,559.4032,target_found,local,
Drone3_e2670,Drone3,Drone1:2673;Drone2:2571;Drone3:2670,559.6120,target_found,local,
Drone2_e2610,Drone2,Drone1:2665;Drone2:2610;Drone3:2652,558.4816,position_sent,local,
Drone1_e2676,Drone1,Drone1:2676;Drone2:2571;Drone3:2666,559.2051,position_measured,send,Drone2
Drone1_e2677,Drone1,Drone1:2677;Drone2:2571;Drone3:2666,559.5033,position_measured,local,
Drone1_e2678,Drone1,Drone1:2678;Drone2:2571;Drone3:2666,559.7224,position_measured,local,
Drone3_e2671,Drone3,Drone1:2673;Drone2:2571;Drone3:2671,559.6632,target_found,local,
Drone2_e2611,Drone2,Drone1:2665;Drone2:2611;Drone3:2658,558.7715,position_sent,receive,Drone3
Drone1_e2679,Drone1,Drone1:2679;Drone2:2571;Drone3:2666,559.8583,position_measured,local,
Drone1_e2680,Drone1,Drone1:2680;Drone2:2571;Drone3:2666,560.0575,position_measured,send,Drone3
Drone3_e2672,Drone3,Drone1:2673;Drone2:2571;Drone3:2672,559.8843,position_measured,local,
Drone1_e2681,Drone1,Drone1:2681;Drone2:2571;Drone3:2666,560.2626,position_measured,local,
Drone2_e2612,Drone2,Drone1:2673;Drone2:2612;Drone3:2664,558.8494,processing,receive,Drone3
Drone1_e2682,Drone1,Drone1:2682;Drone2:2571;Drone3:2666,560.4566,position_sent,local,
Drone2_e2613,Drone2,Drone1:2673;Drone2:2613;Drone3:2664,558.9411,processing,local,
Drone2_e2614,Drone2,Drone1:2673;Drone2:2614;Drone3:2664,559.1954,processing,receive,Drone1
Drone1_e2683,Drone1,Drone1:2683;Drone2:2571;Drone3:2666,560.7167,position_sent,local,
Drone2_e2615,Drone2,Drone1:2673;Drone2:2615;Drone3:2664,559.4469,processing,local,
Drone2_e2616,Drone2,Drone1:2676;Drone2:2616;Drone3:2666,559.6278,processing,receive,Drone1
Drone2_e2617,Drone2,Drone1:2676;Drone2:2617;Drone3:2666,559.8163,processing,send,Drone1
Drone3_e2673,Drone3,Drone1:2680;Drone2:2571;Drone3:2673,560.1930,position_measured,receive,Drone1
Drone1_e2684,Drone1,Drone1:2684;Drone2:2617;Drone3:2666,561.0109,position_sent,receive,Drone2
Drone3_e2674,Drone3,Drone1:2680;Drone2:2571;Drone3:2674,560.3995,position_measured,local,
Drone3_e2675,Drone3,Drone1:2680;Drone2:2571;Drone3:2675,560.4691,position_measured,send,Drone1
Drone3_e2676,Drone3,Drone1:2680;Drone2:2571;Drone3:2676,560.5952,position_measured,local,
Drone2_e2618,Drone2,Drone1:2676;Drone2:2618;Drone3:2666,560.0374,processing,local,
Drone3_e2677,Drone3,Drone1:2680;Drone2:2571;Drone3:2677,560.6530,position_measured,local,
Drone2_e2619,Drone2,Drone1:2676;Drone2:2619;Drone3:2666,560.2233,processing,send,Drone1
Drone1_e2685,Drone1,Drone1:2685;Drone2:2617;Drone3:2666,561.1109,position_sent,local,
Drone2_e2620,Drone2,Drone1:2676;Drone2:2620;Drone3:2666,560.5228,processing,send,Drone1
Drone1_e2686,Drone1,Drone1:2686;Drone2:2617;Drone3:2666,561.3278,position_sent,local,
Drone2_e2621,Drone2,Drone1:2676;Drone2:2621;Drone3:2666,560.6786,processing,local,
Drone3_e2678,Drone3,Drone1:2680;Drone2:2571;Drone3:2678,560.8898,position_measured,local,
Drone2_e2622,Drone2,Drone1:2676;Drone2:2622;Drone3:2666,560.7720,relative_computed,send,Drone1
Drone2_e2623,Drone2,Drone1:2676;Drone2:2623;Drone3:2666,560.9534,relative_computed,send,Drone3
Drone3_e2679,Drone3,Drone1:2680;Drone2:2571;Drone3:2679,561.1035,position_measured,local,
Drone2_e2624,Drone2,Drone1:2676;Drone2:2624;Drone3:2666,561.1094,relative_computed,send,Drone1
Drone1_e2687,Drone1,Drone1:2687;Drone2:2617;Drone3:2675,561.4379,position_sent,receive,Drone3
Drone1_e2688,Drone1,Drone1:2688;Drone2:2617;Drone3:2675,561.6374,position_sent,local,
Drone1_e2689,Drone1,Drone1:2689;Drone2:2617;Drone3:2675,561.8109,position_sent,local,
Drone1_e2690,Drone1,Drone1:2690;Drone2:2619;Drone3:2675,562.0390,position_sent,receive,Drone2
Drone3_e2680,Drone3,Drone1:2680;Drone2:2571;Drone3:2680,561.3011,position_measured,local,
Drone1_e2691,Drone1,Drone1:2691;Drone2:2619;Drone3:2675,562.1202,position_sent,local,
Drone3_e2681,Drone3,Drone1:2680;Drone2:2571;Drone3:2681,561.4558,position_measured,local,
Drone1_e2692,Drone1,Drone1:2692;Drone2:2619;Drone3:2675,562.1952,processing,local,
Drone1_e2693,Drone1,Drone1:2693;Drone2:2619;Drone3:2675,562.2990,processing,local,
Drone1_e2694,Drone1,Drone1:2694;Drone2:2619;Drone3:2675,562.4818,processing,local,
Drone3_e2682,Drone3,Drone1:2680;Drone2:2571;Drone3:2682,561.5154,position_sent,local,
Drone3_e2683,Drone3,Drone1:2680;Drone2:2623;Drone3:2683,561.7298,position_sent,receive,Drone2
Drone3_e2684,Drone3,Drone1:2680;Drone2:2623;Drone3:2684,561.8721,position_sent,send,Drone1
Drone1_e2695,Drone1,Drone1:2695;Drone2:2619;Drone3:2675,562.6234,processing,local,
Drone3_e2685,Drone3,Drone1:2680;Drone2:2623;Drone3:2685,562.1185,position_sent,send,Drone1
Drone1_e2696,Drone1,Drone1:2696;Drone2:2623;Drone3:2684,562.7065,processing,receive,Drone3
Drone2_e2625,Drone2,Drone1:2676;Drone2:2625;Drone3:2666,561.2698,relative_computed,local,
Drone2_e2626,Drone2,Drone1:2676;Drone2:2626;Drone3:2666,561.3474,relative_computed,send,Drone1
Drone2_e2627,Drone2,Drone1:2676;Drone2:2627;Drone3:2666,561.5845,relative_computed,send,Drone1
Drone3_e2686,Drone3,Drone1:2680;Drone2:2623;Drone3:2686,562.2988,position_sent,send,Drone1
Drone3_e2687,Drone3,Drone1:2680;Drone2:2623;Drone3:2687,562.4110,position_sent,send,Drone2
Drone3_e2688,Drone3,Drone1:2680;Drone2:2623;Drone3:2688,562.6898,position_sent,local,
Drone1_e2697,Drone1,Drone1:2697;Drone2:2623;Drone3:2684,562.9279,processing,local,
Drone1_e2698,Drone1,Drone1:2698;Drone2:2623;Drone3:2684,563.1242,processing,local,
Drone2_e2628,Drone2,Drone1:2680;Drone2:2628;Drone3:2687,562.5411,relative_computed,receive,Drone3
Drone2_e2629,Drone2,Drone1:2680;Drone2:2629;Drone3:2687,562.8283,relative_computed,send,Drone1
Drone2_e2630,Drone2,Drone1:2680;Drone2:2630;Drone3:2687,562.9758,relative_computed,local,
Drone2_e2631,Drone2,Drone1:2680;Drone2:2631;Drone3:2687,563.2532,relative_computed,local,
Drone1_e2699,Drone1,Drone1:2699;Drone2:2623;Drone3:2684,563.3015,processing,local,
Drone2_e2632,Drone2,Drone1:2680;Drone2:2632;Drone3:2687,563.4891,formation_hold,send,Drone1
Drone3_e2689,Drone3,Drone1:2680;Drone2:2623;Drone3:2689,562.7970,position_sent,local,
Drone3_e2690,Drone3,Drone1:2680;Drone2:2623;Drone3:2690,562.9954,position_sent,send,Drone1
Drone1_e2700,Drone1,Drone1:2700;Drone2:2623;Drone3:2684,563.5482,processing,receive,Drone2
Drone2_e2633,Drone2,Drone1:2680;Drone2:2633;Drone3:2687,563.6479,formation_hold,send,Drone3
Drone2_e2634,Drone2,Drone1:2680;Drone2:2634;Drone3:2687,563.7877,formation_hold,send,Drone1
Drone3_e2691,Drone3,Drone1:2680;Drone2:2623;Drone3:2691,563.1582,position_sent,local,
Drone1_e2701,Drone1,Drone1:2701;Drone2:2623;Drone3:2684,563.6712,processing,local,
Drone3_e2692,Drone3,Drone1:2680;Drone2:2623;Drone3:2692,563.4183,processing,local,
Drone1_e2702,Drone1,Drone1:2702;Drone2:2623;Drone3:2684,563.7354,relative_computed,receive,Drone2
Drone2_e2635,Drone2,Drone1:2680;Drone2:2635;Drone3:2687,563.8402,formation_hold,local,
Drone1_e2703,Drone1,Drone1:2703;Drone2:2623;Drone3:2685,563.9710,relative_computed,receive,Drone3
Drone3_e2693,Drone3,Drone1:2680;Drone2:2633;Drone3:2693,563.8366,processing,receive,Drone2
Drone1_e2704,Drone1,Drone1:2704;Drone2:2623;Drone3:2685,564.2072,relative_computed,local,
Drone2_e2636,Drone2,Drone1:2680;Drone2:2636;Drone3:2687,564.1104,formation_hold,local,
Drone1_e2705,Drone1,Drone1:2705;Drone2:2623;Drone3:2685,564.3829,relative_computed,local,
Drone2_e2637,Drone2,Drone1:2680;Drone2:2637;Drone3:2687,564.1722,formation_hold,local,
Drone3_e2694,Drone3,Drone1:2680;Drone2:2633;Drone3:2694,563.9547,processing,local,
Drone3_e2695,Drone3,Drone1:2680;Drone2:2633;Drone3:2695,564.2019,processing,local,
Drone2_e2638,Drone2,Drone1:2680;Drone2:2638;Drone3:2687,564.3946,formation_hold,local,
Drone3_e2696,Drone3,Drone1:2680;Drone2:2633;Drone3:2696,564.4082,processing,local,
Drone3_e2697,Drone3,Drone1:2680;Drone2:2633;Drone3:2697,564.4948,processing,local,
Drone2_e2639,Drone2,Drone1:2680;Drone2:2639;Drone3:2687,564.4687,formation_hold,local,
Drone1_e2706,Drone1,Drone1:2706;Drone2:2623;Drone3:2685,564.6404,relative_computed,local,
Drone3_e2698,Drone3,Drone1:2680;Drone2:2633;Drone3:2698,564.5627,processing,send,Drone1
Drone2_e2640,Drone2,Drone1:2680;Drone2:2640;Drone3:2687,564.5889,formation_hold,send,Drone1
Drone1_e2707,Drone1,Drone1:2707;Drone2:2623;Drone3:2686,564.7304,relative_computed,receive,Drone3
Drone1_e2708,Drone1,Drone1:2708;Drone2:2624;Drone3:2686,564.8708,relative_computed,receive,Drone2
Drone1_e2709,Drone1,Drone1:2709;Drone2:2626;Drone3:2686,565.0921,relative_computed,receive,Drone2
Drone1_e2710,Drone1,Drone1:2710;Drone2:2626;Drone3:2686,565.3101,relative_computed,local,
Drone3_e2699,Drone3,Drone1:2680;Drone2:2633;Drone3:2699,564.6683,processing,send,Drone2
Drone1_e2711,Drone1,Drone1:2711;Drone2:2627;Drone3:2686,565.5222,relative_computed,receive,Drone2
Drone3_e2700,Drone3,Drone1:2680;Drone2:2633;Drone3:2700,564.7796,processing,local,
Drone2_e2641,Drone2,Drone1:2680;Drone2:2641;Drone3:2687,564.7554,formation_hold,local,
Drone3_e2701,Drone3,Drone1:2680;Drone2:2633;Drone3:2701,564.9062,processing,local,
Drone2_e2642,Drone2,Drone1:2680;Drone2:2642;Drone3:2687,564.8514,idle,local,
Drone1_e2712,Drone1,Drone1:2712;Drone2:2629;Drone3:2687,565.5924,formation_hold,receive,Drone2
Drone3_e2702,Drone3,Drone1:2680;Drone2:2633;Drone3:2702,565.1513,relative_computed,local,
Drone2_e2643,Drone2,Drone1:2680;Drone2:2643;Drone3:2687,565.0156,idle,local,
Drone2_e2644,Drone2,Drone1:2680;Drone2:2644;Drone3:2699,565.2834,idle,receive,Drone3
Drone1_e2713,Drone1,Drone1:2713;Drone2:2629;Drone3:2687,565.8102,formation_hold,local,
Drone3_e2703,Drone3,Drone1:2680;Drone2:2633;Drone3:2703,565.2464,relative_computed,local,
Drone2_e2645,Drone2,Drone1:2680;Drone2:2645;Drone3:2699,565.3537,idle,send,Drone3
Drone1_e2714,Drone1,Drone1:2714;Drone2:2629;Drone3:2687,566.0063,formation_hold,local,
Drone1_e2715,Drone1,Drone1:2715;Drone2:2629;Drone3:2687,566.2559,formation_hold,local,
Drone2_e2646,Drone2,Drone1:2680;Drone2:2646;Drone3:2699,565.6373,idle,local,
Drone2_e2647,Drone2,Drone1:2680;Drone2:2647;Drone3:2699,565.7228,idle,local,
Drone2_e2648,Drone2,Drone1:2680;Drone2:2648;Drone3:2699,565.8702,idle,local,
Drone1_e2716,Drone1,Drone1:2716;Drone2:2629;Drone3:2687,566.4193,formation_hold,local,
Drone2_e2649,Drone2,Drone1:2680;Drone2:2649;Drone3:2699,566.0317,idle,send,Drone3
Drone3_e2704,Drone3,Drone1:2680;Drone2:2633;Drone3:2704,565.4684,relative_computed,local,
Drone3_e2705,Drone3,Drone1:2680;Drone2:2633;Drone3:2705,565.6223,relative_computed,local,
Drone1_e2717,Drone1,Drone1:2717;Drone2:2629;Drone3:2687,566.5294,formation_hold,local,
Drone2_e2650,Drone2,Drone1:2680;Drone2:2650;Drone3:2699,566.1153,idle,local,
Drone2_e2651,Drone2,Drone1:2680;Drone2:2651;Drone3:2699,566.2607,idle,local,
Drone2_e2652,Drone2,Drone1:2680;Drone2:2652;Drone3:2699,566.5457,scanning,local,
Drone2_e2653,Drone2,Drone1:2680;Drone2:2653;Drone3:2699,566.6476,scanning,local,
Drone1_e2718,Drone1,Drone1:2718;Drone2:2629;Drone3:2690,566.7663,formation_hold,receive,Drone3
Drone1_e2719,Drone1,Drone1:2719;Drone2:2632;Drone3:2690,566.8706,formation_hold,receive,Drone2
Drone3_e2706,Drone3,Drone1:2680;Drone2:2633;Drone3:2706,565.8626,relative_computed,local,
Drone2_e2654,Drone2,Drone1:2680;Drone2:2654;Drone3:2699,566.9379,scanning,local,
Drone2_e2655,Drone2,Drone1:2680;Drone2:2655;Drone3:2699,567.2094,scanning,send,Drone3
Drone1_e2720,Drone1,Drone1:2720;Drone2:2632;Drone3:2690,566.9718,formation_hold,local,
Drone1_e2721,Drone1,Drone1:2721;Drone2:2634;Drone3:2690,567.0397,formation_hold,receive,Drone2
Drone2_e2656,Drone2,Drone1:2680;Drone2:2656;Drone3:2699,567.2836,scanning,local,
Drone2_e2657,Drone2,Drone1:2680;Drone2:2657;Drone3:2699,567.4272,scanning,send,Drone1
Drone2_e2658,Drone2,Drone1:2680;Drone2:2658;Drone3:2699,567.5054,scanning,local,
Drone2_e2659,Drone2,Drone1:2680;Drone2:2659;Drone3:2699,567.7397,scanning,local,
Drone1_e2722,Drone1,Drone1:2722;Drone2:2634;Drone3:2690,567.1936,idle,local,
Drone2_e2660,Drone2,Drone1:2680;Drone2:2660;Drone3:2699,567.8867,scanning,send,Drone3
Drone2_e2661,Drone2,Drone1:2680;Drone2:2661;Drone3:2699,568.0781,scanning,local,
Drone3_e2707,Drone3,Drone1:2680;Drone2:2633;Drone3:2707,566.0334,relative_computed,local,
Drone1_e2723,Drone1,Drone1:2723;Drone2:2640;Drone3:2690,567.2444,idle,receive,Drone2
Drone2_e2662,Drone2,Drone1:2680;Drone2:2662;Drone3:2699,568.2497,target_found,local,
Drone3_e2708,Drone3,Drone1:2680;Drone2:2633;Drone3:2708,566.1403,relative_computed,local,
Drone3_e2709,Drone3,Drone1:2680;Drone2:2645;Drone3:2709,566.3817,relative_computed,receive,Drone2
Drone3_e2710,Drone3,Drone1:2680;Drone2:2645;Drone3:2710,566.6184,relative_computed,local,
Drone1_e2724,Drone1,Drone1:2724;Drone2:2640;Drone3:2690,567.4711,idle,local,
Drone3_e2711,Drone3,Drone1:2680;Drone2:2649;Drone3:2711,566.7891,relative_computed,receive,Drone2
Drone1_e2725,Drone1,Drone1:2725;Drone2:2657;Drone3:2699,567.5912,idle,receive,Drone2
Drone1_e2726,Drone1,Drone1:2726;Drone2:2657;Drone3:2699,567.6536,idle,local,
Drone3_e2712,Drone3,Drone1:2680;Drone2:2649;Drone3:2712,566.8753,formation_hold,local,
Drone1_e2727,Drone1,Drone1:2727;Drone2:2657;Drone3:2699,567.7462,idle,receive,Drone3
Drone3_e2713,Drone3,Drone1:2680;Drone2:2655;Drone3:2713,567.2904,formation_hold,receive,Drone2
Drone1_e2728,Drone1,Drone1:2728;Drone2:2657;Drone3:2699,567.9078,idle,send,Drone2
Drone3_e2714,Drone3,Drone1:2680;Drone2:2655;Drone3:2714,567.5769,formation_hold,local,
Drone3_e2715,Drone3,Drone1:2680;Drone2:2660;Drone3:2715,568.0204,formation_hold,receive,Drone2
Drone2_e2663,Drone2,Drone1:2680;Drone2:2663;Drone3:2699,568.4820,target_found,local,
Drone3_e2716,Drone3,Drone1:2680;Drone2:2660;Drone3:2716,568.1334,formation_hold,local,
Drone3_e2717,Drone3,Drone1:2680;Drone2:2660;Drone3:2717,568.2546,formation_hold,local,
Drone3_e2718,Drone3,Drone1:2680;Drone2:2660;Drone3:2718,568.4547,formation_hold,local,
Drone2_e2664,Drone2,Drone1:2728;Drone2:2664;Drone3:2699,568.5586,target_found,receive,Drone1
Drone1_e2729,Drone1,Drone1:2729;Drone2:2657;Drone3:2699,568.1554,idle,send,Drone3
Drone2_e2665,Drone2,Drone1:2728;Drone2:2665;Drone3:2699,568.7930,target_found,local,
Drone3_e2719,Drone3,Drone1:2680;Drone2:2660;Drone3:2719,568.6704,formation_hold,local,
Drone1_e2730,Drone1,Drone1:2730;Drone2:2657;Drone3:2699,568.3286,idle,local,
Drone3_e2720,Drone3,Drone1:2680;Drone2:2660;Drone3:2720,568.9340,formation_hold,local,
Drone3_e2721,Drone3,Drone1:2729;Drone2:2660;Drone3:2721,569.0077,formation_hold,receive,Drone1
Drone2_e2666,Drone2,Drone1:2728;Drone2:2666;Drone3:2699,568.8851,target_found,send,Drone1
Drone2_e2667,Drone2,Drone1:2728;Drone2:2667;Drone3:2699,569.0267,target_found,local,
Drone2_e2668,Drone2,Drone1:2728;Drone2:2668;Drone3:2699,569.1212,target_found,local,
Drone2_e2669,Drone2,Drone1:2728;Drone2:2669;Drone3:2699,569.3234,target_found,send,Drone3
Drone1_e2731,Drone1,Drone1:2731;Drone2:2657;Drone3:2699,568.5187,idle,local,
Drone1_e2732,Drone1,Drone1:2732;Drone2:2666;Drone3:2699,569.0665,scanning,receive,Drone2
Drone3_e2722,Drone3,Drone1:2729;Drone2:2660;Drone3:2722,569.2197,idle,local,
Drone3_e2723,Drone3,Drone1:2729;Drone2:2669;Drone3:2723,569.5478,idle,receive,Drone2
Drone1_e2733,Drone1,Drone1:2733;Drone2:2666;Drone3:2699,569.2772,scanning,local,
Drone1_e2734,Drone1,Drone1:2734;Drone2:2666;Drone3:2699,569.4337,scanning,local,
Drone2_e2670,Drone2,Drone1:2728;Drone2:2670;Drone3:2699,569.5722,target_found,local,
Drone3_e2724,Drone3,Drone1:2729;Drone2:2669;Drone3:2724,569.6533,idle,send,Drone2
Drone3_e2725,Drone3,Drone1:2729;Drone2:2669;Drone3:2725,569.9039,idle,send,Drone1
Drone1_e2735,Drone1,Drone1:2735;Drone2:2669;Drone3:2725,570.0208,scanning,receive,Drone3
Drone1_e2736,Drone1,Drone1:2736;Drone2:2669;Drone3:2725,570.0822,scanning,local,
Drone3_e2726,Drone3,Drone1:2729;Drone2:2669;Drone3:2726,569.9679,idle,local,
Drone2_e2671,Drone2,Drone1:2728;Drone2:2671;Drone3:2699,569.7726,target_found,local,
Drone3_e2727,Drone3,Drone1:2729;Drone2:2669;Drone3:2727,570.1438,idle,send,Drone2
Drone2_e2672,Drone2,Drone1:2728;Drone2:2672;Drone3:2699,570.0485,position_measured,local,
Drone1_e2737,Drone1,Drone1:2737;Drone2:2669;Drone3:2725,570.3614,scanning,local,
Drone3_e2728,Drone3,Drone1:2729;Drone2:2669;Drone3:2728,570.2247,idle,local,
Drone2_e2673,Drone2,Drone1:2728;Drone2:2673;Drone3:2699,570.3483,position_measured,local,
Drone1_e2738,Drone1,Drone1:2738;Drone2:2669;Drone3:2725,570.4500,scanning,local,
Drone2_e2674,Drone2,Drone1:2728;Drone2:2674;Drone3:2699,570.6213,position_measured,local,
Drone1_e2739,Drone1,Drone1:2739;Drone2:2669;Drone3:2725,570.5680,scanning,local,
Drone3_e2729,Drone3,Drone1:2729;Drone2:2669;Drone3:2729,570.3208,idle,local,
Drone3_e2730,Drone3,Drone1:2729;Drone2:2669;Drone3:2730,570.3875,idle,local,
Drone3_e2731,Drone3,Drone1:2729;Drone2:2669;Drone3:2731,570.6633,idle,local,
Drone2_e2675,Drone2,Drone1:2728;Drone2:2675;Drone3:2699,570.8882,position_measured,local,
Drone1_e2740,Drone1,Drone1:2740;Drone2:2669;Drone3:2725,570.6446,scanning,local,
Drone3_e2732,Drone3,Drone1:2729;Drone2:2669;Drone3:2732,570.8900,scanning,local,
Drone2_e2676,Drone2,Drone1:2728;Drone2:2676;Drone3:2699,570.9686,position_measured,local,
Drone3_e2733,Drone3,Drone1:2729;Drone2:2669;Drone3:2733,571.0828,scanning,local,
Drone2_e2677,Drone2,Drone1:2729;Drone2:2677;Drone3:2724,571.2248,position_measured,receive,Drone3
Drone3_e2734,Drone3,Drone1:2729;Drone2:2669;Drone3:2734,571.1957,scanning,local,
Drone1_e2741,Drone1,Drone1:2741;Drone2:2669;Drone3:2725,570.7490,scanning,send,Drone3
Drone1_e2742,Drone1,Drone1:2742;Drone2:2669;Drone3:2725,570.8012,target_found,local,
Drone2_e2678,Drone2,Drone1:2729;Drone2:2678;Drone3:2724,571.4051,position_measured,local,
Drone3_e2735,Drone3,Drone1:2741;Drone2:2669;Drone3:2735,571.4084,scanning,receive,Drone1
Drone2_e2679,Drone2,Drone1:2729;Drone2:2679;Drone3:2724,571.5316,position_measured,local,
Drone3_e2736,Drone3,Drone1:2741;Drone2:2669;Drone3:2736,571.4923,scanning,local,
Drone2_e2680,Drone2,Drone1:2729;Drone2:2680;Drone3:2724,571.5896,position_measured,local,
Drone3_e2737,Drone3,Drone1:2741;Drone2:2669;Drone3:2737,571.7589,scanning,local,
Drone3_e2738,Drone3,Drone1:2741;Drone2:2669;Drone3:2738,571.9679,scanning,send,Drone2
Drone1_e2743,Drone1,Drone1:2743;Drone2:2669;Drone3:2725,571.0876,target_found,local,
Drone1_e2744,Drone1,Drone1:2744;Drone2:2669;Drone3:2725,571.2647,target_found,local,
Drone1_e2745,Drone1,Drone1:2745;Drone2:2669;Drone3:2725,571.3686,target_found,local,
Drone3_e2739,Drone3,Drone1:2741;Drone2:2669;Drone3:2739,572.2514,scanning,local,
Drone2_e2681,Drone2,Drone1:2729;Drone2:2681;Drone3:2727,571.6699,position_measured,receive,Drone3
Drone3_e2740,Drone3,Drone1:2741;Drone2:2669;Drone3:2740,572.5451,scanning,send,Drone2
Drone3_e2741,Drone3,Drone1:2741;Drone2:2669;Drone3:2741,572.6715,scanning,local,
Drone3_e2742,Drone3,Drone1:2741;Drone2:2669;Drone3:2742,572.9053,target_found,send,Drone1
Drone2_e2682,Drone2,Drone1:2741;Drone2:2682;Drone3:2738,572.2206,position_sent,receive,Drone3
Drone1_e2746,Drone1,Drone1:2746;Drone2:2669;Drone3:2725,571.6467,target_found,local,
Drone1_e2747,Drone1,Drone1:2747;Drone2:2669;Drone3:2725,571.8052,target_found,local,
Drone2_e2683,Drone2,Drone1:2741;Drone2:2683;Drone3:2738,572.2941,position_sent,local,
Drone3_e2743,Drone3,Drone1:2741;Drone2:2669;Drone3:2743,573.0278,target_found,send,Drone2
Drone1_e2748,Drone1,Drone1:2748;Drone2:2669;Drone3:2742,572.9941,target_found,receive,Drone3
Drone3_e2744,Drone3,Drone1:2741;Drone2:2669;Drone3:2744,573.1390,target_found,send,Drone2
Drone2_e2684,Drone2,Drone1:2741;Drone2:2684;Drone3:2740,572.7049,position_sent,receive,Drone3
Drone2_e2685,Drone2,Drone1:2741;Drone2:2685;Drone3:2740,572.9894,position_sent,local,
Drone1_e2749,Drone1,Drone1:2749;Drone2:2669;Drone3:2742,573.1728,target_found,local,
Drone3_e2745,Drone3,Drone1:2741;Drone2:2669;Drone3:2745,573.2931,target_found,send,Drone2
Drone2_e2686,Drone2,Drone1:2741;Drone2:2686;Drone3:2743,573.1036,position_sent,receive,Drone3
Drone2_e2687,Drone2,Drone1:2741;Drone2:2687;Drone3:2744,573.4133,position_sent,receive,Drone3
Drone2_e2688,Drone2,Drone1:2741;Drone2:2688;Drone3:2745,573.6710,position_sent,receive,Drone3
Drone1_e2750,Drone1,Drone1:2750;Drone2:2669;Drone3:2742,573.3040,target_found,local,
Drone1_e2751,Drone1,Drone1:2751;Drone2:2669;Drone3:2742,573.5099,target_found,local,
Drone3_e2746,Drone3,Drone1:2741;Drone2:2669;Drone3:2746,573.3879,target_found,local,
Drone1_e2752,Drone1,Drone1:2752;Drone2:2669;Drone3:2742,573.7653,position_measured,local,
Drone1_e2753,Drone1,Drone1:2753;Drone2:2669;Drone3:2742,573.8949,position_measured,send,Drone2
Drone2_e2689,Drone2,Drone1:2741;Drone2:2689;Drone3:2745,573.7663,position_sent,local,
Drone3_e2747,Drone3,Drone1:2741;Drone2:2669;Drone3:2747,573.4817,target_found,local,
Drone3_e2748,Drone3,Drone1:2741;Drone2:2669;Drone3:2748,573.5922,target_found,local,
Drone2_e2690,Drone2,Drone1:2741;Drone2:2690;Drone3:2745,573.9245,position_sent,local,
Drone3_e2749,Drone3,Drone1:2741;Drone2:2669;Drone3:2749,573.7480,target_found,local,
Drone1_e2754,Drone1,Drone1:2754;Drone2:2669;Drone3:2742,574.0874,position_measured,local,
Drone1_e2755,Drone1,Drone1:2755;Drone2:2669;Drone3:2742,574.1607,position_measured,send,Drone3
Drone2_e2691,Drone2,Drone1:2753;Drone2:2691;Drone3:2745,574.1308,position_sent,receive,Drone1
Drone3_e2750,Drone3,Drone1:2741;Drone2:2669;Drone3:2750,573.8460,target_found,local,
Drone3_e2751,Drone3,Drone1:2755;Drone2:2669;Drone3:2751,574.4065,target_found,receive,Drone1
Drone2_e2692,Drone2,Drone1:2753;Drone2:2692;Drone3:2745,574.2543,processing,send,Drone1
Drone2_e2693,Drone2,Drone1:2753;Drone2:2693;Drone3:2745,574.3487,processing,local,
Drone3_e2752,Drone3,Drone1:2755;Drone2:2669;Drone3:2752,574.5044,position_measured,send,Drone2
Drone2_e2694,Drone2,Drone1:2753;Drone2:2694;Drone3:2745,574.5334,processing,local,
Drone1_e2756,Drone1,Drone1:2756;Drone2:2669;Drone3:2742,574.2750,position_measured,local,
Drone2_e2695,Drone2,Drone1:2755;Drone2:2695;Drone3:2752,574.6924,processing,receive,Drone3
Drone3_e2753,Drone3,Drone1:2755;Drone2:2669;Drone3:2753,574.6813,position_measured,send,Drone1
Drone2_e2696,Drone2,Drone1:2755;Drone2:2696;Drone3:2752,574.7864,processing,local,
Drone1_e2757,Drone1,Drone1:2757;Drone2:2669;Drone3:2742,574.3692,position_measured,local,
Drone3_e2754,Drone3,Drone1:2755;Drone2:2669;Drone3:2754,574.8699,position_measured,local,
Drone2_e2697,Drone2,Drone1:2755;Drone2:2697;Drone3:2752,574.8874,processing,send,Drone3
Drone1_e2758,Drone1,Drone1:2758;Drone2:2669;Drone3:2742,574.5060,position_measured,local,
Drone3_e2755,Drone3,Drone1:2755;Drone2:2669;Drone3:2755,575.1539,position_measured,local,
Drone3_e2756,Drone3,Drone1:2755;Drone2:2669;Drone3:2756,575.3561,position_measured,local,
Drone2_e2698,Drone2,Drone1:2755;Drone2:2698;Drone3:2752,575.1538,processing,local,
Drone1_e2759,Drone1,Drone1:2759;Drone2:2669;Drone3:2742,574.7577,position_measured,local,
Drone3_e2757,Drone3,Drone1:2755;Drone2:2669;Drone3:2757,575.5116,position_measured,local,
Drone2_e2699,Drone2,Drone1:2755;Drone2:2699;Drone3:2752,575.4137,processing,send,Drone1
Drone2_e2700,Drone2,Drone1:2755;Drone2:2700;Drone3:2752,575.4749,processing,local,
Drone2_e2701,Drone2,Drone1:2755;Drone2:2701;Drone3:2752,575.5260,processing,send,Drone1
Drone3_e2758,Drone3,Drone1:2755;Drone2:2669;Drone3:2758,575.6466,position_measured,local,
Drone1_e2760,Drone1,Drone1:2760;Drone2:2669;Drone3:2742,575.0451,position_measured,local,
Drone1_e2761,Drone1,Drone1:2761;Drone2:2669;Drone3:2742,575.3415,position_measured,local,
Drone3_e2759,Drone3,Drone1:2755;Drone2:2669;Drone3:2759,575.8579,position_measured,local,
Drone3_e2760,Drone3,Drone1:2755;Drone2:2697;Drone3:2760,576.0153,position_measured,receive,Drone2
Drone3_e2761,Drone3,Drone1:2755;Drone2:2697;Drone3:2761,576.2102,position_measured,local,
Drone2_e2702,Drone2,Drone1:2755;Drone2:2702;Drone3:2752,575.6904,relative_computed,send,Drone1
Drone3_e2762,Drone3,Drone1:2755;Drone2:2697;Drone3:2762,576.4062,position_sent,send,Drone2
Drone1_e2762,Drone1,Drone1:2762;Drone2:2669;Drone3:2742,575.5469,position_sent,local,
Drone1_e2763,Drone1,Drone1:2763;Drone2:2692;Drone3:2745,575.7965,position_sent,receive,Drone2
Drone2_e2703,Drone2,Drone1:2755;Drone2:2703;Drone3:2752,575.9782,relative_computed,local,
Drone2_e2704,Drone2,Drone1:2755;Drone2:2704;Drone3:2762,576.5763,relative_computed,receive,Drone3
Drone2_e2705,Drone2,Drone1:2755;Drone2:2705;Drone3:2762,576.8083,relative_computed,local,
Drone1_e2764,Drone1,Drone1:2764;Drone2:2692;Drone3:2745,575.8656,position_sent,local,
Drone3_e2763,Drone3,Drone1:2755;Drone2:2697;Drone3:2763,576.6922,position_sent,local,
Drone3_e2764,Drone3,Drone1:2755;Drone2:2697;Drone3:2764,576.9077,position_sent,send,Drone2
Drone2_e2706,Drone2,Drone1:2755;Drone2:2706;Drone3:2762,577.0391,relative_computed,local,
Drone1_e2765,Drone1,Drone1:2765;Drone2:2699;Drone3:2752,576.1580,position_sent,receive,Drone2
Drone2_e2707,Drone2,Drone1:2755;Drone2:2707;Drone3:2762,577.2490,relative_computed,local,
Drone2_e2708,Drone2,Drone1:2755;Drone2:2708;Drone3:2762,577.3810,relative_computed,local,
Drone2_e2709,Drone2,Drone1:2755;Drone2:2709;Drone3:2764,577.5924,relative_computed,receive,Drone3
Drone2_e2710,Drone2,Drone1:2755;Drone2:2710;Drone3:2764,577.8192,relative_computed,local,
Drone1_e2766,Drone1,Drone1:2766;Drone2:2699;Drone3:2752,576.2857,position_sent,local,
Drone1_e2767,Drone1,Drone1:2767;Drone2:2699;Drone3:2752,576.5231,position_sent,local,
Drone2_e2711,Drone2,Drone1:2755;Drone2:2711;Drone3:2764,578.0681,relative_computed,local,
Drone2_e2712,Drone2,Drone1:2755;Drone2:2712;Drone3:2764,578.3430,formation_hold,send,Drone1
Drone2_e2713,Drone2,Drone1:2755;Drone2:2713;Drone3:2764,578.6041,formation_hold,send,Drone1
Drone2_e2714,Drone2,Drone1:2755;Drone2:2714;Drone3:2764,578.7888,formation_hold,send,Drone1
Drone3_e2765,Drone3,Drone1:2755;Drone2:2697;Drone3:2765,577.0647,position_sent,local,
Drone1_e2768,Drone1,Drone1:2768;Drone2:2699;Drone3:2752,576.7917,position_sent,local,
Drone2_e2715,Drone2,Drone1:2755;Drone2:2715;Drone3:2764,579.0362,formation_hold,local,
Drone3_e2766,Drone3,Drone1:2755;Drone2:2697;Drone3:2766,577.3036,position_sent,local,
Drone3_e2767,Drone3,Drone1:2755;Drone2:2697;Drone3:2767,577.4969,position_sent,local,
Drone3_e2768,Drone3,Drone1:2755;Drone2:2697;Drone3:2768,577.6867,position_sent,local,
Drone1_e2769,Drone1,Drone1:2769;Drone2:2699;Drone3:2752,576.8907,position_sent,local,
Drone3_e2769,Drone3,Drone1:2755;Drone2:2697;Drone3:2769,577.7414,position_sent,local,
Drone1_e2770,Drone1,Drone1:2770;Drone2:2701;Drone3:2752,577.1532,position_sent,receive,Drone2
Drone1_e2771,Drone1,Drone1:2771;Drone2:2701;Drone3:2752,577.3477,position_sent,local,
Drone3_e2770,Drone3,Drone1:2755;Drone2:2697;Drone3:2770,578.0331,position_sent,local,
Drone3_e2771,Drone3,Drone1:2755;Drone2:2697;Drone3:2771,578.0835,position_sent,local,
Drone2_e2716,Drone2,Drone1:2755;Drone2:2716;Drone3:2764,579.2121,formation_hold,local,
Drone2_e2717,Drone2,Drone1:2755;Drone2:2717;Drone3:2764,579.3771,formation_hold,send,Drone3
Drone3_e2772,Drone3,Drone1:2755;Drone2:2717;Drone3:2772,579.4392,processing,receive,Drone2
Drone1_e2772,Drone1,Drone1:2772;Drone2:2701;Drone3:2753,577.4344,processing,receive,Drone3
Drone1_e2773,Drone1,Drone1:2773;Drone2:2701;Drone3:2753,577.5383,processing,local,
Drone2_e2718,Drone2,Drone1:2755;Drone2:2718;Drone3:2764,579.4799,formation_hold,local,
Drone3_e2773,Drone3,Drone1:2755;Drone2:2717;Drone3:2773,579.6760,processing,send,Drone2
Drone3_e2774,Drone3,Drone1:2755;Drone2:2717;Drone3:2774,579.8604,processing,send,Drone1
Drone3_e2775,Drone3,Drone1:2755;Drone2:2717;Drone3:2775,579.9594,processing,local,
Drone2_e2719,Drone2,Drone1:2755;Drone2:2719;Drone3:2764,579.6353,formation_hold,local,
Drone2_e2720,Drone2,Drone1:2755;Drone2:2720;Drone3:2764,579.8710,formation_hold,local,
Drone1_e2774,Drone1,Drone1:2774;Drone2:2701;Drone3:2753,577.6433,processing,local,
Drone1_e2775,Drone1,Drone1:2775;Drone2:2701;Drone3:2753,577.7686,processing,local,
Drone2_e2721,Drone2,Drone1:2755;Drone2:2721;Drone3:2764,580.1425,formation_hold,local,
Drone1_e2776,Drone1,Drone1:2776;Drone2:2701;Drone3:2753,578.0412,processing,local,
Drone2_e2722,Drone2,Drone1:2755;Drone2:2722;Drone3:2773,580.3036,idle,receive,Drone3
Drone2_e2723,Drone2,Drone1:2755;Drone2:2723;Drone3:2773,580.4810,idle,local,
Drone3_e2776,Drone3,Drone1:2755;Drone2:2717;Drone3:2776,580.1608,processing,local,
Drone2_e2724,Drone2,Drone1:2755;Drone2:2724;Drone3:2773,580.7726,idle,send,Drone3
Drone2_e2725,Drone2,Drone1:2755;Drone2:2725;Drone3:2773,580.9936,idle,local,
Drone3_e2777,Drone3,Drone1:2755;Drone2:2724;Drone3:2777,581.0324,processing,receive,Drone2
Drone3_e2778,Drone3,Drone1:2755;Drone2:2724;Drone3:2778,581.2292,processing,local,
Drone1_e2777,Drone1,Drone1:2777;Drone2:2701;Drone3:2753,578.2061,processing,local,
Drone2_e2726,Drone2,Drone1:2755;Drone2:2726;Drone3:2773,581.2609,idle,local,
Drone1_e2778,Drone1,Drone1:2778;Drone2:2701;Drone3:2753,578.3726,processing,local,
Drone3_e2779,Drone3,Drone1:2755;Drone2:2724;Drone3:2779,581.2855,processing,local,
Drone1_e2779,Drone1,Drone1:2779;Drone2:2717;Drone3:2774,580.0157,processing,receive,Drone3
Drone2_e2727,Drone2,Drone1:2755;Drone2:2727;Drone3:2773,581.3986,idle,send,Drone3
Drone2_e2728,Drone2,Drone1:2755;Drone2:2728;Drone3:2773,581.6372,idle,send,Drone3
Drone1_e2780,Drone1,Drone1:2780;Drone2:2717;Drone3:2774,580.1177,processing,local,
Drone3_e2780,Drone3,Drone1:2755;Drone2:2724;Drone3:2780,581.5327,processing,local,
Drone3_e2781,Drone3,Drone1:2755;Drone2:2724;Drone3:2781,581.7254,processing,local,
Drone2_e2729,Drone2,Drone1:2755;Drone2:2729;Drone3:2773,581.8862,idle,local,
Drone2_e2730,Drone2,Drone1:2755;Drone2:2730;Drone3:2773,582.1177,idle,local,
Drone1_e2781,Drone1,Drone1:2781;Drone2:2717;Drone3:2774,580.3482,processing,receive,Drone2
Drone2_e2731,Drone2,Drone1:2755;Drone2:2731;Drone3:2773,582.3314,idle,send,Drone3
Drone2_e2732,Drone2,Drone1:2755;Drone2:2732;Drone3:2773,582.4669,scanning,local,
Drone1_e2782,Drone1,Drone1:2782;Drone2:2717;Drone3:2774,580.6145,relative_computed,local,
Drone1_e2783,Drone1,Drone1:2783;Drone2:2717;Drone3:2774,580.7719,relative_computed,local,
Drone1_e2784,Drone1,Drone1:2784;Drone2:2717;Drone3:2774,581.0508,relative_computed,local,
Drone3_e2782,Drone3,Drone1:2755;Drone2:2724;Drone3:2782,581.9909,relative_computed,local,
Drone1_e2785,Drone1,Drone1:2785;Drone2:2717;Drone3:2774,581.3147,relative_computed,receive,Drone2
Drone3_e2783,Drone3,Drone1:2755;Drone2:2724;Drone3:2783,582.0584,relative_computed,local,
Drone3_e2784,Drone3,Drone1:2755;Drone2:2727;Drone3:2784,582.2546,relative_computed,receive,Drone2
Drone3_e2785,Drone3,Drone1:2755;Drone2:2728;Drone3:2785,582.3241,relative_computed,receive,Drone2
Drone3_e2786,Drone3,Drone1:2755;Drone2:2728;Drone3:2786,582.5235,relative_computed,local,
Drone3_e2787,Drone3,Drone1:2755;Drone2:2728;Drone3:2787,582.6733,relative_computed,local,
Drone2_e2733,Drone2,Drone1:2755;Drone2:2733;Drone3:2773,582.5386,scanning,local,
Drone1_e2786,Drone1,Drone1:2786;Drone2:2717;Drone3:2774,581.4442,relative_computed,local,
Drone1_e2787,Drone1,Drone1:2787;Drone2:2717;Drone3:2774,581.6062,relative_computed,local,
Drone2_e2734,Drone2,Drone1:2755;Drone2:2734;Drone3:2773,582.6077,scanning,local,
Drone3_e2788,Drone3,Drone1:2755;Drone2:2731;Drone3:2788,582.8296,relative_computed,receive,Drone2
Drone1_e2788,Drone1,Drone1:2788;Drone2:2717;Drone3:2774,581.8472,relative_computed,local,
Drone2_e2735,Drone2,Drone1:2755;Drone2:2735;Drone3:2773,582.8250,scanning,local,
Drone2_e2736,Drone2,Drone1:2755;Drone2:2736;Drone3:2773,583.0582,scanning,local,
Drone2_e2737,Drone2,Drone1:2755;Drone2:2737;Drone3:2773,583.2709,scanning,local,
Drone2_e2738,Drone2,Drone1:2755;Drone2:2738;Drone3:2773,583.3578,scanning,local,
Drone3_e2789,Drone3,Drone1:2755;Drone2:2731;Drone3:2789,583.0576,relative_computed,send,Drone2
Drone2_e2739,Drone2,Drone1:2755;Drone2:2739;Drone3:2773,583.6523,scanning,local,
Drone3_e2790,Drone3,Drone1:2755;Drone2:2731;Drone3:2790,583.2393,relative_computed,local,
Drone3_e2791,Drone3,Drone1:2755;Drone2:2731;Drone3:2791,583.4646,relative_computed,send,Drone1
Drone3_e2792,Drone3,Drone1:2755;Drone2:2731;Drone3:2792,583.6582,formation_hold,send,Drone1
Drone1_e2789,Drone1,Drone1:2789;Drone2:2717;Drone3:2774,582.1243,relative_computed,local,
Drone1_e2790,Drone1,Drone1:2790;Drone2:2731;Drone3:2791,583.6847,relative_computed,receive,Drone3
Drone3_e2793,Drone3,Drone1:2755;Drone2:2731;Drone3:2793,583.7519,formation_hold,local,
Drone1_e2791,Drone1,Drone1:2791;Drone2:2731;Drone3:2791,583.8234,relative_computed,receive,Drone2
Drone1_e2792,Drone1,Drone1:2792;Drone2:2731;Drone3:2791,584.0063,formation_hold,local,
Drone2_e2740,Drone2,Drone1:2755;Drone2:2740;Drone3:2789,583.7791,scanning,receive,Drone3
Drone1_e2793,Drone1,Drone1:2793;Drone2:2731;Drone3:2791,584.1197,formation_hold,receive,Drone2
Drone3_e2794,Drone3,Drone1:2755;Drone2:2731;Drone3:2794,583.8868,formation_hold,local,
Drone2_e2741,Drone2,Drone1:2755;Drone2:2741;Drone3:2789,584.0453,scanning,local,
Drone1_e2794,Drone1,Drone1:2794;Drone2:2731;Drone3:2792,584.3211,formation_hold,receive,Drone3
Drone2_e2742,Drone2,Drone1:2755;Drone2:2742;Drone3:2789,584.3244,target_found,send,Drone1
Drone1_e2795,Drone1,Drone1:2795;Drone2:2731;Drone3:2792,584.4913,formation_hold,local,
Drone1_e2796,Drone1,Drone1:2796;Drone2:2731;Drone3:2792,584.7893,formation_hold,local,
Drone3_e2795,Drone3,Drone1:2755;Drone2:2731;Drone3:2795,584.1072,formation_hold,local,
Drone2_e2743,Drone2,Drone1:2755;Drone2:2743;Drone3:2789,584.6058,target_found,local,
Drone2_e2744,Drone2,Drone1:2755;Drone2:2744;Drone3:2789,584.6797,target_found,local,
Drone1_e2797,Drone1,Drone1:2797;Drone2:2731;Drone3:2792,585.0690,formation_hold,local,
Drone1_e2798,Drone1,Drone1:2798;Drone2:2731;Drone3:2792,585.1660,formation_hold,local,
Drone1_e2799,Drone1,Drone1:2799;Drone2:2742;Drone3:2792,585.2649,formation_hold,receive,Drone2
Drone2_e2745,Drone2,Drone1:2755;Drone2:2745;Drone3:2789,584.8633,target_found,local,
Drone1_e2800,Drone1,Drone1:2800;Drone2:2742;Drone3:2792,585.5526,formation_hold,local,
Drone3_e2796,Drone3,Drone1:2755;Drone2:2731;Drone3:2796,584.2484,formation_hold,local,
Drone1_e2801,Drone1,Drone1:2801;Drone2:2742;Drone3:2792,585.7248,formation_hold,local,
Drone3_e2797,Drone3,Drone1:2755;Drone2:2731;Drone3:2797,584.5176,formation_hold,local,
Drone3_e2798,Drone3,Drone1:2755;Drone2:2731;Drone3:2798,584.7441,formation_hold,send,Drone2
Drone3_e2799,Drone3,Drone1:2755;Drone2:2731;Drone3:2799,584.8131,formation_hold,local,
Drone1_e2802,Drone1,Drone1:2802;Drone2:2742;Drone3:2792,585.9133,idle,local,
Drone2_e2746,Drone2,Drone1:2755;Drone2:2746;Drone3:2798,585.0075,target_found,receive,Drone3
Drone2_e2747,Drone2,Drone1:2755;Drone2:2747;Drone3:2798,585.1020,target_found,local,
Drone3_e2800,Drone3,Drone1:2755;Drone2:2731;Drone3:2800,585.0100,formation_hold,send,Drone1
Drone2_e2748,Drone2,Drone1:2755;Drone2:2748;Drone3:2798,585.3906,target_found,local,
Drone1_e2803,Drone1,Drone1:2803;Drone2:2742;Drone3:2792,586.1425,idle,local,
Drone1_e2804,Drone1,Drone1:2804;Drone2:2742;Drone3:2792,586.4406,idle,local,
Drone3_e2801,Drone3,Drone1:2755;Drone2:2731;Drone3:2801,585.2765,formation_hold,send,Drone2
Drone1_e2805,Drone1,Drone1:2805;Drone2:2742;Drone3:2800,586.5686,idle,receive,Drone3
Drone1_e2806,Drone1,Drone1:2806;Drone2:2742;Drone3:2800,586.7621,idle,send,Drone3
Drone3_e2802,Drone3,Drone1:2755;Drone2:2731;Drone3:2802,585.5710,idle,local,
Drone1_e2807,Drone1,Drone1:2807;Drone2:2742;Drone3:2800,586.9960,idle,local,
Drone1_e2808,Drone1,Drone1:2808;Drone2:2742;Drone3:2800,587.0847,idle,send,Drone3
Drone1_e2809,Drone1,Drone1:2809;Drone2:2742;Drone3:2800,587.2086,idle,send,Drone2
Drone2_e2749,Drone2,Drone1:2755;Drone2:2749;Drone3:2801,585.4616,target_found,receive,Drone3
Drone3_e2803,Drone3,Drone1:2806;Drone2:2742;Drone3:2803,587.0244,idle,receive,Drone1
Drone1_e2810,Drone1,Drone1:2810;Drone2:2742;Drone3:2800,587.2684,idle,local,
Drone1_e2811,Drone1,Drone1:2811;Drone2:2742;Drone3:2800,587.3926,idle,local,
Drone2_e2750,Drone2,Drone1:2755;Drone2:2750;Drone3:2801,585.5336,target_found,local,
Drone3_e2804,Drone3,Drone1:2808;Drone2:2742;Drone3:2804,587.2889,idle,receive,Drone1
Drone3_e2805,Drone3,Drone1:2808;Drone2:2742;Drone3:2805,587.4923,idle,local,
Drone2_e2751,Drone2,Drone1:2755;Drone2:2751;Drone3:2801,585.6618,target_found,local,
Drone2_e2752,Drone2,Drone1:2755;Drone2:2752;Drone3:2801,585.9216,position_measured,local,
Drone2_e2753,Drone2,Drone1:2809;Drone2:2753;Drone3:2801,587.3400,position_measured,receive,Drone1
Drone2_e2754,Drone2,Drone1:2809;Drone2:2754;Drone3:2801,587.5394,position_measured,send,Drone1
Drone1_e2812,Drone1,Drone1:2812;Drone2:2754;Drone3:2801,587.6747,scanning,receive,Drone2
Drone1_e2813,Drone1,Drone1:2813;Drone2:2754;Drone3:2801,587.8958,scanning,local,
Drone3_e2806,Drone3,Drone1:2808;Drone2:2742;Drone3:2806,587.7433,idle,local,
Drone1_e2814,Drone1,Drone1:2814;Drone2:2754;Drone3:2801,587.9720,scanning,local,
Drone3_e2807,Drone3,Drone1:2808;Drone2:2742;Drone3:2807,588.0388,idle,local,
Drone2_e2755,Drone2,Drone1:2809;Drone2:2755;Drone3:2801,587.6127,position_measured,local,
Drone1_e2815,Drone1,Drone1:2815;Drone2:2754;Drone3:2801,588.2440,scanning,local,
Drone3_e2808,Drone3,Drone1:2808;Drone2:2742;Drone3:2808,588.2479,idle,local,
Drone1_e2816,Drone1,Drone1:2816;Drone2:2754;Drone3:2801,588.3275,scanning,local,
Drone3_e2809,Drone3,Drone1:2808;Drone2:2742;Drone3:2809,588.4023,idle,send,Drone1
Drone3_e2810,Drone3,Drone1:2808;Drone2:2742;Drone3:2810,588.4903,idle,local,
Drone1_e2817,Drone1,Drone1:2817;Drone2:2754;Drone3:2801,588.5024,scanning,local,
Drone3_e2811,Drone3,Drone1:2808;Drone2:2742;Drone3:2811,588.7029,idle,local,
Drone2_e2756,Drone2,Drone1:2809;Drone2:2756;Drone3:2801,587.8049,position_measured,local,
Drone2_e2757,Drone2,Drone1:2809;Drone2:2757;Drone3:2801,587.8625,position_measured,local,
Drone1_e2818,Drone1,Drone1:2818;Drone2:2754;Drone3:2801,588.6765,scanning,local,
Drone3_e2812,Drone3,Drone1:2808;Drone2:2742;Drone3:2812,588.7556,scanning,send,Drone1
Drone3_e2813,Drone3,Drone1:2808;Drone2:2742;Drone3:2813,588.9287,scanning,send,Drone2
Drone1_e2819,Drone1,Drone1:2819;Drone2:2754;Drone3:2801,588.8405,scanning,local,
Drone3_e2814,Drone3,Drone1:2808;Drone2:2742;Drone3:2814,588.9863,scanning,send,Drone1
Drone3_e2815,Drone3,Drone1:2808;Drone2:2742;Drone3:2815,589.2645,scanning,local,
Drone2_e2758,Drone2,Drone1:2809;Drone2:2758;Drone3:2801,588.0664,position_measured,local,
Drone3_e2816,Drone3,Drone1:2808;Drone2:2742;Drone3:2816,589.4537,scanning,send,Drone1
Drone1_e2820,Drone1,Drone1:2820;Drone2:2754;Drone3:2809,588.9126,scanning,receive,Drone3
Drone2_e2759,Drone2,Drone1:2809;Drone2:2759;Drone3:2813,589.0615,position_measured,receive,Drone3
Drone3_e2817,Drone3,Drone1:2808;Drone2:2742;Drone3:2817,589.7044,scanning,local,
Drone1_e2821,Drone1,Drone1:2821;Drone2:2754;Drone3:2809,588.9994,scanning,local,
Drone3_e2818,Drone3,Drone1:2808;Drone2:2742;Drone3:2818,589.8542,scanning,local,
Drone2_e2760,Drone2,Drone1:2809;Drone2:2760;Drone3:2813,589.1549,position_measured,send,Drone1
Drone1_e2822,Drone1,Drone1:2822;Drone2:2754;Drone3:2812,589.2452,target_found,receive,Drone3
Drone2_e2761,Drone2,Drone1:2809;Drone2:2761;Drone3:2813,589.2707,position_measured,local,
Drone2_e2762,Drone2,Drone1:2809;Drone2:2762;Drone3:2813,589.4725,position_sent,local,
Drone2_e2763,Drone2,Drone1:2809;Drone2:2763;Drone3:2813,589.5868,position_sent,send,Drone1
Drone1_e2823,Drone1,Drone1:2823;Drone2:2754;Drone3:2812,589.5382,target_found,local,
Drone3_e2819,Drone3,Drone1:2808;Drone2:2742;Drone3:2819,590.0132,scanning,local,
Drone3_e2820,Drone3,Drone1:2808;Drone2:2742;Drone3:2820,590.0866,scanning,send,Drone1
Drone2_e2764,Drone2,Drone1:2809;Drone2:2764;Drone3:2813,589.8470,position_sent,local,
Drone2_e2765,Drone2,Drone1:2809;Drone2:2765;Drone3:2813,589.9522,position_sent,local,
Drone3_e2821,Drone3,Drone1:2808;Drone2:2742;Drone3:2821,590.2638,scanning,local,
Drone3_e2822,Drone3,Drone1:2808;Drone2:2742;Drone3:2822,590.5338,target_found,local,
Drone2_e2766,Drone2,Drone1:2809;Drone2:2766;Drone3:2813,590.2478,position_sent,local,
Drone3_e2823,Drone3,Drone1:2808;Drone2:2742;Drone3:2823,590.6432,target_found,local,
Drone1_e2824,Drone1,Drone1:2824;Drone2:2760;Drone3:2813,589.6924,target_found,receive,Drone2
Drone1_e2825,Drone1,Drone1:2825;Drone2:2760;Drone3:2813,589.7769,target_found,local,
Drone3_e2824,Drone3,Drone1:2808;Drone2:2742;Drone3:2824,590.9413,target_found,send,Drone1
Drone3_e2825,Drone3,Drone1:2808;Drone2:2742;Drone3:2825,591.1303,target_found,local,
Drone1_e2826,Drone1,Drone1:2826;Drone2:2760;Drone3:2813,589.9474,target_found,local,
Drone3_e2826,Drone3,Drone1:2808;Drone2:2742;Drone3:2826,591.4059,target_found,send,Drone2
Drone1_e2827,Drone1,Drone1:2827;Drone2:2760;Drone3:2813,590.1513,target_found,local,
Drone1_e2828,Drone1,Drone1:2828;Drone2:2760;Drone3:2813,590.2531,target_found,local,
Drone1_e2829,Drone1,Drone1:2829;Drone2:2760;Drone3:2813,590.4856,target_found,local,
Drone3_e2827,Drone3,Drone1:2808;Drone2:2742;Drone3:2827,591.7035,target_found,local,
Drone2_e2767,Drone2,Drone1:2809;Drone2:2767;Drone3:2813,590.4378,position_sent,local,
Drone3_e2828,Drone3,Drone1:2808;Drone2:2742;Drone3:2828,591.8305,target_found,local,
Drone3_e2829,Drone3,Drone1:2808;Drone2:2742;Drone3:2829,591.9110,target_found,local,
Drone2_e2768,Drone2,Drone1:2809;Drone2:2768;Drone3:2813,590.6706,position_sent,local,
Drone2_e2769,Drone2,Drone1:2809;Drone2:2769;Drone3:2826,591.4879,position_sent,receive,Drone3
Drone1_e2830,Drone1,Drone1:2830;Drone2:2760;Drone3:2813,590.7563,target_found,local,
Drone3_e2830,Drone3,Drone1:2808;Drone2:2742;Drone3:2830,592.0148,target_found,local,
Drone1_e2831,Drone1,Drone1:2831;Drone2:2760;Drone3:2813,590.8892,target_found,local,
Drone1_e2832,Drone1,Drone1:2832;Drone2:2760;Drone3:2814,591.0625,position_measured,receive,Drone3
Drone3_e2831,Drone3,Drone1:2808;Drone2:2742;Drone3:2831,592.2684,target_found,send,Drone2
Drone3_e2832,Drone3,Drone1:2808;Drone2:2742;Drone3:2832,592.4219,position_measured,local,
Drone2_e2770,Drone2,Drone1:2809;Drone2:2770;Drone3:2831,592.4667,position_sent,receive,Drone3
Drone1_e2833,Drone1,Drone1:2833;Drone2:2763;Drone3:2814,591.3307,position_measured,receive,Drone2
Drone1_e2834,Drone1,Drone1:2834;Drone2:2763;Drone3:2814,591.4219,position_measured,local,
Drone3_e2833,Drone3,Drone1:2808;Drone2:2742;Drone3:2833,592.6619,position_measured,local,
Drone1_e2835,Drone1,Drone1:2835;Drone2:2763;Drone3:2814,591.5104,position_measured,local,
Drone2_e2771,Drone2,Drone1:2809;Drone2:2771;Drone3:2831,592.7413,position_sent,send,Drone3
Drone3_e2834,Drone3,Drone1:2809;Drone2:2771;Drone3:2834,592.9616,position_measured,receive,Drone2
Drone2_e2772,Drone2,Drone1:2809;Drone2:2772;Drone3:2831,592.8936,processing,local,
Drone2_e2773,Drone2,Drone1:2809;Drone2:2773;Drone3:2831,593.0963,processing,local,
Drone2_e2774,Drone2,Drone1:2809;Drone2:2774;Drone3:2831,593.2663,processing,send,Drone1
Drone2_e2775,Drone2,Drone1:2809;Drone2:2775;Drone3:2831,593.4599,processing,local,
Drone3_e2835,Drone3,Drone1:2809;Drone2:2771;Drone3:2835,593.0483,position_measured,local,
Drone1_e2836,Drone1,Drone1:2836;Drone2:2774;Drone3:2831,593.3365,position_measured,receive,Drone2
Drone2_e2776,Drone2,Drone1:2809;Drone2:2776;Drone3:2831,593.5960,processing,local,
Drone3_e2836,Drone3,Drone1:2809;Drone2:2771;Drone3:2836,593.2554,position_measured,local,
Drone3_e2837,Drone3,Drone1:2809;Drone2:2771;Drone3:2837,593.4275,position_measured,local,
Drone3_e2838,Drone3,Drone1:2809;Drone2:2771;Drone3:2838,593.7189,position_measured,local,
Drone1_e2837,Drone1,Drone1:2837;Drone2:2774;Drone3:2831,593.4026,position_measured,local,
Drone3_e2839,Drone3,Drone1:2809;Drone2:2771;Drone3:2839,593.9399,position_measured,send,Drone2
Drone1_e2838,Drone1,Drone1:2838;Drone2:2774;Drone3:2831,593.5334,position_measured,local,
Drone1_e2839,Drone1,Drone1:2839;Drone2:2774;Drone3:2831,593.7464,position_measured,local,
Drone3_e2840,Drone3,Drone1:2809;Drone2:2771;Drone3:2840,594.0960,position_measured,local,
Drone2_e2777,Drone2,Drone1:2809;Drone2:2777;Drone3:2839,594.0788,processing,receive,Drone3
Drone2_e2778,Drone2,Drone1:2809;Drone2:2778;Drone3:2839,594.3234,processing,send,Drone3
Drone2_e2779,Drone2,Drone1:2809;Drone2:2779;Drone3:2839,594.4013,processing,local,
Drone2_e2780,Drone2,Drone1:2809;Drone2:2780;Drone3:2839,594.6010,processing,local,
Drone1_e2840,Drone1,Drone1:2840;Drone2:2774;Drone3:2831,593.7984,position_measured,local,
Drone1_e2841,Drone1,Drone1:2841;Drone2:2774;Drone3:2831,593.9000,position_measured,local,
Drone3_e2841,Drone3,Drone1:2809;Drone2:2771;Drone3:2841,594.1919,position_measured,local,
Drone1_e2842,Drone1,Drone1:2842;Drone2:2774;Drone3:2831,594.1593,position_sent,receive,Drone3
Drone1_e2843,Drone1,Drone1:2843;Drone2:2774;Drone3:2831,594.2911,position_sent,local,
Drone2_e2781,Drone2,Drone1:2809;Drone2:2781;Drone3:2839,594.6898,processing,local,
Drone2_e2782,Drone2,Drone1:2809;Drone2:2782;Drone3:2839,594.9297,relative_computed,send,Drone3
Drone3_e2842,Drone3,Drone1:2809;Drone2:2778;Drone3:2842,594.4933,position_sent,receive,Drone2
Drone2_e2783,Drone2,Drone1:2809;Drone2:2783;Drone3:2839,595.1216,relative_computed,local,
Drone3_e2843,Drone3,Drone1:2809;Drone2:2778;Drone3:2843,594.6523,position_sent,local,
Drone3_e2844,Drone3,Drone1:2809;Drone2:2782;Drone3:2844,595.1808,position_sent,receive,Drone2
Drone3_e2845,Drone3,Drone1:2809;Drone2:2782;Drone3:2845,595.2994,position_sent,local,
Drone1_e2844,Drone1,Drone1:2844;Drone2:2774;Drone3:2831,594.4795,position_sent,receive,Drone3
Drone1_e2845,Drone1,Drone1:2845;Drone2:2774;Drone3:2831,594.6129,position_sent,local,
Drone1_e2846,Drone1,Drone1:2846;Drone2:2774;Drone3:2831,594.7234,position_sent,local,
Drone3_e2846,Drone3,Drone1:2809;Drone2:2782;Drone3:2846,595.5961,position_sent,local,
Drone2_e2784,Drone2,Drone1:2809;Drone2:2784;Drone3:2839,595.2532,relative_computed,send,Drone3
Drone2_e2785,Drone2,Drone1:2809;Drone2:2785;Drone3:2839,595.3071,relative_computed,local,
Drone1_e2847,Drone1,Drone1:2847;Drone2:2774;Drone3:2831,594.9966,position_sent,local,
Drone1_e2848,Drone1,Drone1:2848;Drone2:2774;Drone3:2831,595.1559,position_sent,local,
Drone2_e2786,Drone2,Drone1:2809;Drone2:2786;Drone3:2839,595.5633,relative_computed,local,
Drone2_e2787,Drone2,Drone1:2809;Drone2:2787;Drone3:2839,595.6477,relative_computed,local,
Drone1_e2849,Drone1,Drone1:2849;Drone2:2774;Drone3:2831,595.3933,position_sent,receive,Drone3
Drone2_e2788,Drone2,Drone1:2809;Drone2:2788;Drone3:2839,595.9109,relative_computed,local,
Drone2_e2789,Drone2,Drone1:2809;Drone2:2789;Drone3:2839,595.9766,relative_computed,local,
Drone3_e2847,Drone3,Drone1:2809;Drone2:2782;Drone3:2847,595.8238,position_sent,local,
Drone2_e2790,Drone2,Drone1:2809;Drone2:2790;Drone3:2839,596.2113,relative_computed,local,
Drone3_e2848,Drone3,Drone1:2809;Drone2:2784;Drone3:2848,596.0582,position_sent,receive,Drone2
Drone1_e2850,Drone1,Drone1:2850;Drone2:2774;Drone3:2831,595.6631,position_sent,local,
Drone2_e2791,Drone2,Drone1:2809;Drone2:2791;Drone3:2839,596.4420,relative_computed,local,
Drone3_e2849,Drone3,Drone1:2809;Drone2:2784;Drone3:2849,596.1626,position_sent,local,
Drone1_e2851,Drone1,Drone1:2851;Drone2:2774;Drone3:2831,595.8815,position_sent,local,
Drone2_e2792,Drone2,Drone1:2809;Drone2:2792;Drone3:2839,596.5720,formation_hold,local,
Drone1_e2852,Drone1,Drone1:2852;Drone2:2774;Drone3:2831,596.0281,processing,send,Drone2
Drone2_e2793,Drone2,Drone1:2852;Drone2:2793;Drone3:2839,596.7214,formation_hold,receive,Drone1
Drone3_e2850,Drone3,Drone1:2809;Drone2:2784;Drone3:2850,596.2848,position_sent,local,
Drone2_e2794,Drone2,Drone1:2852;Drone2:2794;Drone3:2839,596.9792,formation_hold,send,Drone1
Drone2_e2795,Drone2,Drone1:2852;Drone2:2795;Drone3:2839,597.1810,formation_hold,send,Drone1
Drone1_e2853,Drone1,Drone1:2853;Drone2:2774;Drone3:2831,596.1718,processing,local,
Drone1_e2854,Drone1,Drone1:2854;Drone2:2794;Drone3:2839,597.1040,processing,receive,Drone2
Drone2_e2796,Drone2,Drone1:2852;Drone2:2796;Drone3:2839,597.2723,formation_hold,local,
Drone1_e2855,Drone1,Drone1:2855;Drone2:2794;Drone3:2839,597.2613,processing,local,
Drone2_e2797,Drone2,Drone1:2852;Drone2:2797;Drone3:2839,597.3668,formation_hold,local,
Drone3_e2851,Drone3,Drone1:2809;Drone2:2784;Drone3:2851,596.4641,position_sent,local,
Drone3_e2852,Drone3,Drone1:2809;Drone2:2784;Drone3:2852,596.6567,processing,local,
Drone2_e2798,Drone2,Drone1:2852;Drone2:2798;Drone3:2839,597.5254,formation_hold,local,
Drone2_e2799,Drone2,Drone1:2852;Drone2:2799;Drone3:2839,597.7210,formation_hold,local,
Drone1_e2856,Drone1,Drone1:2856;Drone2:2794;Drone3:2839,597.4017,processing,local,
Drone2_e2800,Drone2,Drone1:2852;Drone2:2800;Drone3:2839,597.8368,formation_hold,local,
Drone3_e2853,Drone3,Drone1:2809;Drone2:2784;Drone3:2853,596.7624,processing,send,Drone2
Drone2_e2801,Drone2,Drone1:2852;Drone2:2801;Drone3:2839,598.0511,formation_hold,local,
Drone1_e2857,Drone1,Drone1:2857;Drone2:2795;Drone3:2839,597.6519,processing,receive,Drone2
Drone1_e2858,Drone1,Drone1:2858;Drone2:2795;Drone3:2839,597.8834,processing,local,
Drone3_e2854,Drone3,Drone1:2809;Drone2:2784;Drone3:2854,596.9341,processing,send,Drone1
Drone3_e2855,Drone3,Drone1:2809;Drone2:2784;Drone3:2855,597.0705,processing,send,Drone1
Drone2_e2802,Drone2,Drone1:2852;Drone2:2802;Drone3:2839,598.2178,idle,local,
Drone1_e2859,Drone1,Drone1:2859;Drone2:2795;Drone3:2839,597.9608,processing,local,
Drone2_e2803,Drone2,Drone1:2852;Drone2:2803;Drone3:2839,598.3833,idle,local,
Drone1_e2860,Drone1,Drone1:2860;Drone2:2795;Drone3:2839,598.1645,processing,local,
Drone2_e2804,Drone2,Drone1:2852;Drone2:2804;Drone3:2853,598.6380,idle,receive,Drone3
Drone3_e2856,Drone3,Drone1:2809;Drone2:2784;Drone3:2856,597.1539,processing,send,Drone2
Drone2_e2805,Drone2,Drone1:2852;Drone2:2805;Drone3:2853,598.8051,idle,local,
Drone3_e2857,Drone3,Drone1:2809;Drone2:2784;Drone3:2857,597.2675,processing,local,
Drone1_e2861,Drone1,Drone1:2861;Drone2:2795;Drone3:2854,598.2917,processing,receive,Drone3
Drone2_e2806,Drone2,Drone1:2852;Drone2:2806;Drone3:2853,599.0740,idle,local,
Drone2_e2807,Drone2,Drone1:2852;Drone2:2807;Drone3:2853,599.2789,idle,local,
Drone2_e2808,Drone2,Drone1:2852;Drone2:2808;Drone3:2856,599.4630,idle,receive,Drone3
Drone2_e2809,Drone2,Drone1:2852;Drone2:2809;Drone3:2856,599.5174,idle,local,
Drone3_e2858,Drone3,Drone1:2809;Drone2:2784;Drone3:2858,597.5140,processing,local,
Drone2_e2810,Drone2,Drone1:2852;Drone2:2810;Drone3:2856,599.7168,idle,local,
Drone2_e2811,Drone2,Drone1:2852;Drone2:2811;Drone3:2856,599.8922,idle,local,
Drone3_e2859,Drone3,Drone1:2809;Drone2:2784;Drone3:2859,597.5750,processing,local,
Drone3_e2860,Drone3,Drone1:2809;Drone2:2784;Drone3:2860,597.6907,processing,local,
Drone3_e2861,Drone3,Drone1:2809;Drone2:2784;Drone3:2861,597.8433,processing,send,Drone1
Drone1_e2862,Drone1,Drone1:2862;Drone2:2795;Drone3:2855,598.4527,relative_computed,receive,Drone3
Drone2_e2812,Drone2,Drone1:2852;Drone2:2812;Drone3:2856,600.0051,scanning,send,Drone1
Drone3_e2862,Drone3,Drone1:2809;Drone2:2784;Drone3:2862,598.0045,relative_computed,local,
Drone3_e2863,Drone3,Drone1:2809;Drone2:2784;Drone3:2863,598.2218,relative_computed,send,Drone2
Drone2_e2813,Drone2,Drone1:2852;Drone2:2813;Drone3:2856,600.2568,scanning,local,
Drone3_e2864,Drone3,Drone1:2809;Drone2:2784;Drone3:2864,598.3029,relative_computed,send,Drone2
Drone2_e2814,Drone2,Drone1:2852;Drone2:2814;Drone3:2856,600.4498,scanning,local,
Drone1_e2863,Drone1,Drone1:2863;Drone2:2795;Drone3:2855,598.5569,relative_computed,local,
Drone2_e2815,Drone2,Drone1:2852;Drone2:2815;Drone3:2863,600.5090,scanning,receive,Drone3
Drone2_e2816,Drone2,Drone1:2852;Drone2:2816;Drone3:2864,600.5842,scanning,receive,Drone3
Drone1_e2864,Drone1,Drone1:2864;Drone2:2795;Drone3:2855,598.7609,relative_computed,local,
Drone1_e2865,Drone1,Drone1:2865;Drone2:2795;Drone3:2855,598.8207,relative_computed,local,
Drone1_e2866,Drone1,Drone1:2866;Drone2:2795;Drone3:2855,598.8795,relative_computed,local,
Drone2_e2817,Drone2,Drone1:2852;Drone2:2817;Drone3:2864,600.8319,scanning,local,
Drone2_e2818,Drone2,Drone1:2852;Drone2:2818;Drone3:2864,601.0041,scanning,local,
Drone2_e2819,Drone2,Drone1:2852;Drone2:2819;Drone3:2864,601.0986,scanning,local,
Drone3_e2865,Drone3,Drone1:2809;Drone2:2784;Drone3:2865,598.5229,relative_computed,local,
Drone2_e2820,Drone2,Drone1:2852;Drone2:2820;Drone3:2864,601.1876,scanning,local,
Drone3_e2866,Drone3,Drone1:2809;Drone2:2784;Drone3:2866,598.7175,relative_computed,local,
Drone1_e2867,Drone1,Drone1:2867;Drone2:2795;Drone3:2855,599.1222,relative_computed,local,
Drone3_e2867,Drone3,Drone1:2809;Drone2:2784;Drone3:2867,598.8679,relative_computed,local,
Drone1_e2868,Drone1,Drone1:2868;Drone2:2812;Drone3:2856,600.2528,relative_computed,receive,Drone2
Drone2_e2821,Drone2,Drone1:2852;Drone2:2821;Drone3:2864,601.3296,scanning,local,
Drone3_e2868,Drone3,Drone1:2809;Drone2:2784;Drone3:2868,599.0937,relative_computed,local,
Drone3_e2869,Drone3,Drone1:2809;Drone2:2784;Drone3:2869,599.2660,relative_computed,local,
Drone2_e2822,Drone2,Drone1:2852;Drone2:2822;Drone3:2864,601.4472,target_found,send,Drone1
Drone1_e2869,Drone1,Drone1:2869;Drone2:2812;Drone3:2856,600.3604,relative_computed,local,
Drone2_e2823,Drone2,Drone1:2852;Drone2:2823;Drone3:2864,601.6855,target_found,local,
Drone3_e2870,Drone3,Drone1:2809;Drone2:2784;Drone3:2870,599.3634,relative_computed,send,Drone2
Drone3_e2871,Drone3,Drone1:2809;Drone2:2784;Drone3:2871,599.6277,relative_computed,local,
Drone1_e2870,Drone1,Drone1:2870;Drone2:2812;Drone3:2856,600.4878,relative_computed,local,
Drone3_e2872,Drone3,Drone1:2809;Drone2:2784;Drone3:2872,599.8905,formation_hold,send,Drone2
Drone1_e2871,Drone1,Drone1:2871;Drone2:2812;Drone3:2861,600.6482,relative_computed,receive,Drone3
Drone1_e2872,Drone1,Drone1:2872;Drone2:2812;Drone3:2861,600.7652,formation_hold,local,
Drone1_e2873,Drone1,Drone1:2873;Drone2:2822;Drone3:2864,601.6632,formation_hold,receive,Drone2
Drone2_e2824,Drone2,Drone1:2852;Drone2:2824;Drone3:2864,601.7926,target_found,local,
Drone2_e2825,Drone2,Drone1:2852;Drone2:2825;Drone3:2864,601.9518,target_found,local,
Drone2_e2826,Drone2,Drone1:2852;Drone2:2826;Drone3:2864,602.0401,target_found,local,
Drone1_e2874,Drone1,Drone1:2874;Drone2:2822;Drone3:2864,601.9568,formation_hold,local,
Drone2_e2827,Drone2,Drone1:2852;Drone2:2827;Drone3:2870,602.1495,target_found,receive,Drone3
Drone3_e2873,Drone3,Drone1:2809;Drone2:2784;Drone3:2873,600.0883,formation_hold,local,
Drone2_e2828,Drone2,Drone1:2852;Drone2:2828;Drone3:2870,602.3994,target_found,local,
Drone1_e2875,Drone1,Drone1:2875;Drone2:2822;Drone3:2864,602.2228,formation_hold,local,
Drone3_e2874,Drone3,Drone1:2809;Drone2:2784;Drone3:2874,600.3731,formation_hold,local,
Drone1_e2876,Drone1,Drone1:2876;Drone2:2822;Drone3:2864,602.4408,formation_hold,send,Drone2
Drone1_e2877,Drone1,Drone1:2877;Drone2:2822;Drone3:2864,602.5324,formation_hold,local,
Drone2_e2829,Drone2,Drone1:2852;Drone2:2829;Drone3:2870,602.4910,target_found,local,
Drone1_e2878,Drone1,Drone1:2878;Drone2:2822;Drone3:2864,602.6031,formation_hold,local,
Drone1_e2879,Drone1,Drone1:2879;Drone2:2822;Drone3:2864,602.8505,formation_hold,local,
Drone3_e2875,Drone3,Drone1:2809;Drone2:2784;Drone3:2875,600.6677,formation_hold,local,
Drone2_e2830,Drone2,Drone1:2852;Drone2:2830;Drone3:2870,602.7573,target_found,local,
Drone2_e2831,Drone2,Drone1:2852;Drone2:2831;Drone3:2870,602.9970,target_found,local,
Drone2_e2832,Drone2,Drone1:2852;Drone2:2832;Drone3:2870,603.2043,position_measured,local,
Drone2_e2833,Drone2,Drone1:2876;Drone2:2833;Drone3:2870,603.4293,position_measured,receive,Drone1
Drone1_e2880,Drone1,Drone1:2880;Drone2:2822;Drone3:2864,603.1052,formation_hold,local,
Drone2_e2834,Drone2,Drone1:2876;Drone2:2834;Drone3:2872,603.5067,position_measured,receive,Drone3
Drone1_e2881,Drone1,Drone1:2881;Drone2:2822;Drone3:2864,603.3271,formation_hold,local,
Drone3_e2876,Drone3,Drone1:2809;Drone2:2784;Drone3:2876,600.9439,formation_hold,local,
Drone2_e2835,Drone2,Drone1:2876;Drone2:2835;Drone3:2872,603.7870,position_measured,send,Drone3
Drone1_e2882,Drone1,Drone1:2882;Drone2:2822;Drone3:2864,603.3817,idle,local,
Drone2_e2836,Drone2,Drone1:2876;Drone2:2836;Drone3:2872,603.9752,position_measured,send,Drone1
Drone3_e2877,Drone3,Drone1:2809;Drone2:2784;Drone3:2877,601.0190,formation_hold,local,
Drone3_e2878,Drone3,Drone1:2876;Drone2:2835;Drone3:2878,603.9653,formation_hold,receive,Drone2
Drone1_e2883,Drone1,Drone1:2883;Drone2:2822;Drone3:2864,603.6561,idle,local,
Drone2_e2837,Drone2,Drone1:2876;Drone2:2837;Drone3:2872,604.0902,position_measured,local,
Drone3_e2879,Drone3,Drone1:2876;Drone2:2835;Drone3:2879,604.2518,formation_hold,send,Drone1
Drone2_e2838,Drone2,Drone1:2876;Drone2:2838;Drone3:2872,604.2012,position_measured,local,
Drone1_e2884,Drone1,Drone1:2884;Drone2:2836;Drone3:2872,604.2500,idle,receive,Drone2
Drone1_e2885,Drone1,Drone1:2885;Drone2:2836;Drone3:2879,604.4372,idle,receive,Drone3
Drone2_e2839,Drone2,Drone1:2876;Drone2:2839;Drone3:2872,604.3782,position_measured,send,Drone1
Drone2_e2840,Drone2,Drone1:2876;Drone2:2840;Drone3:2872,604.5454,position_measured,local,
Drone2_e2841,Drone2,Drone1:2876;Drone2:2841;Drone3:2872,604.8432,position_measured,send,Drone1
Drone3_e2880,Drone3,Drone1:2876;Drone2:2835;Drone3:2880,604.4107,formation_hold,local,
Drone3_e2881,Drone3,Drone1:2876;Drone2:2835;Drone3:2881,604.5550,formation_hold,send,Drone2
Drone3_e2882,Drone3,Drone1:2876;Drone2:2835;Drone3:2882,604.6056,idle,local,
Drone2_e2842,Drone2,Drone1:2876;Drone2:2842;Drone3:2872,605.0655,position_sent,local,
Drone1_e2886,Drone1,Drone1:2886;Drone2:2836;Drone3:2879,604.5336,idle,local,
Drone1_e2887,Drone1,Drone1:2887;Drone2:2836;Drone3:2879,604.5941,idle,local,
Drone3_e2883,Drone3,Drone1:2876;Drone2:2835;Drone3:2883,604.7847,idle,local,
Drone3_e2884,Drone3,Drone1:2876;Drone2:2835;Drone3:2884,604.8604,idle,send,Drone2
Drone2_e2843,Drone2,Drone1:2876;Drone2:2843;Drone3:2872,605.1711,position_sent,local,
Drone1_e2888,Drone1,Drone1:2888;Drone2:2836;Drone3:2879,604.8119,idle,local,
Drone2_e2844,Drone2,Drone1:2876;Drone2:2844;Drone3:2872,605.3847,position_sent,local,
Drone2_e2845,Drone2,Drone1:2876;Drone2:2845;Drone3:2881,605.5515,position_sent,receive,Drone3
Drone1_e2889,Drone1,Drone1:2889;Drone2:2836;Drone3:2879,604.8827,idle,local,
Drone1_e2890,Drone1,Drone1:2890;Drone2:2839;Drone3:2879,605.0850,idle,receive,Drone2
Drone1_e2891,Drone1,Drone1:2891;Drone2:2841;Drone3:2879,605.3340,idle,receive,Drone2
Drone3_e2885,Drone3,Drone1:2876;Drone2:2835;Drone3:2885,605.0717,idle,send,Drone2
Drone1_e2892,Drone1,Drone1:2892;Drone2:2841;Drone3:2879,605.5876,scanning,send,Drone3
Drone1_e2893,Drone1,Drone1:2893;Drone2:2841;Drone3:2879,605.7867,scanning,local,
Drone3_e2886,Drone3,Drone1:2892;Drone2:2841;Drone3:2886,605.8220,idle,receive,Drone1
Drone2_e2846,Drone2,Drone1:2876;Drone2:2846;Drone3:2881,605.6265,position_sent,local,
Drone2_e2847,Drone2,Drone1:2876;Drone2:2847;Drone3:2881,605.7120,position_sent,local,
Drone2_e2848,Drone2,Drone1:2876;Drone2:2848;Drone3:2881,605.7647,position_sent,local,
Drone2_e2849,Drone2,Drone1:2876;Drone2:2849;Drone3:2884,606.0453,position_sent,receive,Drone3
Drone1_e2894,Drone1,Drone1:2894;Drone2:2841;Drone3:2879,605.9961,scanning,local,
Drone2_e2850,Drone2,Drone1:2876;Drone2:2850;Drone3:2884,606.2905,position_sent,local,
Drone2_e2851,Drone2,Drone1:2876;Drone2:2851;Drone3:2884,606.4409,position_sent,local,
Drone1_e2895,Drone1,Drone1:2895;Drone2:2841;Drone3:2879,606.1519,scanning,send,Drone2
Drone3_e2887,Drone3,Drone1:2892;Drone2:2841;Drone3:2887,605.8782,idle,local,
Drone3_e2888,Drone3,Drone1:2892;Drone2:2841;Drone3:2888,606.0200,idle,local,
Drone2_e2852,Drone2,Drone1:2876;Drone2:2852;Drone3:2884,606.5263,processing,local,
Drone3_e2889,Drone3,Drone1:2892;Drone2:2841;Drone3:2889,606.2063,idle,send,Drone2
Drone3_e2890,Drone3,Drone1:2892;Drone2:2841;Drone3:2890,606.3043,idle,local,
Drone3_e2891,Drone3,Drone1:2892;Drone2:2841;Drone3:2891,606.3554,idle,local,
Drone2_e2853,Drone2,Drone1:2876;Drone2:2853;Drone3:2884,606.7976,processing,local,
Drone2_e2854,Drone2,Drone1:2876;Drone2:2854;Drone3:2884,606.9676,processing,local,
Drone2_e2855,Drone2,Drone1:2876;Drone2:2855;Drone3:2884,607.1120,processing,local,
Drone1_e2896,Drone1,Drone1:2896;Drone2:2841;Drone3:2879,606.3784,scanning,local,
Drone1_e2897,Drone1,Drone1:2897;Drone2:2841;Drone3:2879,606.6120,scanning,send,Drone2
Drone2_e2856,Drone2,Drone1:2876;Drone2:2856;Drone3:2885,607.1996,processing,receive,Drone3
Drone3_e2892,Drone3,Drone1:2892;Drone2:2841;Drone3:2892,606.5482,scanning,send,Drone1
Drone2_e2857,Drone2,Drone1:2876;Drone2:2857;Drone3:2885,607.4083,processing,local,
Drone3_e2893,Drone3,Drone1:2892;Drone2:2841;Drone3:2893,606.7427,scanning,local,
Drone1_e2898,Drone1,Drone1:2898;Drone2:2841;Drone3:2892,606.6870,scanning,receive,Drone3
Drone2_e2858,Drone2,Drone1:2895;Drone2:2858;Drone3:2885,607.6331,processing,receive,Drone1
Drone1_e2899,Drone1,Drone1:2899;Drone2:2841;Drone3:2892,606.8621,scanning,send,Drone3
Drone1_e2900,Drone1,Drone1:2900;Drone2:2841;Drone3:2892,606.9880,scanning,local,
Drone1_e2901,Drone1,Drone1:2901;Drone2:2841;Drone3:2892,607.0392,scanning,send,Drone3
Drone1_e2902,Drone1,Drone1:2902;Drone2:2841;Drone3:2892,607.1525,target_found,local,
Drone1_e2903,Drone1,Drone1:2903;Drone2:2841;Drone3:2892,607.3603,target_found,local,
Drone3_e2894,Drone3,Drone1:2899;Drone2:2841;Drone3:2894,607.0242,scanning,receive,Drone1
Drone3_e2895,Drone3,Drone1:2901;Drone2:2841;Drone3:2895,607.2802,scanning,receive,Drone1
Drone2_e2859,Drone2,Drone1:2895;Drone2:2859;Drone3:2885,607.8995,processing,local,
Drone2_e2860,Drone2,Drone1:2895;Drone2:2860;Drone3:2885,607.9519,processing,local,
Drone2_e2861,Drone2,Drone1:2897;Drone2:2861;Drone3:2885,608.2373,processing,receive,Drone1
Drone3_e2896,Drone3,Drone1:2901;Drone2:2841;Drone3:2896,607.5630,scanning,local,
Drone3_e2897,Drone3,Drone1:2901;Drone2:2841;Drone3:2897,607.7717,scanning,local,
Drone1_e2904,Drone1,Drone1:2904;Drone2:2841;Drone3:2892,607.5701,target_found,local,
Drone2_e2862,Drone2,Drone1:2897;Drone2:2862;Drone3:2885,608.2985,relative_computed,local,
Drone1_e2905,Drone1,Drone1:2905;Drone2:2841;Drone3:2892,607.8072,target_found,send,Drone3
Drone3_e2898,Drone3,Drone1:2901;Drone2:2841;Drone3:2898,607.9051,scanning,local,
Drone2_e2863,Drone2,Drone1:2897;Drone2:2863;Drone3:2885,608.4145,relative_computed,local,
Drone2_e2864,Drone2,Drone1:2897;Drone2:2864;Drone3:2889,608.5400,relative_computed,receive,Drone3
Drone2_e2865,Drone2,Drone1:2897;Drone2:2865;Drone3:2889,608.8047,relative_computed,local,
Drone3_e2899,Drone3,Drone1:2905;Drone2:2841;Drone3:2899,608.1364,scanning,receive,Drone1
Drone1_e2906,Drone1,Drone1:2906;Drone2:2841;Drone3:2892,607.9925,target_found,local,
Drone2_e2866,Drone2,Drone1:2897;Drone2:2866;Drone3:2889,609.0688,relative_computed,local,
Drone2_e2867,Drone2,Drone1:2897;Drone2:2867;Drone3:2889,609.2326,relative_computed,send,Drone1
Drone3_e2900,Drone3,Drone1:2905;Drone2:2841;Drone3:2900,608.2764,scanning,local,
Drone3_e2901,Drone3,Drone1:2905;Drone2:2841;Drone3:2901,608.4011,scanning,local,
Drone2_e2868,Drone2,Drone1:2897;Drone2:2868;Drone3:2889,609.3119,relative_computed,local,
Drone1_e2907,Drone1,Drone1:2907;Drone2:2867;Drone3:2892,609.3806,target_found,receive,Drone2
Drone2_e2869,Drone2,Drone1:2897;Drone2:2869;Drone3:2889,609.5303,relative_computed,local,
Drone2_e2870,Drone2,Drone1:2897;Drone2:2870;Drone3:2889,609.6957,relative_computed,local,
Drone3_e2902,Drone3,Drone1:2905;Drone2:2841;Drone3:2902,608.5651,target_found,local,
Drone1_e2908,Drone1,Drone1:2908;Drone2:2867;Drone3:2892,609.5748,target_found,local,
Drone2_e2871,Drone2,Drone1:2897;Drone2:2871;Drone3:2889,609.8128,relative_computed,local,
Drone3_e2903,Drone3,Drone1:2905;Drone2:2841;Drone3:2903,608.7601,target_found,send,Drone1
Drone3_e2904,Drone3,Drone1:2905;Drone2:2841;Drone3:2904,609.0492,target_found,local,
Drone2_e2872,Drone2,Drone1:2897;Drone2:2872;Drone3:2889,609.9500,formation_hold,local,
Drone2_e2873,Drone2,Drone1:2897;Drone2:2873;Drone3:2889,610.0947,formation_hold,send,Drone3
Drone3_e2905,Drone3,Drone1:2905;Drone2:2841;Drone3:2905,609.1447,target_found,local,
Drone3_e2906,Drone3,Drone1:2905;Drone2:2841;Drone3:2906,609.2967,target_found,local,
Drone1_e2909,Drone1,Drone1:2909;Drone2:2867;Drone3:2892,609.8577,target_found,local,
Drone3_e2907,Drone3,Drone1:2905;Drone2:2841;Drone3:2907,609.5029,target_found,local,
Drone2_e2874,Drone2,Drone1:2897;Drone2:2874;Drone3:2889,610.3673,formation_hold,local,
Drone2_e2875,Drone2,Drone1:2897;Drone2:2875;Drone3:2889,610.5344,formation_hold,local,
Drone3_e2908,Drone3,Drone1:2905;Drone2:2873;Drone3:2908,610.1808,target_found,receive,Drone2
Drone1_e2910,Drone1,Drone1:2910;Drone2:2867;Drone3:2892,610.0550,target_found,local,
Drone3_e2909,Drone3,Drone1:2905;Drone2:2873;Drone3:2909,610.4615,target_found,local,
Drone1_e2911,Drone1,Drone1:2911;Drone2:2867;Drone3:2892,610.1263,target_found,local,
Drone2_e2876,Drone2,Drone1:2897;Drone2:2876;Drone3:2889,610.8315,formation_hold,local,
Drone1_e2912,Drone1,Drone1:2912;Drone2:2867;Drone3:2903,610.2194,position_measured,receive,Drone3
Drone3_e2910,Drone3,Drone1:2905;Drone2:2873;Drone3:2910,610.6132,target_found,local,
Drone3_e2911,Drone3,Drone1:2905;Drone2:2873;Drone3:2911,610.7351,target_found,local,
Drone1_e2913,Drone1,Drone1:2913;Drone2:2867;Drone3:2903,610.2824,position_measured,send,Drone2
Drone1_e2914,Drone1,Drone1:2914;Drone2:2867;Drone3:2903,610.3955,position_measured,send,Drone2
Drone2_e2877,Drone2,Drone1:2913;Drone2:2877;Drone3:2903,611.0851,formation_hold,receive,Drone1
Drone1_e2915,Drone1,Drone1:2915;Drone2:2867;Drone3:2903,610.6834,position_measured,local,
Drone2_e2878,Drone2,Drone1:2913;Drone2:2878;Drone3:2903,611.3787,formation_hold,local,
Drone3_e2912,Drone3,Drone1:2905;Drone2:2873;Drone3:2912,610.8848,position_measured,send,Drone1
Drone2_e2879,Drone2,Drone1:2913;Drone2:2879;Drone3:2903,611.4764,formation_hold,local,
Drone2_e2880,Drone2,Drone1:2913;Drone2:2880;Drone3:2903,611.6243,formation_hold,local,
Drone1_e2916,Drone1,Drone1:2916;Drone2:2867;Drone3:2903,610.7560,position_measured,local,
Drone3_e2913,Drone3,Drone1:2905;Drone2:2873;Drone3:2913,611.0554,position_measured,local,
Drone1_e2917,Drone1,Drone1:2917;Drone2:2873;Drone3:2912,611.1502,position_measured,receive,Drone3
Drone2_e2881,Drone2,Drone1:2914;Drone2:2881;Drone3:2903,611.7461,formation_hold,receive,Drone1
Drone2_e2882,Drone2,Drone1:2914;Drone2:2882;Drone3:2903,611.8813,idle,local,
Drone1_e2918,Drone1,Drone1:2918;Drone2:2873;Drone3:2912,611.2641,position_measured,send,Drone2
Drone2_e2883,Drone2,Drone1:2918;Drone2:2883;Drone3:2912,612.1574,idle,receive,Drone1
Drone3_e2914,Drone3,Drone1:2905;Drone2:2873;Drone3:2914,611.1864,position_measured,local,
Drone2_e2884,Drone2,Drone1:2918;Drone2:2884;Drone3:2912,612.4558,idle,local,
Drone1_e2919,Drone1,Drone1:2919;Drone2:2873;Drone3:2912,611.5143,position_measured,local,
Drone2_e2885,Drone2,Drone1:2918;Drone2:2885;Drone3:2912,612.7485,idle,local,
Drone2_e2886,Drone2,Drone1:2918;Drone2:2886;Drone3:2912,612.9579,idle,local,
Drone2_e2887,Drone2,Drone1:2918;Drone2:2887;Drone3:2912,613.0147,idle,local,
Drone1_e2920,Drone1,Drone1:2920;Drone2:2873;Drone3:2912,611.6065,position_measured,send,Drone2
Drone1_e2921,Drone1,Drone1:2921;Drone2:2873;Drone3:2912,611.8858,position_measured,local,
Drone1_e2922,Drone1,Drone1:2922;Drone2:2873;Drone3:2912,611.9590,position_sent,local,
Drone3_e2915,Drone3,Drone1:2905;Drone2:2873;Drone3:2915,611.3764,position_measured,local,
Drone2_e2888,Drone2,Drone1:2918;Drone2:2888;Drone3:2912,613.3026,idle,local,
Drone3_e2916,Drone3,Drone1:2905;Drone2:2873;Drone3:2916,611.5614,position_measured,local,
Drone2_e2889,Drone2,Drone1:2918;Drone2:2889;Drone3:2912,613.5468,idle,local,
Drone1_e2923,Drone1,Drone1:2923;Drone2:2873;Drone3:2912,612.1389,position_sent,local,
Drone1_e2924,Drone1,Drone1:2924;Drone2:2873;Drone3:2912,612.3638,position_sent,local,
Drone2_e2890,Drone2,Drone1:2918;Drone2:2890;Drone3:2912,613.7982,idle,local,
Drone3_e2917,Drone3,Drone1:2905;Drone2:2873;Drone3:2917,611.7136,position_measured,local,
Drone3_e2918,Drone3,Drone1:2905;Drone2:2873;Drone3:2918,611.8821,position_measured,local,
Drone3_e2919,Drone3,Drone1:2905;Drone2:2873;Drone3:2919,612.0095,position_measured,local,
Drone1_e2925,Drone1,Drone1:2925;Drone2:2873;Drone3:2912,612.4724,position_sent,local,
Drone1_e2926,Drone1,Drone1:2926;Drone2:2873;Drone3:2912,612.6490,position_sent,local,
Drone2_e2891,Drone2,Drone1:2920;Drone2:2891;Drone3:2912,613.8678,idle,receive,Drone1
Drone1_e2927,Drone1,Drone1:2927;Drone2:2873;Drone3:2912,612.7771,position_sent,send,Drone3
Drone3_e2920,Drone3,Drone1:2927;Drone2:2873;Drone3:2920,612.8639,position_measured,receive,Drone1
Drone1_e2928,Drone1,Drone1:2928;Drone2:2873;Drone3:2912,612.9911,position_sent,local,
Drone1_e2929,Drone1,Drone1:2929;Drone2:2873;Drone3:2912,613.1313,position_sent,send,Drone3
Drone2_e2892,Drone2,Drone1:2920;Drone2:2892;Drone3:2912,613.9345,scanning,local,
Drone2_e2893,Drone2,Drone1:2920;Drone2:2893;Drone3:2912,614.1394,scanning,local,
Drone3_e2921,Drone3,Drone1:2927;Drone2:2873;Drone3:2921,612.9309,position_measured,local,
Drone2_e2894,Drone2,Drone1:2920;Drone2:2894;Drone3:2912,614.2223,scanning,local,
Drone2_e2895,Drone2,Drone1:2920;Drone2:2895;Drone3:2912,614.4572,scanning,local,
Drone1_e2930,Drone1,Drone1:2930;Drone2:2873;Drone3:2912,613.2828,position_sent,local,
Drone3_e2922,Drone3,Drone1:2927;Drone2:2873;Drone3:2922,613.0441,position_sent,local,
Drone1_e2931,Drone1,Drone1:2931;Drone2:2873;Drone3:2912,613.3902,position_sent,local,
Drone3_e2923,Drone3,Drone1:2929;Drone2:2873;Drone3:2923,613.3150,position_sent,receive,Drone1
Drone2_e2896,Drone2,Drone1:2920;Drone2:2896;Drone3:2912,614.5576,scanning,send,Drone1
Drone3_e2924,Drone3,Drone1:2929;Drone2:2873;Drone3:2924,613.4919,position_sent,local,
Drone2_e2897,Drone2,Drone1:2920;Drone2:2897;Drone3:2912,614.7798,scanning,send,Drone1
Drone1_e2932,Drone1,Drone1:2932;Drone2:2896;Drone3:2912,614.7142,processing,receive,Drone2
Drone1_e2933,Drone1,Drone1:2933;Drone2:2896;Drone3:2912,614.8481,processing,local,
Drone3_e2925,Drone3,Drone1:2929;Drone2:2873;Drone3:2925,613.6422,position_sent,send,Drone1
Drone1_e2934,Drone1,Drone1:2934;Drone2:2896;Drone3:2925,615.0231,processing,receive,Drone3
Drone1_e2935,Drone1,Drone1:2935;Drone2:2896;Drone3:2925,615.1882,processing,local,
Drone1_e2936,Drone1,Drone1:2936;Drone2:2897;Drone3:2925,615.3796,processing,receive,Drone2
Drone2_e2898,Drone2,Drone1:2920;Drone2:2898;Drone3:2912,615.0416,scanning,local,
Drone2_e2899,Drone2,Drone1:2920;Drone2:2899;Drone3:2912,615.0985,scanning,local,
Drone1_e2937,Drone1,Drone1:2937;Drone2:2897;Drone3:2925,615.5724,processing,local,
Drone1_e2938,Drone1,Drone1:2938;Drone2:2897;Drone3:2925,615.7599,processing,send,Drone2
Drone3_e2926,Drone3,Drone1:2929;Drone2:2873;Drone3:2926,613.7518,position_sent,local,
Drone3_e2927,Drone3,Drone1:2929;Drone2:2873;Drone3:2927,614.0122,position_sent,send,Drone2
Drone2_e2900,Drone2,Drone1:2920;Drone2:2900;Drone3:2912,615.3613,scanning,local,
Drone2_e2901,Drone2,Drone1:2920;Drone2:2901;Drone3:2912,615.5376,scanning,local,
Drone3_e2928,Drone3,Drone1:2929;Drone2:2873;Drone3:2928,614.1482,position_sent,local,
Drone3_e2929,Drone3,Drone1:2929;Drone2:2873;Drone3:2929,614.4268,position_sent,local,
Drone1_e2939,Drone1,Drone1:2939;Drone2:2897;Drone3:2925,616.0104,processing,send,Drone2
Drone3_e2930,Drone3,Drone1:2929;Drone2:2873;Drone3:2930,614.5474,position_sent,local,
Drone1_e2940,Drone1,Drone1:2940;Drone2:2897;Drone3:2925,616.2864,processing,local,
Drone2_e2902,Drone2,Drone1:2938;Drone2:2902;Drone3:2925,615.8855,target_found,receive,Drone1
Drone1_e2941,Drone1,Drone1:2941;Drone2:2897;Drone3:2925,616.5772,processing,local,
Drone1_e2942,Drone1,Drone1:2942;Drone2:2897;Drone3:2925,616.8339,relative_computed,send,Drone3
Drone3_e2931,Drone3,Drone1:2929;Drone2:2873;Drone3:2931,614.6938,position_sent,local,
Drone2_e2903,Drone2,Drone1:2938;Drone2:2903;Drone3:2925,616.0648,target_found,local,
Drone3_e2932,Drone3,Drone1:2942;Drone2:2897;Drone3:2932,616.9283,processing,receive,Drone1
Drone3_e2933,Drone3,Drone1:2942;Drone2:2897;Drone3:2933,617.2225,processing,local,
Drone2_e2904,Drone2,Drone1:2938;Drone2:2904;Drone3:2925,616.1737,target_found,local,
Drone3_e2934,Drone3,Drone1:2942;Drone2:2897;Drone3:2934,617.4699,processing,local,
Drone2_e2905,Drone2,Drone1:2939;Drone2:2905;Drone3:2925,616.2980,target_found,receive,Drone1
Drone3_e2935,Drone3,Drone1:2942;Drone2:2897;Drone3:2935,617.6773,processing,local,
Drone2_e2906,Drone2,Drone1:2939;Drone2:2906;Drone3:2925,616.5037,target_found,local,
Drone2_e2907,Drone2,Drone1:2939;Drone2:2907;Drone3:2925,616.5949,target_found,local,
Drone2_e2908,Drone2,Drone1:2939;Drone2:2908;Drone3:2927,616.7293,target_found,receive,Drone3
Drone2_e2909,Drone2,Drone1:2939;Drone2:2909;Drone3:2927,616.9921,target_found,local,
Drone1_e2943,Drone1,Drone1:2943;Drone2:2897;Drone3:2925,617.1005,relative_computed,local,
Drone3_e2936,Drone3,Drone1:2942;Drone2:2897;Drone3:2936,617.8806,processing,send,Drone1
Drone3_e2937,Drone3,Drone1:2942;Drone2:2897;Drone3:2937,617.9982,processing,send,Drone1
Drone3_e2938,Drone3,Drone1:2942;Drone2:2897;Drone3:2938,618.2084,processing,local,
Drone1_e2944,Drone1,Drone1:2944;Drone2:2897;Drone3:2936,618.1709,relative_computed,receive,Drone3
Drone3_e2939,Drone3,Drone1:2942;Drone2:2897;Drone3:2939,618.4003,processing,send,Drone1
Drone1_e2945,Drone1,Drone1:2945;Drone2:2897;Drone3:2936,618.3256,relative_computed,local,
Drone2_e2910,Drone2,Drone1:2939;Drone2:2910;Drone3:2927,617.1616,target_found,local,
Drone1_e2946,Drone1,Drone1:2946;Drone2:2897;Drone3:2937,618.4770,relative_computed,receive,Drone3
Drone3_e2940,Drone3,Drone1:2942;Drone2:2897;Drone3:2940,618.6237,processing,local,
Drone1_e2947,Drone1,Drone1:2947;Drone2:2897;Drone3:2939,618.6755,relative_computed,receive,Drone3
Drone1_e2948,Drone1,Drone1:2948;Drone2:2897;Drone3:2939,618.7387,relative_computed,send,Drone2
Drone1_e2949,Drone1,Drone1:2949;Drone2:2897;Drone3:2939,618.8558,relative_computed,local,
Drone3_e2941,Drone3,Drone1:2942;Drone2:2897;Drone3:2941,618.9018,processing,local,
Drone3_e2942,Drone3,Drone1:2942;Drone2:2897;Drone3:2942,619.0685,relative_computed,local,
Drone1_e2950,Drone1,Drone1:2950;Drone2:2897;Drone3:2939,618.9342,relative_computed,local,
Drone2_e2911,Drone2,Drone1:2948;Drone2:2911;Drone3:2939,618.8877,target_found,receive,Drone1
Drone1_e2951,Drone1,Drone1:2951;Drone2:2897;Drone3:2939,619.0895,relative_computed,send,Drone3
Drone1_e2952,Drone1,Drone1:2952;Drone2:2897;Drone3:2939,619.2981,formation_hold,local,
Drone3_e2943,Drone3,Drone1:2951;Drone2:2897;Drone3:2943,619.1939,relative_computed,receive,Drone1
Drone2_e2912,Drone2,Drone1:2948;Drone2:2912;Drone3:2939,619.1840,position_measured,local,
Drone2_e2913,Drone2,Drone1:2948;Drone2:2913;Drone3:2939,619.3105,position_measured,local,
Drone1_e2953,Drone1,Drone1:2953;Drone2:2897;Drone3:2939,619.5074,formation_hold,local,
Drone3_e2944,Drone3,Drone1:2951;Drone2:2897;Drone3:2944,619.3980,relative_computed,local,
Drone3_e2945,Drone3,Drone1:2951;Drone2:2897;Drone3:2945,619.6214,relative_computed,local,
Drone2_e2914,Drone2,Drone1:2948;Drone2:2914;Drone3:2939,619.3811,position_measured,local,
Drone2_e2915,Drone2,Drone1:2948;Drone2:2915;Drone3:2939,619.6286,position_measured,send,Drone1
Drone1_e2954,Drone1,Drone1:2954;Drone2:2897;Drone3:2939,619.7856,formation_hold,local,
Drone3_e2946,Drone3,Drone1:2951;Drone2:2897;Drone3:2946,619.8535,relative_computed,local,
Drone1_e2955,Drone1,Drone1:2955;Drone2:2897;Drone3:2939,619.8382,formation_hold,local,
Drone3_e2947,Drone3,Drone1:2951;Drone2:2897;Drone3:2947,620.0472,relative_computed,send,Drone1
Drone3_e2948,Drone3,Drone1:2951;Drone2:2897;Drone3:2948,620.1111,relative_computed,local,
Drone2_e2916,Drone2,Drone1:2948;Drone2:2916;Drone3:2939,619.7802,position_measured,local,
Drone3_e2949,Drone3,Drone1:2951;Drone2:2897;Drone3:2949,620.1975,relative_computed,local,
Drone3_e2950,Drone3,Drone1:2951;Drone2:2897;Drone3:2950,620.4580,relative_computed,local,
Drone3_e2951,Drone3,Drone1:2951;Drone2:2897;Drone3:2951,620.5730,relative_computed,local,
Drone1_e2956,Drone1,Drone1:2956;Drone2:2897;Drone3:2939,619.9593,formation_hold,local,
Drone3_e2952,Drone3,Drone1:2951;Drone2:2897;Drone3:2952,620.7778,formation_hold,send,Drone2
Drone3_e2953,Drone3,Drone1:2951;Drone2:2897;Drone3:2953,621.0115,formation_hold,send,Drone1
Drone2_e2917,Drone2,Drone1:2948;Drone2:2917;Drone3:2939,620.0331,position_measured,local,
Drone2_e2918,Drone2,Drone1:2948;Drone2:2918;Drone3:2939,620.1392,position_measured,local,
Drone1_e2957,Drone1,Drone1:2957;Drone2:2915;Drone3:2939,620.1803,formation_hold,receive,Drone2
Drone2_e2919,Drone2,Drone1:2948;Drone2:2919;Drone3:2939,620.2585,position_measured,local,
Drone1_e2958,Drone1,Drone1:2958;Drone2:2915;Drone3:2939,620.3982,formation_hold,local,
Drone1_e2959,Drone1,Drone1:2959;Drone2:2915;Drone3:2939,620.6204,formation_hold,local,
Drone1_e2960,Drone1,Drone1:2960;Drone2:2915;Drone3:2939,620.8099,formation_hold,local,
Drone1_e2961,Drone1,Drone1:2961;Drone2:2915;Drone3:2947,620.9220,formation_hold,receive,Drone3
Drone3_e2954,Drone3,Drone1:2951;Drone2:2897;Drone3:2954,621.1230,formation_hold,send,Drone1
Drone2_e2920,Drone2,Drone1:2951;Drone2:2920;Drone3:2952,620.8899,position_measured,receive,Drone3
Drone3_e2955,Drone3,Drone1:2951;Drone2:2897;Drone3:2955,621.4195,formation_hold,send,Drone1
Drone2_e2921,Drone2,Drone1:2951;Drone2:2921;Drone3:2952,621.1512,position_measured,local,
Drone1_e2962,Drone1,Drone1:2962;Drone2:2915;Drone3:2953,621.2948,idle,receive,Drone3
Drone1_e2963,Drone1,Drone1:2963;Drone2:2915;Drone3:2953,621.4795,idle,local,
Drone1_e2964,Drone1,Drone1:2964;Drone2:2915;Drone3:2953,621.6441,idle,local,
Drone1_e2965,Drone1,Drone1:2965;Drone2:2915;Drone3:2954,621.7054,idle,receive,Drone3
Drone1_e2966,Drone1,Drone1:2966;Drone2:2915;Drone3:2955,621.8175,idle,receive,Drone3
Drone1_e2967,Drone1,Drone1:2967;Drone2:2915;Drone3:2955,622.0722,idle,local,
Drone2_e2922,Drone2,Drone1:2951;Drone2:2922;Drone3:2952,621.2926,position_sent,local,
Drone2_e2923,Drone2,Drone1:2951;Drone2:2923;Drone3:2952,621.5574,position_sent,local,
Drone1_e2968,Drone1,Drone1:2968;Drone2:2915;Drone3:2955,622.3612,idle,local,
Drone2_e2924,Drone2,Drone1:2951;Drone2:2924;Drone3:2952,621.7820,position_sent,local,
Drone2_e2925,Drone2,Drone1:2951;Drone2:2925;Drone3:2952,622.0685,position_sent,send,Drone3
Drone2_e2926,Drone2,Drone1:2951;Drone2:2926;Drone3:2952,622.1382,position_sent,local,
Drone3_e2956,Drone3,Drone1:2951;Drone2:2925;Drone3:2956,622.3325,formation_hold,receive,Drone2
Drone1_e2969,Drone1,Drone1:2969;Drone2:2915;Drone3:2955,622.5389,idle,local,
Drone1_e2970,Drone1,Drone1:2970;Drone2:2915;Drone3:2955,622.7816,idle,local,
Drone1_e2971,Drone1,Drone1:2971;Drone2:2915;Drone3:2955,623.0427,idle,local,
Drone3_e2957,Drone3,Drone1:2951;Drone2:2925;Drone3:2957,622.4688,formation_hold,local,
Drone1_e2972,Drone1,Drone1:2972;Drone2:2915;Drone3:2955,623.2784,scanning,local,
Drone3_e2958,Drone3,Drone1:2951;Drone2:2925;Drone3:2958,622.6716,formation_hold,local,
Drone2_e2927,Drone2,Drone1:2951;Drone2:2927;Drone3:2952,622.4318,position_sent,local,
Drone3_e2959,Drone3,Drone1:2951;Drone2:2925;Drone3:2959,622.8392,formation_hold,local,
Drone2_e2928,Drone2,Drone1:2951;Drone2:2928;Drone3:2952,622.6963,position_sent,local,
Drone2_e2929,Drone2,Drone1:2951;Drone2:2929;Drone3:2952,622.9837,position_sent,local,
Drone2_e2930,Drone2,Drone1:2951;Drone2:2930;Drone3:2952,623.0913,position_sent,local,
Drone3_e2960,Drone3,Drone1:2951;Drone2:2925;Drone3:2960,622.9221,formation_hold,local,
Drone2_e2931,Drone2,Drone1:2951;Drone2:2931;Drone3:2952,623.1457,position_sent,local,
Drone2_e2932,Drone2,Drone1:2951;Drone2:2932;Drone3:2952,623.2292,processing,send,Drone3
Drone1_e2973,Drone1,Drone1:2973;Drone2:2915;Drone3:2955,623.5466,scanning,local,
Drone3_e2961,Drone3,Drone1:2951;Drone2:2932;Drone3:2961,623.3386,formation_hold,receive,Drone2
Drone1_e2974,Drone1,Drone1:2974;Drone2:2915;Drone3:2955,623.7111,scanning,send,Drone2
Drone1_e2975,Drone1,Drone1:2975;Drone2:2915;Drone3:2955,623.8334,scanning,local,
Drone1_e2976,Drone1,Drone1:2976;Drone2:2915;Drone3:2955,624.0240,scanning,local,
Drone2_e2933,Drone2,Drone1:2951;Drone2:2933;Drone3:2952,623.3689,processing,local,
Drone3_e2962,Drone3,Drone1:2951;Drone2:2932;Drone3:2962,623.4999,idle,local,
Drone1_e2977,Drone1,Drone1:2977;Drone2:2915;Drone3:2955,624.2455,scanning,local,
Drone3_e2963,Drone3,Drone1:2951;Drone2:2932;Drone3:2963,623.5559,idle,local,
Drone3_e2964,Drone3,Drone1:2951;Drone2:2932;Drone3:2964,623.6333,idle,send,Drone1
Drone1_e2978,Drone1,Drone1:2978;Drone2:2915;Drone3:2955,624.4868,scanning,local,
Drone2_e2934,Drone2,Drone1:2951;Drone2:2934;Drone3:2952,623.6312,processing,local,
Drone3_e2965,Drone3,Drone1:2951;Drone2:2932;Drone3:2965,623.8047,idle,send,Drone1
Drone3_e2966,Drone3,Drone1:2951;Drone2:2932;Drone3:2966,623.9940,idle,local,
Drone3_e2967,Drone3,Drone1:2951;Drone2:2932;Drone3:2967,624.0535,idle,local,
Drone2_e2935,Drone2,Drone1:2951;Drone2:2935;Drone3:2952,623.7777,processing,local,
Drone1_e2979,Drone1,Drone1:2979;Drone2:2915;Drone3:2955,624.5652,scanning,local,
Drone3_e2968,Drone3,Drone1:2951;Drone2:2932;Drone3:2968,624.2375,idle,local,
Drone2_e2936,Drone2,Drone1:2974;Drone2:2936;Drone3:2955,624.0609,processing,receive,Drone1
Drone3_e2969,Drone3,Drone1:2951;Drone2:2932;Drone3:2969,624.4444,idle,send,Drone2
Drone3_e2970,Drone3,Drone1:2951;Drone2:2932;Drone3:2970,624.5779,idle,local,
Drone2_e2937,Drone2,Drone1:2974;Drone2:2937;Drone3:2955,624.2449,processing,local,
Drone1_e2980,Drone1,Drone1:2980;Drone2:2932;Drone3:2964,624.7462,scanning,receive,Drone3
Drone1_e2981,Drone1,Drone1:2981;Drone2:2932;Drone3:2964,624.8353,scanning,local,
Drone2_e2938,Drone2,Drone1:2974;Drone2:2938;Drone3:2969,624.6754,processing,receive,Drone3
Drone3_e2971,Drone3,Drone1:2951;Drone2:2932;Drone3:2971,624.7398,idle,send,Drone2
Drone3_e2972,Drone3,Drone1:2951;Drone2:2932;Drone3:2972,624.8777,scanning,send,Drone1
Drone2_e2939,Drone2,Drone1:2974;Drone2:2939;Drone3:2971,624.9715,processing,receive,Drone3
Drone3_e2973,Drone3,Drone1:2951;Drone2:2932;Drone3:2973,625.1675,scanning,local,
Drone1_e2982,Drone1,Drone1:2982;Drone2:2932;Drone3:2965,625.0362,target_found,receive,Drone3
Drone3_e2974,Drone3,Drone1:2951;Drone2:2932;Drone3:2974,625.3635,scanning,local,
Drone3_e2975,Drone3,Drone1:2951;Drone2:2932;Drone3:2975,625.5739,scanning,local,
Drone2_e2940,Drone2,Drone1:2974;Drone2:2940;Drone3:2971,625.1734,processing,local,
Drone1_e2983,Drone1,Drone1:2983;Drone2:2932;Drone3:2965,625.3091,target_found,local,
Drone2_e2941,Drone2,Drone1:2974;Drone2:2941;Drone3:2971,625.2893,processing,local,
Drone1_e2984,Drone1,Drone1:2984;Drone2:2932;Drone3:2965,625.4538,target_found,local,
Drone3_e2976,Drone3,Drone1:2951;Drone2:2932;Drone3:2976,625.7363,scanning,local,
Drone1_e2985,Drone1,Drone1:2985;Drone2:2932;Drone3:2965,625.5882,target_found,local,
Drone2_e2942,Drone2,Drone1:2974;Drone2:2942;Drone3:2971,625.3603,relative_computed,local,
Drone2_e2943,Drone2,Drone1:2974;Drone2:2943;Drone3:2971,625.4217,relative_computed,local,
Drone3_e2977,Drone3,Drone1:2951;Drone2:2932;Drone3:2977,625.8776,scanning,local,
Drone2_e2944,Drone2,Drone1:2974;Drone2:2944;Drone3:2971,625.5339,relative_computed,send,Drone3
Drone1_e2986,Drone1,Drone1:2986;Drone2:2932;Drone3:2965,625.8673,target_found,local,
Drone3_e2978,Drone3,Drone1:2951;Drone2:2932;Drone3:2978,626.0748,scanning,local,
Drone1_e2987,Drone1,Drone1:2987;Drone2:2932;Drone3:2972,625.9509,target_found,receive,Drone3
Drone3_e2979,Drone3,Drone1:2951;Drone2:2932;Drone3:2979,626.2113,scanning,local,
Drone2_e2945,Drone2,Drone1:2974;Drone2:2945;Drone3:2971,625.6374,relative_computed,local,
Drone2_e2946,Drone2,Drone1:2974;Drone2:2946;Drone3:2971,625.8079,relative_computed,local,
Drone1_e2988,Drone1,Drone1:2988;Drone2:2932;Drone3:2972,626.0258,target_found,send,Drone2
Drone2_e2947,Drone2,Drone1:2974;Drone2:2947;Drone3:2971,625.9782,relative_computed,local,
Drone3_e2980,Drone3,Drone1:2951;Drone2:2932;Drone3:2980,626.4712,scanning,local,
Drone1_e2989,Drone1,Drone1:2989;Drone2:2932;Drone3:2972,626.2127,target_found,local,
Drone3_e2981,Drone3,Drone1:2974;Drone2:2944;Drone3:2981,626.5571,scanning,receive,Drone2
Drone3_e2982,Drone3,Drone1:2974;Drone2:2944;Drone3:2982,626.8459,target_found,send,Drone2
Drone2_e2948,Drone2,Drone1:2974;Drone2:2948;Drone3:2982,627.0605,relative_computed,receive,Drone3
Drone2_e2949,Drone2,Drone1:2988;Drone2:2949;Drone3:2982,627.2373,relative_computed,receive,Drone1
Drone3_e2983,Drone3,Drone1:2974;Drone2:2944;Drone3:2983,627.0624,target_found,local,
Drone3_e2984,Drone3,Drone1:2974;Drone2:2944;Drone3:2984,627.3231,target_found,local,
Drone3_e2985,Drone3,Drone1:2974;Drone2:2944;Drone3:2985,627.4735,target_found,local,
Drone2_e2950,Drone2,Drone1:2988;Drone2:2950;Drone3:2982,627.3211,relative_computed,send,Drone3
Drone2_e2951,Drone2,Drone1:2988;Drone2:2951;Drone3:2982,627.3744,relative_computed,send,Drone1
Drone2_e2952,Drone2,Drone1:2988;Drone2:2952;Drone3:2982,627.6175,formation_hold,send,Drone1
Drone1_e2990,Drone1,Drone1:2990;Drone2:2951;Drone3:2982,627.4971,target_found,receive,Drone2
Drone2_e2953,Drone2,Drone1:2988;Drone2:2953;Drone3:2982,627.8221,formation_hold,send,Drone3
Drone1_e2991,Drone1,Drone1:2991;Drone2:2951;Drone3:2982,627.6701,target_found,local,
Drone3_e2986,Drone3,Drone1:2988;Drone2:2950;Drone3:2986,627.7714,target_found,receive,Drone2
Drone3_e2987,Drone3,Drone1:2988;Drone2:2950;Drone3:2987,627.9246,target_found,local,
Drone2_e2954,Drone2,Drone1:2988;Drone2:2954;Drone3:2982,627.9690,formation_hold,local,
Drone3_e2988,Drone3,Drone1:2988;Drone2:2950;Drone3:2988,628.1479,target_found,local,
Drone2_e2955,Drone2,Drone1:2988;Drone2:2955;Drone3:2982,628.0582,formation_hold,send,Drone3
Drone2_e2956,Drone2,Drone1:2988;Drone2:2956;Drone3:2982,628.2661,formation_hold,send,Drone3
Drone1_e2992,Drone1,Drone1:2992;Drone2:2952;Drone3:2982,627.7825,position_measured,receive,Drone2
Drone1_e2993,Drone1,Drone1:2993;Drone2:2952;Drone3:2982,627.8423,position_measured,send,Drone3
Drone2_e2957,Drone2,Drone1:2988;Drone2:2957;Drone3:2982,628.4290,formation_hold,local,
Drone1_e2994,Drone1,Drone1:2994;Drone2:2952;Drone3:2982,628.0571,position_measured,send,Drone2
Drone3_e2989,Drone3,Drone1:2988;Drone2:2950;Drone3:2989,628.2088,target_found,local,
Drone2_e2958,Drone2,Drone1:2994;Drone2:2958;Drone3:2982,628.6721,formation_hold,receive,Drone1
Drone3_e2990,Drone3,Drone1:2988;Drone2:2950;Drone3:2990,628.2617,target_found,local,
Drone1_e2995,Drone1,Drone1:2995;Drone2:2952;Drone3:2982,628.2149,position_measured,local,
Drone3_e2991,Drone3,Drone1:2988;Drone2:2950;Drone3:2991,628.3404,target_found,local,
Drone1_e2996,Drone1,Drone1:2996;Drone2:2952;Drone3:2982,628.3869,position_measured,send,Drone2
Drone3_e2992,Drone3,Drone1:2988;Drone2:2953;Drone3:2992,628.5119,position_measured,receive,Drone2
Drone3_e2993,Drone3,Drone1:2988;Drone2:2955;Drone3:2993,628.7618,position_measured,receive,Drone2
Drone2_e2959,Drone2,Drone1:2996;Drone2:2959;Drone3:2982,628.8405,formation_hold,receive,Drone1
Drone3_e2994,Drone3,Drone1:2988;Drone2:2956;Drone3:2994,628.8875,position_measured,receive,Drone2
Drone1_e2997,Drone1,Drone1:2997;Drone2:2952;Drone3:2982,628.6367,position_measured,send,Drone2
Drone2_e2960,Drone2,Drone1:2996;Drone2:2960;Drone3:2982,628.9278,formation_hold,local,
Drone3_e2995,Drone3,Drone1:2988;Drone2:2956;Drone3:2995,629.0357,position_measured,local,
Drone3_e2996,Drone3,Drone1:2993;Drone2:2956;Drone3:2996,629.1444,position_measured,receive,Drone1
Drone1_e2998,Drone1,Drone1:2998;Drone2:2952;Drone3:2982,628.6971,position_measured,local,
Drone1_e2999,Drone1,Drone1:2999;Drone2:2952;Drone3:2982,628.9649,position_measured,local,
Drone3_e2997,Drone3,Drone1:2993;Drone2:2956;Drone3:2997,629.2895,position_measured,send,Drone1
Drone2_e2961,Drone2,Drone1:2996;Drone2:2961;Drone3:2982,629.1808,formation_hold,local,
Drone2_e2962,Drone2,Drone1:2996;Drone2:2962;Drone3:2982,629.3819,idle,local,
Drone1_e3000,Drone1,Drone1:3000;Drone2:2952;Drone3:2982,629.1171,position_measured,local,
Drone2_e2963,Drone2,Drone1:2997;Drone2:2963;Drone3:2982,629.5455,idle,receive,Drone1
Drone1_e3001,Drone1,Drone1:3001;Drone2:2952;Drone3:2982,629.3091,position_measured,local,
Drone3_e2998,Drone3,Drone1:2993;Drone2:2956;Drone3:2998,629.5431,position_measured,send,Drone1
Drone3_e2999,Drone3,Drone1:2993;Drone2:2956;Drone3:2999,629.8049,position_measured,send,Drone2
Drone2_e2964,Drone2,Drone1:2997;Drone2:2964;Drone3:2982,629.7646,idle,local,
Drone1_e3002,Drone1,Drone1:3002;Drone2:2952;Drone3:2982,629.5407,position_sent,local,
Drone2_e2965,Drone2,Drone1:2997;Drone2:2965;Drone3:2982,629.9819,idle,local,
Drone1_e3003,Drone1,Drone1:3003;Drone2:2956;Drone3:2997,629.6458,position_sent,receive,Drone3
Drone1_e3004,Drone1,Drone1:3004;Drone2:2956;Drone3:2998,629.8847,position_sent,receive,Drone3
Drone3_e3000,Drone3,Drone1:2993;Drone2:2956;Drone3:3000,629.9329,position_measured,send,Drone1
Drone2_e2966,Drone2,Drone1:2997;Drone2:2966;Drone3:2982,630.2062,idle,local,
Drone1_e3005,Drone1,Drone1:3005;Drone2:2956;Drone3:3000,630.0941,position_sent,receive,Drone3
Drone3_e3001,Drone3,Drone1:2993;Drone2:2956;Drone3:3001,630.0603,position_measured,local,
Drone2_e2967,Drone2,Drone1:2997;Drone2:2967;Drone3:2999,630.3597,idle,receive,Drone3
Drone3_e3002,Drone3,Drone1:2993;Drone2:2956;Drone3:3002,630.3084,position_sent,local,
Drone2_e2968,Drone2,Drone1:2997;Drone2:2968;Drone3:2999,630.4837,idle,local,
Drone3_e3003,Drone3,Drone1:2993;Drone2:2956;Drone3:3003,630.4116,position_sent,local,
Drone1_e3006,Drone1,Drone1:3006;Drone2:2956;Drone3:3000,630.3464,position_sent,send,Drone3
Drone2_e2969,Drone2,Drone1:2997;Drone2:2969;Drone3:2999,630.6311,idle,local,
Drone2_e2970,Drone2,Drone1:2997;Drone2:2970;Drone3:2999,630.9177,idle,local,
Drone1_e3007,Drone1,Drone1:3007;Drone2:2956;Drone3:3000,630.5618,position_sent,local,
Drone2_e2971,Drone2,Drone1:2997;Drone2:2971;Drone3:2999,631.1654,idle,local,
Drone2_e2972,Drone2,Drone1:2997;Drone2:2972;Drone3:2999,631.2222,scanning,local,
Drone1_e3008,Drone1,Drone1:3008;Drone2:2956;Drone3:3000,630.8461,position_sent,local,
Drone2_e2973,Drone2,Drone1:2997;Drone2:2973;Drone3:2999,631.2731,scanning,send,Drone3
Drone1_e3009,Drone1,Drone1:3009;Drone2:2956;Drone3:3000,631.0731,position_sent,send,Drone2
Drone2_e2974,Drone2,Drone1:2997;Drone2:2974;Drone3:2999,631.5728,scanning,local,
Drone2_e2975,Drone2,Drone1:3009;Drone2:2975;Drone3:3000,631.8637,scanning,receive,Drone1
Drone1_e3010,Drone1,Drone1:3010;Drone2:2956;Drone3:3000,631.1274,position_sent,send,Drone3
Drone1_e3011,Drone1,Drone1:3011;Drone2:2956;Drone3:3000,631.3796,position_sent,local,
Drone2_e2976,Drone2,Drone1:3009;Drone2:2976;Drone3:3000,632.0894,scanning,send,Drone1
Drone3_e3004,Drone3,Drone1:2997;Drone2:2973;Drone3:3004,631.5545,position_sent,receive,Drone2
Drone2_e2977,Drone2,Drone1:3009;Drone2:2977;Drone3:3000,632.1597,scanning,send,Drone1
Drone3_e3005,Drone3,Drone1:2997;Drone2:2973;Drone3:3005,631.7655,position_sent,local,
Drone2_e2978,Drone2,Drone1:3009;Drone2:2978;Drone3:3000,632.2334,scanning,local,
Drone2_e2979,Drone2,Drone1:3009;Drone2:2979;Drone3:3000,632.3805,scanning,send,Drone1
Drone2_e2980,Drone2,Drone1:3009;Drone2:2980;Drone3:3000,632.5407,scanning,send,Drone3
Drone3_e3006,Drone3,Drone1:2997;Drone2:2973;Drone3:3006,631.9654,position_sent,local,
Drone3_e3007,Drone3,Drone1:3009;Drone2:2980;Drone3:3007,632.7179,position_sent,receive,Drone2
Drone3_e3008,Drone3,Drone1:3009;Drone2:2980;Drone3:3008,632.9924,position_sent,receive,Drone1
Drone1_e3012,Drone1,Drone1:3012;Drone2:2956;Drone3:3000,631.4563,processing,local,
Drone1_e3013,Drone1,Drone1:3013;Drone2:2956;Drone3:3000,631.6203,processing,local,
Drone2_e2981,Drone2,Drone1:3009;Drone2:2981;Drone3:3000,632.7018,scanning,send,Drone1
Drone1_e3014,Drone1,Drone1:3014;Drone2:2956;Drone3:3000,631.7486,processing,local,
Drone2_e2982,Drone2,Drone1:3009;Drone2:2982;Drone3:3000,632.9541,target_found,local,
Drone1_e3015,Drone1,Drone1:3015;Drone2:2956;Drone3:3000,631.8244,processing,local,
Drone1_e3016,Drone1,Drone1:3016;Drone2:2956;Drone3:3000,632.0178,processing,local,
Drone2_e2983,Drone2,Drone1:3009;Drone2:2983;Drone3:3000,633.2522,target_found,local,
Drone2_e2984,Drone2,Drone1:3009;Drone2:2984;Drone3:3000,633.3448,target_found,local,
Drone1_e3017,Drone1,Drone1:3017;Drone2:2976;Drone3:3000,632.1610,processing,receive,Drone2
Drone2_e2985,Drone2,Drone1:3009;Drone2:2985;Drone3:3000,633.5428,target_found,local,
Drone2_e2986,Drone2,Drone1:3009;Drone2:2986;Drone3:3000,633.6511,target_found,send,Drone1
Drone3_e3009,Drone3,Drone1:3009;Drone2:2980;Drone3:3009,633.2083,position_sent,local,
Drone3_e3010,Drone3,Drone1:3009;Drone2:2980;Drone3:3010,633.4337,position_sent,local,
Drone2_e2987,Drone2,Drone1:3009;Drone2:2987;Drone3:3000,633.7415,target_found,local,
Drone3_e3011,Drone3,Drone1:3009;Drone2:2980;Drone3:3011,633.6037,position_sent,local,
Drone3_e3012,Drone3,Drone1:3010;Drone2:2980;Drone3:3012,633.8354,processing,receive,Drone1
Drone2_e2988,Drone2,Drone1:3009;Drone2:2988;Drone3:3000,634.0107,target_found,send,Drone1
Drone1_e3018,Drone1,Drone1:3018;Drone2:2977;Drone3:3000,632.3071,processing,receive,Drone2
Drone2_e2989,Drone2,Drone1:3009;Drone2:2989;Drone3:3000,634.1143,target_found,local,
Drone2_e2990,Drone2,Drone1:3009;Drone2:2990;Drone3:3000,634.4036,target_found,local,
Drone3_e3013,Drone3,Drone1:3010;Drone2:2980;Drone3:3013,634.0933,processing,local,
Drone1_e3019,Drone1,Drone1:3019;Drone2:2979;Drone3:3000,632.4846,processing,receive,Drone2
Drone3_e3014,Drone3,Drone1:3010;Drone2:2980;Drone3:3014,634.3341,processing,local,
Drone3_e3015,Drone3,Drone1:3010;Drone2:2980;Drone3:3015,634.4524,processing,local,
Drone2_e2991,Drone2,Drone1:3009;Drone2:2991;Drone3:3000,634.4916,target_found,local,
Drone1_e3020,Drone1,Drone1:3020;Drone2:2979;Drone3:3000,632.7376,processing,local,
Drone2_e2992,Drone2,Drone1:3009;Drone2:2992;Drone3:3000,634.6357,position_measured,local,
Drone2_e2993,Drone2,Drone1:3009;Drone2:2993;Drone3:3000,634.7466,position_measured,local,
Drone3_e3016,Drone3,Drone1:3010;Drone2:2980;Drone3:3016,634.6671,processing,send,Drone2
Drone2_e2994,Drone2,Drone1:3009;Drone2:2994;Drone3:3000,634.9625,position_measured,local,
Drone2_e2995,Drone2,Drone1:3009;Drone2:2995;Drone3:3000,635.2603,position_measured,local,
Drone1_e3021,Drone1,Drone1:3021;Drone2:2981;Drone3:3000,632.9853,processing,receive,Drone2
Drone2_e2996,Drone2,Drone1:3009;Drone2:2996;Drone3:3000,635.4079,position_measured,local,
Drone1_e3022,Drone1,Drone1:3022;Drone2:2981;Drone3:3000,633.1266,relative_computed,local,
Drone3_e3017,Drone3,Drone1:3010;Drone2:2980;Drone3:3017,634.8365,processing,local,
Drone1_e3023,Drone1,Drone1:3023;Drone2:2981;Drone3:3000,633.2923,relative_computed,local,
Drone1_e3024,Drone1,Drone1:3024;Drone2:2986;Drone3:3000,633.7982,relative_computed,receive,Drone2
Drone2_e2997,Drone2,Drone1:3010;Drone2:2997;Drone3:3016,635.6915,position_measured,receive,Drone3
Drone2_e2998,Drone2,Drone1:3010;Drone2:2998;Drone3:3016,635.8398,position_measured,local,
Drone2_e2999,Drone2,Drone1:3010;Drone2:2999;Drone3:3016,635.8937,position_measured,send,Drone3
Drone2_e3000,Drone2,Drone1:3010;Drone2:3000;Drone3:3016,636.1008,position_measured,local,
Drone2_e3001,Drone2,Drone1:3010;Drone2:3001;Drone3:3016,636.1520,position_measured,local,
Drone1_e3025,Drone1,Drone1:3025;Drone2:2986;Drone3:3000,633.9076,relative_computed,local,
Drone3_e3018,Drone3,Drone1:3010;Drone2:2999;Drone3:3018,636.1248,processing,receive,Drone2
Drone2_e3002,Drone2,Drone1:3010;Drone2:3002;Drone3:3016,636.3889,position_sent,local,
Drone1_e3026,Drone1,Drone1:3026;Drone2:2988;Drone3:3000,634.2117,relative_computed,receive,Drone2
Drone3_e3019,Drone3,Drone1:3010;Drone2:2999;Drone3:3019,636.3300,processing,send,Drone1
Drone1_e3027,Drone1,Drone1:3027;Drone2:2999;Drone3:3019,636.3818,relative_computed,receive,Drone3
Drone3_e3020,Drone3,Drone1:3010;Drone2:2999;Drone3:3020,636.5469,processing,send,Drone1
Drone3_e3021,Drone3,Drone1:3010;Drone2:2999;Drone3:3021,636.7029,processing,send,Drone2
Drone2_e3003,Drone2,Drone1:3010;Drone2:3003;Drone3:3021,636.8010,position_sent,receive,Drone3
Drone2_e3004,Drone2,Drone1:3010;Drone2:3004;Drone3:3021,637.0930,position_sent,local,
Drone3_e3022,Drone3,Drone1:3010;Drone2:2999;Drone3:3022,636.8815,relative_computed,local,
Drone1_e3028,Drone1,Drone1:3028;Drone2:2999;Drone3:3019,636.6457,relative_computed,local,
Drone1_e3029,Drone1,Drone1:3029;Drone2:2999;Drone3:3020,636.8595,relative_computed,receive,Drone3
Drone1_e3030,Drone1,Drone1:3030;Drone2:2999;Drone3:3020,636.9852,relative_computed,local,
Drone2_e3005,Drone2,Drone1:3010;Drone2:3005;Drone3:3021,637.2991,position_sent,local,
Drone3_e3023,Drone3,Drone1:3010;Drone2:2999;Drone3:3023,637.1539,relative_computed,local,
Drone3_e3024,Drone3,Drone1:3010;Drone2:2999;Drone3:3024,637.4170,relative_computed,local,
Drone2_e3006,Drone2,Drone1:3010;Drone2:3006;Drone3:3021,637.3675,position_sent,send,Drone1
Drone2_e3007,Drone2,Drone1:3010;Drone2:3007;Drone3:3021,637.5498,position_sent,local,
Drone2_e3008,Drone2,Drone1:3010;Drone2:3008;Drone3:3021,637.8358,position_sent,local,
Drone2_e3009,Drone2,Drone1:3010;Drone2:3009;Drone3:3021,637.9471,position_sent,local,
Drone2_e3010,Drone2,Drone1:3010;Drone2:3010;Drone3:3021,638.2317,position_sent,local,
Drone2_e3011,Drone2,Drone1:3010;Drone2:3011;Drone3:3021,638.2993,position_sent,local,
Drone1_e3031,Drone1,Drone1:3031;Drone2:3006;Drone3:3021,637.6105,relative_computed,receive,Drone2
Drone3_e3025,Drone3,Drone1:3010;Drone2:2999;Drone3:3025,637.6867,relative_computed,local,
Drone1_e3032,Drone1,Drone1:3032;Drone2:3006;Drone3:3021,637.8482,formation_hold,local,
Drone3_e3026,Drone3,Drone1:3010;Drone2:2999;Drone3:3026,637.8361,relative_computed,local,
Drone2_e3012,Drone2,Drone1:3010;Drone2:3012;Drone3:3021,638.3651,processing,send,Drone3
Drone3_e3027,Drone3,Drone1:3010;Drone2:2999;Drone3:3027,638.0656,relative_computed,local,
Drone1_e3033,Drone1,Drone1:3033;Drone2:3006;Drone3:3021,637.9637,formation_hold,send,Drone3
Drone1_e3034,Drone1,Drone1:3034;Drone2:3006;Drone3:3021,638.1228,formation_hold,local,
Drone1_e3035,Drone1,Drone1:3035;Drone2:3006;Drone3:3021,638.2201,formation_hold,local,
Drone3_e3028,Drone3,Drone1:3010;Drone2:2999;Drone3:3028,638.1321,relative_computed,local,
Drone2_e3013,Drone2,Drone1:3010;Drone2:3013;Drone3:3021,638.4188,processing,local,
Drone1_e3036,Drone1,Drone1:3036;Drone2:3006;Drone3:3021,638.4483,formation_hold,send,Drone2
Drone3_e3029,Drone3,Drone1:3033;Drone2:3006;Drone3:3029,638.4265,relative_computed,receive,Drone1
Drone1_e3037,Drone1,Drone1:3037;Drone2:3006;Drone3:3021,638.6317,formation_hold,local,
Drone3_e3030,Drone3,Drone1:3033;Drone2:3006;Drone3:3030,638.6778,relative_computed,local,
Drone1_e3038,Drone1,Drone1:3038;Drone2:3006;Drone3:3021,638.7970,formation_hold,send,Drone2
Drone2_e3014,Drone2,Drone1:3010;Drone2:3014;Drone3:3021,638.6250,processing,local,
Drone2_e3015,Drone2,Drone1:3010;Drone2:3015;Drone3:3021,638.7163,processing,local,
Drone1_e3039,Drone1,Drone1:3039;Drone2:3006;Drone3:3021,639.0738,formation_hold,local,
Drone2_e3016,Drone2,Drone1:3010;Drone2:3016;Drone3:3021,638.8309,processing,local,
Drone3_e3031,Drone3,Drone1:3033;Drone2:3006;Drone3:3031,638.9178,relative_computed,local,
Drone1_e3040,Drone1,Drone1:3040;Drone2:3006;Drone3:3021,639.3105,formation_hold,local,
Drone2_e3017,Drone2,Drone1:3010;Drone2:3017;Drone3:3021,639.0633,processing,local,
Drone2_e3018,Drone2,Drone1:3010;Drone2:3018;Drone3:3021,639.3313,processing,local,
Drone1_e3041,Drone1,Drone1:3041;Drone2:3006;Drone3:3021,639.4157,formation_hold,send,Drone2
Drone2_e3019,Drone2,Drone1:3036;Drone2:3019;Drone3:3021,639.4614,processing,receive,Drone1
Drone2_e3020,Drone2,Drone1:3036;Drone2:3020;Drone3:3021,639.7216,processing,local,
Drone2_e3021,Drone2,Drone1:3036;Drone2:3021;Drone3:3021,639.9201,processing,local,
Drone3_e3032,Drone3,Drone1:3033;Drone2:3006;Drone3:3032,638.9817,formation_hold,local,
Drone3_e3033,Drone3,Drone1:3033;Drone2:3006;Drone3:3033,639.2064,formation_hold,local,
Drone1_e3042,Drone1,Drone1:3042;Drone2:3006;Drone3:3021,639.5984,idle,local,
Drone3_e3034,Drone3,Drone1:3033;Drone2:3012;Drone3:3034,639.4007,formation_hold,receive,Drone2
Drone3_e3035,Drone3,Drone1:3033;Drone2:3012;Drone3:3035,639.6893,formation_hold,send,Drone2
Drone1_e3043,Drone1,Drone1:3043;Drone2:3006;Drone3:3021,639.6774,idle,local,
Drone1_e3044,Drone1,Drone1:3044;Drone2:3006;Drone3:3021,639.9691,idle,local,
Drone2_e3022,Drone2,Drone1:3036;Drone2:3022;Drone3:3021,640.0242,relative_computed,local,
Drone1_e3045,Drone1,Drone1:3045;Drone2:3006;Drone3:3021,640.0933,idle,local,
Drone3_e3036,Drone3,Drone1:3033;Drone2:3012;Drone3:3036,639.7831,formation_hold,local,
Drone2_e3023,Drone2,Drone1:3038;Drone2:3023;Drone3:3021,640.1913,relative_computed,receive,Drone1
Drone1_e3046,Drone1,Drone1:3046;Drone2:3006;Drone3:3021,640.3859,idle,local,
Drone3_e3037,Drone3,Drone1:3033;Drone2:3012;Drone3:3037,640.0773,formation_hold,send,Drone2
Drone3_e3038,Drone3,Drone1:3033;Drone2:3012;Drone3:3038,640.2139,formation_hold,local,
Drone3_e3039,Drone3,Drone1:3033;Drone2:3012;Drone3:3039,640.4679,formation_hold,local,
Drone2_e3024,Drone2,Drone1:3038;Drone2:3024;Drone3:3021,640.3086,relative_computed,local,
Drone1_e3047,Drone1,Drone1:3047;Drone2:3006;Drone3:3021,640.6047,idle,send,Drone3
Drone2_e3025,Drone2,Drone1:3038;Drone2:3025;Drone3:3021,640.4727,relative_computed,local,
Drone1_e3048,Drone1,Drone1:3048;Drone2:3006;Drone3:3021,640.7611,idle,local,
Drone2_e3026,Drone2,Drone1:3041;Drone2:3026;Drone3:3021,640.7384,relative_computed,receive,Drone1
Drone1_e3049,Drone1,Drone1:3049;Drone2:3006;Drone3:3021,641.0482,idle,send,Drone3
Drone2_e3027,Drone2,Drone1:3041;Drone2:3027;Drone3:3021,640.8285,relative_computed,local,
Drone1_e3050,Drone1,Drone1:3050;Drone2:3006;Drone3:3021,641.2339,idle,send,Drone2
Drone2_e3028,Drone2,Drone1:3041;Drone2:3028;Drone3:3035,640.8865,relative_computed,receive,Drone3
Drone3_e3040,Drone3,Drone1:3033;Drone2:3012;Drone3:3040,640.6624,formation_hold,local,
Drone1_e3051,Drone1,Drone1:3051;Drone2:3006;Drone3:3021,641.5325,idle,local,
Drone3_e3041,Drone3,Drone1:3047;Drone2:3012;Drone3:3041,640.7682,formation_hold,receive,Drone1
Drone1_e3052,Drone1,Drone1:3052;Drone2:3006;Drone3:3021,641.5923,scanning,local,
Drone2_e3029,Drone2,Drone1:3041;Drone2:3029;Drone3:3035,641.0669,relative_computed,local,
Drone1_e3053,Drone1,Drone1:3053;Drone2:3006;Drone3:3021,641.6997,scanning,send,Drone3
Drone2_e3030,Drone2,Drone1:3041;Drone2:3030;Drone3:3035,641.3075,relative_computed,local,
Drone2_e3031,Drone2,Drone1:3041;Drone2:3031;Drone3:3035,641.3949,relative_computed,local,
Drone1_e3054,Drone1,Drone1:3054;Drone2:3006;Drone3:3021,641.7513,scanning,local,
Drone3_e3042,Drone3,Drone1:3047;Drone2:3012;Drone3:3042,640.8238,idle,local,
Drone2_e3032,Drone2,Drone1:3050;Drone2:3032;Drone3:3035,641.5082,formation_hold,receive,Drone1
Drone3_e3043,Drone3,Drone1:3049;Drone2:3012;Drone3:3043,641.2207,idle,receive,Drone1
Drone3_e3044,Drone3,Drone1:3049;Drone2:3012;Drone3:3044,641.4927,idle,local,
Drone3_e3045,Drone3,Drone1:3053;Drone2:3012;Drone3:3045,641.7889,idle,receive,Drone1
Drone3_e3046,Drone3,Drone1:3053;Drone2:3012;Drone3:3046,641.9273,idle,local,
Drone1_e3055,Drone1,Drone1:3055;Drone2:3006;Drone3:3021,641.8062,scanning,local,
Drone2_e3033,Drone2,Drone1:3050;Drone2:3033;Drone3:3035,641.5663,formation_hold,local,
Drone1_e3056,Drone1,Drone1:3056;Drone2:3006;Drone3:3021,642.0284,scanning,local,
Drone2_e3034,Drone2,Drone1:3050;Drone2:3034;Drone3:3035,641.6485,formation_hold,local,
Drone1_e3057,Drone1,Drone1:3057;Drone2:3006;Drone3:3021,642.0816,scanning,send,Drone2
Drone2_e3035,Drone2,Drone1:3057;Drone2:3035;Drone3:3035,642.1652,formation_hold,receive,Drone1
Drone1_e3058,Drone1,Drone1:3058;Drone2:3006;Drone3:3021,642.1700,scanning,local,
Drone3_e3047,Drone3,Drone1:3053;Drone2:3012;Drone3:3047,641.9780,idle,local,
Drone1_e3059,Drone1,Drone1:3059;Drone2:3006;Drone3:3021,642.3907,scanning,local,
Drone3_e3048,Drone3,Drone1:3053;Drone2:3012;Drone3:3048,642.1107,idle,send,Drone2
Drone1_e3060,Drone1,Drone1:3060;Drone2:3006;Drone3:3021,642.6858,scanning,local,
Drone3_e3049,Drone3,Drone1:3053;Drone2:3012;Drone3:3049,642.3769,idle,send,Drone1
Drone1_e3061,Drone1,Drone1:3061;Drone2:3006;Drone3:3021,642.9132,scanning,local,
Drone1_e3062,Drone1,Drone1:3062;Drone2:3012;Drone3:3049,643.1162,target_found,receive,Drone3
Drone3_e3050,Drone3,Drone1:3053;Drone2:3012;Drone3:3050,642.5959,idle,local,
Drone1_e3063,Drone1,Drone1:3063;Drone2:3012;Drone3:3049,643.2298,target_found,send,Drone2
Drone2_e3036,Drone2,Drone1:3057;Drone2:3036;Drone3:3035,642.2313,formation_hold,local,
Drone1_e3064,Drone1,Drone1:3064;Drone2:3012;Drone3:3049,643.3888,target_found,local,
Drone2_e3037,Drone2,Drone1:3057;Drone2:3037;Drone3:3035,642.2824,formation_hold,local,
Drone3_e3051,Drone3,Drone1:3053;Drone2:3012;Drone3:3051,642.7184,idle,local,
Drone3_e3052,Drone3,Drone1:3053;Drone2:3012;Drone3:3052,642.7753,scanning,local,
Drone2_e3038,Drone2,Drone1:3057;Drone2:3038;Drone3:3035,642.3561,formation_hold,local,
Drone2_e3039,Drone2,Drone1:3063;Drone2:3039;Drone3:3049,643.4873,formation_hold,receive,Drone1
Drone1_e3065,Drone1,Drone1:3065;Drone2:3012;Drone3:3049,643.5854,target_found,local,
Drone2_e3040,Drone2,Drone1:3063;Drone2:3040;Drone3:3049,643.5388,formation_hold,receive,Drone3
Drone1_e3066,Drone1,Drone1:3066;Drone2:3012;Drone3:3049,643.8764,target_found,local,
Drone2_e3041,Drone2,Drone1:3063;Drone2:3041;Drone3:3049,643.8334,formation_hold,local,
Drone2_e3042,Drone2,Drone1:3063;Drone2:3042;Drone3:3049,643.9139,idle,receive,Drone3
Drone1_e3067,Drone1,Drone1:3067;Drone2:3012;Drone3:3049,644.0196,target_found,local,
Drone3_e3053,Drone3,Drone1:3053;Drone2:3012;Drone3:3053,642.8586,scanning,send,Drone1
Drone3_e3054,Drone3,Drone1:3053;Drone2:3012;Drone3:3054,642.9897,scanning,local,
Drone3_e3055,Drone3,Drone1:3053;Drone2:3012;Drone3:3055,643.2016,scanning,send,Drone2
Drone3_e3056,Drone3,Drone1:3053;Drone2:3012;Drone3:3056,643.3391,scanning,local,
Drone2_e3043,Drone2,Drone1:3063;Drone2:3043;Drone3:3049,644.2026,idle,local,
Drone3_e3057,Drone3,Drone1:3053;Drone2:3012;Drone3:3057,643.6379,scanning,local,
Drone1_e3068,Drone1,Drone1:3068;Drone2:3012;Drone3:3049,644.2561,target_found,local,
Drone3_e3058,Drone3,Drone1:3053;Drone2:3012;Drone3:3058,643.6995,scanning,send,Drone2
Drone1_e3069,Drone1,Drone1:3069;Drone2:3012;Drone3:3053,644.5002,target_found,receive,Drone3
Drone2_e3044,Drone2,Drone1:3063;Drone2:3044;Drone3:3055,644.4613,idle,receive,Drone3
Drone2_e3045,Drone2,Drone1:3063;Drone2:3045;Drone3:3055,644.6471,idle,local,
Drone3_e3059,Drone3,Drone1:3053;Drone2:3012;Drone3:3059,643.8048,scanning,send,Drone1
Drone2_e3046,Drone2,Drone1:3063;Drone2:3046;Drone3:3058,644.9395,idle,receive,Drone3
Drone1_e3070,Drone1,Drone1:3070;Drone2:3012;Drone3:3059,644.7508,target_found,receive,Drone3
Drone3_e3060,Drone3,Drone1:3053;Drone2:3012;Drone3:3060,643.9817,scanning,local,
Drone3_e3061,Drone3,Drone1:3053;Drone2:3012;Drone3:3061,644.1494,scanning,local,
Drone3_e3062,Drone3,Drone1:3053;Drone2:3012;Drone3:3062,644.3992,target_found,local,
Drone2_e3047,Drone2,Drone1:3063;Drone2:3047;Drone3:3058,645.0223,idle,local,
Drone3_e3063,Drone3,Drone1:3053;Drone2:3012;Drone3:3063,644.5043,target_found,local,
Drone3_e3064,Drone3,Drone1:3053;Drone2:3012;Drone3:3064,644.7273,target_found,local,
Drone2_e3048,Drone2,Drone1:3063;Drone2:3048;Drone3:3058,645.1634,idle,local,
Drone1_e3071,Drone1,Drone1:3071;Drone2:3012;Drone3:3059,644.9416,target_found,send,Drone3
Drone2_e3049,Drone2,Drone1:3063;Drone2:3049;Drone3:3058,645.3374,idle,local,
Drone3_e3065,Drone3,Drone1:3053;Drone2:3012;Drone3:3065,644.7994,target_found,local,
Drone3_e3066,Drone3,Drone1:3071;Drone2:3012;Drone3:3066,645.2390,target_found,receive,Drone1
Drone3_e3067,Drone3,Drone1:3071;Drone2:3012;Drone3:3067,645.4786,target_found,send,Drone2
Drone2_e3050,Drone2,Drone1:3063;Drone2:3050;Drone3:3058,645.4231,idle,local,
Drone2_e3051,Drone2,Drone1:3071;Drone2:3051;Drone3:3067,645.5506,idle,receive,Drone3
Drone2_e3052,Drone2,Drone1:3071;Drone2:3052;Drone3:3067,645.8426,scanning,send,Drone3
Drone3_e3068,Drone3,Drone1:3071;Drone2:3012;Drone3:3068,645.7658,target_found,local,
Drone1_e3072,Drone1,Drone1:3072;Drone2:3012;Drone3:3059,645.1565,position_measured,local,
Drone1_e3073,Drone1,Drone1:3073;Drone2:3012;Drone3:3059,645.2568,position_measured,send,Drone2
Drone3_e3069,Drone3,Drone1:3071;Drone2:3012;Drone3:3069,646.0100,target_found,local,
Drone1_e3074,Drone1,Drone1:3074;Drone2:3012;Drone3:3059,645.3749,position_measured,send,Drone2
Drone2_e3053,Drone2,Drone1:3071;Drone2:3053;Drone3:3067,645.9102,scanning,local,
Drone3_e3070,Drone3,Drone1:3071;Drone2:3012;Drone3:3070,646.2045,target_found,local,
Drone3_e3071,Drone3,Drone1:3071;Drone2:3012;Drone3:3071,646.4348,target_found,local,
Drone1_e3075,Drone1,Drone1:3075;Drone2:3012;Drone3:3059,645.6551,position_measured,local,
Drone2_e3054,Drone2,Drone1:3073;Drone2:3054;Drone3:3067,646.1453,scanning,receive,Drone1
Drone3_e3072,Drone3,Drone1:3071;Drone2:3052;Drone3:3072,646.6292,position_measured,receive,Drone2
Drone3_e3073,Drone3,Drone1:3071;Drone2:3052;Drone3:3073,646.8375,position_measured,send,Drone1
Drone2_e3055,Drone2,Drone1:3073;Drone2:3055;Drone3:3067,646.4290,scanning,local,
Drone1_e3076,Drone1,Drone1:3076;Drone2:3052;Drone3:3073,647.0746,position_measured,receive,Drone3
Drone3_e3074,Drone3,Drone1:3071;Drone2:3052;Drone3:3074,647.1081,position_measured,local,
Drone1_e3077,Drone1,Drone1:3077;Drone2:3052;Drone3:3073,647.3080,position_measured,local,
Drone3_e3075,Drone3,Drone1:3071;Drone2:3052;Drone3:3075,647.2862,position_measured,local,
Drone3_e3076,Drone3,Drone1:3071;Drone2:3052;Drone3:3076,647.4727,position_measured,local,
Drone2_e3056,Drone2,Drone1:3073;Drone2:3056;Drone3:3067,646.7213,scanning,local,
Drone2_e3057,Drone2,Drone1:3074;Drone2:3057;Drone3:3067,646.7841,scanning,receive,Drone1
Drone3_e3077,Drone3,Drone1:3071;Drone2:3052;Drone3:3077,647.6403,position_measured,send,Drone1
Drone2_e3058,Drone2,Drone1:3074;Drone2:3058;Drone3:3067,646.9880,scanning,local,
Drone3_e3078,Drone3,Drone1:3071;Drone2:3052;Drone3:3078,647.9259,position_measured,local,
Drone3_e3079,Drone3,Drone1:3071;Drone2:3052;Drone3:3079,648.1714,position_measured,local,
Drone2_e3059,Drone2,Drone1:3074;Drone2:3059;Drone3:3067,647.2632,scanning,local,
Drone3_e3080,Drone3,Drone1:3071;Drone2:3052;Drone3:3080,648.2906,position_measured,send,Drone2
Drone1_e3078,Drone1,Drone1:3078;Drone2:3052;Drone3:3073,647.5034,position_measured,local,
Drone1_e3079,Drone1,Drone1:3079;Drone2:3052;Drone3:3073,647.5873,position_measured,local,
Drone3_e3081,Drone3,Drone1:3071;Drone2:3052;Drone3:3081,648.4265,position_measured,local,
Drone3_e3082,Drone3,Drone1:3071;Drone2:3052;Drone3:3082,648.6841,position_sent,send,Drone2
Drone3_e3083,Drone3,Drone1:3071;Drone2:3052;Drone3:3083,648.7418,position_sent,send,Drone2
Drone3_e3084,Drone3,Drone1:3071;Drone2:3052;Drone3:3084,648.9368,position_sent,send,Drone2
Drone3_e3085,Drone3,Drone1:3071;Drone2:3052;Drone3:3085,649.2255,position_sent,send,Drone2
Drone3_e3086,Drone3,Drone1:3071;Drone2:3052;Drone3:3086,649.4174,position_sent,local,
Drone1_e3080,Drone1,Drone1:3080;Drone2:3052;Drone3:3073,647.7888,position_measured,local,
Drone3_e3087,Drone3,Drone1:3071;Drone2:3052;Drone3:3087,649.5583,position_sent,local,
Drone2_e3060,Drone2,Drone1:3074;Drone2:3060;Drone3:3067,647.5022,scanning,local,
Drone3_e3088,Drone3,Drone1:3071;Drone2:3052;Drone3:3088,649.7125,position_sent,local,
Drone3_e3089,Drone3,Drone1:3071;Drone2:3052;Drone3:3089,649.8941,position_sent,send,Drone2
Drone1_e3081,Drone1,Drone1:3081;Drone2:3052;Drone3:3073,648.0081,position_measured,local,
Drone2_e3061,Drone2,Drone1:3074;Drone2:3061;Drone3:3067,647.7256,scanning,local,
Drone1_e3082,Drone1,Drone1:3082;Drone2:3052;Drone3:3073,648.2211,position_sent,local,
Drone1_e3083,Drone1,Drone1:3083;Drone2:3052;Drone3:3073,648.4811,position_sent,local,
Drone2_e3062,Drone2,Drone1:3074;Drone2:3062;Drone3:3067,647.7991,target_found,local,
Drone3_e3090,Drone3,Drone1:3071;Drone2:3052;Drone3:3090,649.9924,position_sent,local,
Drone3_e3091,Drone3,Drone1:3071;Drone2:3052;Drone3:3091,650.1654,position_sent,send,Drone1
Drone3_e3092,Drone3,Drone1:3071;Drone2:3052;Drone3:3092,650.2525,processing,send,Drone1
Drone1_e3084,Drone1,Drone1:3084;Drone2:3052;Drone3:3073,648.6564,position_sent,local,
Drone2_e3063,Drone2,Drone1:3074;Drone2:3063;Drone3:3080,648.4428,target_found,receive,Drone3
Drone3_e3093,Drone3,Drone1:3071;Drone2:3052;Drone3:3093,650.3350,processing,local,
Drone3_e3094,Drone3,Drone1:3071;Drone2:3052;Drone3:3094,650.5765,processing,local,
Drone3_e3095,Drone3,Drone1:3071;Drone2:3052;Drone3:3095,650.8177,processing,send,Drone1
Drone1_e3085,Drone1,Drone1:3085;Drone2:3052;Drone3:3073,648.8772,position_sent,local,
Drone2_e3064,Drone2,Drone1:3074;Drone2:3064;Drone3:3082,648.8487,target_found,receive,Drone3
Drone2_e3065,Drone2,Drone1:3074;Drone2:3065;Drone3:3082,649.0765,target_found,local,
Drone1_e3086,Drone1,Drone1:3086;Drone2:3052;Drone3:3077,648.9662,position_sent,receive,Drone3
Drone3_e3096,Drone3,Drone1:3071;Drone2:3052;Drone3:3096,650.9148,processing,local,
Drone1_e3087,Drone1,Drone1:3087;Drone2:3052;Drone3:3091,650.3372,position_sent,receive,Drone3
Drone2_e3066,Drone2,Drone1:3074;Drone2:3066;Drone3:3082,649.2796,target_found,local,
Drone1_e3088,Drone1,Drone1:3088;Drone2:3052;Drone3:3091,650.5648,position_sent,local,
Drone2_e3067,Drone2,Drone1:3074;Drone2:3067;Drone3:3083,649.5762,target_found,receive,Drone3
Drone1_e3089,Drone1,Drone1:3089;Drone2:3052;Drone3:3091,650.6520,position_sent,local,
Drone1_e3090,Drone1,Drone1:3090;Drone2:3052;Drone3:3091,650.8196,position_sent,local,
Drone1_e3091,Drone1,Drone1:3091;Drone2:3052;Drone3:3092,650.9359,position_sent,receive,Drone3
Drone2_e3068,Drone2,Drone1:3074;Drone2:3068;Drone3:3083,649.8261,target_found,local,
Drone2_e3069,Drone2,Drone1:3074;Drone2:3069;Drone3:3084,649.9030,target_found,receive,Drone3
Drone3_e3097,Drone3,Drone1:3071;Drone2:3052;Drone3:3097,651.2039,processing,send,Drone1
Drone1_e3092,Drone1,Drone1:3092;Drone2:3052;Drone3:3092,651.1690,processing,local,
Drone1_e3093,Drone1,Drone1:3093;Drone2:3052;Drone3:3092,651.3003,processing,local,
Drone2_e3070,Drone2,Drone1:3074;Drone2:3070;Drone3:3084,649.9788,target_found,local,
Drone1_e3094,Drone1,Drone1:3094;Drone2:3052;Drone3:3095,651.5769,processing,receive,Drone3
Drone3_e3098,Drone3,Drone1:3071;Drone2:3052;Drone3:3098,651.4180,processing,local,
Drone3_e3099,Drone3,Drone1:3071;Drone2:3052;Drone3:3099,651.5420,processing,send,Drone2
Drone2_e3071,Drone2,Drone1:3074;Drone2:3071;Drone3:3084,650.1170,target_found,local,
Drone3_e3100,Drone3,Drone1:3071;Drone2:3052;Drone3:3100,651.6847,processing,send,Drone2
Drone2_e3072,Drone2,Drone1:3074;Drone2:3072;Drone3:3084,650.2520,position_measured,local,
Drone2_e3073,Drone2,Drone1:3074;Drone2:3073;Drone3:3085,650.3551,position_measured,receive,Drone3
Drone2_e3074,Drone2,Drone1:3074;Drone2:3074;Drone3:3085,650.5300,position_measured,local,
Drone2_e3075,Drone2,Drone1:3074;Drone2:3075;Drone3:3085,650.7315,position_measured,local,
Drone3_e3101,Drone3,Drone1:3071;Drone2:3052;Drone3:3101,651.9331,processing,local,
Drone1_e3095,Drone1,Drone1:3095;Drone2:3052;Drone3:3095,651.7489,processing,local,
Drone1_e3096,Drone1,Drone1:3096;Drone2:3052;Drone3:3095,651.9490,processing,local,
Drone2_e3076,Drone2,Drone1:3074;Drone2:3076;Drone3:3085,650.8842,position_measured,local,
Drone1_e3097,Drone1,Drone1:3097;Drone2:3052;Drone3:3095,652.1726,processing,local,
Drone1_e3098,Drone1,Drone1:3098;Drone2:3052;Drone3:3095,652.3169,processing,local,
Drone3_e3102,Drone3,Drone1:3071;Drone2:3052;Drone3:3102,652.1919,relative_computed,local,
Drone2_e3077,Drone2,Drone1:3074;Drone2:3077;Drone3:3085,651.0749,position_measured,local,
Drone1_e3099,Drone1,Drone1:3099;Drone2:3052;Drone3:3095,652.4128,processing,local,
Drone1_e3100,Drone1,Drone1:3100;Drone2:3052;Drone3:3095,652.5564,processing,local,
Drone2_e3078,Drone2,Drone1:3074;Drone2:3078;Drone3:3085,651.2250,position_measured,local,
Drone2_e3079,Drone2,Drone1:3074;Drone2:3079;Drone3:3085,651.2843,position_measured,local,
Drone3_e3103,Drone3,Drone1:3071;Drone2:3052;Drone3:3103,652.3575,relative_computed,local,
Drone3_e3104,Drone3,Drone1:3071;Drone2:3052;Drone3:3104,652.5770,relative_computed,send,Drone2
Drone1_e3101,Drone1,Drone1:3101;Drone2:3052;Drone3:3097,652.7524,processing,receive,Drone3
Drone1_e3102,Drone1,Drone1:3102;Drone2:3052;Drone3:3097,652.9167,relative_computed,send,Drone2
Drone3_e3105,Drone3,Drone1:3071;Drone2:3052;Drone3:3105,652.6679,relative_computed,local,
Drone1_e3103,Drone1,Drone1:3103;Drone2:3052;Drone3:3097,653.1488,relative_computed,local,
Drone3_e3106,Drone3,Drone1:3071;Drone2:3052;Drone3:3106,652.8894,relative_computed,local,
Drone3_e3107,Drone3,Drone1:3071;Drone2:3052;Drone3:3107,653.0864,relative_computed,local,
Drone3_e3108,Drone3,Drone1:3071;Drone2:3052;Drone3:3108,653.1546,relative_computed,local,
Drone3_e3109,Drone3,Drone1:3071;Drone2:3052;Drone3:3109,653.4004,relative_computed,send,Drone2
Drone3_e3110,Drone3,Drone1:3071;Drone2:3052;Drone3:3110,653.6629,relative_computed,send,Drone1
Drone1_e3104,Drone1,Drone1:3104;Drone2:3052;Drone3:3110,653.7528,relative_computed,receive,Drone3
Drone2_e3080,Drone2,Drone1:3074;Drone2:3080;Drone3:3089,651.5587,position_measured,receive,Drone3
Drone1_e3105,Drone1,Drone1:3105;Drone2:3052;Drone3:3110,653.9305,relative_computed,local,
Drone3_e3111,Drone3,Drone1:3071;Drone2:3052;Drone3:3111,653.9001,relative_computed,local,
Drone1_e3106,Drone1,Drone1:3106;Drone2:3052;Drone3:3110,653.9941,relative_computed,local,
Drone2_e3081,Drone2,Drone1:3074;Drone2:3081;Drone3:3089,651.6898,position_measured,local,
Drone3_e3112,Drone3,Drone1:3071;Drone2:3052;Drone3:3112,654.1723,formation_hold,local,
Drone1_e3107,Drone1,Drone1:3107;Drone2:3052;Drone3:3110,654.2775,relative_computed,local,
Drone1_e3108,Drone1,Drone1:3108;Drone2:3052;Drone3:3110,654.3651,relative_computed,local,
Drone3_e3113,Drone3,Drone1:3071;Drone2:3052;Drone3:3113,654.4300,formation_hold,local,
Drone3_e3114,Drone3,Drone1:3071;Drone2:3052;Drone3:3114,654.7200,formation_hold,local,
Drone1_e3109,Drone1,Drone1:3109;Drone2:3052;Drone3:3110,654.5594,relative_computed,local,
Drone1_e3110,Drone1,Drone1:3110;Drone2:3052;Drone3:3110,654.6740,relative_computed,local,
Drone3_e3115,Drone3,Drone1:3071;Drone2:3052;Drone3:3115,654.8958,formation_hold,local,
Drone2_e3082,Drone2,Drone1:3102;Drone2:3082;Drone3:3097,653.0895,position_sent,receive,Drone1
Drone1_e3111,Drone1,Drone1:3111;Drone2:3052;Drone3:3110,654.8283,relative_computed,local,
Drone3_e3116,Drone3,Drone1:3071;Drone2:3052;Drone3:3116,655.1075,formation_hold,local,
Drone2_e3083,Drone2,Drone1:3102;Drone2:3083;Drone3:3097,653.3132,position_sent,local,
Drone2_e3084,Drone2,Drone1:3102;Drone2:3084;Drone3:3097,653.6130,position_sent,local,
Drone1_e3112,Drone1,Drone1:3112;Drone2:3052;Drone3:3110,654.9327,formation_hold,local,
Drone3_e3117,Drone3,Drone1:3071;Drone2:3052;Drone3:3117,655.2201,formation_hold,local,
Drone2_e3085,Drone2,Drone1:3102;Drone2:3085;Drone3:3097,653.7971,position_sent,local,
Drone1_e3113,Drone1,Drone1:3113;Drone2:3052;Drone3:3110,655.1853,formation_hold,local,
Drone3_e3118,Drone3,Drone1:3071;Drone2:3052;Drone3:3118,655.3743,formation_hold,local,
Drone2_e3086,Drone2,Drone1:3102;Drone2:3086;Drone3:3097,654.0410,position_sent,local,
Drone1_e3114,Drone1,Drone1:3114;Drone2:3052;Drone3:3110,655.2569,formation_hold,local,
Drone3_e3119,Drone3,Drone1:3071;Drone2:3052;Drone3:3119,655.5760,formation_hold,local,
Drone1_e3115,Drone1,Drone1:3115;Drone2:3052;Drone3:3110,655.3457,formation_hold,local,
Drone3_e3120,Drone3,Drone1:3071;Drone2:3052;Drone3:3120,655.7541,formation_hold,send,Drone1
Drone1_e3116,Drone1,Drone1:3116;Drone2:3052;Drone3:3110,655.5674,formation_hold,local,
Drone1_e3117,Drone1,Drone1:3117;Drone2:3052;Drone3:3110,655.8064,formation_hold,local,
Drone2_e3087,Drone2,Drone1:3102;Drone2:3087;Drone3:3099,654.0913,position_sent,receive,Drone3
Drone1_e3118,Drone1,Drone1:3118;Drone2:3052;Drone3:3110,655.8750,formation_hold,local,
Drone3_e3121,Drone3,Drone1:3071;Drone2:3052;Drone3:3121,655.8124,formation_hold,local,
Drone2_e3088,Drone2,Drone1:3102;Drone2:3088;Drone3:3099,654.2407,position_sent,local,
Drone3_e3122,Drone3,Drone1:3071;Drone2:3052;Drone3:3122,655.8810,idle,send,Drone1
Drone3_e3123,Drone3,Drone1:3071;Drone2:3052;Drone3:3123,656.0074,idle,local,
Drone2_e3089,Drone2,Drone1:3102;Drone2:3089;Drone3:3099,654.4350,position_sent,local,
Drone2_e3090,Drone2,Drone1:3102;Drone2:3090;Drone3:3099,654.5211,position_sent,local,
Drone3_e3124,Drone3,Drone1:3071;Drone2:3052;Drone3:3124,656.2818,idle,local,
Drone1_e3119,Drone1,Drone1:3119;Drone2:3052;Drone3:3110,656.1742,formation_hold,local,
Drone1_e3120,Drone1,Drone1:3120;Drone2:3052;Drone3:3110,656.3144,formation_hold,local,
Drone2_e3091,Drone2,Drone1:3102;Drone2:3091;Drone3:3099,654.6386,position_sent,local,
Drone2_e3092,Drone2,Drone1:3102;Drone2:3092;Drone3:3099,654.7098,processing,local,
Drone3_e3125,Drone3,Drone1:3071;Drone2:3052;Drone3:3125,656.4708,idle,send,Drone2
Drone3_e3126,Drone3,Drone1:3071;Drone2:3052;Drone3:3126,656.7536,idle,local,
Drone1_e3121,Drone1,Drone1:3121;Drone2:3052;Drone3:3110,656.5375,formation_hold,local,
Drone3_e3127,Drone3,Drone1:3071;Drone2:3052;Drone3:3127,656.9251,idle,local,
Drone1_e3122,Drone1,Drone1:3122;Drone2:3052;Drone3:3120,656.7073,idle,receive,Drone3
Drone3_e3128,Drone3,Drone1:3071;Drone2:3052;Drone3:3128,657.0929,idle,send,Drone1
Drone2_e3093,Drone2,Drone1:3102;Drone2:3093;Drone3:3100,654.8161,processing,receive,Drone3
Drone3_e3129,Drone3,Drone1:3071;Drone2:3052;Drone3:3129,657.3259,idle,local,
Drone3_e3130,Drone3,Drone1:3071;Drone2:3052;Drone3:3130,657.5507,idle,local,
Drone3_e3131,Drone3,Drone1:3071;Drone2:3052;Drone3:3131,657.7038,idle,local,
Drone3_e3132,Drone3,Drone1:3071;Drone2:3052;Drone3:3132,657.7767,scanning,send,Drone1
Drone3_e3133,Drone3,Drone1:3071;Drone2:3052;Drone3:3133,657.8395,scanning,local,
Drone2_e3094,Drone2,Drone1:3102;Drone2:3094;Drone3:3104,654.9902,processing,receive,Drone3
Drone3_e3134,Drone3,Drone1:3071;Drone2:3052;Drone3:3134,658.0711,scanning,local,
Drone1_e3123,Drone1,Drone1:3123;Drone2:3052;Drone3:3122,656.8444,idle,receive,Drone3
Drone2_e3095,Drone2,Drone1:3102;Drone2:3095;Drone3:3104,655.0810,processing,local,
Drone3_e3135,Drone3,Drone1:3071;Drone2:3052;Drone3:3135,658.1293,scanning,send,Drone1
Drone1_e3124,Drone1,Drone1:3124;Drone2:3052;Drone3:3122,656.9374,idle,local,
Drone2_e3096,Drone2,Drone1:3102;Drone2:3096;Drone3:3109,655.1983,processing,receive,Drone3
Drone2_e3097,Drone2,Drone1:3102;Drone2:3097;Drone3:3109,655.4118,processing,local,
Drone2_e3098,Drone2,Drone1:3102;Drone2:3098;Drone3:3109,655.6788,processing,local,
Drone2_e3099,Drone2,Drone1:3102;Drone2:3099;Drone3:3125,656.7079,processing,receive,Drone3
Drone2_e3100,Drone2,Drone1:3102;Drone2:3100;Drone3:3125,656.7996,processing,local,
Drone1_e3125,Drone1,Drone1:3125;Drone2:3052;Drone3:3128,657.3101,idle,receive,Drone3
Drone1_e3126,Drone1,Drone1:3126;Drone2:3052;Drone3:3132,657.9278,idle,receive,Drone3
Drone1_e3127,Drone1,Drone1:3127;Drone2:3052;Drone3:3135,658.2895,idle,receive,Drone3
Drone1_e3128,Drone1,Drone1:3128;Drone2:3052;Drone3:3135,658.5363,idle,local,
Drone2_e3101,Drone2,Drone1:3102;Drone2:3101;Drone3:3125,656.9092,processing,send,Drone1
Drone3_e3136,Drone3,Drone1:3071;Drone2:3052;Drone3:3136,658.3964,scanning,local,
Drone2_e3102,Drone2,Drone1:3102;Drone2:3102;Drone3:3125,657.0581,relative_computed,local,
Drone3_e3137,Drone3,Drone1:3071;Drone2:3052;Drone3:3137,658.6181,scanning,local,
Drone2_e3103,Drone2,Drone1:3102;Drone2:3103;Drone3:3125,657.1369,relative_computed,local,
Drone3_e3138,Drone3,Drone1:3071;Drone2:3052;Drone3:3138,658.8599,scanning,local,
Drone1_e3129,Drone1,Drone1:3129;Drone2:3052;Drone3:3135,658.6663,idle,local,
Drone2_e3104,Drone2,Drone1:3102;Drone2:3104;Drone3:3125,657.3890,relative_computed,local,
Drone2_e3105,Drone2,Drone1:3102;Drone2:3105;Drone3:3125,657.6033,relative_computed,local,
Drone2_e3106,Drone2,Drone1:3102;Drone2:3106;Drone3:3125,657.8071,relative_computed,local,
Drone2_e3107,Drone2,Drone1:3102;Drone2:3107;Drone3:3125,657.8769,relative_computed,local,
Drone2_e3108,Drone2,Drone1:3102;Drone2:3108;Drone3:3125,657.9356,relative_computed,local,
Drone1_e3130,Drone1,Drone1:3130;Drone2:3101;Drone3:3135,658.8421,idle,receive,Drone2
Drone1_e3131,Drone1,Drone1:3131;Drone2:3101;Drone3:3135,659.0606,idle,send,Drone2
Drone2_e3109,Drone2,Drone1:3131;Drone2:3109;Drone3:3135,659.1173,relative_computed,receive,Drone1
Drone3_e3139,Drone3,Drone1:3071;Drone2:3052;Drone3:3139,659.0191,scanning,local,
Drone1_e3132,Drone1,Drone1:3132;Drone2:3101;Drone3:3135,659.1899,scanning,send,Drone2
Drone2_e3110,Drone2,Drone1:3131;Drone2:3110;Drone3:3135,659.1946,relative_computed,local,
Drone1_e3133,Drone1,Drone1:3133;Drone2:3101;Drone3:3135,659.4677,scanning,send,Drone2
Drone3_e3140,Drone3,Drone1:3071;Drone2:3052;Drone3:3140,659.2423,scanning,local,
Drone1_e3134,Drone1,Drone1:3134;Drone2:3101;Drone3:3135,659.5803,scanning,local,
Drone3_e3141,Drone3,Drone1:3071;Drone2:3052;Drone3:3141,659.4202,scanning,local,
Drone3_e3142,Drone3,Drone1:3071;Drone2:3052;Drone3:3142,659.6520,target_found,local,
Drone3_e3143,Drone3,Drone1:3071;Drone2:3052;Drone3:3143,659.7211,target_found,send,Drone1
Drone2_e3111,Drone2,Drone1:3131;Drone2:3111;Drone3:3135,659.3476,relative_computed,local,
Drone3_e3144,Drone3,Drone1:3071;Drone2:3052;Drone3:3144,659.7841,target_found,local,
Drone3_e3145,Drone3,Drone1:3071;Drone2:3052;Drone3:3145,660.0077,target_found,local,
Drone3_e3146,Drone3,Drone1:3071;Drone2:3052;Drone3:3146,660.2771,target_found,send,Drone1
Drone1_e3135,Drone1,Drone1:3135;Drone2:3101;Drone3:3135,659.6672,scanning,local,
Drone2_e3112,Drone2,Drone1:3132;Drone2:3112;Drone3:3135,659.5517,formation_hold,receive,Drone1
Drone2_e3113,Drone2,Drone1:3132;Drone2:3113;Drone3:3135,659.6353,formation_hold,local,
Drone2_e3114,Drone2,Drone1:3132;Drone2:3114;Drone3:3135,659.7594,formation_hold,local,
Drone1_e3136,Drone1,Drone1:3136;Drone2:3101;Drone3:3135,659.8465,scanning,local,
Drone2_e3115,Drone2,Drone1:3132;Drone2:3115;Drone3:3135,659.9464,formation_hold,local,
Drone1_e3137,Drone1,Drone1:3137;Drone2:3101;Drone3:3135,659.9317,scanning,local,
Drone1_e3138,Drone1,Drone1:3138;Drone2:3101;Drone3:3135,660.1828,scanning,local,
Drone2_e3116,Drone2,Drone1:3132;Drone2:3116;Drone3:3135,660.0602,formation_hold,local,
Drone3_e3147,Drone3,Drone1:3071;Drone2:3052;Drone3:3147,660.4389,target_found,local,
Drone2_e3117,Drone2,Drone1:3133;Drone2:3117;Drone3:3135,660.2562,formation_hold,receive,Drone1
Drone2_e3118,Drone2,Drone1:3133;Drone2:3118;Drone3:3135,660.4267,formation_hold,local,
Drone3_e3148,Drone3,Drone1:3071;Drone2:3052;Drone3:3148,660.6594,target_found,local,
Drone1_e3139,Drone1,Drone1:3139;Drone2:3101;Drone3:3143,660.2524,scanning,receive,Drone3
Drone1_e3140,Drone1,Drone1:3140;Drone2:3101;Drone3:3143,660.4363,scanning,local,
Drone2_e3119,Drone2,Drone1:3133;Drone2:3119;Drone3:3135,660.5127,formation_hold,local,
Drone1_e3141,Drone1,Drone1:3141;Drone2:3101;Drone3:3143,660.7023,scanning,local,
Drone2_e3120,Drone2,Drone1:3133;Drone2:3120;Drone3:3135,660.6885,formation_hold,local,
Drone3_e3149,Drone3,Drone1:3071;Drone2:3052;Drone3:3149,660.8568,target_found,local,
Drone3_e3150,Drone3,Drone1:3071;Drone2:3052;Drone3:3150,661.1420,target_found,local,
Drone2_e3121,Drone2,Drone1:3133;Drone2:3121;Drone3:3135,660.8667,formation_hold,send,Drone3
Drone2_e3122,Drone2,Drone1:3133;Drone2:3122;Drone3:3135,661.1583,idle,local,
Drone1_e3142,Drone1,Drone1:3142;Drone2:3101;Drone3:3146,660.9818,target_found,receive,Drone3
Drone1_e3143,Drone1,Drone1:3143;Drone2:3101;Drone3:3146,661.1772,target_found,local,
Drone3_e3151,Drone3,Drone1:3071;Drone2:3052;Drone3:3151,661.2960,target_found,local,
Drone1_e3144,Drone1,Drone1:3144;Drone2:3101;Drone3:3146,661.4678,target_found,local,
Drone2_e3123,Drone2,Drone1:3133;Drone2:3123;Drone3:3135,661.2915,idle,send,Drone3
Drone1_e3145,Drone1,Drone1:3145;Drone2:3101;Drone3:3146,661.6632,target_found,local,
Drone2_e3124,Drone2,Drone1:3133;Drone2:3124;Drone3:3135,661.4038,idle,local,
Drone3_e3152,Drone3,Drone1:3133;Drone2:3121;Drone3:3152,661.5561,position_measured,receive,Drone2
Drone3_e3153,Drone3,Drone1:3133;Drone2:3123;Drone3:3153,661.7257,position_measured,receive,Drone2
Drone1_e3146,Drone1,Drone1:3146;Drone2:3101;Drone3:3146,661.9102,target_found,local,
Drone2_e3125,Drone2,Drone1:3133;Drone2:3125;Drone3:3135,661.6841,idle,local,
Drone1_e3147,Drone1,Drone1:3147;Drone2:3101;Drone3:3146,662.0626,target_found,local,
Drone2_e3126,Drone2,Drone1:3133;Drone2:3126;Drone3:3135,661.9094,idle,send,Drone1
Drone1_e3148,Drone1,Drone1:3148;Drone2:3101;Drone3:3146,662.1282,target_found,local,
Drone2_e3127,Drone2,Drone1:3133;Drone2:3127;Drone3:3135,662.0433,idle,send,Drone3
Drone2_e3128,Drone2,Drone1:3133;Drone2:3128;Drone3:3135,662.3099,idle,local,
Drone1_e3149,Drone1,Drone1:3149;Drone2:3126;Drone3:3146,662.2110,target_found,receive,Drone2
Drone1_e3150,Drone1,Drone1:3150;Drone2:3126;Drone3:3146,662.4919,target_found,local,
Drone1_e3151,Drone1,Drone1:3151;Drone2:3126;Drone3:3146,662.7512,target_found,send,Drone2
Drone3_e3154,Drone3,Drone1:3133;Drone2:3127;Drone3:3154,662.1101,position_measured,receive,Drone2
Drone2_e3129,Drone2,Drone1:3133;Drone2:3129;Drone3:3135,662.4003,idle,local,
Drone2_e3130,Drone2,Drone1:3133;Drone2:3130;Drone3:3135,662.6689,idle,local,
Drone2_e3131,Drone2,Drone1:3151;Drone2:3131;Drone3:3146,663.0011,idle,receive,Drone1
Drone1_e3152,Drone1,Drone1:3152;Drone2:3126;Drone3:3146,662.8536,position_measured,send,Drone2
Drone3_e3155,Drone3,Drone1:3133;Drone2:3127;Drone3:3155,662.2995,position_measured,send,Drone1
Drone2_e3132,Drone2,Drone1:3151;Drone2:3132;Drone3:3146,663.2506,scanning,local,
Drone2_e3133,Drone2,Drone1:3151;Drone2:3133;Drone3:3146,663.3804,scanning,local,
Drone2_e3134,Drone2,Drone1:3152;Drone2:3134;Drone3:3146,663.5588,scanning,receive,Drone1
Drone2_e3135,Drone2,Drone1:3152;Drone2:3135;Drone3:3146,663.6903,scanning,send,Drone3
Drone2_e3136,Drone2,Drone1:3152;Drone2:3136;Drone3:3146,663.7816,scanning,send,Drone1
Drone3_e3156,Drone3,Drone1:3133;Drone2:3127;Drone3:3156,662.3935,position_measured,local,
Drone1_e3153,Drone1,Drone1:3153;Drone2:3136;Drone3:3146,664.0603,position_measured,receive,Drone2
Drone3_e3157,Drone3,Drone1:3133;Drone2:3127;Drone3:3157,662.5388,position_measured,local,
Drone3_e3158,Drone3,Drone1:3152;Drone2:3135;Drone3:3158,663.9488,position_measured,receive,Drone2
Drone3_e3159,Drone3,Drone1:3152;Drone2:3135;Drone3:3159,664.0427,position_measured,send,Drone2
Drone3_e3160,Drone3,Drone1:3152;Drone2:3135;Drone3:3160,664.3411,position_measured,local,
Drone3_e3161,Drone3,Drone1:3152;Drone2:3135;Drone3:3161,664.5034,position_measured,local,
Drone1_e3154,Drone1,Drone1:3154;Drone2:3136;Drone3:3155,664.1710,position_measured,receive,Drone3
Drone3_e3162,Drone3,Drone1:3152;Drone2:3135;Drone3:3162,664.7570,position_sent,send,Drone1
Drone3_e3163,Drone3,Drone1:3152;Drone2:3135;Drone3:3163,665.0332,position_sent,local,
Drone1_e3155,Drone1,Drone1:3155;Drone2:3136;Drone3:3155,664.4096,position_measured,local,
Drone1_e3156,Drone1,Drone1:3156;Drone2:3136;Drone3:3162,665.0365,position_measured,receive,Drone3
Drone1_e3157,Drone1,Drone1:3157;Drone2:3136;Drone3:3162,665.3226,position_measured,local,
Drone3_e3164,Drone3,Drone1:3152;Drone2:3135;Drone3:3164,665.1564,position_sent,local,
Drone2_e3137,Drone2,Drone1:3152;Drone2:3137;Drone3:3146,664.0188,scanning,local,
Drone3_e3165,Drone3,Drone1:3152;Drone2:3135;Drone3:3165,665.3133,position_sent,local,
Drone3_e3166,Drone3,Drone1:3152;Drone2:3135;Drone3:3166,665.5577,position_sent,local,
Drone1_e3158,Drone1,Drone1:3158;Drone2:3136;Drone3:3162,665.5049,position_measured,local,
Drone3_e3167,Drone3,Drone1:3152;Drone2:3135;Drone3:3167,665.6150,position_sent,local,
Drone1_e3159,Drone1,Drone1:3159;Drone2:3136;Drone3:3162,665.6672,position_measured,send,Drone3
Drone1_e3160,Drone1,Drone1:3160;Drone2:3136;Drone3:3162,665.8266,position_measured,local,
Drone1_e3161,Drone1,Drone1:3161;Drone2:3136;Drone3:3162,665.8784,position_measured,local,
Drone1_e3162,Drone1,Drone1:3162;Drone2:3136;Drone3:3162,665.9853,position_sent,local,
Drone1_e3163,Drone1,Drone1:3163;Drone2:3136;Drone3:3162,666.2386,position_sent,send,Drone3
Drone3_e3168,Drone3,Drone1:3152;Drone2:3135;Drone3:3168,665.7851,position_sent,local,
Drone2_e3138,Drone2,Drone1:3152;Drone2:3138;Drone3:3146,664.1122,scanning,local,
Drone3_e3169,Drone3,Drone1:3159;Drone2:3136;Drone3:3169,665.9600,position_sent,receive,Drone1
Drone3_e3170,Drone3,Drone1:3159;Drone2:3136;Drone3:3170,666.0240,position_sent,local,
Drone2_e3139,Drone2,Drone1:3152;Drone2:3139;Drone3:3159,664.3386,scanning,receive,Drone3
Drone2_e3140,Drone2,Drone1:3152;Drone2:3140;Drone3:3159,664.5826,scanning,send,Drone1
Drone1_e3164,Drone1,Drone1:3164;Drone2:3136;Drone3:3162,666.4559,position_sent,local,
Drone1_e3165,Drone1,Drone1:3165;Drone2:3140;Drone3:3162,666.7098,position_sent,receive,Drone2
Drone2_e3141,Drone2,Drone1:3152;Drone2:3141;Drone3:3159,664.6383,scanning,local,
Drone3_e3171,Drone3,Drone1:3163;Drone2:3136;Drone3:3171,666.2990,position_sent,receive,Drone1
Drone3_e3172,Drone3,Drone1:3163;Drone2:3136;Drone3:3172,666.4318,processing,local,
Drone2_e3142,Drone2,Drone1:3152;Drone2:3142;Drone3:3159,664.8186,target_found,send,Drone3
Drone3_e3173,Drone3,Drone1:3163;Drone2:3136;Drone3:3173,666.6528,processing,local,
Drone3_e3174,Drone3,Drone1:3163;Drone2:3136;Drone3:3174,666.9259,processing,local,
Drone2_e3143,Drone2,Drone1:3152;Drone2:3143;Drone3:3159,664.9419,target_found,local,
Drone1_e3166,Drone1,Drone1:3166;Drone2:3140;Drone3:3162,667.0026,position_sent,local,
Drone3_e3175,Drone3,Drone1:3163;Drone2:3136;Drone3:3175,666.9931,processing,local,
Drone3_e3176,Drone3,Drone1:3163;Drone2:3136;Drone3:3176,667.2392,processing,local,
Drone2_e3144,Drone2,Drone1:3152;Drone2:3144;Drone3:3159,665.1531,target_found,local,
Drone1_e3167,Drone1,Drone1:3167;Drone2:3140;Drone3:3162,667.2630,position_sent,local,
Drone2_e3145,Drone2,Drone1:3152;Drone2:3145;Drone3:3159,665.2057,target_found,local,
Drone2_e3146,Drone2,Drone1:3152;Drone2:3146;Drone3:3159,665.4875,target_found,local,
Drone2_e3147,Drone2,Drone1:3152;Drone2:3147;Drone3:3159,665.6453,target_found,local,
Drone3_e3177,Drone3,Drone1:3163;Drone2:3142;Drone3:3177,667.4672,processing,receive,Drone2
Drone3_e3178,Drone3,Drone1:3163;Drone2:3142;Drone3:3178,667.7584,processing,local,
Drone1_e3168,Drone1,Drone1:3168;Drone2:3140;Drone3:3162,667.4010,position_sent,send,Drone3
Drone2_e3148,Drone2,Drone1:3152;Drone2:3148;Drone3:3159,665.8048,target_found,local,
Drone1_e3169,Drone1,Drone1:3169;Drone2:3140;Drone3:3162,667.5568,position_sent,local,
Drone1_e3170,Drone1,Drone1:3170;Drone2:3140;Drone3:3162,667.8418,position_sent,send,Drone3
Drone3_e3179,Drone3,Drone1:3163;Drone2:3142;Drone3:3179,667.9777,processing,local,
Drone2_e3149,Drone2,Drone1:3152;Drone2:3149;Drone3:3159,665.9602,target_found,local,
Drone1_e3171,Drone1,Drone1:3171;Drone2:3140;Drone3:3162,667.8978,position_sent,local,
Drone3_e3180,Drone3,Drone1:3163;Drone2:3142;Drone3:3180,668.0793,processing,local,
Drone1_e3172,Drone1,Drone1:3172;Drone2:3140;Drone3:3162,668.0042,processing,send,Drone2
Drone1_e3173,Drone1,Drone1:3173;Drone2:3140;Drone3:3162,668.0614,processing,local,
Drone1_e3174,Drone1,Drone1:3174;Drone2:3140;Drone3:3162,668.1342,processing,send,Drone3
Drone2_e3150,Drone2,Drone1:3172;Drone2:3150;Drone3:3162,668.1161,target_found,receive,Drone1
Drone2_e3151,Drone2,Drone1:3172;Drone2:3151;Drone3:3162,668.1795,target_found,local,
Drone3_e3181,Drone3,Drone1:3163;Drone2:3142;Drone3:3181,668.1482,processing,local,
Drone3_e3182,Drone3,Drone1:3163;Drone2:3142;Drone3:3182,668.4349,relative_computed,local,
Drone2_e3152,Drone2,Drone1:3172;Drone2:3152;Drone3:3162,668.2811,position_measured,local,
Drone2_e3153,Drone2,Drone1:3172;Drone2:3153;Drone3:3162,668.3806,position_measured,local,
Drone2_e3154,Drone2,Drone1:3172;Drone2:3154;Drone3:3162,668.4629,position_measured,local,
Drone3_e3183,Drone3,Drone1:3163;Drone2:3142;Drone3:3183,668.5263,relative_computed,local,
Drone2_e3155,Drone2,Drone1:3172;Drone2:3155;Drone3:3162,668.7444,position_measured,send,Drone3
Drone2_e3156,Drone2,Drone1:3172;Drone2:3156;Drone3:3162,668.9594,position_measured,local,
Drone2_e3157,Drone2,Drone1:3172;Drone2:3157;Drone3:3162,669.2385,position_measured,local,
Drone3_e3184,Drone3,Drone1:3163;Drone2:3142;Drone3:3184,668.6647,relative_computed,local,
Drone2_e3158,Drone2,Drone1:3172;Drone2:3158;Drone3:3162,669.3743,position_measured,local,
Drone3_e3185,Drone3,Drone1:3172;Drone2:3155;Drone3:3185,668.8007,relative_computed,receive,Drone2
Drone2_e3159,Drone2,Drone1:3172;Drone2:3159;Drone3:3162,669.5865,position_measured,local,
Drone3_e3186,Drone3,Drone1:3172;Drone2:3155;Drone3:3186,668.8842,relative_computed,local,
Drone3_e3187,Drone3,Drone1:3172;Drone2:3155;Drone3:3187,669.0450,relative_computed,local,
Drone2_e3160,Drone2,Drone1:3172;Drone2:3160;Drone3:3162,669.8553,position_measured,local,
Drone2_e3161,Drone2,Drone1:3172;Drone2:3161;Drone3:3162,670.0451,position_measured,local,
Drone3_e3188,Drone3,Drone1:3172;Drone2:3155;Drone3:3188,669.2674,relative_computed,receive,Drone1
Drone1_e3175,Drone1,Drone1:3175;Drone2:3140;Drone3:3162,668.3499,processing,local,
Drone2_e3162,Drone2,Drone1:3172;Drone2:3162;Drone3:3162,670.3307,position_sent,send,Drone1
Drone3_e3189,Drone3,Drone1:3172;Drone2:3155;Drone3:3189,669.4788,relative_computed,local,
Drone3_e3190,Drone3,Drone1:3172;Drone2:3155;Drone3:3190,669.6273,relative_computed,receive,Drone1
Drone2_e3163,Drone2,Drone1:3172;Drone2:3163;Drone3:3162,670.5333,position_sent,send,Drone1
Drone3_e3191,Drone3,Drone1:3174;Drone2:3155;Drone3:3191,669.8854,relative_computed,receive,Drone1
Drone2_e3164,Drone2,Drone1:3172;Drone2:3164;Drone3:3162,670.7609,position_sent,local,
Drone2_e3165,Drone2,Drone1:3172;Drone2:3165;Drone3:3162,670.8210,position_sent,send,Drone1
Drone3_e3192,Drone3,Drone1:3174;Drone2:3155;Drone3:3192,670.1267,formation_hold,send,Drone2
Drone2_e3166,Drone2,Drone1:3172;Drone2:3166;Drone3:3162,670.8774,position_sent,local,
Drone3_e3193,Drone3,Drone1:3174;Drone2:3155;Drone3:3193,670.2120,formation_hold,local,
Drone1_e3176,Drone1,Drone1:3176;Drone2:3162;Drone3:3162,670.5515,processing,receive,Drone2
Drone1_e3177,Drone1,Drone1:3177;Drone2:3163;Drone3:3162,670.7979,processing,receive,Drone2
Drone3_e3194,Drone3,Drone1:3174;Drone2:3155;Drone3:3194,670.4815,formation_hold,local,
Drone2_e3167,Drone2,Drone1:3174;Drone2:3167;Drone3:3192,671.0731,position_sent,receive,Drone3
Drone2_e3168,Drone2,Drone1:3174;Drone2:3168;Drone3:3192,671.2671,position_sent,send,Drone1
Drone1_e3178,Drone1,Drone1:3178;Drone2:3165;Drone3:3162,671.0767,processing,receive,Drone2
Drone1_e3179,Drone1,Drone1:3179;Drone2:3168;Drone3:3192,671.4055,processing,receive,Drone2
Drone3_e3195,Drone3,Drone1:3174;Drone2:3155;Drone3:3195,670.6736,formation_hold,local,
Drone3_e3196,Drone3,Drone1:3174;Drone2:3155;Drone3:3196,670.8755,formation_hold,send,Drone2
Drone2_e3169,Drone2,Drone1:3174;Drone2:3169;Drone3:3196,671.5431,position_sent,receive,Drone3
Drone2_e3170,Drone2,Drone1:3174;Drone2:3170;Drone3:3196,671.5952,position_sent,local,
Drone3_e3197,Drone3,Drone1:3174;Drone2:3155;Drone3:3197,670.9473,formation_hold,local,
Drone1_e3180,Drone1,Drone1:3180;Drone2:3168;Drone3:3192,671.6407,processing,send,Drone3
Drone3_e3198,Drone3,Drone1:3174;Drone2:3155;Drone3:3198,671.0628,formation_hold,local,
Drone3_e3199,Drone3,Drone1:3174;Drone2:3155;Drone3:3199,671.2310,formation_hold,local,
Drone1_e3181,Drone1,Drone1:3181;Drone2:3168;Drone3:3192,671.8637,processing,send,Drone3
Drone2_e3171,Drone2,Drone1:3174;Drone2:3171;Drone3:3196,671.7492,position_sent,local,
Drone1_e3182,Drone1,Drone1:3182;Drone2:3168;Drone3:3192,671.9863,relative_computed,local,
Drone1_e3183,Drone1,Drone1:3183;Drone2:3168;Drone3:3192,672.0740,relative_computed,send,Drone2
Drone1_e3184,Drone1,Drone1:3184;Drone2:3168;Drone3:3192,672.3447,relative_computed,local,
Drone3_e3200,Drone3,Drone1:3180;Drone2:3168;Drone3:3200,671.9392,formation_hold,receive,Drone1
Drone1_e3185,Drone1,Drone1:3185;Drone2:3168;Drone3:3192,672.5348,relative_computed,send,Drone3
Drone1_e3186,Drone1,Drone1:3186;Drone2:3168;Drone3:3192,672.8225,relative_computed,local,
Drone1_e3187,Drone1,Drone1:3187;Drone2:3168;Drone3:3192,673.0337,relative_computed,local,
Drone3_e3201,Drone3,Drone1:3181;Drone2:3168;Drone3:3201,672.1586,formation_hold,receive,Drone1
Drone2_e3172,Drone2,Drone1:3174;Drone2:3172;Drone3:3196,671.8386,processing,local,
Drone1_e3188,Drone1,Drone1:3188;Drone2:3168;Drone3:3192,673.1106,relative_computed,local,
Drone3_e3202,Drone3,Drone1:3181;Drone2:3168;Drone3:3202,672.2176,idle,local,
Drone1_e3189,Drone1,Drone1:3189;Drone2:3168;Drone3:3192,673.2087,relative_computed,send,Drone2
Drone2_e3173,Drone2,Drone1:3174;Drone2:3173;Drone3:3196,672.0704,processing,local,
Drone3_e3203,Drone3,Drone1:3185;Drone2:3168;Drone3:3203,672.8246,idle,receive,Drone1
Drone1_e3190,Drone1,Drone1:3190;Drone2:3168;Drone3:3192,673.4789,relative_computed,local,
Drone3_e3204,Drone3,Drone1:3185;Drone2:3168;Drone3:3204,672.8880,idle,local,
Drone2_e3174,Drone2,Drone1:3174;Drone2:3174;Drone3:3196,672.2983,processing,local,
Drone3_e3205,Drone3,Drone1:3185;Drone2:3168;Drone3:3205,673.1659,idle,local,
Drone1_e3191,Drone1,Drone1:3191;Drone2:3168;Drone3:3192,673.7016,relative_computed,send,Drone2
Drone3_e3206,Drone3,Drone1:3185;Drone2:3168;Drone3:3206,673.4378,idle,send,Drone1
Drone2_e3175,Drone2,Drone1:3183;Drone2:3175;Drone3:3196,672.5516,processing,receive,Drone1
Drone1_e3192,Drone1,Drone1:3192;Drone2:3168;Drone3:3206,673.9470,formation_hold,receive,Drone3
Drone1_e3193,Drone1,Drone1:3193;Drone2:3168;Drone3:3206,674.2436,formation_hold,local,
Drone2_e3176,Drone2,Drone1:3183;Drone2:3176;Drone3:3196,672.6674,processing,local,
Drone2_e3177,Drone2,Drone1:3183;Drone2:3177;Drone3:3196,672.9570,processing,local,
Drone1_e3194,Drone1,Drone1:3194;Drone2:3168;Drone3:3206,674.4860,formation_hold,send,Drone3
Drone2_e3178,Drone2,Drone1:3189;Drone2:3178;Drone3:3196,673.3721,processing,receive,Drone1
Drone3_e3207,Drone3,Drone1:3194;Drone2:3168;Drone3:3207,674.5741,idle,receive,Drone1
Drone1_e3195,Drone1,Drone1:3195;Drone2:3168;Drone3:3206,674.7250,formation_hold,local,
Drone1_e3196,Drone1,Drone1:3196;Drone2:3168;Drone3:3206,674.9838,formation_hold,send,Drone2
Drone3_e3208,Drone3,Drone1:3194;Drone2:3168;Drone3:3208,674.7847,idle,local,
Drone3_e3209,Drone3,Drone1:3194;Drone2:3168;Drone3:3209,674.9135,idle,send,Drone1
Drone3_e3210,Drone3,Drone1:3194;Drone2:3168;Drone3:3210,675.2077,idle,local,
Drone1_e3197,Drone1,Drone1:3197;Drone2:3168;Drone3:3206,675.2238,formation_hold,local,
Drone3_e3211,Drone3,Drone1:3194;Drone2:3168;Drone3:3211,675.4726,idle,local,
Drone1_e3198,Drone1,Drone1:3198;Drone2:3168;Drone3:3209,675.4912,formation_hold,receive,Drone3
Drone1_e3199,Drone1,Drone1:3199;Drone2:3168;Drone3:3209,675.6418,formation_hold,send,Drone3
Drone3_e3212,Drone3,Drone1:3194;Drone2:3168;Drone3:3212,675.7646,scanning,local,
Drone2_e3179,Drone2,Drone1:3189;Drone2:3179;Drone3:3196,673.4835,processing,local,
Drone3_e3213,Drone3,Drone1:3199;Drone2:3168;Drone3:3213,675.8691,scanning,receive,Drone1
Drone2_e3180,Drone2,Drone1:3191;Drone2:3180;Drone3:3196,673.7786,processing,receive,Drone1
Drone3_e3214,Drone3,Drone1:3199;Drone2:3168;Drone3:3214,676.1238,scanning,local,
Drone1_e3200,Drone1,Drone1:3200;Drone2:3168;Drone3:3209,675.9085,formation_hold,local,
Drone1_e3201,Drone1,Drone1:3201;Drone2:3168;Drone3:3209,676.0983,formation_hold,send,Drone2
Drone1_e3202,Drone1,Drone1:3202;Drone2:3168;Drone3:3209,676.2229,idle,send,Drone2
Drone1_e3203,Drone1,Drone1:3203;Drone2:3168;Drone3:3209,676.3745,idle,local,
Drone3_e3215,Drone3,Drone1:3199;Drone2:3168;Drone3:3215,676.2471,scanning,local,
Drone3_e3216,Drone3,Drone1:3199;Drone2:3168;Drone3:3216,676.4286,scanning,local,
Drone1_e3204,Drone1,Drone1:3204;Drone2:3168;Drone3:3209,676.5872,idle,local,
Drone1_e3205,Drone1,Drone1:3205;Drone2:3168;Drone3:3209,676.7872,idle,local,
Drone1_e3206,Drone1,Drone1:3206;Drone2:3168;Drone3:3209,676.9604,idle,local,
Drone1_e3207,Drone1,Drone1:3207;Drone2:3168;Drone3:3209,677.2327,idle,local,
Drone3_e3217,Drone3,Drone1:3199;Drone2:3168;Drone3:3217,676.5140,scanning,local,
Drone2_e3181,Drone2,Drone1:3191;Drone2:3181;Drone3:3196,673.9130,processing,local,
Drone2_e3182,Drone2,Drone1:3196;Drone2:3182;Drone3:3206,675.0867,relative_computed,receive,Drone1
Drone1_e3208,Drone1,Drone1:3208;Drone2:3168;Drone3:3209,677.5214,idle,local,
Drone1_e3209,Drone1,Drone1:3209;Drone2:3168;Drone3:3209,677.8013,idle,local,
Drone3_e3218,Drone3,Drone1:3199;Drone2:3168;Drone3:3218,676.7586,scanning,local,
Drone1_e3210,Drone1,Drone1:3210;Drone2:3168;Drone3:3209,677.9869,idle,local,
Drone1_e3211,Drone1,Drone1:3211;Drone2:3168;Drone3:3209,678.1592,idle,local,
Drone2_e3183,Drone2,Drone1:3196;Drone2:3183;Drone3:3206,675.3470,relative_computed,local,
Drone1_e3212,Drone1,Drone1:3212;Drone2:3168;Drone3:3209,678.3422,scanning,send,Drone2
Drone1_e3213,Drone1,Drone1:3213;Drone2:3168;Drone3:3209,678.4950,scanning,send,Drone2
Drone2_e3184,Drone2,Drone1:3201;Drone2:3184;Drone3:3209,676.2517,relative_computed,receive,Drone1
Drone2_e3185,Drone2,Drone1:3201;Drone2:3185;Drone3:3209,676.4862,relative_computed,local,
Drone3_e3219,Drone3,Drone1:3199;Drone2:3168;Drone3:3219,676.8663,scanning,send,Drone2
Drone1_e3214,Drone1,Drone1:3214;Drone2:3168;Drone3:3209,678.6020,scanning,send,Drone3
Drone2_e3186,Drone2,Drone1:3201;Drone2:3186;Drone3:3219,677.0600,relative_computed,receive,Drone3
Drone2_e3187,Drone2,Drone1:3202;Drone2:3187;Drone3:3219,677.1751,relative_computed,receive,Drone1
Drone3_e3220,Drone3,Drone1:3214;Drone2:3168;Drone3:3220,678.6797,scanning,receive,Drone1
Drone2_e3188,Drone2,Drone1:3212;Drone2:3188;Drone3:3219,678.4846,relative_computed,receive,Drone1
Drone1_e3215,Drone1,Drone1:3215;Drone2:3168;Drone3:3209,678.8286,scanning,local,
Drone3_e3221,Drone3,Drone1:3214;Drone2:3168;Drone3:3221,678.9526,scanning,send,Drone2
Drone1_e3216,Drone1,Drone1:3216;Drone2:3168;Drone3:3209,678.9739,scanning,local,
Drone1_e3217,Drone1,Drone1:3217;Drone2:3168;Drone3:3209,679.2533,scanning,local,
Drone1_e3218,Drone1,Drone1:3218;Drone2:3168;Drone3:3209,679.3223,scanning,local,
Drone3_e3222,Drone3,Drone1:3214;Drone2:3168;Drone3:3222,679.1025,target_found,local,
Drone3_e3223,Drone3,Drone1:3214;Drone2:3168;Drone3:3223,679.2379,target_found,send,Drone2
Drone3_e3224,Drone3,Drone1:3214;Drone2:3168;Drone3:3224,679.3827,target_found,local,
Drone2_e3189,Drone2,Drone1:3212;Drone2:3189;Drone3:3219,678.5785,relative_computed,local,
Drone2_e3190,Drone2,Drone1:3212;Drone2:3190;Drone3:3219,678.6902,relative_computed,local,
Drone3_e3225,Drone3,Drone1:3214;Drone2:3168;Drone3:3225,679.6639,target_found,local,
Drone1_e3219,Drone1,Drone1:3219;Drone2:3168;Drone3:3209,679.3947,scanning,local,
Drone2_e3191,Drone2,Drone1:3212;Drone2:3191;Drone3:3219,678.7898,relative_computed,local,
Drone3_e3226,Drone3,Drone1:3214;Drone2:3168;Drone3:3226,679.7841,target_found,send,Drone2
Drone2_e3192,Drone2,Drone1:3212;Drone2:3192;Drone3:3219,678.9283,formation_hold,local,
Drone2_e3193,Drone2,Drone1:3212;Drone2:3193;Drone3:3219,678.9855,formation_hold,local,
Drone1_e3220,Drone1,Drone1:3220;Drone2:3168;Drone3:3209,679.6575,scanning,local,
Drone1_e3221,Drone1,Drone1:3221;Drone2:3168;Drone3:3209,679.8109,scanning,local,
Drone1_e3222,Drone1,Drone1:3222;Drone2:3168;Drone3:3209,680.1000,target_found,send,Drone2
Drone3_e3227,Drone3,Drone1:3214;Drone2:3168;Drone3:3227,679.9809,target_found,local,
Drone2_e3194,Drone2,Drone1:3212;Drone2:3194;Drone3:3219,679.2081,formation_hold,local,
Drone3_e3228,Drone3,Drone1:3214;Drone2:3168;Drone3:3228,680.2724,target_found,local,
Drone2_e3195,Drone2,Drone1:3212;Drone2:3195;Drone3:3219,679.4588,formation_hold,local,
Drone2_e3196,Drone2,Drone1:3212;Drone2:3196;Drone3:3219,679.5668,formation_hold,local,
Drone2_e3197,Drone2,Drone1:3212;Drone2:3197;Drone3:3219,679.8355,formation_hold,local,
Drone3_e3229,Drone3,Drone1:3214;Drone2:3168;Drone3:3229,680.4922,target_found,local,
Drone2_e3198,Drone2,Drone1:3214;Drone2:3198;Drone3:3221,679.9501,formation_hold,receive,Drone3
Drone3_e3230,Drone3,Drone1:3214;Drone2:3168;Drone3:3230,680.5634,target_found,local,
Drone3_e3231,Drone3,Drone1:3214;Drone2:3168;Drone3:3231,680.7036,target_found,local,
Drone3_e3232,Drone3,Drone1:3214;Drone2:3168;Drone3:3232,680.8566,position_measured,send,Drone1
Drone3_e3233,Drone3,Drone1:3214;Drone2:3168;Drone3:3233,681.1206,position_measured,local,
Drone1_e3223,Drone1,Drone1:3223;Drone2:3168;Drone3:3232,681.0471,target_found,receive,Drone3
Drone1_e3224,Drone1,Drone1:3224;Drone2:3168;Drone3:3232,681.3374,target_found,local,
Drone2_e3199,Drone2,Drone1:3214;Drone2:3199;Drone3:3221,680.0433,formation_hold,receive,Drone1
Drone2_e3200,Drone2,Drone1:3214;Drone2:3200;Drone3:3221,680.1760,formation_hold,local,
Drone3_e3234,Drone3,Drone1:3214;Drone2:3168;Drone3:3234,681.3897,position_measured,local,
Drone1_e3225,Drone1,Drone1:3225;Drone2:3168;Drone3:3232,681.4327,target_found,local,
Drone2_e3201,Drone2,Drone1:3222;Drone2:3201;Drone3:3221,680.3329,formation_hold,receive,Drone1
Drone2_e3202,Drone2,Drone1:3222;Drone2:3202;Drone3:3223,680.6282,idle,receive,Drone3
Drone3_e3235,Drone3,Drone1:3214;Drone2:3168;Drone3:3235,681.6135,position_measured,local,
Drone2_e3203,Drone2,Drone1:3222;Drone2:3203;Drone3:3223,680.7108,idle,local,
Drone2_e3204,Drone2,Drone1:3222;Drone2:3204;Drone3:3226,681.0026,idle,receive,Drone3
Drone1_e3226,Drone1,Drone1:3226;Drone2:3168;Drone3:3232,681.7152,target_found,local,
Drone3_e3236,Drone3,Drone1:3214;Drone2:3168;Drone3:3236,681.8256,position_measured,local,
Drone2_e3205,Drone2,Drone1:3222;Drone2:3205;Drone3:3226,681.1678,idle,send,Drone3
Drone3_e3237,Drone3,Drone1:3214;Drone2:3168;Drone3:3237,682.0499,position_measured,local,
Drone2_e3206,Drone2,Drone1:3222;Drone2:3206;Drone3:3226,681.2764,idle,local,
Drone3_e3238,Drone3,Drone1:3222;Drone2:3205;Drone3:3238,682.2778,position_measured,receive,Drone2
Drone3_e3239,Drone3,Drone1:3222;Drone2:3205;Drone3:3239,682.4334,position_measured,send,Drone1
Drone3_e3240,Drone3,Drone1:3222;Drone2:3205;Drone3:3240,682.6050,position_measured,local,
Drone1_e3227,Drone1,Drone1:3227;Drone2:3168;Drone3:3232,681.9361,target_found,local,
Drone1_e3228,Drone1,Drone1:3228;Drone2:3205;Drone3:3239,682.4866,target_found,receive,Drone3
Drone3_e3241,Drone3,Drone1:3222;Drone2:3205;Drone3:3241,682.6809,position_measured,local,
Drone3_e3242,Drone3,Drone1:3222;Drone2:3205;Drone3:3242,682.8018,position_sent,local,
Drone3_e3243,Drone3,Drone1:3222;Drone2:3205;Drone3:3243,682.9531,position_sent,local,
Drone1_e3229,Drone1,Drone1:3229;Drone2:3205;Drone3:3239,682.5964,target_found,local,
Drone2_e3207,Drone2,Drone1:3222;Drone2:3207;Drone3:3226,681.5209,idle,local,
Drone3_e3244,Drone3,Drone1:3222;Drone2:3205;Drone3:3244,683.0736,position_sent,local,
Drone3_e3245,Drone3,Drone1:3222;Drone2:3205;Drone3:3245,683.1957,position_sent,local,
Drone3_e3246,Drone3,Drone1:3222;Drone2:3205;Drone3:3246,683.4049,position_sent,local,
Drone1_e3230,Drone1,Drone1:3230;Drone2:3205;Drone3:3239,682.7341,target_found,local,
Drone1_e3231,Drone1,Drone1:3231;Drone2:3205;Drone3:3239,683.0058,target_found,local,
Drone3_e3247,Drone3,Drone1:3222;Drone2:3205;Drone3:3247,683.5758,position_sent,send,Drone1
Drone3_e3248,Drone3,Drone1:3222;Drone2:3205;Drone3:3248,683.7438,position_sent,local,
Drone2_e3208,Drone2,Drone1:3222;Drone2:3208;Drone3:3226,681.7355,idle,local,
Drone3_e3249,Drone3,Drone1:3222;Drone2:3205;Drone3:3249,683.8249,position_sent,local,
Drone1_e3232,Drone1,Drone1:3232;Drone2:3205;Drone3:3247,683.7294,position_measured,receive,Drone3
Drone2_e3209,Drone2,Drone1:3222;Drone2:3209;Drone3:3226,681.9448,idle,local,
Drone3_e3250,Drone3,Drone1:3222;Drone2:3205;Drone3:3250,684.0819,position_sent,local,
Drone2_e3210,Drone2,Drone1:3222;Drone2:3210;Drone3:3226,682.0273,idle,local,
Drone3_e3251,Drone3,Drone1:3222;Drone2:3205;Drone3:3251,684.1481,position_sent,local,
Drone3_e3252,Drone3,Drone1:3222;Drone2:3205;Drone3:3252,684.4381,processing,local,
Drone1_e3233,Drone1,Drone1:3233;Drone2:3205;Drone3:3247,683.9099,position_measured,local,
Drone3_e3253,Drone3,Drone1:3222;Drone2:3205;Drone3:3253,684.6100,processing,send,Drone1
Drone3_e3254,Drone3,Drone1:3222;Drone2:3205;Drone3:3254,684.6899,processing,send,Drone2
Drone2_e3211,Drone2,Drone1:3222;Drone2:3211;Drone3:3226,682.1418,idle,local,
Drone2_e3212,Drone2,Drone1:3222;Drone2:3212;Drone3:3226,682.2122,scanning,local,
Drone1_e3234,Drone1,Drone1:3234;Drone2:3205;Drone3:3247,684.1739,position_measured,local,
Drone1_e3235,Drone1,Drone1:3235;Drone2:3205;Drone3:3253,684.7509,position_measured,receive,Drone3
Drone2_e3213,Drone2,Drone1:3222;Drone2:3213;Drone3:3254,684.9581,scanning,receive,Drone3
Drone2_e3214,Drone2,Drone1:3222;Drone2:3214;Drone3:3254,685.2507,scanning,send,Drone3
Drone1_e3236,Drone1,Drone1:3236;Drone2:3205;Drone3:3253,685.0435,position_measured,send,Drone3
Drone3_e3255,Drone3,Drone1:3222;Drone2:3205;Drone3:3255,684.9827,processing,local,
Drone2_e3215,Drone2,Drone1:3222;Drone2:3215;Drone3:3254,685.3148,scanning,local,
Drone3_e3256,Drone3,Drone1:3222;Drone2:3205;Drone3:3256,685.0629,processing,local,
Drone1_e3237,Drone1,Drone1:3237;Drone2:3205;Drone3:3253,685.1366,position_measured,local,
Drone1_e3238,Drone1,Drone1:3238;Drone2:3205;Drone3:3253,685.3243,position_measured,send,Drone2
Drone1_e3239,Drone1,Drone1:3239;Drone2:3205;Drone3:3253,685.4758,position_measured,local,
Drone3_e3257,Drone3,Drone1:3222;Drone2:3205;Drone3:3257,685.1280,processing,local,
Drone2_e3216,Drone2,Drone1:3222;Drone2:3216;Drone3:3254,685.4678,scanning,local,
Drone1_e3240,Drone1,Drone1:3240;Drone2:3205;Drone3:3253,685.6160,position_measured,send,Drone3
Drone3_e3258,Drone3,Drone1:3222;Drone2:3205;Drone3:3258,685.3154,processing,local,
Drone1_e3241,Drone1,Drone1:3241;Drone2:3205;Drone3:3253,685.8276,position_measured,local,
Drone2_e3217,Drone2,Drone1:3222;Drone2:3217;Drone3:3254,685.6202,scanning,local,
Drone2_e3218,Drone2,Drone1:3222;Drone2:3218;Drone3:3254,685.8374,scanning,local,
Drone1_e3242,Drone1,Drone1:3242;Drone2:3205;Drone3:3253,686.0697,position_sent,local,
Drone1_e3243,Drone1,Drone1:3243;Drone2:3205;Drone3:3253,686.1670,position_sent,local,
Drone3_e3259,Drone3,Drone1:3222;Drone2:3205;Drone3:3259,685.5734,processing,local,
Drone3_e3260,Drone3,Drone1:3222;Drone2:3205;Drone3:3260,685.8693,processing,local,
Drone2_e3219,Drone2,Drone1:3238;Drone2:3219;Drone3:3254,686.0093,scanning,receive,Drone1
Drone1_e3244,Drone1,Drone1:3244;Drone2:3205;Drone3:3253,686.3450,position_sent,local,
Drone3_e3261,Drone3,Drone1:3222;Drone2:3205;Drone3:3261,686.0977,processing,local,
Drone2_e3220,Drone2,Drone1:3238;Drone2:3220;Drone3:3254,686.2941,scanning,local,
Drone1_e3245,Drone1,Drone1:3245;Drone2:3205;Drone3:3253,686.5951,position_sent,send,Drone3
Drone3_e3262,Drone3,Drone1:3236;Drone2:3205;Drone3:3262,686.2160,relative_computed,receive,Drone1
Drone2_e3221,Drone2,Drone1:3238;Drone2:3221;Drone3:3254,686.5122,scanning,local,
Drone3_e3263,Drone3,Drone1:3236;Drone2:3205;Drone3:3263,686.4466,relative_computed,local,
Drone3_e3264,Drone3,Drone1:3236;Drone2:3205;Drone3:3264,686.5989,relative_computed,local,
Drone3_e3265,Drone3,Drone1:3236;Drone2:3214;Drone3:3265,686.7358,relative_computed,receive,Drone2
Drone2_e3222,Drone2,Drone1:3238;Drone2:3222;Drone3:3254,686.7305,target_found,local,
Drone2_e3223,Drone2,Drone1:3238;Drone2:3223;Drone3:3254,686.8792,target_found,local,
Drone2_e3224,Drone2,Drone1:3238;Drone2:3224;Drone3:3254,687.0280,target_found,send,Drone3
Drone3_e3266,Drone3,Drone1:3240;Drone2:3214;Drone3:3266,686.9114,relative_computed,receive,Drone1
Drone2_e3225,Drone2,Drone1:3238;Drone2:3225;Drone3:3254,687.1459,target_found,local,
Drone2_e3226,Drone2,Drone1:3238;Drone2:3226;Drone3:3254,687.1967,target_found,local,
Drone1_e3246,Drone1,Drone1:3246;Drone2:3205;Drone3:3253,686.8363,position_sent,send,Drone3
Drone1_e3247,Drone1,Drone1:3247;Drone2:3205;Drone3:3253,687.1301,position_sent,send,Drone3
Drone2_e3227,Drone2,Drone1:3238;Drone2:3227;Drone3:3254,687.4909,target_found,local,
Drone1_e3248,Drone1,Drone1:3248;Drone2:3205;Drone3:3253,687.3459,position_sent,send,Drone3
Drone2_e3228,Drone2,Drone1:3238;Drone2:3228;Drone3:3254,687.7792,target_found,local,
Drone2_e3229,Drone2,Drone1:3238;Drone2:3229;Drone3:3254,687.8848,target_found,local,
Drone1_e3249,Drone1,Drone1:3249;Drone2:3205;Drone3:3253,687.5748,position_sent,local,
Drone1_e3250,Drone1,Drone1:3250;Drone2:3205;Drone3:3253,687.7402,position_sent,local,
Drone2_e3230,Drone2,Drone1:3238;Drone2:3230;Drone3:3254,687.9446,target_found,local,
Drone2_e3231,Drone2,Drone1:3238;Drone2:3231;Drone3:3254,688.1028,target_found,send,Drone1
Drone2_e3232,Drone2,Drone1:3238;Drone2:3232;Drone3:3254,688.2207,position_measured,send,Drone1
Drone2_e3233,Drone2,Drone1:3238;Drone2:3233;Drone3:3254,688.3628,position_measured,local,
Drone1_e3251,Drone1,Drone1:3251;Drone2:3231;Drone3:3254,688.2733,position_sent,receive,Drone2
Drone3_e3267,Drone3,Drone1:3240;Drone2:3214;Drone3:3267,687.2072,relative_computed,local,
Drone1_e3252,Drone1,Drone1:3252;Drone2:3231;Drone3:3254,688.4129,processing,local,
Drone1_e3253,Drone1,Drone1:3253;Drone2:3232;Drone3:3254,688.6130,processing,receive,Drone2
Drone1_e3254,Drone1,Drone1:3254;Drone2:3232;Drone3:3254,688.7716,processing,send,Drone3
Drone1_e3255,Drone1,Drone1:3255;Drone2:3232;Drone3:3254,688.8540,processing,local,
Drone3_e3268,Drone3,Drone1:3240;Drone2:3214;Drone3:3268,687.4315,relative_computed,local,
Drone1_e3256,Drone1,Drone1:3256;Drone2:3232;Drone3:3254,689.0967,processing,local,
Drone1_e3257,Drone1,Drone1:3257;Drone2:3232;Drone3:3254,689.3705,processing,local,
Drone1_e3258,Drone1,Drone1:3258;Drone2:3232;Drone3:3254,689.4647,processing,local,
Drone2_e3234,Drone2,Drone1:3238;Drone2:3234;Drone3:3254,688.4647,position_measured,local,
Drone1_e3259,Drone1,Drone1:3259;Drone2:3232;Drone3:3254,689.6940,processing,send,Drone2
Drone3_e3269,Drone3,Drone1:3240;Drone2:3214;Drone3:3269,687.7029,relative_computed,local,
Drone1_e3260,Drone1,Drone1:3260;Drone2:3232;Drone3:3254,689.8901,processing,local,
Drone1_e3261,Drone1,Drone1:3261;Drone2:3232;Drone3:3254,690.0028,processing,local,
Drone1_e3262,Drone1,Drone1:3262;Drone2:3232;Drone3:3254,690.0556,relative_computed,send,Drone3
Drone1_e3263,Drone1,Drone1:3263;Drone2:3232;Drone3:3254,690.2763,relative_computed,send,Drone2
Drone3_e3270,Drone3,Drone1:3240;Drone2:3214;Drone3:3270,687.9747,relative_computed,local,
Drone3_e3271,Drone3,Drone1:3240;Drone2:3224;Drone3:3271,688.1164,relative_computed,receive,Drone2
Drone3_e3272,Drone3,Drone1:3240;Drone2:3224;Drone3:3272,688.1871,formation_hold,local,
Drone2_e3235,Drone2,Drone1:3238;Drone2:3235;Drone3:3254,688.7375,position_measured,local,
Drone3_e3273,Drone3,Drone1:3240;Drone2:3224;Drone3:3273,688.3044,formation_hold,local,
Drone1_e3264,Drone1,Drone1:3264;Drone2:3232;Drone3:3254,690.4744,relative_computed,local,
Drone3_e3274,Drone3,Drone1:3240;Drone2:3224;Drone3:3274,688.4473,formation_hold,local,
Drone3_e3275,Drone3,Drone1:3240;Drone2:3224;Drone3:3275,688.6167,formation_hold,local,
Drone2_e3236,Drone2,Drone1:3238;Drone2:3236;Drone3:3254,688.8839,position_measured,local,
Drone1_e3265,Drone1,Drone1:3265;Drone2:3232;Drone3:3254,690.6875,relative_computed,local,
Drone2_e3237,Drone2,Drone1:3259;Drone2:3237;Drone3:3254,689.8208,position_measured,receive,Drone1
Drone3_e3276,Drone3,Drone1:3240;Drone2:3224;Drone3:3276,688.7027,formation_hold,local,
Drone2_e3238,Drone2,Drone1:3259;Drone2:3238;Drone3:3254,690.0450,position_measured,local,
Drone1_e3266,Drone1,Drone1:3266;Drone2:3232;Drone3:3254,690.9047,relative_computed,local,
Drone2_e3239,Drone2,Drone1:3263;Drone2:3239;Drone3:3254,690.3779,position_measured,receive,Drone1
Drone1_e3267,Drone1,Drone1:3267;Drone2:3232;Drone3:3254,691.0673,relative_computed,local,
Drone3_e3277,Drone3,Drone1:3240;Drone2:3224;Drone3:3277,688.9948,formation_hold,local,
Drone2_e3240,Drone2,Drone1:3263;Drone2:3240;Drone3:3254,690.5185,position_measured,local,
Drone1_e3268,Drone1,Drone1:3268;Drone2:3232;Drone3:3254,691.2488,relative_computed,send,Drone2
Drone3_e3278,Drone3,Drone1:3245;Drone2:3224;Drone3:3278,689.1000,formation_hold,receive,Drone1
Drone2_e3241,Drone2,Drone1:3263;Drone2:3241;Drone3:3254,690.7203,position_measured,local,
Drone3_e3279,Drone3,Drone1:3245;Drone2:3224;Drone3:3279,689.3657,formation_hold,local,
Drone3_e3280,Drone3,Drone1:3246;Drone2:3224;Drone3:3280,689.4214,formation_hold,receive,Drone1
Drone1_e3269,Drone1,Drone1:3269;Drone2:3232;Drone3:3254,691.4882,relative_computed,send,Drone3
Drone3_e3281,Drone3,Drone1:3246;Drone2:3224;Drone3:3281,689.5577,formation_hold,local,
Drone2_e3242,Drone2,Drone1:3263;Drone2:3242;Drone3:3254,690.9406,position_sent,local,
Drone3_e3282,Drone3,Drone1:3247;Drone2:3224;Drone3:3282,689.6107,idle,receive,Drone1
Drone2_e3243,Drone2,Drone1:3263;Drone2:3243;Drone3:3254,691.2184,position_sent,local,
Drone3_e3283,Drone3,Drone1:3247;Drone2:3224;Drone3:3283,689.8201,idle,local,
Drone1_e3270,Drone1,Drone1:3270;Drone2:3232;Drone3:3254,691.6527,relative_computed,local,
Drone2_e3244,Drone2,Drone1:3263;Drone2:3244;Drone3:3254,691.3862,position_sent,local,
Drone2_e3245,Drone2,Drone1:3263;Drone2:3245;Drone3:3254,691.5804,position_sent,local,
Drone3_e3284,Drone3,Drone1:3247;Drone2:3224;Drone3:3284,689.9057,idle,local,
Drone3_e3285,Drone3,Drone1:3248;Drone2:3224;Drone3:3285,690.1784,idle,receive,Drone1
Drone1_e3271,Drone1,Drone1:3271;Drone2:3232;Drone3:3254,691.7490,relative_computed,send,Drone3
Drone1_e3272,Drone1,Drone1:3272;Drone2:3232;Drone3:3254,691.8943,formation_hold,local,
Drone1_e3273,Drone1,Drone1:3273;Drone2:3232;Drone3:3254,692.0857,formation_hold,send,Drone3
Drone2_e3246,Drone2,Drone1:3268;Drone2:3246;Drone3:3254,691.7042,position_sent,receive,Drone1
Drone3_e3286,Drone3,Drone1:3248;Drone2:3224;Drone3:3286,690.3320,idle,local,
Drone3_e3287,Drone3,Drone1:3248;Drone2:3224;Drone3:3287,690.5358,idle,local,
Drone3_e3288,Drone3,Drone1:3254;Drone2:3232;Drone3:3288,690.7249,idle,receive,Drone1
Drone2_e3247,Drone2,Drone1:3268;Drone2:3247;Drone3:3254,691.9402,position_sent,local,
Drone2_e3248,Drone2,Drone1:3268;Drone2:3248;Drone3:3254,692.1849,position_sent,local,
Drone3_e3289,Drone3,Drone1:3262;Drone2:3232;Drone3:3289,690.8924,idle,receive,Drone1
Drone3_e3290,Drone3,Drone1:3262;Drone2:3232;Drone3:3290,690.9502,idle,local,
Drone1_e3274,Drone1,Drone1:3274;Drone2:3232;Drone3:3254,692.1585,formation_hold,local,
Drone3_e3291,Drone3,Drone1:3269;Drone2:3232;Drone3:3291,691.7732,idle,receive,Drone1
Drone2_e3249,Drone2,Drone1:3268;Drone2:3249;Drone3:3254,692.2902,position_sent,local,
Drone3_e3292,Drone3,Drone1:3269;Drone2:3232;Drone3:3292,691.9110,scanning,local,
Drone2_e3250,Drone2,Drone1:3268;Drone2:3250;Drone3:3254,692.4555,position_sent,local,
Drone3_e3293,Drone3,Drone1:3269;Drone2:3232;Drone3:3293,692.0074,scanning,local,
Drone3_e3294,Drone3,Drone1:3271;Drone2:3232;Drone3:3294,692.1244,scanning,receive,Drone1
Drone1_e3275,Drone1,Drone1:3275;Drone2:3232;Drone3:3254,692.2248,formation_hold,local,
Drone3_e3295,Drone3,Drone1:3273;Drone2:3232;Drone3:3295,692.3195,scanning,receive,Drone1
Drone1_e3276,Drone1,Drone1:3276;Drone2:3232;Drone3:3254,692.3504,formation_hold,local,
Drone3_e3296,Drone3,Drone1:3273;Drone2:3232;Drone3:3296,692.5495,scanning,local,
Drone3_e3297,Drone3,Drone1:3273;Drone2:3232;Drone3:3297,692.6514,scanning,send,Drone2
Drone3_e3298,Drone3,Drone1:3273;Drone2:3232;Drone3:3298,692.7775,scanning,send,Drone2
Drone2_e3251,Drone2,Drone1:3268;Drone2:3251;Drone3:3254,692.6449,position_sent,local,
Drone3_e3299,Drone3,Drone1:3273;Drone2:3232;Drone3:3299,692.8769,scanning,local,
Drone2_e3252,Drone2,Drone1:3268;Drone2:3252;Drone3:3254,692.8485,processing,local,
Drone3_e3300,Drone3,Drone1:3273;Drone2:3232;Drone3:3300,692.9498,scanning,local,
Drone2_e3253,Drone2,Drone1:3268;Drone2:3253;Drone3:3254,693.0952,processing,local,
Drone3_e3301,Drone3,Drone1:3273;Drone2:3232;Drone3:3301,693.1496,scanning,local,
Drone2_e3254,Drone2,Drone1:3273;Drone2:3254;Drone3:3297,693.2183,processing,receive,Drone3
Drone3_e3302,Drone3,Drone1:3273;Drone2:3232;Drone3:3302,693.2911,target_found,local,
Drone3_e3303,Drone3,Drone1:3273;Drone2:3232;Drone3:3303,693.4286,target_found,send,Drone2
Drone2_e3255,Drone2,Drone1:3273;Drone2:3255;Drone3:3297,693.4473,processing,local,
Drone2_e3256,Drone2,Drone1:3273;Drone2:3256;Drone3:3297,693.6409,processing,local,
Drone2_e3257,Drone2,Drone1:3273;Drone2:3257;Drone3:3298,693.8891,processing,receive,Drone3
Drone3_e3304,Drone3,Drone1:3273;Drone2:3232;Drone3:3304,693.5370,target_found,local,
Drone2_e3258,Drone2,Drone1:3273;Drone2:3258;Drone3:3298,694.1597,processing,local,
Drone3_e3305,Drone3,Drone1:3273;Drone2:3232;Drone3:3305,693.8100,target_found,local,
Drone3_e3306,Drone3,Drone1:3273;Drone2:3232;Drone3:3306,693.9853,target_found,local,
Drone3_e3307,Drone3,Drone1:3273;Drone2:3232;Drone3:3307,694.1325,target_found,send,Drone2
Drone2_e3259,Drone2,Drone1:3273;Drone2:3259;Drone3:3298,694.2317,processing,local,
Drone1_e3277,Drone1,Drone1:3277;Drone2:3232;Drone3:3254,692.6001,formation_hold,local,
Drone2_e3260,Drone2,Drone1:3273;Drone2:3260;Drone3:3298,694.3923,processing,local,
Drone3_e3308,Drone3,Drone1:3273;Drone2:3232;Drone3:3308,694.3710,target_found,local,
Drone3_e3309,Drone3,Drone1:3273;Drone2:3232;Drone3:3309,694.4893,target_found,send,Drone2
Drone2_e3261,Drone2,Drone1:3273;Drone2:3261;Drone3:3303,694.5693,processing,receive,Drone3
Drone3_e3310,Drone3,Drone1:3273;Drone2:3232;Drone3:3310,694.6381,target_found,send,Drone1
Drone3_e3311,Drone3,Drone1:3273;Drone2:3232;Drone3:3311,694.7255,target_found,local,
Drone1_e3278,Drone1,Drone1:3278;Drone2:3232;Drone3:3254,692.7928,formation_hold,local,
Drone3_e3312,Drone3,Drone1:3273;Drone2:3232;Drone3:3312,694.8730,position_measured,local,
Drone2_e3262,Drone2,Drone1:3273;Drone2:3262;Drone3:3303,694.8574,relative_computed,local,
Drone1_e3279,Drone1,Drone1:3279;Drone2:3232;Drone3:3310,694.7626,formation_hold,receive,Drone3
Drone1_e3280,Drone1,Drone1:3280;Drone2:3232;Drone3:3310,694.9447,formation_hold,local,
Drone3_e3313,Drone3,Drone1:3273;Drone2:3232;Drone3:3313,695.1722,position_measured,local,
Drone1_e3281,Drone1,Drone1:3281;Drone2:3232;Drone3:3310,695.1662,formation_hold,local,
Drone2_e3263,Drone2,Drone1:3273;Drone2:3263;Drone3:3307,695.0335,relative_computed,receive,Drone3
Drone1_e3282,Drone1,Drone1:3282;Drone2:3232;Drone3:3310,695.2686,idle,send,Drone2
Drone2_e3264,Drone2,Drone1:3273;Drone2:3264;Drone3:3307,695.1562,relative_computed,local,
Drone2_e3265,Drone2,Drone1:3282;Drone2:3265;Drone3:3310,695.4655,relative_computed,receive,Drone1
Drone1_e3283,Drone1,Drone1:3283;Drone2:3232;Drone3:3310,695.3835,idle,send,Drone3
Drone2_e3266,Drone2,Drone1:3282;Drone2:3266;Drone3:3310,695.6991,relative_computed,local,
Drone3_e3314,Drone3,Drone1:3283;Drone2:3232;Drone3:3314,695.5400,position_measured,receive,Drone1
Drone1_e3284,Drone1,Drone1:3284;Drone2:3232;Drone3:3310,695.4446,idle,send,Drone3
Drone1_e3285,Drone1,Drone1:3285;Drone2:3232;Drone3:3310,695.6986,idle,local,
Drone2_e3267,Drone2,Drone1:3282;Drone2:3267;Drone3:3310,695.9939,relative_computed,local,
Drone3_e3315,Drone3,Drone1:3283;Drone2:3232;Drone3:3315,695.7676,position_measured,local,
Drone3_e3316,Drone3,Drone1:3283;Drone2:3232;Drone3:3316,695.8351,position_measured,local,
Drone3_e3317,Drone3,Drone1:3283;Drone2:3232;Drone3:3317,695.8962,position_measured,local,
Drone2_e3268,Drone2,Drone1:3282;Drone2:3268;Drone3:3310,696.0976,relative_computed,receive,Drone3
Drone2_e3269,Drone2,Drone1:3282;Drone2:3269;Drone3:3310,696.3263,relative_computed,send,Drone3
Drone3_e3318,Drone3,Drone1:3283;Drone2:3232;Drone3:3318,695.9713,position_measured,local,
Drone1_e3286,Drone1,Drone1:3286;Drone2:3232;Drone3:3310,695.8275,idle,local,
Drone1_e3287,Drone1,Drone1:3287;Drone2:3232;Drone3:3310,695.8840,idle,local,
Drone3_e3319,Drone3,Drone1:3283;Drone2:3269;Drone3:3319,696.4245,position_measured,receive,Drone2
Drone3_e3320,Drone3,Drone1:3284;Drone2:3269;Drone3:3320,696.4917,position_measured,receive,Drone1
Drone2_e3270,Drone2,Drone1:3282;Drone2:3270;Drone3:3310,696.5903,relative_computed,local,
Drone1_e3288,Drone1,Drone1:3288;Drone2:3232;Drone3:3310,695.9572,idle,local,
Drone2_e3271,Drone2,Drone1:3282;Drone2:3271;Drone3:3310,696.7365,relative_computed,local,
Drone3_e3321,Drone3,Drone1:3284;Drone2:3269;Drone3:3321,696.6911,position_measured,local,
Drone3_e3322,Drone3,Drone1:3284;Drone2:3269;Drone3:3322,696.8857,position_sent,local,
Drone1_e3289,Drone1,Drone1:3289;Drone2:3232;Drone3:3310,696.1635,idle,local,
Drone3_e3323,Drone3,Drone1:3284;Drone2:3269;Drone3:3323,697.1550,position_sent,local,
Drone2_e3272,Drone2,Drone1:3282;Drone2:3272;Drone3:3310,696.9545,formation_hold,send,Drone1
Drone3_e3324,Drone3,Drone1:3284;Drone2:3269;Drone3:3324,697.2606,position_sent,local,
Drone3_e3325,Drone3,Drone1:3284;Drone2:3269;Drone3:3325,697.4201,position_sent,local,
Drone3_e3326,Drone3,Drone1:3284;Drone2:3269;Drone3:3326,697.6352,position_sent,local,
Drone1_e3290,Drone1,Drone1:3290;Drone2:3232;Drone3:3310,696.3476,idle,local,
Drone3_e3327,Drone3,Drone1:3284;Drone2:3269;Drone3:3327,697.9222,position_sent,local,
Drone3_e3328,Drone3,Drone1:3284;Drone2:3269;Drone3:3328,698.1490,position_sent,local,
Drone3_e3329,Drone3,Drone1:3284;Drone2:3269;Drone3:3329,698.4375,position_sent,local,
Drone2_e3273,Drone2,Drone1:3282;Drone2:3273;Drone3:3310,697.1545,formation_hold,send,Drone1
Drone1_e3291,Drone1,Drone1:3291;Drone2:3272;Drone3:3310,697.0564,idle,receive,Drone2
Drone1_e3292,Drone1,Drone1:3292;Drone2:3273;Drone3:3310,697.2744,scanning,receive,Drone2
Drone2_e3274,Drone2,Drone1:3282;Drone2:3274;Drone3:3310,697.2150,formation_hold,send,Drone1
Drone2_e3275,Drone2,Drone1:3282;Drone2:3275;Drone3:3310,697.5009,formation_hold,send,Drone1
Drone1_e3293,Drone1,Drone1:3293;Drone2:3273;Drone3:3310,697.4934,scanning,local,
Drone2_e3276,Drone2,Drone1:3282;Drone2:3276;Drone3:3310,697.6815,formation_hold,local,
Drone2_e3277,Drone2,Drone1:3282;Drone2:3277;Drone3:3310,697.9106,formation_hold,local,
Drone2_e3278,Drone2,Drone1:3282;Drone2:3278;Drone3:3310,698.0577,formation_hold,local,
Drone1_e3294,Drone1,Drone1:3294;Drone2:3274;Drone3:3310,697.7697,scanning,receive,Drone2
Drone3_e3330,Drone3,Drone1:3284;Drone2:3269;Drone3:3330,698.6499,position_sent,send,Drone1
Drone1_e3295,Drone1,Drone1:3295;Drone2:3274;Drone3:3310,697.9677,scanning,local,
Drone2_e3279,Drone2,Drone1:3282;Drone2:3279;Drone3:3310,698.2151,formation_hold,local,
Drone2_e3280,Drone2,Drone1:3282;Drone2:3280;Drone3:3310,698.3071,formation_hold,local,
Drone1_e3296,Drone1,Drone1:3296;Drone2:3274;Drone3:3310,698.0297,scanning,local,
Drone3_e3331,Drone3,Drone1:3284;Drone2:3269;Drone3:3331,698.9247,position_sent,send,Drone1
Drone3_e3332,Drone3,Drone1:3284;Drone2:3269;Drone3:3332,699.1906,processing,local,
Drone3_e3333,Drone3,Drone1:3284;Drone2:3269;Drone3:3333,699.2981,processing,local,
Drone3_e3334,Drone3,Drone1:3284;Drone2:3269;Drone3:3334,699.5003,processing,local,
Drone1_e3297,Drone1,Drone1:3297;Drone2:3275;Drone3:3310,698.1608,scanning,receive,Drone2
Drone3_e3335,Drone3,Drone1:3284;Drone2:3269;Drone3:3335,699.6773,processing,local,
Drone2_e3281,Drone2,Drone1:3282;Drone2:3281;Drone3:3310,698.5859,formation_hold,local,
Drone1_e3298,Drone1,Drone1:3298;Drone2:3275;Drone3:3310,698.2485,scanning,local,
Drone1_e3299,Drone1,Drone1:3299;Drone2:3275;Drone3:3310,698.5025,scanning,local,
Drone2_e3282,Drone2,Drone1:3282;Drone2:3282;Drone3:3310,698.7746,idle,local,
Drone3_e3336,Drone3,Drone1:3284;Drone2:3269;Drone3:3336,699.8786,processing,local,
Drone1_e3300,Drone1,Drone1:3300;Drone2:3275;Drone3:3310,698.7729,scanning,local,
Drone3_e3337,Drone3,Drone1:3284;Drone2:3269;Drone3:3337,699.9556,processing,local,
Drone2_e3283,Drone2,Drone1:3282;Drone2:3283;Drone3:3310,698.8367,idle,local,
Drone2_e3284,Drone2,Drone1:3282;Drone2:3284;Drone3:3310,698.9727,idle,local,
Drone1_e3301,Drone1,Drone1:3301;Drone2:3275;Drone3:3330,699.0335,scanning,receive,Drone3
Drone2_e3285,Drone2,Drone1:3282;Drone2:3285;Drone3:3310,699.1239,idle,send,Drone1
Drone2_e3286,Drone2,Drone1:3282;Drone2:3286;Drone3:3310,699.4093,idle,local,
Drone3_e3338,Drone3,Drone1:3284;Drone2:3269;Drone3:3338,700.0688,processing,local,
Drone3_e3339,Drone3,Drone1:3284;Drone2:3269;Drone3:3339,700.2206,processing,local,
Drone1_e3302,Drone1,Drone1:3302;Drone2:3275;Drone3:3330,699.2589,target_found,local,
Drone3_e3340,Drone3,Drone1:3284;Drone2:3269;Drone3:3340,700.4974,processing,local,
Drone2_e3287,Drone2,Drone1:3282;Drone2:3287;Drone3:3310,699.5276,idle,send,Drone1
Drone3_e3341,Drone3,Drone1:3284;Drone2:3269;Drone3:3341,700.6175,processing,local,
Drone2_e3288,Drone2,Drone1:3282;Drone2:3288;Drone3:3310,699.5805,idle,send,Drone3
Drone3_e3342,Drone3,Drone1:3284;Drone2:3269;Drone3:3342,700.8525,relative_computed,local,
Drone3_e3343,Drone3,Drone1:3284;Drone2:3288;Drone3:3343,701.0756,relative_computed,receive,Drone2
Drone2_e3289,Drone2,Drone1:3282;Drone2:3289;Drone3:3310,699.7385,idle,send,Drone3
Drone3_e3344,Drone3,Drone1:3284;Drone2:3289;Drone3:3344,701.2685,relative_computed,receive,Drone2
Drone1_e3303,Drone1,Drone1:3303;Drone2:3275;Drone3:3330,699.3443,target_found,local,
Drone2_e3290,Drone2,Drone1:3282;Drone2:3290;Drone3:3310,699.9548,idle,send,Drone1
Drone3_e3345,Drone3,Drone1:3284;Drone2:3289;Drone3:3345,701.4321,relative_computed,send,Drone2
Drone3_e3346,Drone3,Drone1:3284;Drone2:3289;Drone3:3346,701.5898,relative_computed,local,
Drone2_e3291,Drone2,Drone1:3282;Drone2:3291;Drone3:3310,700.1734,idle,local,
Drone3_e3347,Drone3,Drone1:3284;Drone2:3289;Drone3:3347,701.7534,relative_computed,local,
Drone2_e3292,Drone2,Drone1:3282;Drone2:3292;Drone3:3310,700.4430,scanning,local,
Drone2_e3293,Drone2,Drone1:3284;Drone2:3293;Drone3:3345,701.5798,scanning,receive,Drone3
Drone2_e3294,Drone2,Drone1:3284;Drone2:3294;Drone3:3345,701.7609,scanning,local,
Drone3_e3348,Drone3,Drone1:3284;Drone2:3289;Drone3:3348,701.9207,relative_computed,local,
Drone2_e3295,Drone2,Drone1:3284;Drone2:3295;Drone3:3345,701.9047,scanning,local,
Drone3_e3349,Drone3,Drone1:3284;Drone2:3289;Drone3:3349,702.1974,relative_computed,local,
Drone1_e3304,Drone1,Drone1:3304;Drone2:3275;Drone3:3330,699.6348,target_found,local,
Drone2_e3296,Drone2,Drone1:3284;Drone2:3296;Drone3:3345,702.1940,scanning,send,Drone3
Drone1_e3305,Drone1,Drone1:3305;Drone2:3275;Drone3:3331,699.7815,target_found,receive,Drone3
Drone3_e3350,Drone3,Drone1:3284;Drone2:3289;Drone3:3350,702.3562,relative_computed,local,
Drone1_e3306,Drone1,Drone1:3306;Drone2:3285;Drone3:3331,699.8990,target_found,receive,Drone2
Drone2_e3297,Drone2,Drone1:3284;Drone2:3297;Drone3:3345,702.3927,scanning,local,
Drone3_e3351,Drone3,Drone1:3284;Drone2:3289;Drone3:3351,702.5750,relative_computed,local,
Drone2_e3298,Drone2,Drone1:3284;Drone2:3298;Drone3:3345,702.4739,scanning,local,
Drone2_e3299,Drone2,Drone1:3284;Drone2:3299;Drone3:3345,702.7337,scanning,local,
Drone3_e3352,Drone3,Drone1:3284;Drone2:3289;Drone3:3352,702.7960,formation_hold,local,
Drone1_e3307,Drone1,Drone1:3307;Drone2:3287;Drone3:3331,700.1545,target_found,receive,Drone2
Drone2_e3300,Drone2,Drone1:3284;Drone2:3300;Drone3:3345,702.8353,scanning,local,
Drone3_e3353,Drone3,Drone1:3284;Drone2:3289;Drone3:3353,702.9265,formation_hold,local,
Drone2_e3301,Drone2,Drone1:3284;Drone2:3301;Drone3:3345,702.9703,scanning,send,Drone1
Drone2_e3302,Drone2,Drone1:3284;Drone2:3302;Drone3:3345,703.1179,target_found,local,
Drone1_e3308,Drone1,Drone1:3308;Drone2:3290;Drone3:3331,700.3908,target_found,receive,Drone2
Drone3_e3354,Drone3,Drone1:3284;Drone2:3289;Drone3:3354,703.0538,formation_hold,local,
Drone2_e3303,Drone2,Drone1:3284;Drone2:3303;Drone3:3345,703.2810,target_found,local,
Drone1_e3309,Drone1,Drone1:3309;Drone2:3301;Drone3:3345,703.1052,target_found,receive,Drone2
Drone1_e3310,Drone1,Drone1:3310;Drone2:3301;Drone3:3345,703.3822,target_found,send,Drone3
Drone1_e3311,Drone1,Drone1:3311;Drone2:3301;Drone3:3345,703.6241,target_found,local,
Drone1_e3312,Drone1,Drone1:3312;Drone2:3301;Drone3:3345,703.8029,position_measured,local,
Drone2_e3304,Drone2,Drone1:3284;Drone2:3304;Drone3:3345,703.3352,target_found,local,
Drone3_e3355,Drone3,Drone1:3284;Drone2:3289;Drone3:3355,703.2597,formation_hold,local,
Drone2_e3305,Drone2,Drone1:3284;Drone2:3305;Drone3:3345,703.4457,target_found,local,
Drone1_e3313,Drone1,Drone1:3313;Drone2:3301;Drone3:3345,704.0306,position_measured,local,
Drone1_e3314,Drone1,Drone1:3314;Drone2:3301;Drone3:3345,704.3014,position_measured,local,
Drone3_e3356,Drone3,Drone1:3284;Drone2:3296;Drone3:3356,703.5320,formation_hold,receive,Drone2
Drone1_e3315,Drone1,Drone1:3315;Drone2:3301;Drone3:3345,704.5496,position_measured,local,
Drone2_e3306,Drone2,Drone1:3284;Drone2:3306;Drone3:3345,703.6559,target_found,local,
Drone1_e3316,Drone1,Drone1:3316;Drone2:3301;Drone3:3345,704.8015,position_measured,send,Drone2
Drone3_e3357,Drone3,Drone1:3284;Drone2:3296;Drone3:3357,703.7033,formation_hold,local,
Drone1_e3317,Drone1,Drone1:3317;Drone2:3301;Drone3:3345,705.0217,position_measured,send,Drone2
Drone3_e3358,Drone3,Drone1:3284;Drone2:3296;Drone3:3358,703.9620,formation_hold,local,
Drone3_e3359,Drone3,Drone1:3284;Drone2:3296;Drone3:3359,704.0497,formation_hold,local,
Drone2_e3307,Drone2,Drone1:3316;Drone2:3307;Drone3:3345,704.8757,target_found,receive,Drone1
Drone1_e3318,Drone1,Drone1:3318;Drone2:3301;Drone3:3345,705.2045,position_measured,local,
Drone1_e3319,Drone1,Drone1:3319;Drone2:3301;Drone3:3345,705.4101,position_measured,send,Drone3
Drone3_e3360,Drone3,Drone1:3284;Drone2:3296;Drone3:3360,704.3250,formation_hold,local,
Drone3_e3361,Drone3,Drone1:3310;Drone2:3301;Drone3:3361,704.5383,formation_hold,receive,Drone1
Drone1_e3320,Drone1,Drone1:3320;Drone2:3301;Drone3:3345,705.6019,position_measured,local,
Drone1_e3321,Drone1,Drone1:3321;Drone2:3301;Drone3:3345,705.6925,position_measured,local,
Drone2_e3308,Drone2,Drone1:3317;Drone2:3308;Drone3:3345,705.2016,target_found,receive,Drone1
Drone3_e3362,Drone3,Drone1:3310;Drone2:3301;Drone3:3362,704.6971,idle,local,
Drone1_e3322,Drone1,Drone1:3322;Drone2:3301;Drone3:3345,705.8329,position_sent,local,
Drone2_e3309,Drone2,Drone1:3317;Drone2:3309;Drone3:3345,705.3221,target_found,local,
Drone2_e3310,Drone2,Drone1:3317;Drone2:3310;Drone3:3345,705.4764,target_found,local,
Drone3_e3363,Drone3,Drone1:3319;Drone2:3301;Drone3:3363,705.5090,idle,receive,Drone1
Drone2_e3311,Drone2,Drone1:3317;Drone2:3311;Drone3:3345,705.5637,target_found,local,
Drone2_e3312,Drone2,Drone1:3317;Drone2:3312;Drone3:3345,705.6457,position_measured,send,Drone1
Drone2_e3313,Drone2,Drone1:3317;Drone2:3313;Drone3:3345,705.7126,position_measured,send,Drone1
Drone1_e3323,Drone1,Drone1:3323;Drone2:3312;Drone3:3345,705.9994,position_sent,receive,Drone2
Drone1_e3324,Drone1,Drone1:3324;Drone2:3313;Drone3:3345,706.1810,position_sent,receive,Drone2
Drone2_fragile,Drone2,Drone1:3317;Drone2:3314;Drone3:3345,707.1810,late_beacon,local,
Drone1_fragile,Drone1,Drone1:3325;Drone2:3313;Drone3:3345,709.1810,early_beacon,local,
