# Drone swarm trace: 3 drones, 5002 events
# system_processes: Drone1|Drone2|Drone3
eid,processes,vc,timestamp,props,event_type,msg_partner
init_Drone1,Drone1,Drone1:1;Drone2:0;Drone3:0,0.0,idle,local,
init_Drone2,Drone2,Drone1:0;Drone2:1;Drone3:0,0.0,idle,local,
init_Drone3,Drone3,Drone1:0;Drone2:0;Drone3:1,0.0,idle,local,
Drone3_e2,Drone3,Drone1:0;Drone2:0;Drone3:2,0.1112,idle,send,Drone2
Drone1_e2,Drone1,Drone1:2;Drone2:0;Drone3:0,0.2192,idle,local,
Drone3_e3,Drone3,Drone1:0;Drone2:0;Drone3:3,0.1692,idle,send,Drone2
Drone1_e3,Drone1,Drone1:3;Drone2:0;Drone3:0,0.4095,idle,send,Drone2
Drone3_e4,Drone3,Drone1:0;Drone2:0;Drone3:4,0.3554,idle,local,
Drone1_e4,Drone1,Drone1:4;Drone2:0;Drone3:0,0.5290,idle,local,
Drone1_e5,Drone1,Drone1:5;Drone2:0;Drone3:0,0.6189,idle,local,
Drone2_e2,Drone2,Drone1:0;Drone2:2;Drone3:2,0.2151,idle,receive,Drone3
Drone2_e3,Drone2,Drone1:3;Drone2:3;Drone3:2,0.4837,idle,receive,Drone1
Drone2_e4,Drone2,Drone1:3;Drone2:4;Drone3:2,0.7354,idle,local,
Drone3_e5,Drone3,Drone1:0;Drone2:0;Drone3:5,0.4366,idle,local,
Drone2_e5,Drone2,Drone1:3;Drone2:5;Drone3:3,0.9928,idle,receive,Drone3
Drone3_e6,Drone3,Drone1:0;Drone2:0;Drone3:6,0.5770,idle,local,
Drone1_e6,Drone1,Drone1:6;Drone2:0;Drone3:0,0.6804,idle,local,
Drone1_e7,Drone1,Drone1:7;Drone2:0;Drone3:0,0.9767,idle,local,
Drone1_e8,Drone1,Drone1:8;Drone2:0;Drone3:0,1.1217,idle,local,
Drone2_e6,Drone2,Drone1:3;Drone2:6;Drone3:3,1.1340,idle,local,
Drone2_e7,Drone2,Drone1:3;Drone2:7;Drone3:3,1.3516,idle,local,
Drone3_e7,Drone3,Drone1:0;Drone2:0;Drone3:7,0.7890,idle,local,
Drone3_e8,Drone3,Drone1:0;Drone2:0;Drone3:8,0.9726,idle,local,
Drone1_e9,Drone1,Drone1:9;Drone2:0;Drone3:0,1.2392,idle,send,Drone3
Drone3_e9,Drone3,Drone1:0;Drone2:0;Drone3:9,1.0775,idle,local,
Drone2_e8,Drone2,Drone1:3;Drone2:8;Drone3:3,1.5956,idle,local,
Drone1_e10,Drone1,Drone1:10;Drone2:0;Drone3:0,1.4905,idle,local,
Drone2_e9,Drone2,Drone1:3;Drone2:9;Drone3:3,1.8738,idle,send,Drone1
Drone3_e10,Drone3,Drone1:0;Drone2:0;Drone3:10,1.2061,idle,local,
Drone3_e11,Drone3,Drone1:0;Drone2:0;Drone3:11,1.4773,idle,local,
Drone3_e12,Drone3,Drone1:0;Drone2:0;Drone3:12,1.5935,scanning,local,
Drone1_e11,Drone1,Drone1:11;Drone2:0;Drone3:0,1.6752,idle,local,
Drone3_e13,Drone3,Drone1:0;Drone2:0;Drone3:13,1.8680,scanning,local,
Drone2_e10,Drone2,Drone1:3;Drone2:10;Drone3:3,2.1732,idle,local,
Drone1_e12,Drone1,Drone1:12;Drone2:0;Drone3:0,1.7480,scanning,local,
Drone1_e13,Drone1,Drone1:13;Drone2:0;Drone3:0,1.8362,scanning,local,
Drone1_e14,Drone1,Drone1:14;Drone2:0;Drone3:0,1.9917,scanning,local,
Drone1_e15,Drone1,Drone1:15;Drone2:9;Drone3:3,2.1740,scanning,receive,Drone2
Drone3_e14,Drone3,Drone1:0;Drone2:0;Drone3:14,1.9209,scanning,local,
Drone3_e15,Drone3,Drone1:9;Drone2:0;Drone3:15,2.1630,scanning,receive,Drone1
Drone2_e11,Drone2,Drone1:3;Drone2:11;Drone3:3,2.2627,idle,send,Drone3
Drone1_e16,Drone1,Drone1:16;Drone2:9;Drone3:3,2.4430,scanning,local,
Drone2_e12,Drone2,Drone1:3;Drone2:12;Drone3:3,2.5032,scanning,local,
Drone3_e16,Drone3,Drone1:9;Drone2:0;Drone3:16,2.4306,scanning,local,
Drone2_e13,Drone2,Drone1:3;Drone2:13;Drone3:3,2.6801,scanning,local,
Drone1_e17,Drone1,Drone1:17;Drone2:9;Drone3:3,2.6278,scanning,send,Drone2
Drone3_e17,Drone3,Drone1:9;Drone2:0;Drone3:17,2.6304,scanning,local,
Drone2_e14,Drone2,Drone1:17;Drone2:14;Drone3:3,2.9498,scanning,receive,Drone1
Drone2_e15,Drone2,Drone1:17;Drone2:15;Drone3:3,3.2193,scanning,send,Drone1
Drone1_e18,Drone1,Drone1:18;Drone2:15;Drone3:3,3.4733,scanning,receive,Drone2
Drone3_e18,Drone3,Drone1:9;Drone2:0;Drone3:18,2.7125,scanning,local,
Drone2_e16,Drone2,Drone1:17;Drone2:16;Drone3:3,3.3106,scanning,local,
Drone3_e19,Drone3,Drone1:9;Drone2:0;Drone3:19,2.8683,scanning,local,
Drone1_e19,Drone1,Drone1:19;Drone2:15;Drone3:3,3.7121,scanning,local,
Drone3_e20,Drone3,Drone1:9;Drone2:11;Drone3:20,3.0180,scanning,receive,Drone2
Drone3_e21,Drone3,Drone1:9;Drone2:11;Drone3:21,3.1775,scanning,local,
Drone3_e22,Drone3,Drone1:9;Drone2:11;Drone3:22,3.2895,target_found,local,
Drone1_e20,Drone1,Drone1:20;Drone2:15;Drone3:3,3.9092,scanning,local,
Drone1_e21,Drone1,Drone1:21;Drone2:15;Drone3:3,3.9610,scanning,local,
Drone3_e23,Drone3,Drone1:9;Drone2:11;Drone3:23,3.3967,target_found,local,
Drone1_e22,Drone1,Drone1:22;Drone2:15;Drone3:3,4.0287,target_found,local,
Drone1_e23,Drone1,Drone1:23;Drone2:15;Drone3:3,4.1323,target_found,send,Drone3
Drone1_e24,Drone1,Drone1:24;Drone2:15;Drone3:3,4.4029,target_found,local,
Drone3_e24,Drone3,Drone1:9;Drone2:11;Drone3:24,3.6429,target_found,local,
Drone2_e17,Drone2,Drone1:17;Drone2:17;Drone3:3,3.5253,scanning,send,Drone1
Drone2_e18,Drone2,Drone1:17;Drone2:18;Drone3:3,3.6921,scanning,local,
Drone3_e25,Drone3,Drone1:23;Drone2:15;Drone3:25,4.1974,target_found,receive,Drone1
Drone3_e26,Drone3,Drone1:23;Drone2:15;Drone3:26,4.4628,target_found,local,
Drone1_e25,Drone1,Drone1:25;Drone2:17;Drone3:3,4.4879,target_found,receive,Drone2
Drone1_e26,Drone1,Drone1:26;Drone2:17;Drone3:3,4.7565,target_found,send,Drone2
Drone1_e27,Drone1,Drone1:27;Drone2:17;Drone3:3,5.0219,target_found,local,
Drone3_e27,Drone3,Drone1:23;Drone2:15;Drone3:27,4.7551,target_found,send,Drone1
Drone1_e28,Drone1,Drone1:28;Drone2:17;Drone3:27,5.1922,target_found,receive,Drone3
Drone2_e19,Drone2,Drone1:17;Drone2:19;Drone3:3,3.7832,scanning,local,
Drone1_e29,Drone1,Drone1:29;Drone2:17;Drone3:27,5.3085,target_found,local,
Drone2_e20,Drone2,Drone1:26;Drone2:20;Drone3:3,4.8452,scanning,receive,Drone1
Drone2_e21,Drone2,Drone1:26;Drone2:21;Drone3:3,5.0400,scanning,send,Drone1
Drone3_e28,Drone3,Drone1:23;Drone2:15;Drone3:28,4.8194,target_found,send,Drone2
Drone3_e29,Drone3,Drone1:23;Drone2:15;Drone3:29,5.0992,target_found,local,
Drone3_e30,Drone3,Drone1:23;Drone2:15;Drone3:30,5.3621,target_found,send,Drone1
Drone1_e30,Drone1,Drone1:30;Drone2:17;Drone3:27,5.5273,target_found,local,
Drone1_e31,Drone1,Drone1:31;Drone2:17;Drone3:27,5.8127,target_found,local,
Drone3_e31,Drone3,Drone1:23;Drone2:15;Drone3:31,5.5669,target_found,send,Drone1
Drone2_e22,Drone2,Drone1:26;Drone2:22;Drone3:3,5.2313,target_found,local,
Drone2_e23,Drone2,Drone1:26;Drone2:23;Drone3:3,5.3324,target_found,local,
Drone3_e32,Drone3,Drone1:23;Drone2:15;Drone3:32,5.6833,position_measured,local,
Drone1_e32,Drone1,Drone1:32;Drone2:17;Drone3:27,5.9377,position_measured,local,
Drone2_e24,Drone2,Drone1:26;Drone2:24;Drone3:3,5.6163,target_found,local,
Drone1_e33,Drone1,Drone1:33;Drone2:17;Drone3:27,6.2373,position_measured,local,
Drone1_e34,Drone1,Drone1:34;Drone2:21;Drone3:27,6.4138,position_measured,receive,Drone2
Drone1_e35,Drone1,Drone1:35;Drone2:21;Drone3:27,6.6840,position_measured,local,
Drone1_e36,Drone1,Drone1:36;Drone2:21;Drone3:30,6.8436,position_measured,receive,Drone3
Drone3_e33,Drone3,Drone1:23;Drone2:15;Drone3:33,5.8862,position_measured,local,
Drone3_e34,Drone3,Drone1:23;Drone2:15;Drone3:34,6.1032,position_measured,local,
Drone3_e35,Drone3,Drone1:23;Drone2:15;Drone3:35,6.3879,position_measured,send,Drone1
Drone1_e37,Drone1,Drone1:37;Drone2:21;Drone3:31,7.0792,position_measured,receive,Drone3
Drone1_e38,Drone1,Drone1:38;Drone2:21;Drone3:35,7.3086,position_measured,receive,Drone3
Drone1_e39,Drone1,Drone1:39;Drone2:21;Drone3:35,7.5718,position_measured,local,
Drone3_e36,Drone3,Drone1:23;Drone2:15;Drone3:36,6.6643,position_measured,local,
Drone1_e40,Drone1,Drone1:40;Drone2:21;Drone3:35,7.8291,position_measured,send,Drone3
Drone1_e41,Drone1,Drone1:41;Drone2:21;Drone3:35,8.0384,position_measured,send,Drone2
Drone2_e25,Drone2,Drone1:41;Drone2:25;Drone3:35,8.2263,target_found,receive,Drone1
Drone2_e26,Drone2,Drone1:41;Drone2:26;Drone3:35,8.3043,target_found,local,
Drone3_e37,Drone3,Drone1:23;Drone2:15;Drone3:37,6.8507,position_measured,local,
Drone2_e27,Drone2,Drone1:41;Drone2:27;Drone3:35,8.3913,target_found,local,
Drone1_e42,Drone1,Drone1:42;Drone2:21;Drone3:35,8.3131,position_sent,send,Drone3
Drone1_e43,Drone1,Drone1:43;Drone2:21;Drone3:35,8.4157,position_sent,local,
Drone1_e44,Drone1,Drone1:44;Drone2:21;Drone3:35,8.5541,position_sent,local,
Drone3_e38,Drone3,Drone1:23;Drone2:15;Drone3:38,7.0023,position_measured,local,
Drone3_e39,Drone3,Drone1:23;Drone2:15;Drone3:39,7.2837,position_measured,local,
Drone1_e45,Drone1,Drone1:45;Drone2:21;Drone3:35,8.8481,position_sent,local,
Drone1_e46,Drone1,Drone1:46;Drone2:21;Drone3:35,8.9043,position_sent,local,
Drone3_e40,Drone3,Drone1:23;Drone2:15;Drone3:40,7.5293,position_measured,local,
Drone2_e28,Drone2,Drone1:41;Drone2:28;Drone3:35,8.6573,target_found,local,
Drone1_e47,Drone1,Drone1:47;Drone2:21;Drone3:35,9.0500,position_sent,send,Drone2
Drone1_e48,Drone1,Drone1:48;Drone2:21;Drone3:35,9.1556,position_sent,local,
Drone2_e29,Drone2,Drone1:41;Drone2:29;Drone3:35,8.7631,target_found,receive,Drone3
Drone3_e41,Drone3,Drone1:40;Drone2:21;Drone3:41,7.9488,position_measured,receive,Drone1
Drone1_e49,Drone1,Drone1:49;Drone2:21;Drone3:35,9.2754,position_sent,local,
Drone3_e42,Drone3,Drone1:40;Drone2:21;Drone3:42,8.1687,position_sent,local,
Drone3_e43,Drone3,Drone1:42;Drone2:21;Drone3:43,8.3920,position_sent,receive,Drone1
Drone2_e30,Drone2,Drone1:47;Drone2:30;Drone3:35,9.1095,target_found,receive,Drone1
Drone3_e44,Drone3,Drone1:42;Drone2:21;Drone3:44,8.6241,position_sent,local,
Drone2_e31,Drone2,Drone1:47;Drone2:31;Drone3:35,9.4056,target_found,local,
Drone1_e50,Drone1,Drone1:50;Drone2:21;Drone3:35,9.4695,position_sent,local,
Drone2_e32,Drone2,Drone1:47;Drone2:32;Drone3:35,9.4560,position_measured,send,Drone3
Drone3_e45,Drone3,Drone1:42;Drone2:21;Drone3:45,8.9092,position_sent,local,
Drone3_e46,Drone3,Drone1:42;Drone2:21;Drone3:46,9.0502,position_sent,local,
Drone1_e51,Drone1,Drone1:51;Drone2:21;Drone3:35,9.7497,position_sent,local,
Drone3_e47,Drone3,Drone1:47;Drone2:32;Drone3:47,9.6860,position_sent,receive,Drone2
Drone2_e33,Drone2,Drone1:47;Drone2:33;Drone3:35,9.6727,position_measured,local,
Drone2_e34,Drone2,Drone1:47;Drone2:34;Drone3:35,9.7967,position_measured,local,
Drone1_e52,Drone1,Drone1:52;Drone2:21;Drone3:35,9.9690,processing,send,Drone3
Drone1_e53,Drone1,Drone1:53;Drone2:21;Drone3:35,10.0943,processing,local,
Drone3_e48,Drone3,Drone1:47;Drone2:32;Drone3:48,9.8119,position_sent,local,
Drone1_e54,Drone1,Drone1:54;Drone2:21;Drone3:35,10.2893,processing,local,
Drone3_e49,Drone3,Drone1:52;Drone2:32;Drone3:49,10.1296,position_sent,receive,Drone1
Drone1_e55,Drone1,Drone1:55;Drone2:21;Drone3:35,10.5377,processing,local,
Drone3_e50,Drone3,Drone1:52;Drone2:32;Drone3:50,10.2505,position_sent,send,Drone1
Drone3_e51,Drone3,Drone1:52;Drone2:32;Drone3:51,10.3843,position_sent,local,
Drone1_e56,Drone1,Drone1:56;Drone2:21;Drone3:35,10.6439,processing,local,
Drone1_e57,Drone1,Drone1:57;Drone2:32;Drone3:50,10.7551,processing,receive,Drone3
Drone2_e35,Drone2,Drone1:47;Drone2:35;Drone3:35,10.0388,position_measured,local,
Drone2_e36,Drone2,Drone1:47;Drone2:36;Drone3:35,10.2462,position_measured,local,
Drone1_e58,Drone1,Drone1:58;Drone2:32;Drone3:50,10.9011,processing,local,
Drone2_e37,Drone2,Drone1:47;Drone2:37;Drone3:35,10.5194,position_measured,send,Drone1
Drone1_e59,Drone1,Drone1:59;Drone2:32;Drone3:50,11.0058,processing,local,
Drone3_e52,Drone3,Drone1:52;Drone2:32;Drone3:52,10.4469,processing,local,
Drone1_e60,Drone1,Drone1:60;Drone2:32;Drone3:50,11.0861,processing,local,
Drone1_e61,Drone1,Drone1:61;Drone2:32;Drone3:50,11.3030,processing,local,
Drone3_e53,Drone3,Drone1:52;Drone2:32;Drone3:53,10.7344,processing,local,
Drone2_e38,Drone2,Drone1:47;Drone2:38;Drone3:35,10.7492,position_measured,local,
Drone3_e54,Drone3,Drone1:52;Drone2:32;Drone3:54,11.0111,processing,local,
Drone2_e39,Drone2,Drone1:47;Drone2:39;Drone3:35,10.9851,position_measured,local,
Drone2_e40,Drone2,Drone1:47;Drone2:40;Drone3:35,11.2231,position_measured,local,
Drone3_e55,Drone3,Drone1:52;Drone2:32;Drone3:55,11.2178,processing,send,Drone2
Drone2_e41,Drone2,Drone1:47;Drone2:41;Drone3:35,11.4514,position_measured,local,
Drone1_e62,Drone1,Drone1:62;Drone2:37;Drone3:50,11.5763,relative_computed,receive,Drone2
Drone1_e63,Drone1,Drone1:63;Drone2:37;Drone3:50,11.7220,relative_computed,send,Drone2
Drone1_e64,Drone1,Drone1:64;Drone2:37;Drone3:50,11.7881,relative_computed,local,
Drone2_e42,Drone2,Drone1:63;Drone2:42;Drone3:50,11.8760,position_sent,receive,Drone1
Drone1_e65,Drone1,Drone1:65;Drone2:37;Drone3:50,11.9355,relative_computed,local,
Drone3_e56,Drone3,Drone1:52;Drone2:32;Drone3:56,11.2727,processing,local,
Drone3_e57,Drone3,Drone1:52;Drone2:32;Drone3:57,11.3241,processing,local,
Drone2_e43,Drone2,Drone1:63;Drone2:43;Drone3:55,12.1393,position_sent,receive,Drone3
Drone2_e44,Drone2,Drone1:63;Drone2:44;Drone3:55,12.3730,position_sent,local,
Drone3_e58,Drone3,Drone1:52;Drone2:32;Drone3:58,11.4962,processing,local,
Drone2_e45,Drone2,Drone1:63;Drone2:45;Drone3:55,12.4302,position_sent,local,
Drone2_e46,Drone2,Drone1:63;Drone2:46;Drone3:55,12.6798,position_sent,local,
Drone3_e59,Drone3,Drone1:52;Drone2:32;Drone3:59,11.7761,processing,send,Drone2
Drone3_e60,Drone3,Drone1:52;Drone2:32;Drone3:60,12.0528,processing,local,
Drone3_e61,Drone3,Drone1:52;Drone2:32;Drone3:61,12.1096,processing,local,
Drone3_e62,Drone3,Drone1:52;Drone2:32;Drone3:62,12.3763,relative_computed,local,
Drone1_e66,Drone1,Drone1:66;Drone2:37;Drone3:50,12.0673,relative_computed,send,Drone3
Drone2_e47,Drone2,Drone1:63;Drone2:47;Drone3:59,12.7993,position_sent,receive,Drone3
Drone2_e48,Drone2,Drone1:63;Drone2:48;Drone3:59,12.9669,position_sent,send,Drone1
Drone3_e63,Drone3,Drone1:52;Drone2:32;Drone3:63,12.6763,relative_computed,local,
Drone2_e49,Drone2,Drone1:63;Drone2:49;Drone3:59,13.2122,position_sent,send,Drone1
Drone3_e64,Drone3,Drone1:66;Drone2:37;Drone3:64,12.9637,relative_computed,receive,Drone1
Drone1_e67,Drone1,Drone1:67;Drone2:37;Drone3:50,12.2726,relative_computed,local,
Drone1_e68,Drone1,Drone1:68;Drone2:48;Drone3:59,13.1579,relative_computed,receive,Drone2
Drone1_e69,Drone1,Drone1:69;Drone2:48;Drone3:59,13.2720,relative_computed,local,
Drone2_e50,Drone2,Drone1:63;Drone2:50;Drone3:59,13.4567,position_sent,send,Drone1
Drone1_e70,Drone1,Drone1:70;Drone2:48;Drone3:59,13.3490,relative_computed,local,
Drone1_e71,Drone1,Drone1:71;Drone2:48;Drone3:59,13.5429,relative_computed,local,
Drone2_e51,Drone2,Drone1:63;Drone2:51;Drone3:59,13.6854,position_sent,local,
Drone1_e72,Drone1,Drone1:72;Drone2:48;Drone3:59,13.8006,formation_hold,local,
Drone1_e73,Drone1,Drone1:73;Drone2:49;Drone3:59,14.0632,formation_hold,receive,Drone2
Drone3_e65,Drone3,Drone1:66;Drone2:37;Drone3:65,13.2127,relative_computed,local,
Drone3_e66,Drone3,Drone1:66;Drone2:37;Drone3:66,13.3495,relative_computed,local,
Drone2_e52,Drone2,Drone1:63;Drone2:52;Drone3:59,13.7527,processing,local,
Drone3_e67,Drone3,Drone1:66;Drone2:37;Drone3:67,13.6119,relative_computed,local,
Drone2_e53,Drone2,Drone1:63;Drone2:53;Drone3:59,13.9616,processing,send,Drone3
Drone2_e54,Drone2,Drone1:63;Drone2:54;Drone3:59,14.1204,processing,local,
Drone3_e68,Drone3,Drone1:66;Drone2:37;Drone3:68,13.8245,relative_computed,local,
Drone3_e69,Drone3,Drone1:66;Drone2:37;Drone3:69,14.0091,relative_computed,local,
Drone2_e55,Drone2,Drone1:63;Drone2:55;Drone3:59,14.3769,processing,local,
Drone3_e70,Drone3,Drone1:66;Drone2:53;Drone3:70,14.2668,relative_computed,receive,Drone2
Drone1_e74,Drone1,Drone1:74;Drone2:50;Drone3:59,14.1741,formation_hold,receive,Drone2
Drone2_e56,Drone2,Drone1:63;Drone2:56;Drone3:59,14.5939,processing,local,
Drone2_e57,Drone2,Drone1:63;Drone2:57;Drone3:59,14.6894,processing,send,Drone3
Drone1_e75,Drone1,Drone1:75;Drone2:50;Drone3:59,14.2887,formation_hold,local,
Drone2_e58,Drone2,Drone1:63;Drone2:58;Drone3:59,14.9147,processing,local,
Drone2_e59,Drone2,Drone1:63;Drone2:59;Drone3:59,15.0938,processing,local,
Drone1_e76,Drone1,Drone1:76;Drone2:50;Drone3:59,14.4609,formation_hold,send,Drone3
Drone1_e77,Drone1,Drone1:77;Drone2:50;Drone3:59,14.6723,formation_hold,local,
Drone2_e60,Drone2,Drone1:63;Drone2:60;Drone3:59,15.1481,processing,local,
Drone2_e61,Drone2,Drone1:63;Drone2:61;Drone3:59,15.2747,processing,send,Drone1
Drone3_e71,Drone3,Drone1:66;Drone2:57;Drone3:71,14.8458,relative_computed,receive,Drone2
Drone3_e72,Drone3,Drone1:66;Drone2:57;Drone3:72,14.9837,formation_hold,local,
Drone2_e62,Drone2,Drone1:63;Drone2:62;Drone3:59,15.3823,relative_computed,send,Drone3
Drone3_e73,Drone3,Drone1:76;Drone2:57;Drone3:73,15.2194,formation_hold,receive,Drone1
Drone3_e74,Drone3,Drone1:76;Drone2:62;Drone3:74,15.6170,formation_hold,receive,Drone2
Drone2_e63,Drone2,Drone1:63;Drone2:63;Drone3:59,15.6765,relative_computed,local,
Drone3_e75,Drone3,Drone1:76;Drone2:62;Drone3:75,15.9121,formation_hold,local,
Drone1_e78,Drone1,Drone1:78;Drone2:61;Drone3:59,15.3696,formation_hold,receive,Drone2
Drone1_e79,Drone1,Drone1:79;Drone2:61;Drone3:59,15.4512,formation_hold,local,
Drone1_e80,Drone1,Drone1:80;Drone2:61;Drone3:59,15.6395,formation_hold,local,
Drone3_e76,Drone3,Drone1:76;Drone2:62;Drone3:76,16.1216,formation_hold,local,
Drone2_e64,Drone2,Drone1:63;Drone2:64;Drone3:59,15.8700,relative_computed,send,Drone1
Drone2_e65,Drone2,Drone1:63;Drone2:65;Drone3:59,16.0052,relative_computed,local,
Drone1_e81,Drone1,Drone1:81;Drone2:64;Drone3:59,15.9485,formation_hold,receive,Drone2
Drone1_e82,Drone1,Drone1:82;Drone2:64;Drone3:59,16.0170,idle,local,
Drone3_e77,Drone3,Drone1:76;Drone2:62;Drone3:77,16.2095,formation_hold,local,
Drone3_e78,Drone3,Drone1:76;Drone2:62;Drone3:78,16.2808,formation_hold,local,
Drone1_e83,Drone1,Drone1:83;Drone2:64;Drone3:59,16.2186,idle,send,Drone3
Drone3_e79,Drone3,Drone1:83;Drone2:64;Drone3:79,16.4434,formation_hold,receive,Drone1
Drone2_e66,Drone2,Drone1:63;Drone2:66;Drone3:59,16.1315,relative_computed,send,Drone3
Drone3_e80,Drone3,Drone1:83;Drone2:66;Drone3:80,16.7303,formation_hold,receive,Drone2
Drone1_e84,Drone1,Drone1:84;Drone2:64;Drone3:59,16.3348,idle,local,
Drone1_e85,Drone1,Drone1:85;Drone2:64;Drone3:59,16.5228,idle,send,Drone2
Drone1_e86,Drone1,Drone1:86;Drone2:64;Drone3:59,16.7451,idle,send,Drone3
Drone2_e67,Drone2,Drone1:85;Drone2:67;Drone3:59,16.6448,relative_computed,receive,Drone1
Drone2_e68,Drone2,Drone1:85;Drone2:68;Drone3:59,16.8083,relative_computed,local,
Drone3_e81,Drone3,Drone1:86;Drone2:66;Drone3:81,16.9921,formation_hold,receive,Drone1
Drone3_e82,Drone3,Drone1:86;Drone2:66;Drone3:82,17.2431,idle,local,
Drone1_e87,Drone1,Drone1:87;Drone2:64;Drone3:59,16.9313,idle,local,
Drone3_e83,Drone3,Drone1:86;Drone2:66;Drone3:83,17.4997,idle,send,Drone2
Drone1_e88,Drone1,Drone1:88;Drone2:64;Drone3:59,17.1300,idle,send,Drone3
Drone3_e84,Drone3,Drone1:86;Drone2:66;Drone3:84,17.6595,idle,local,
Drone2_e69,Drone2,Drone1:85;Drone2:69;Drone3:59,17.0332,relative_computed,local,
Drone2_e70,Drone2,Drone1:85;Drone2:70;Drone3:59,17.2067,relative_computed,local,
Drone1_e89,Drone1,Drone1:89;Drone2:64;Drone3:59,17.4024,idle,local,
Drone3_e85,Drone3,Drone1:88;Drone2:66;Drone3:85,17.7160,idle,receive,Drone1
Drone1_e90,Drone1,Drone1:90;Drone2:64;Drone3:59,17.6614,idle,local,
Drone3_e86,Drone3,Drone1:88;Drone2:66;Drone3:86,17.7712,idle,local,
Drone3_e87,Drone3,Drone1:88;Drone2:66;Drone3:87,17.9652,idle,local,
Drone1_e91,Drone1,Drone1:91;Drone2:64;Drone3:59,17.8742,idle,local,
Drone2_e71,Drone2,Drone1:86;Drone2:71;Drone3:83,17.7084,relative_computed,receive,Drone3
Drone2_e72,Drone2,Drone1:86;Drone2:72;Drone3:83,17.8759,formation_hold,local,
Drone2_e73,Drone2,Drone1:86;Drone2:73;Drone3:83,18.0934,formation_hold,local,
Drone1_e92,Drone1,Drone1:92;Drone2:64;Drone3:59,18.0977,scanning,local,
Drone2_e74,Drone2,Drone1:86;Drone2:74;Drone3:83,18.2436,formation_hold,local,
Drone3_e88,Drone3,Drone1:88;Drone2:66;Drone3:88,18.0938,idle,send,Drone1
Drone2_e75,Drone2,Drone1:86;Drone2:75;Drone3:83,18.5098,formation_hold,send,Drone3
Drone1_e93,Drone1,Drone1:93;Drone2:64;Drone3:59,18.2833,scanning,local,
Drone2_e76,Drone2,Drone1:86;Drone2:76;Drone3:83,18.7154,formation_hold,send,Drone3
Drone2_e77,Drone2,Drone1:86;Drone2:77;Drone3:83,18.9554,formation_hold,local,
Drone1_e94,Drone1,Drone1:94;Drone2:66;Drone3:88,18.5652,scanning,receive,Drone3
Drone2_e78,Drone2,Drone1:86;Drone2:78;Drone3:83,19.1266,formation_hold,local,
Drone1_e95,Drone1,Drone1:95;Drone2:66;Drone3:88,18.7674,scanning,local,
Drone1_e96,Drone1,Drone1:96;Drone2:66;Drone3:88,18.8951,scanning,local,
Drone1_e97,Drone1,Drone1:97;Drone2:66;Drone3:88,18.9684,scanning,local,
Drone1_e98,Drone1,Drone1:98;Drone2:66;Drone3:88,19.0478,scanning,local,
Drone1_e99,Drone1,Drone1:99;Drone2:66;Drone3:88,19.2770,scanning,local,
Drone3_e89,Drone3,Drone1:88;Drone2:66;Drone3:89,18.2477,idle,local,
Drone2_e79,Drone2,Drone1:86;Drone2:79;Drone3:83,19.2376,formation_hold,local,
Drone3_e90,Drone3,Drone1:88;Drone2:75;Drone3:90,18.7903,idle,receive,Drone2
Drone3_e91,Drone3,Drone1:88;Drone2:75;Drone3:91,18.8744,idle,local,
Drone1_e100,Drone1,Drone1:100;Drone2:66;Drone3:88,19.4119,scanning,send,Drone3
Drone3_e92,Drone3,Drone1:100;Drone2:75;Drone3:92,19.5326,scanning,receive,Drone1
Drone2_e80,Drone2,Drone1:86;Drone2:80;Drone3:83,19.4325,formation_hold,local,
Drone3_e93,Drone3,Drone1:100;Drone2:75;Drone3:93,19.6198,scanning,local,
Drone3_e94,Drone3,Drone1:100;Drone2:75;Drone3:94,19.7529,scanning,local,
Drone3_e95,Drone3,Drone1:100;Drone2:76;Drone3:95,20.0203,scanning,receive,Drone2
Drone3_e96,Drone3,Drone1:100;Drone2:76;Drone3:96,20.1287,scanning,send,Drone2
Drone2_e81,Drone2,Drone1:100;Drone2:81;Drone3:96,20.3550,formation_hold,receive,Drone3
Drone2_e82,Drone2,Drone1:100;Drone2:82;Drone3:96,20.5709,idle,local,
Drone3_e97,Drone3,Drone1:100;Drone2:76;Drone3:97,20.3025,scanning,local,
Drone1_e101,Drone1,Drone1:101;Drone2:66;Drone3:88,19.6793,scanning,send,Drone3
Drone2_e83,Drone2,Drone1:100;Drone2:83;Drone3:96,20.6247,idle,send,Drone3
Drone1_e102,Drone1,Drone1:102;Drone2:66;Drone3:88,19.8930,target_found,local,
Drone1_e103,Drone1,Drone1:103;Drone2:66;Drone3:88,20.0277,target_found,send,Drone3
Drone3_e98,Drone3,Drone1:101;Drone2:76;Drone3:98,20.5655,scanning,receive,Drone1
Drone3_e99,Drone3,Drone1:101;Drone2:76;Drone3:99,20.7105,scanning,local,
Drone2_e84,Drone2,Drone1:100;Drone2:84;Drone3:96,20.8966,idle,local,
Drone2_e85,Drone2,Drone1:100;Drone2:85;Drone3:96,20.9556,idle,local,
Drone1_e104,Drone1,Drone1:104;Drone2:66;Drone3:88,20.3270,target_found,send,Drone3
Drone3_e100,Drone3,Drone1:103;Drone2:76;Drone3:100,20.9506,scanning,receive,Drone1
Drone3_e101,Drone3,Drone1:103;Drone2:76;Drone3:101,21.1115,scanning,local,
Drone3_e102,Drone3,Drone1:104;Drone2:76;Drone3:102,21.1730,target_found,receive,Drone1
Drone1_e105,Drone1,Drone1:105;Drone2:66;Drone3:88,20.4847,target_found,send,Drone3
Drone1_e106,Drone1,Drone1:106;Drone2:66;Drone3:88,20.6762,target_found,local,
Drone1_e107,Drone1,Drone1:107;Drone2:66;Drone3:88,20.8786,target_found,send,Drone2
Drone2_e86,Drone2,Drone1:100;Drone2:86;Drone3:96,21.0658,idle,local,
Drone3_e103,Drone3,Drone1:104;Drone2:83;Drone3:103,21.3824,target_found,receive,Drone2
Drone2_e87,Drone2,Drone1:107;Drone2:87;Drone3:96,21.3405,idle,receive,Drone1
Drone2_e88,Drone2,Drone1:107;Drone2:88;Drone3:96,21.5599,idle,local,
Drone1_e108,Drone1,Drone1:108;Drone2:66;Drone3:88,21.1755,target_found,send,Drone3
Drone2_e89,Drone2,Drone1:107;Drone2:89;Drone3:96,21.7160,idle,local,
Drone2_e90,Drone2,Drone1:107;Drone2:90;Drone3:96,21.8415,idle,local,
Drone2_e91,Drone2,Drone1:107;Drone2:91;Drone3:96,21.9182,idle,local,
Drone2_e92,Drone2,Drone1:107;Drone2:92;Drone3:96,22.1119,scanning,local,
Drone3_e104,Drone3,Drone1:105;Drone2:83;Drone3:104,21.5011,target_found,receive,Drone1
Drone3_e105,Drone3,Drone1:105;Drone2:83;Drone3:105,21.7456,target_found,local,
Drone1_e109,Drone1,Drone1:109;Drone2:66;Drone3:88,21.4118,target_found,local,
Drone2_e93,Drone2,Drone1:107;Drone2:93;Drone3:96,22.2194,scanning,local,
Drone2_e94,Drone2,Drone1:107;Drone2:94;Drone3:96,22.4246,scanning,send,Drone1
Drone3_e106,Drone3,Drone1:105;Drone2:83;Drone3:106,21.9875,target_found,local,
Drone3_e107,Drone3,Drone1:105;Drone2:83;Drone3:107,22.1946,target_found,local,
Drone3_e108,Drone3,Drone1:105;Drone2:83;Drone3:108,22.3218,target_found,local,
Drone2_e95,Drone2,Drone1:107;Drone2:95;Drone3:96,22.6577,scanning,send,Drone3
Drone1_e110,Drone1,Drone1:110;Drone2:66;Drone3:88,21.5435,target_found,local,
Drone2_e96,Drone2,Drone1:107;Drone2:96;Drone3:96,22.9044,scanning,send,Drone1
Drone2_e97,Drone2,Drone1:107;Drone2:97;Drone3:96,23.1827,scanning,local,
Drone1_e111,Drone1,Drone1:111;Drone2:94;Drone3:96,22.7165,target_found,receive,Drone2
Drone2_e98,Drone2,Drone1:107;Drone2:98;Drone3:96,23.3174,scanning,local,
Drone1_e112,Drone1,Drone1:112;Drone2:94;Drone3:96,22.7853,position_measured,local,
Drone1_e113,Drone1,Drone1:113;Drone2:94;Drone3:96,23.0164,position_measured,local,
Drone2_e99,Drone2,Drone1:107;Drone2:99;Drone3:96,23.5686,scanning,local,
Drone2_e100,Drone2,Drone1:107;Drone2:100;Drone3:96,23.6220,scanning,send,Drone3
Drone3_e109,Drone3,Drone1:107;Drone2:95;Drone3:109,22.8759,target_found,receive,Drone2
Drone3_e110,Drone3,Drone1:107;Drone2:100;Drone3:110,23.8776,target_found,receive,Drone2
Drone2_e101,Drone2,Drone1:107;Drone2:101;Drone3:96,23.7899,scanning,send,Drone1
Drone3_e111,Drone3,Drone1:107;Drone2:100;Drone3:111,24.0680,target_found,local,
Drone3_e112,Drone3,Drone1:108;Drone2:100;Drone3:112,24.2768,position_measured,receive,Drone1
Drone2_e102,Drone2,Drone1:107;Drone2:102;Drone3:96,23.9155,target_found,local,
Drone2_e103,Drone2,Drone1:107;Drone2:103;Drone3:96,24.2020,target_found,send,Drone1
Drone2_e104,Drone2,Drone1:107;Drone2:104;Drone3:96,24.2811,target_found,local,
Drone1_e114,Drone1,Drone1:114;Drone2:94;Drone3:96,23.1003,position_measured,local,
Drone2_e105,Drone2,Drone1:107;Drone2:105;Drone3:96,24.5684,target_found,local,
Drone3_e113,Drone3,Drone1:108;Drone2:100;Drone3:113,24.4316,position_measured,local,
Drone3_e114,Drone3,Drone1:108;Drone2:100;Drone3:114,24.7030,position_measured,local,
Drone3_e115,Drone3,Drone1:108;Drone2:100;Drone3:115,24.9069,position_measured,send,Drone2
Drone2_e106,Drone2,Drone1:108;Drone2:106;Drone3:115,25.0112,target_found,receive,Drone3
Drone2_e107,Drone2,Drone1:108;Drone2:107;Drone3:115,25.2751,target_found,local,
Drone1_e115,Drone1,Drone1:115;Drone2:94;Drone3:96,23.2421,position_measured,local,
Drone3_e116,Drone3,Drone1:108;Drone2:100;Drone3:116,25.0564,position_measured,local,
Drone1_e116,Drone1,Drone1:116;Drone2:94;Drone3:96,23.5294,position_measured,local,
Drone2_e108,Drone2,Drone1:108;Drone2:108;Drone3:115,25.4855,target_found,send,Drone1
Drone3_e117,Drone3,Drone1:108;Drone2:100;Drone3:117,25.1191,position_measured,local,
Drone2_e109,Drone2,Drone1:108;Drone2:109;Drone3:115,25.7322,target_found,send,Drone1
Drone1_e117,Drone1,Drone1:117;Drone2:96;Drone3:96,23.7260,position_measured,receive,Drone2
Drone1_e118,Drone1,Drone1:118;Drone2:101;Drone3:96,24.0371,position_measured,receive,Drone2
Drone3_e118,Drone3,Drone1:108;Drone2:100;Drone3:118,25.4160,position_measured,send,Drone1
Drone3_e119,Drone3,Drone1:108;Drone2:100;Drone3:119,25.4934,position_measured,send,Drone1
Drone1_e119,Drone1,Drone1:119;Drone2:101;Drone3:118,25.6635,position_measured,receive,Drone3
Drone1_e120,Drone1,Drone1:120;Drone2:101;Drone3:118,25.7174,position_measured,local,
Drone2_e110,Drone2,Drone1:108;Drone2:110;Drone3:115,25.9138,target_found,send,Drone3
Drone3_e120,Drone3,Drone1:108;Drone2:110;Drone3:120,26.1583,position_measured,receive,Drone2
Drone3_e121,Drone3,Drone1:108;Drone2:110;Drone3:121,26.3213,position_measured,local,
Drone1_e121,Drone1,Drone1:121;Drone2:101;Drone3:118,25.7782,position_measured,local,
Drone3_e122,Drone3,Drone1:108;Drone2:110;Drone3:122,26.4858,position_sent,local,
Drone1_e122,Drone1,Drone1:122;Drone2:101;Drone3:119,26.0401,position_sent,receive,Drone3
Drone2_e111,Drone2,Drone1:108;Drone2:111;Drone3:115,26.0863,target_found,local,
Drone2_e112,Drone2,Drone1:108;Drone2:112;Drone3:115,26.2169,position_measured,send,Drone1
Drone1_e123,Drone1,Drone1:123;Drone2:103;Drone3:119,26.2461,position_sent,receive,Drone2
Drone3_e123,Drone3,Drone1:108;Drone2:110;Drone3:123,26.6171,position_sent,local,
Drone3_e124,Drone3,Drone1:108;Drone2:110;Drone3:124,26.7805,position_sent,local,
Drone3_e125,Drone3,Drone1:108;Drone2:110;Drone3:125,27.0288,position_sent,local,
Drone1_e124,Drone1,Drone1:124;Drone2:103;Drone3:119,26.4589,position_sent,local,
Drone3_e126,Drone3,Drone1:108;Drone2:110;Drone3:126,27.1325,position_sent,local,
Drone2_e113,Drone2,Drone1:108;Drone2:113;Drone3:115,26.3703,position_measured,local,
Drone2_e114,Drone2,Drone1:108;Drone2:114;Drone3:115,26.6027,position_measured,local,
Drone2_e115,Drone2,Drone1:108;Drone2:115;Drone3:115,26.8190,position_measured,local,
Drone2_e116,Drone2,Drone1:108;Drone2:116;Drone3:115,27.0407,position_measured,local,
Drone2_e117,Drone2,Drone1:108;Drone2:117;Drone3:115,27.1140,position_measured,send,Drone1
Drone1_e125,Drone1,Drone1:125;Drone2:103;Drone3:119,26.6020,position_sent,local,
Drone1_e126,Drone1,Drone1:126;Drone2:103;Drone3:119,26.7987,position_sent,local,
Drone3_e127,Drone3,Drone1:108;Drone2:110;Drone3:127,27.3500,position_sent,local,
Drone2_e118,Drone2,Drone1:108;Drone2:118;Drone3:115,27.3303,position_measured,local,
Drone2_e119,Drone2,Drone1:108;Drone2:119;Drone3:115,27.5606,position_measured,local,
Drone2_e120,Drone2,Drone1:108;Drone2:120;Drone3:115,27.6985,position_measured,local,
Drone3_e128,Drone3,Drone1:108;Drone2:110;Drone3:128,27.4387,position_sent,local,
Drone2_e121,Drone2,Drone1:108;Drone2:121;Drone3:115,27.8361,position_measured,send,Drone1
Drone3_e129,Drone3,Drone1:108;Drone2:110;Drone3:129,27.6794,position_sent,local,
Drone3_e130,Drone3,Drone1:108;Drone2:110;Drone3:130,27.9407,position_sent,send,Drone2
Drone3_e131,Drone3,Drone1:108;Drone2:110;Drone3:131,28.1513,position_sent,local,
Drone1_e127,Drone1,Drone1:127;Drone2:103;Drone3:119,27.0131,position_sent,local,
Drone3_e132,Drone3,Drone1:108;Drone2:110;Drone3:132,28.2697,processing,send,Drone1
Drone2_e122,Drone2,Drone1:108;Drone2:122;Drone3:115,27.9738,position_sent,local,
Drone1_e128,Drone1,Drone1:128;Drone2:103;Drone3:119,27.2047,position_sent,local,
Drone2_e123,Drone2,Drone1:108;Drone2:123;Drone3:130,28.0467,position_sent,receive,Drone3
Drone3_e133,Drone3,Drone1:108;Drone2:110;Drone3:133,28.4331,processing,send,Drone2
Drone1_e129,Drone1,Drone1:129;Drone2:110;Drone3:132,28.5139,position_sent,receive,Drone3
Drone3_e134,Drone3,Drone1:108;Drone2:110;Drone3:134,28.7039,processing,local,
Drone1_e130,Drone1,Drone1:130;Drone2:110;Drone3:132,28.7324,position_sent,receive,Drone2
Drone2_e124,Drone2,Drone1:108;Drone2:124;Drone3:130,28.2028,position_sent,local,
Drone3_e135,Drone3,Drone1:108;Drone2:110;Drone3:135,28.8222,processing,local,
Drone3_e136,Drone3,Drone1:108;Drone2:110;Drone3:136,28.8999,processing,send,Drone2
Drone3_e137,Drone3,Drone1:108;Drone2:110;Drone3:137,29.0716,processing,local,
Drone3_e138,Drone3,Drone1:108;Drone2:110;Drone3:138,29.1767,processing,local,
Drone3_e139,Drone3,Drone1:108;Drone2:110;Drone3:139,29.3021,processing,send,Drone1
Drone1_e131,Drone1,Drone1:131;Drone2:110;Drone3:132,28.9734,position_sent,local,
Drone2_e125,Drone2,Drone1:108;Drone2:125;Drone3:133,28.6074,position_sent,receive,Drone3
Drone2_e126,Drone2,Drone1:108;Drone2:126;Drone3:136,29.0831,position_sent,receive,Drone3
Drone1_e132,Drone1,Drone1:132;Drone2:110;Drone3:132,29.2317,processing,local,
Drone2_e127,Drone2,Drone1:108;Drone2:127;Drone3:136,29.2421,position_sent,send,Drone1
Drone2_e128,Drone2,Drone1:108;Drone2:128;Drone3:136,29.5076,position_sent,local,
Drone3_e140,Drone3,Drone1:108;Drone2:110;Drone3:140,29.4532,processing,local,
Drone3_e141,Drone3,Drone1:108;Drone2:110;Drone3:141,29.5320,processing,local,
Drone1_e133,Drone1,Drone1:133;Drone2:110;Drone3:132,29.3247,processing,local,
Drone3_e142,Drone3,Drone1:108;Drone2:110;Drone3:142,29.7544,relative_computed,local,
Drone2_e129,Drone2,Drone1:108;Drone2:129;Drone3:136,29.6185,position_sent,send,Drone1
Drone3_e143,Drone3,Drone1:108;Drone2:110;Drone3:143,29.8240,relative_computed,local,
Drone2_e130,Drone2,Drone1:108;Drone2:130;Drone3:136,29.7239,position_sent,local,
Drone1_e134,Drone1,Drone1:134;Drone2:110;Drone3:132,29.5074,processing,receive,Drone2
Drone1_e135,Drone1,Drone1:135;Drone2:110;Drone3:132,29.6447,processing,local,
Drone3_e144,Drone3,Drone1:108;Drone2:110;Drone3:144,30.0354,relative_computed,local,
Drone1_e136,Drone1,Drone1:136;Drone2:112;Drone3:132,29.7587,processing,receive,Drone2
Drone1_e137,Drone1,Drone1:137;Drone2:112;Drone3:132,29.9987,processing,local,
Drone3_e145,Drone3,Drone1:108;Drone2:110;Drone3:145,30.2014,relative_computed,send,Drone2
Drone3_e146,Drone3,Drone1:108;Drone2:110;Drone3:146,30.3636,relative_computed,local,
Drone3_e147,Drone3,Drone1:108;Drone2:110;Drone3:147,30.6602,relative_computed,local,
Drone2_e131,Drone2,Drone1:108;Drone2:131;Drone3:136,29.9307,position_sent,local,
Drone1_e138,Drone1,Drone1:138;Drone2:112;Drone3:132,30.1660,processing,local,
Drone3_e148,Drone3,Drone1:108;Drone2:110;Drone3:148,30.7789,relative_computed,local,
Drone1_e139,Drone1,Drone1:139;Drone2:117;Drone3:132,30.2936,processing,receive,Drone2
Drone2_e132,Drone2,Drone1:108;Drone2:132;Drone3:145,30.4593,processing,receive,Drone3
Drone1_e140,Drone1,Drone1:140;Drone2:117;Drone3:132,30.5879,processing,local,
Drone1_e141,Drone1,Drone1:141;Drone2:117;Drone3:132,30.7647,processing,local,
Drone2_e133,Drone2,Drone1:108;Drone2:133;Drone3:145,30.7479,processing,local,
Drone3_e149,Drone3,Drone1:108;Drone2:110;Drone3:149,30.9413,relative_computed,local,
Drone3_e150,Drone3,Drone1:108;Drone2:110;Drone3:150,31.0717,relative_computed,local,
Drone2_e134,Drone2,Drone1:108;Drone2:134;Drone3:145,31.0373,processing,local,
Drone2_e135,Drone2,Drone1:108;Drone2:135;Drone3:145,31.3329,processing,send,Drone3
Drone1_e142,Drone1,Drone1:142;Drone2:117;Drone3:132,30.8578,relative_computed,local,
Drone1_e143,Drone1,Drone1:143;Drone2:117;Drone3:132,31.1556,relative_computed,local,
Drone3_e151,Drone3,Drone1:108;Drone2:110;Drone3:151,31.1614,relative_computed,local,
Drone2_e136,Drone2,Drone1:108;Drone2:136;Drone3:145,31.4797,processing,local,
Drone2_e137,Drone2,Drone1:108;Drone2:137;Drone3:145,31.5428,processing,local,
Drone3_e152,Drone3,Drone1:108;Drone2:110;Drone3:152,31.2279,formation_hold,local,
Drone1_e144,Drone1,Drone1:144;Drone2:117;Drone3:132,31.3022,relative_computed,local,
Drone2_e138,Drone2,Drone1:108;Drone2:138;Drone3:145,31.7570,processing,local,
Drone3_e153,Drone3,Drone1:108;Drone2:110;Drone3:153,31.3612,formation_hold,local,
Drone3_e154,Drone3,Drone1:108;Drone2:110;Drone3:154,31.6404,formation_hold,local,
Drone2_e139,Drone2,Drone1:108;Drone2:139;Drone3:145,31.9816,processing,local,
Drone2_e140,Drone2,Drone1:108;Drone2:140;Drone3:145,32.1090,processing,send,Drone1
Drone2_e141,Drone2,Drone1:108;Drone2:141;Drone3:145,32.2411,processing,local,
Drone1_e145,Drone1,Drone1:145;Drone2:117;Drone3:132,31.5595,relative_computed,local,
Drone3_e155,Drone3,Drone1:108;Drone2:110;Drone3:155,31.9185,formation_hold,local,
Drone1_e146,Drone1,Drone1:146;Drone2:117;Drone3:132,31.7153,relative_computed,local,
Drone2_e142,Drone2,Drone1:108;Drone2:142;Drone3:145,32.3362,relative_computed,send,Drone3
Drone1_e147,Drone1,Drone1:147;Drone2:117;Drone3:139,31.8133,relative_computed,receive,Drone3
Drone1_e148,Drone1,Drone1:148;Drone2:121;Drone3:139,32.0744,relative_computed,receive,Drone2
Drone1_e149,Drone1,Drone1:149;Drone2:121;Drone3:139,32.2594,relative_computed,local,
Drone3_e156,Drone3,Drone1:108;Drone2:110;Drone3:156,31.9780,formation_hold,local,
Drone2_e143,Drone2,Drone1:108;Drone2:143;Drone3:145,32.5407,relative_computed,local,
Drone3_e157,Drone3,Drone1:108;Drone2:135;Drone3:157,32.0732,formation_hold,receive,Drone2
Drone3_e158,Drone3,Drone1:108;Drone2:135;Drone3:158,32.3254,formation_hold,local,
Drone1_e150,Drone1,Drone1:150;Drone2:121;Drone3:139,32.3203,relative_computed,local,
Drone2_e144,Drone2,Drone1:108;Drone2:144;Drone3:145,32.6501,relative_computed,local,
Drone2_e145,Drone2,Drone1:108;Drone2:145;Drone3:145,32.8882,relative_computed,local,
Drone2_e146,Drone2,Drone1:108;Drone2:146;Drone3:145,33.0155,relative_computed,send,Drone1
Drone2_e147,Drone2,Drone1:108;Drone2:147;Drone3:145,33.1140,relative_computed,local,
Drone3_e159,Drone3,Drone1:108;Drone2:135;Drone3:159,32.6215,formation_hold,local,
Drone2_e148,Drone2,Drone1:108;Drone2:148;Drone3:145,33.3586,relative_computed,local,
Drone3_e160,Drone3,Drone1:108;Drone2:135;Drone3:160,32.9131,formation_hold,local,
Drone1_e151,Drone1,Drone1:151;Drone2:121;Drone3:139,32.4049,relative_computed,local,
Drone2_e149,Drone2,Drone1:108;Drone2:149;Drone3:145,33.6271,relative_computed,send,Drone3
Drone3_e161,Drone3,Drone1:108;Drone2:135;Drone3:161,33.1410,formation_hold,local,
Drone3_e162,Drone3,Drone1:108;Drone2:135;Drone3:162,33.2622,idle,local,
Drone1_e152,Drone1,Drone1:152;Drone2:127;Drone3:139,32.6626,formation_hold,receive,Drone2
Drone1_e153,Drone1,Drone1:153;Drone2:127;Drone3:139,32.7682,formation_hold,local,
Drone2_e150,Drone2,Drone1:108;Drone2:150;Drone3:145,33.9097,relative_computed,local,
Drone2_e151,Drone2,Drone1:108;Drone2:151;Drone3:145,34.0187,relative_computed,send,Drone3
Drone1_e154,Drone1,Drone1:154;Drone2:129;Drone3:139,32.8978,formation_hold,receive,Drone2
Drone1_e155,Drone1,Drone1:155;Drone2:129;Drone3:139,33.1103,formation_hold,local,
Drone1_e156,Drone1,Drone1:156;Drone2:140;Drone3:145,33.3897,formation_hold,receive,Drone2
Drone2_e152,Drone2,Drone1:108;Drone2:152;Drone3:145,34.1034,formation_hold,local,
Drone3_e163,Drone3,Drone1:108;Drone2:135;Drone3:163,33.4661,idle,local,
Drone1_e157,Drone1,Drone1:157;Drone2:146;Drone3:145,33.6484,formation_hold,receive,Drone2
Drone3_e164,Drone3,Drone1:108;Drone2:135;Drone3:164,33.6683,idle,local,
Drone2_e153,Drone2,Drone1:108;Drone2:153;Drone3:145,34.2128,formation_hold,send,Drone3
Drone1_e158,Drone1,Drone1:158;Drone2:146;Drone3:145,33.8581,formation_hold,send,Drone3
Drone3_e165,Drone3,Drone1:108;Drone2:135;Drone3:165,33.7460,idle,local,
Drone2_e154,Drone2,Drone1:108;Drone2:154;Drone3:145,34.2669,formation_hold,local,
Drone3_e166,Drone3,Drone1:108;Drone2:135;Drone3:166,33.9756,idle,local,
Drone2_e155,Drone2,Drone1:108;Drone2:155;Drone3:145,34.4706,formation_hold,local,
Drone1_e159,Drone1,Drone1:159;Drone2:146;Drone3:145,33.9550,formation_hold,local,
Drone3_e167,Drone3,Drone1:108;Drone2:142;Drone3:167,34.0426,idle,receive,Drone2
Drone3_e168,Drone3,Drone1:108;Drone2:142;Drone3:168,34.2892,idle,local,
Drone3_e169,Drone3,Drone1:108;Drone2:142;Drone3:169,34.4368,idle,local,
Drone2_e156,Drone2,Drone1:108;Drone2:156;Drone3:145,34.7658,formation_hold,send,Drone3
Drone2_e157,Drone2,Drone1:108;Drone2:157;Drone3:145,34.9051,formation_hold,local,
Drone1_e160,Drone1,Drone1:160;Drone2:146;Drone3:145,34.1882,formation_hold,local,
Drone3_e170,Drone3,Drone1:108;Drone2:149;Drone3:170,34.5201,idle,receive,Drone2
Drone2_e158,Drone2,Drone1:108;Drone2:158;Drone3:145,35.1585,formation_hold,local,
Drone1_e161,Drone1,Drone1:161;Drone2:146;Drone3:145,34.4094,formation_hold,local,
Drone3_e171,Drone3,Drone1:108;Drone2:149;Drone3:171,34.6157,idle,local,
Drone1_e162,Drone1,Drone1:162;Drone2:146;Drone3:145,34.4686,idle,send,Drone3
Drone1_e163,Drone1,Drone1:163;Drone2:146;Drone3:145,34.7401,idle,send,Drone2
Drone2_e159,Drone2,Drone1:108;Drone2:159;Drone3:145,35.3373,formation_hold,local,
Drone3_e172,Drone3,Drone1:108;Drone2:149;Drone3:172,34.6748,scanning,local,
Drone3_e173,Drone3,Drone1:108;Drone2:151;Drone3:173,34.9404,scanning,receive,Drone2
Drone1_e164,Drone1,Drone1:164;Drone2:146;Drone3:145,34.8731,idle,local,
Drone1_e165,Drone1,Drone1:165;Drone2:146;Drone3:145,35.0323,idle,local,
Drone2_e160,Drone2,Drone1:108;Drone2:160;Drone3:145,35.6110,formation_hold,local,
Drone2_e161,Drone2,Drone1:163;Drone2:161;Drone3:145,35.7850,formation_hold,receive,Drone1
Drone2_e162,Drone2,Drone1:163;Drone2:162;Drone3:145,36.0344,idle,local,
Drone2_e163,Drone2,Drone1:163;Drone2:163;Drone3:145,36.2661,idle,local,
Drone1_e166,Drone1,Drone1:166;Drone2:146;Drone3:145,35.3311,idle,local,
Drone1_e167,Drone1,Drone1:167;Drone2:146;Drone3:145,35.4614,idle,local,
Drone1_e168,Drone1,Drone1:168;Drone2:146;Drone3:145,35.5853,idle,local,
Drone2_e164,Drone2,Drone1:163;Drone2:164;Drone3:145,36.4227,idle,local,
Drone3_e174,Drone3,Drone1:108;Drone2:151;Drone3:174,35.1022,scanning,local,
Drone3_e175,Drone3,Drone1:108;Drone2:151;Drone3:175,35.2403,scanning,local,
Drone2_e165,Drone2,Drone1:163;Drone2:165;Drone3:145,36.4914,idle,send,Drone1
Drone3_e176,Drone3,Drone1:108;Drone2:151;Drone3:176,35.4186,scanning,local,
Drone3_e177,Drone3,Drone1:108;Drone2:151;Drone3:177,35.7068,scanning,local,
Drone1_e169,Drone1,Drone1:169;Drone2:146;Drone3:145,35.8048,idle,local,
Drone2_e166,Drone2,Drone1:163;Drone2:166;Drone3:145,36.6004,idle,send,Drone1
Drone3_e178,Drone3,Drone1:108;Drone2:153;Drone3:178,35.9941,scanning,receive,Drone2
Drone1_e170,Drone1,Drone1:170;Drone2:146;Drone3:145,36.0246,idle,local,
Drone2_e167,Drone2,Drone1:163;Drone2:167;Drone3:145,36.8412,idle,local,
Drone3_e179,Drone3,Drone1:108;Drone2:156;Drone3:179,36.1436,scanning,receive,Drone2
Drone3_e180,Drone3,Drone1:158;Drone2:156;Drone3:180,36.2001,scanning,receive,Drone1
Drone1_e171,Drone1,Drone1:171;Drone2:146;Drone3:145,36.1713,idle,local,
Drone3_e181,Drone3,Drone1:162;Drone2:156;Drone3:181,36.4261,scanning,receive,Drone1
Drone1_e172,Drone1,Drone1:172;Drone2:146;Drone3:145,36.2927,scanning,local,
Drone2_e168,Drone2,Drone1:163;Drone2:168;Drone3:145,37.1044,idle,send,Drone1
Drone2_e169,Drone2,Drone1:163;Drone2:169;Drone3:145,37.4037,idle,send,Drone3
Drone3_e182,Drone3,Drone1:162;Drone2:156;Drone3:182,36.7228,target_found,local,
Drone3_e183,Drone3,Drone1:163;Drone2:169;Drone3:183,37.5912,target_found,receive,Drone2
Drone2_e170,Drone2,Drone1:163;Drone2:170;Drone3:145,37.6666,idle,local,
Drone3_e184,Drone3,Drone1:163;Drone2:169;Drone3:184,37.8163,target_found,local,
Drone1_e173,Drone1,Drone1:173;Drone2:146;Drone3:145,36.4699,scanning,local,
Drone1_e174,Drone1,Drone1:174;Drone2:146;Drone3:145,36.7179,scanning,local,
Drone1_e175,Drone1,Drone1:175;Drone2:146;Drone3:145,36.7745,scanning,local,
Drone3_e185,Drone3,Drone1:163;Drone2:169;Drone3:185,37.9831,target_found,local,
Drone3_e186,Drone3,Drone1:163;Drone2:169;Drone3:186,38.0496,target_found,send,Drone1
Drone2_e171,Drone2,Drone1:163;Drone2:171;Drone3:145,37.8963,idle,local,
Drone3_e187,Drone3,Drone1:163;Drone2:169;Drone3:187,38.2019,target_found,local,
Drone3_e188,Drone3,Drone1:163;Drone2:169;Drone3:188,38.4125,target_found,send,Drone2
Drone2_e172,Drone2,Drone1:163;Drone2:172;Drone3:145,38.0756,scanning,local,
Drone1_e176,Drone1,Drone1:176;Drone2:146;Drone3:145,37.0195,scanning,local,
Drone3_e189,Drone3,Drone1:163;Drone2:169;Drone3:189,38.6544,target_found,local,
Drone1_e177,Drone1,Drone1:177;Drone2:146;Drone3:145,37.2972,scanning,local,
Drone1_e178,Drone1,Drone1:178;Drone2:146;Drone3:145,37.4768,scanning,local,
Drone2_e173,Drone2,Drone1:163;Drone2:173;Drone3:188,38.6962,scanning,receive,Drone3
Drone1_e179,Drone1,Drone1:179;Drone2:169;Drone3:186,38.3110,scanning,receive,Drone3
Drone2_e174,Drone2,Drone1:163;Drone2:174;Drone3:188,38.7775,scanning,send,Drone3
Drone2_e175,Drone2,Drone1:163;Drone2:175;Drone3:188,38.8508,scanning,local,
Drone3_e190,Drone3,Drone1:163;Drone2:174;Drone3:190,38.8703,target_found,receive,Drone2
Drone3_e191,Drone3,Drone1:163;Drone2:174;Drone3:191,39.0716,target_found,local,
Drone3_e192,Drone3,Drone1:163;Drone2:174;Drone3:192,39.1419,position_measured,send,Drone1
Drone3_e193,Drone3,Drone1:163;Drone2:174;Drone3:193,39.2580,position_measured,local,
Drone1_e180,Drone1,Drone1:180;Drone2:169;Drone3:186,38.4652,scanning,local,
Drone3_e194,Drone3,Drone1:163;Drone2:174;Drone3:194,39.4685,position_measured,send,Drone2
Drone2_e176,Drone2,Drone1:163;Drone2:176;Drone3:188,39.1020,scanning,local,
Drone3_e195,Drone3,Drone1:163;Drone2:174;Drone3:195,39.6319,position_measured,local,
Drone3_e196,Drone3,Drone1:163;Drone2:174;Drone3:196,39.7858,position_measured,send,Drone2
Drone2_e177,Drone2,Drone1:163;Drone2:177;Drone3:194,39.5967,scanning,receive,Drone3
Drone3_e197,Drone3,Drone1:163;Drone2:174;Drone3:197,40.0828,position_measured,local,
Drone2_e178,Drone2,Drone1:163;Drone2:178;Drone3:194,39.6793,scanning,local,
Drone2_e179,Drone2,Drone1:163;Drone2:179;Drone3:194,39.7559,scanning,local,
Drone1_e181,Drone1,Drone1:181;Drone2:169;Drone3:186,38.5821,scanning,local,
Drone1_e182,Drone1,Drone1:182;Drone2:169;Drone3:186,38.7046,target_found,receive,Drone2
Drone2_e180,Drone2,Drone1:163;Drone2:180;Drone3:194,39.9104,scanning,local,
Drone1_e183,Drone1,Drone1:183;Drone2:169;Drone3:186,38.9880,target_found,local,
Drone3_e198,Drone3,Drone1:163;Drone2:174;Drone3:198,40.3236,position_measured,local,
Drone2_e181,Drone2,Drone1:163;Drone2:181;Drone3:194,40.0771,scanning,local,
Drone2_e182,Drone2,Drone1:163;Drone2:182;Drone3:194,40.1496,target_found,local,
Drone2_e183,Drone2,Drone1:163;Drone2:183;Drone3:194,40.4413,target_found,local,
Drone1_e184,Drone1,Drone1:184;Drone2:169;Drone3:186,39.0502,target_found,local,
Drone2_e184,Drone2,Drone1:163;Drone2:184;Drone3:194,40.7119,target_found,local,
Drone3_e199,Drone3,Drone1:163;Drone2:174;Drone3:199,40.4450,position_measured,local,
Drone1_e185,Drone1,Drone1:185;Drone2:169;Drone3:186,39.2079,target_found,local,
Drone2_e185,Drone2,Drone1:163;Drone2:185;Drone3:194,40.9529,target_found,local,
Drone2_e186,Drone2,Drone1:163;Drone2:186;Drone3:196,41.1454,target_found,receive,Drone3
Drone1_e186,Drone1,Drone1:186;Drone2:174;Drone3:192,39.2763,target_found,receive,Drone3
Drone3_e200,Drone3,Drone1:163;Drone2:174;Drone3:200,40.6325,position_measured,local,
Drone3_e201,Drone3,Drone1:163;Drone2:174;Drone3:201,40.7122,position_measured,local,
Drone1_e187,Drone1,Drone1:187;Drone2:174;Drone3:192,39.4658,target_found,receive,Drone2
Drone2_e187,Drone2,Drone1:163;Drone2:187;Drone3:196,41.2452,target_found,local,
Drone3_e202,Drone3,Drone1:163;Drone2:174;Drone3:202,40.7723,position_sent,local,
Drone1_e188,Drone1,Drone1:188;Drone2:174;Drone3:192,39.7168,target_found,receive,Drone2
Drone3_e203,Drone3,Drone1:163;Drone2:174;Drone3:203,40.9738,position_sent,local,
Drone3_e204,Drone3,Drone1:163;Drone2:174;Drone3:204,41.0644,position_sent,send,Drone2
Drone3_e205,Drone3,Drone1:163;Drone2:174;Drone3:205,41.1893,position_sent,local,
Drone2_e188,Drone2,Drone1:163;Drone2:188;Drone3:196,41.4226,target_found,local,
Drone2_e189,Drone2,Drone1:163;Drone2:189;Drone3:196,41.5476,target_found,local,
Drone1_e189,Drone1,Drone1:189;Drone2:174;Drone3:192,39.9352,target_found,local,
Drone2_e190,Drone2,Drone1:163;Drone2:190;Drone3:196,41.7968,target_found,local,
Drone3_e206,Drone3,Drone1:163;Drone2:174;Drone3:206,41.3966,position_sent,local,
Drone3_e207,Drone3,Drone1:163;Drone2:174;Drone3:207,41.6883,position_sent,local,
Drone3_e208,Drone3,Drone1:163;Drone2:174;Drone3:208,41.9187,position_sent,local,
Drone3_e209,Drone3,Drone1:163;Drone2:174;Drone3:209,42.0997,position_sent,local,
Drone3_e210,Drone3,Drone1:163;Drone2:174;Drone3:210,42.3600,position_sent,local,
Drone1_e190,Drone1,Drone1:190;Drone2:174;Drone3:192,40.0458,target_found,local,
Drone3_e211,Drone3,Drone1:163;Drone2:174;Drone3:211,42.4375,position_sent,local,
Drone1_e191,Drone1,Drone1:191;Drone2:174;Drone3:192,40.2005,target_found,local,
Drone2_e191,Drone2,Drone1:163;Drone2:191;Drone3:196,41.9494,target_found,local,
Drone3_e212,Drone3,Drone1:163;Drone2:174;Drone3:212,42.7057,processing,local,
Drone3_e213,Drone3,Drone1:163;Drone2:174;Drone3:213,42.9322,processing,local,
Drone3_e214,Drone3,Drone1:163;Drone2:174;Drone3:214,43.2317,processing,send,Drone2
Drone2_e192,Drone2,Drone1:163;Drone2:192;Drone3:196,42.0778,position_measured,local,
Drone1_e192,Drone1,Drone1:192;Drone2:174;Drone3:192,40.3838,position_measured,local,
Drone3_e215,Drone3,Drone1:163;Drone2:174;Drone3:215,43.4747,processing,local,
Drone3_e216,Drone3,Drone1:163;Drone2:174;Drone3:216,43.7256,processing,local,
Drone2_e193,Drone2,Drone1:163;Drone2:193;Drone3:196,42.1759,position_measured,local,
Drone1_e193,Drone1,Drone1:193;Drone2:174;Drone3:192,40.4900,position_measured,send,Drone3
Drone2_e194,Drone2,Drone1:163;Drone2:194;Drone3:196,42.4021,position_measured,local,
Drone3_e217,Drone3,Drone1:163;Drone2:174;Drone3:217,43.8549,processing,local,
Drone2_e195,Drone2,Drone1:163;Drone2:195;Drone3:196,42.6857,position_measured,local,
Drone3_e218,Drone3,Drone1:193;Drone2:174;Drone3:218,44.0482,processing,receive,Drone1
Drone3_e219,Drone3,Drone1:193;Drone2:174;Drone3:219,44.3433,processing,local,
Drone2_e196,Drone2,Drone1:163;Drone2:196;Drone3:196,42.9369,position_measured,local,
Drone2_e197,Drone2,Drone1:163;Drone2:197;Drone3:204,43.0735,position_measured,receive,Drone3
Drone2_e198,Drone2,Drone1:163;Drone2:198;Drone3:204,43.3103,position_measured,local,
Drone1_e194,Drone1,Drone1:194;Drone2:174;Drone3:192,40.7732,position_measured,send,Drone3
Drone3_e220,Drone3,Drone1:194;Drone2:174;Drone3:220,44.5472,processing,receive,Drone1
Drone3_e221,Drone3,Drone1:194;Drone2:174;Drone3:221,44.7646,processing,send,Drone1
Drone3_e222,Drone3,Drone1:194;Drone2:174;Drone3:222,44.8278,relative_computed,send,Drone1
Drone2_e199,Drone2,Drone1:163;Drone2:199;Drone3:214,43.3854,position_measured,receive,Drone3
Drone1_e195,Drone1,Drone1:195;Drone2:174;Drone3:221,44.9164,position_measured,receive,Drone3
Drone2_e200,Drone2,Drone1:163;Drone2:200;Drone3:214,43.4853,position_measured,local,
Drone2_e201,Drone2,Drone1:163;Drone2:201;Drone3:214,43.6968,position_measured,local,
Drone1_e196,Drone1,Drone1:196;Drone2:174;Drone3:221,45.0244,position_measured,local,
Drone3_e223,Drone3,Drone1:194;Drone2:174;Drone3:223,45.1119,relative_computed,local,
Drone1_e197,Drone1,Drone1:197;Drone2:174;Drone3:221,45.2838,position_measured,local,
Drone1_e198,Drone1,Drone1:198;Drone2:174;Drone3:221,45.4331,position_measured,local,
Drone2_e202,Drone2,Drone1:163;Drone2:202;Drone3:214,43.9659,position_sent,send,Drone3
Drone1_e199,Drone1,Drone1:199;Drone2:174;Drone3:222,45.7152,position_measured,receive,Drone3
Drone2_e203,Drone2,Drone1:163;Drone2:203;Drone3:214,44.2383,position_sent,send,Drone3
Drone1_e200,Drone1,Drone1:200;Drone2:174;Drone3:222,45.8822,position_measured,local,
Drone1_e201,Drone1,Drone1:201;Drone2:174;Drone3:222,46.0149,position_measured,local,
Drone3_e224,Drone3,Drone1:194;Drone2:174;Drone3:224,45.2263,relative_computed,local,
Drone1_e202,Drone1,Drone1:202;Drone2:174;Drone3:222,46.2626,position_sent,send,Drone3
Drone3_e225,Drone3,Drone1:194;Drone2:174;Drone3:225,45.3245,relative_computed,local,
Drone3_e226,Drone3,Drone1:194;Drone2:174;Drone3:226,45.5988,relative_computed,local,
Drone2_e204,Drone2,Drone1:163;Drone2:204;Drone3:214,44.3099,position_sent,local,
Drone3_e227,Drone3,Drone1:202;Drone2:174;Drone3:227,46.4319,relative_computed,receive,Drone1
Drone1_e203,Drone1,Drone1:203;Drone2:174;Drone3:222,46.3714,position_sent,send,Drone3
Drone2_e205,Drone2,Drone1:163;Drone2:205;Drone3:214,44.4354,position_sent,local,
Drone3_e228,Drone3,Drone1:202;Drone2:174;Drone3:228,46.5473,relative_computed,local,
Drone2_e206,Drone2,Drone1:163;Drone2:206;Drone3:214,44.5010,position_sent,local,
Drone1_e204,Drone1,Drone1:204;Drone2:174;Drone3:222,46.4614,position_sent,local,
Drone3_e229,Drone3,Drone1:202;Drone2:174;Drone3:229,46.8211,relative_computed,local,
Drone3_e230,Drone3,Drone1:202;Drone2:174;Drone3:230,47.0437,relative_computed,local,
Drone3_e231,Drone3,Drone1:202;Drone2:174;Drone3:231,47.1674,relative_computed,local,
Drone3_e232,Drone3,Drone1:203;Drone2:174;Drone3:232,47.3370,formation_hold,receive,Drone1
Drone2_e207,Drone2,Drone1:163;Drone2:207;Drone3:214,44.7024,position_sent,local,
Drone2_e208,Drone2,Drone1:163;Drone2:208;Drone3:214,44.9806,position_sent,local,
Drone3_e233,Drone3,Drone1:203;Drone2:174;Drone3:233,47.5934,formation_hold,local,
Drone1_e205,Drone1,Drone1:205;Drone2:174;Drone3:222,46.6603,position_sent,local,
Drone1_e206,Drone1,Drone1:206;Drone2:174;Drone3:222,46.8424,position_sent,local,
Drone2_e209,Drone2,Drone1:163;Drone2:209;Drone3:214,45.0460,position_sent,send,Drone1
Drone3_e234,Drone3,Drone1:203;Drone2:174;Drone3:234,47.6939,formation_hold,local,
Drone3_e235,Drone3,Drone1:203;Drone2:202;Drone3:235,47.9575,formation_hold,receive,Drone2
Drone2_e210,Drone2,Drone1:163;Drone2:210;Drone3:214,45.2753,position_sent,send,Drone1
Drone2_e211,Drone2,Drone1:163;Drone2:211;Drone3:214,45.5274,position_sent,send,Drone3
Drone2_e212,Drone2,Drone1:163;Drone2:212;Drone3:214,45.6916,processing,send,Drone3
Drone1_e207,Drone1,Drone1:207;Drone2:174;Drone3:222,47.0606,position_sent,local,
Drone2_e213,Drone2,Drone1:163;Drone2:213;Drone3:214,45.8406,processing,local,
Drone1_e208,Drone1,Drone1:208;Drone2:174;Drone3:222,47.2551,position_sent,local,
Drone1_e209,Drone1,Drone1:209;Drone2:174;Drone3:222,47.4802,position_sent,local,
Drone3_e236,Drone3,Drone1:203;Drone2:202;Drone3:236,48.2412,formation_hold,local,
Drone1_e210,Drone1,Drone1:210;Drone2:174;Drone3:222,47.6482,position_sent,local,
Drone2_e214,Drone2,Drone1:163;Drone2:214;Drone3:214,46.0829,processing,local,
Drone3_e237,Drone3,Drone1:203;Drone2:202;Drone3:237,48.4526,formation_hold,local,
Drone2_e215,Drone2,Drone1:163;Drone2:215;Drone3:214,46.3557,processing,local,
Drone2_e216,Drone2,Drone1:163;Drone2:216;Drone3:214,46.6324,processing,local,
Drone2_e217,Drone2,Drone1:163;Drone2:217;Drone3:214,46.8458,processing,send,Drone1
Drone2_e218,Drone2,Drone1:163;Drone2:218;Drone3:214,47.0280,processing,send,Drone3
Drone3_e238,Drone3,Drone1:203;Drone2:202;Drone3:238,48.7114,formation_hold,local,
Drone1_e211,Drone1,Drone1:211;Drone2:174;Drone3:222,47.8140,position_sent,local,
Drone3_e239,Drone3,Drone1:203;Drone2:202;Drone3:239,48.8943,formation_hold,local,
Drone1_e212,Drone1,Drone1:212;Drone2:209;Drone3:222,47.9028,processing,receive,Drone2
Drone1_e213,Drone1,Drone1:213;Drone2:209;Drone3:222,48.1340,processing,local,
Drone1_e214,Drone1,Drone1:214;Drone2:210;Drone3:222,48.3378,processing,receive,Drone2
Drone1_e215,Drone1,Drone1:215;Drone2:217;Drone3:222,48.4130,processing,receive,Drone2
Drone1_e216,Drone1,Drone1:216;Drone2:217;Drone3:222,48.6310,processing,local,
Drone1_e217,Drone1,Drone1:217;Drone2:217;Drone3:222,48.7816,processing,send,Drone2
Drone1_e218,Drone1,Drone1:218;Drone2:217;Drone3:222,49.0202,processing,local,
Drone1_e219,Drone1,Drone1:219;Drone2:217;Drone3:222,49.1287,processing,send,Drone3
Drone3_e240,Drone3,Drone1:203;Drone2:202;Drone3:240,49.0887,formation_hold,local,
Drone3_e241,Drone3,Drone1:203;Drone2:202;Drone3:241,49.1979,formation_hold,local,
Drone1_e220,Drone1,Drone1:220;Drone2:217;Drone3:222,49.3090,processing,local,
Drone2_e219,Drone2,Drone1:217;Drone2:219;Drone3:222,48.9707,processing,receive,Drone1
Drone3_e242,Drone3,Drone1:203;Drone2:202;Drone3:242,49.4758,idle,local,
Drone3_e243,Drone3,Drone1:203;Drone2:202;Drone3:243,49.6648,idle,local,
Drone1_e221,Drone1,Drone1:221;Drone2:217;Drone3:222,49.5944,processing,local,
Drone3_e244,Drone3,Drone1:203;Drone2:203;Drone3:244,49.8889,idle,receive,Drone2
Drone2_e220,Drone2,Drone1:217;Drone2:220;Drone3:222,49.0667,processing,send,Drone3
Drone3_e245,Drone3,Drone1:203;Drone2:203;Drone3:245,50.1512,idle,local,
Drone2_e221,Drone2,Drone1:217;Drone2:221;Drone3:222,49.1528,processing,local,
Drone2_e222,Drone2,Drone1:217;Drone2:222;Drone3:222,49.3434,relative_computed,local,
Drone2_e223,Drone2,Drone1:217;Drone2:223;Drone3:222,49.4269,relative_computed,local,
Drone1_e222,Drone1,Drone1:222;Drone2:217;Drone3:222,49.8061,relative_computed,send,Drone3
Drone2_e224,Drone2,Drone1:217;Drone2:224;Drone3:222,49.5000,relative_computed,local,
Drone3_e246,Drone3,Drone1:203;Drone2:203;Drone3:246,50.2141,idle,local,
Drone2_e225,Drone2,Drone1:217;Drone2:225;Drone3:222,49.7008,relative_computed,local,
Drone1_e223,Drone1,Drone1:223;Drone2:217;Drone3:222,49.9759,relative_computed,send,Drone2
Drone2_e226,Drone2,Drone1:223;Drone2:226;Drone3:222,50.0789,relative_computed,receive,Drone1
Drone1_e224,Drone1,Drone1:224;Drone2:217;Drone3:222,50.0553,relative_computed,local,
Drone2_e227,Drone2,Drone1:223;Drone2:227;Drone3:222,50.3028,relative_computed,local,
Drone3_e247,Drone3,Drone1:219;Drone2:217;Drone3:247,50.4021,idle,receive,Drone1
Drone2_e228,Drone2,Drone1:223;Drone2:228;Drone3:222,50.4862,relative_computed,local,
Drone2_e229,Drone2,Drone1:223;Drone2:229;Drone3:222,50.6261,relative_computed,local,
Drone2_e230,Drone2,Drone1:223;Drone2:230;Drone3:222,50.8768,relative_computed,local,
Drone3_e248,Drone3,Drone1:219;Drone2:217;Drone3:248,50.6620,idle,local,
Drone1_e225,Drone1,Drone1:225;Drone2:217;Drone3:222,50.2087,relative_computed,local,
Drone3_e249,Drone3,Drone1:219;Drone2:217;Drone3:249,50.8973,idle,local,
Drone1_e226,Drone1,Drone1:226;Drone2:217;Drone3:222,50.3325,relative_computed,send,Drone3
Drone1_e227,Drone1,Drone1:227;Drone2:217;Drone3:222,50.4775,relative_computed,local,
Drone1_e228,Drone1,Drone1:228;Drone2:217;Drone3:222,50.6912,relative_computed,local,
Drone3_e250,Drone3,Drone1:219;Drone2:217;Drone3:250,51.1890,idle,receive,Drone2
Drone3_e251,Drone3,Drone1:219;Drone2:217;Drone3:251,51.3542,idle,local,
Drone3_e252,Drone3,Drone1:219;Drone2:217;Drone3:252,51.4465,scanning,local,
Drone3_e253,Drone3,Drone1:219;Drone2:217;Drone3:253,51.5425,scanning,local,
Drone3_e254,Drone3,Drone1:219;Drone2:217;Drone3:254,51.8318,scanning,local,
Drone3_e255,Drone3,Drone1:222;Drone2:217;Drone3:255,52.1181,scanning,receive,Drone1
Drone3_e256,Drone3,Drone1:226;Drone2:217;Drone3:256,52.2712,scanning,receive,Drone1
Drone3_e257,Drone3,Drone1:226;Drone2:217;Drone3:257,52.3235,scanning,receive,Drone2
Drone3_e258,Drone3,Drone1:226;Drone2:217;Drone3:258,52.3886,scanning,local,
Drone3_e259,Drone3,Drone1:226;Drone2:217;Drone3:259,52.5927,scanning,local,
Drone2_e231,Drone2,Drone1:223;Drone2:231;Drone3:222,50.9308,relative_computed,local,
Drone3_e260,Drone3,Drone1:226;Drone2:217;Drone3:260,52.6457,scanning,local,
Drone3_e261,Drone3,Drone1:226;Drone2:217;Drone3:261,52.8296,scanning,local,
Drone2_e232,Drone2,Drone1:223;Drone2:232;Drone3:222,51.1823,formation_hold,send,Drone3
Drone1_e229,Drone1,Drone1:229;Drone2:217;Drone3:222,50.8723,relative_computed,send,Drone2
Drone1_e230,Drone1,Drone1:230;Drone2:217;Drone3:222,51.1261,relative_computed,send,Drone3
Drone2_e233,Drone2,Drone1:223;Drone2:233;Drone3:222,51.2521,formation_hold,local,
Drone2_e234,Drone2,Drone1:223;Drone2:234;Drone3:222,51.3629,formation_hold,local,
Drone3_e262,Drone3,Drone1:230;Drone2:217;Drone3:262,53.0431,target_found,receive,Drone1
Drone3_e263,Drone3,Drone1:230;Drone2:217;Drone3:263,53.1165,target_found,local,
Drone2_e235,Drone2,Drone1:229;Drone2:235;Drone3:222,51.4269,formation_hold,receive,Drone1
Drone1_e231,Drone1,Drone1:231;Drone2:217;Drone3:222,51.1967,relative_computed,local,
Drone2_e236,Drone2,Drone1:229;Drone2:236;Drone3:222,51.5597,formation_hold,local,
Drone1_e232,Drone1,Drone1:232;Drone2:217;Drone3:222,51.4765,formation_hold,local,
Drone1_e233,Drone1,Drone1:233;Drone2:217;Drone3:222,51.5943,formation_hold,send,Drone3
Drone1_e234,Drone1,Drone1:234;Drone2:217;Drone3:222,51.7144,formation_hold,local,
Drone3_e264,Drone3,Drone1:230;Drone2:217;Drone3:264,53.1747,target_found,local,
Drone2_e237,Drone2,Drone1:229;Drone2:237;Drone3:222,51.7565,formation_hold,send,Drone1
Drone3_e265,Drone3,Drone1:230;Drone2:217;Drone3:265,53.4569,target_found,local,
Drone2_e238,Drone2,Drone1:229;Drone2:238;Drone3:222,51.9481,formation_hold,send,Drone1
Drone2_e239,Drone2,Drone1:229;Drone2:239;Drone3:222,52.1333,formation_hold,local,
Drone2_e240,Drone2,Drone1:229;Drone2:240;Drone3:222,52.2183,formation_hold,local,
Drone3_e266,Drone3,Drone1:230;Drone2:217;Drone3:266,53.6321,target_found,local,
Drone2_e241,Drone2,Drone1:229;Drone2:241;Drone3:222,52.3263,formation_hold,send,Drone3
Drone1_e235,Drone1,Drone1:235;Drone2:237;Drone3:222,52.0487,formation_hold,receive,Drone2
Drone2_e242,Drone2,Drone1:229;Drone2:242;Drone3:222,52.5722,idle,send,Drone3
Drone2_e243,Drone2,Drone1:229;Drone2:243;Drone3:222,52.7111,idle,local,
Drone2_e244,Drone2,Drone1:229;Drone2:244;Drone3:222,52.9311,idle,local,
Drone3_e267,Drone3,Drone1:230;Drone2:218;Drone3:267,53.8816,target_found,receive,Drone2
Drone3_e268,Drone3,Drone1:230;Drone2:220;Drone3:268,53.9702,target_found,receive,Drone2
Drone3_e269,Drone3,Drone1:230;Drone2:220;Drone3:269,54.0587,target_found,local,
Drone2_e245,Drone2,Drone1:229;Drone2:245;Drone3:222,53.0077,idle,local,
Drone1_e236,Drone1,Drone1:236;Drone2:237;Drone3:222,52.2099,formation_hold,local,
Drone2_e246,Drone2,Drone1:229;Drone2:246;Drone3:222,53.1045,idle,send,Drone1
Drone2_e247,Drone2,Drone1:229;Drone2:247;Drone3:222,53.2827,idle,local,
Drone1_e237,Drone1,Drone1:237;Drone2:238;Drone3:222,52.3984,formation_hold,receive,Drone2
Drone3_e270,Drone3,Drone1:230;Drone2:220;Drone3:270,54.1898,target_found,local,
Drone2_e248,Drone2,Drone1:229;Drone2:248;Drone3:222,53.4296,idle,send,Drone3
Drone1_e238,Drone1,Drone1:238;Drone2:238;Drone3:222,52.5883,formation_hold,local,
Drone1_e239,Drone1,Drone1:239;Drone2:238;Drone3:222,52.6807,formation_hold,local,
Drone2_e249,Drone2,Drone1:229;Drone2:249;Drone3:222,53.5549,idle,send,Drone3
Drone2_e250,Drone2,Drone1:229;Drone2:250;Drone3:222,53.7136,idle,send,Drone1
Drone2_e251,Drone2,Drone1:229;Drone2:251;Drone3:222,53.8538,idle,send,Drone1
Drone1_e240,Drone1,Drone1:240;Drone2:238;Drone3:222,52.8547,formation_hold,local,
Drone3_e271,Drone3,Drone1:233;Drone2:220;Drone3:271,54.2737,target_found,receive,Drone1
Drone1_e241,Drone1,Drone1:241;Drone2:238;Drone3:222,52.9877,formation_hold,local,
Drone3_e272,Drone3,Drone1:233;Drone2:232;Drone3:272,54.4338,position_measured,receive,Drone2
Drone2_e252,Drone2,Drone1:229;Drone2:252;Drone3:222,54.1187,scanning,local,
Drone3_e273,Drone3,Drone1:233;Drone2:241;Drone3:273,54.6346,position_measured,receive,Drone2
Drone3_e274,Drone3,Drone1:233;Drone2:242;Drone3:274,54.7290,position_measured,receive,Drone2
Drone2_e253,Drone2,Drone1:229;Drone2:253;Drone3:222,54.2416,scanning,local,
Drone3_e275,Drone3,Drone1:233;Drone2:242;Drone3:275,55.0209,position_measured,local,
Drone1_e242,Drone1,Drone1:242;Drone2:246;Drone3:222,53.3587,idle,receive,Drone2
Drone2_e254,Drone2,Drone1:229;Drone2:254;Drone3:222,54.5246,scanning,local,
Drone1_e243,Drone1,Drone1:243;Drone2:246;Drone3:222,53.5451,idle,local,
Drone3_e276,Drone3,Drone1:233;Drone2:242;Drone3:276,55.0776,position_measured,local,
Drone3_e277,Drone3,Drone1:233;Drone2:242;Drone3:277,55.3047,position_measured,local,
Drone2_e255,Drone2,Drone1:229;Drone2:255;Drone3:222,54.7824,scanning,local,
Drone1_e244,Drone1,Drone1:244;Drone2:246;Drone3:222,53.7940,idle,local,
Drone2_e256,Drone2,Drone1:229;Drone2:256;Drone3:222,54.8672,scanning,local,
Drone2_e257,Drone2,Drone1:229;Drone2:257;Drone3:222,55.0960,scanning,send,Drone1
Drone2_e258,Drone2,Drone1:229;Drone2:258;Drone3:222,55.2916,scanning,send,Drone3
Drone3_e278,Drone3,Drone1:233;Drone2:242;Drone3:278,55.5848,position_measured,local,
Drone3_e279,Drone3,Drone1:233;Drone2:242;Drone3:279,55.6440,position_measured,local,
Drone2_e259,Drone2,Drone1:229;Drone2:259;Drone3:222,55.5447,scanning,local,
Drone3_e280,Drone3,Drone1:233;Drone2:242;Drone3:280,55.7153,position_measured,local,
Drone1_e245,Drone1,Drone1:245;Drone2:246;Drone3:222,53.9327,idle,local,
Drone3_e281,Drone3,Drone1:233;Drone2:242;Drone3:281,55.9061,position_measured,local,
Drone3_e282,Drone3,Drone1:233;Drone2:242;Drone3:282,56.0560,position_sent,local,
Drone2_e260,Drone2,Drone1:229;Drone2:260;Drone3:222,55.7023,scanning,local,
Drone1_e246,Drone1,Drone1:246;Drone2:250;Drone3:222,54.1104,idle,receive,Drone2
Drone3_e283,Drone3,Drone1:233;Drone2:242;Drone3:283,56.2779,position_sent,local,
Drone1_e247,Drone1,Drone1:247;Drone2:250;Drone3:222,54.2582,idle,local,
Drone3_e284,Drone3,Drone1:233;Drone2:242;Drone3:284,56.4530,position_sent,local,
Drone2_e261,Drone2,Drone1:229;Drone2:261;Drone3:222,55.8730,scanning,local,
Drone2_e262,Drone2,Drone1:229;Drone2:262;Drone3:222,56.1634,target_found,local,
Drone1_e248,Drone1,Drone1:248;Drone2:250;Drone3:222,54.4907,idle,local,
Drone2_e263,Drone2,Drone1:229;Drone2:263;Drone3:222,56.3272,target_found,local,
Drone1_e249,Drone1,Drone1:249;Drone2:250;Drone3:222,54.6278,idle,local,
Drone1_e250,Drone1,Drone1:250;Drone2:250;Drone3:222,54.8520,idle,local,
Drone2_e264,Drone2,Drone1:229;Drone2:264;Drone3:222,56.5798,target_found,send,Drone1
Drone1_e251,Drone1,Drone1:251;Drone2:251;Drone3:222,55.0640,idle,receive,Drone2
Drone3_e285,Drone3,Drone1:233;Drone2:242;Drone3:285,56.7355,position_sent,local,
Drone3_e286,Drone3,Drone1:233;Drone2:248;Drone3:286,56.9235,position_sent,receive,Drone2
Drone2_e265,Drone2,Drone1:229;Drone2:265;Drone3:222,56.8694,target_found,local,
Drone1_e252,Drone1,Drone1:252;Drone2:251;Drone3:222,55.2714,scanning,local,
Drone1_e253,Drone1,Drone1:253;Drone2:251;Drone3:222,55.4295,scanning,local,
Drone1_e254,Drone1,Drone1:254;Drone2:251;Drone3:222,55.7002,scanning,local,
Drone2_e266,Drone2,Drone1:229;Drone2:266;Drone3:222,57.0166,target_found,local,
Drone3_e287,Drone3,Drone1:233;Drone2:249;Drone3:287,57.1616,position_sent,receive,Drone2
Drone1_e255,Drone1,Drone1:255;Drone2:251;Drone3:222,55.9501,scanning,local,
Drone3_e288,Drone3,Drone1:233;Drone2:258;Drone3:288,57.2608,position_sent,receive,Drone2
Drone1_e256,Drone1,Drone1:256;Drone2:257;Drone3:222,56.1320,scanning,receive,Drone2
Drone3_e289,Drone3,Drone1:233;Drone2:258;Drone3:289,57.4080,position_sent,local,
Drone2_e267,Drone2,Drone1:229;Drone2:267;Drone3:222,57.1536,target_found,local,
Drone2_e268,Drone2,Drone1:229;Drone2:268;Drone3:222,57.4070,target_found,local,
Drone3_e290,Drone3,Drone1:233;Drone2:258;Drone3:290,57.6877,position_sent,local,
Drone3_e291,Drone3,Drone1:233;Drone2:258;Drone3:291,57.8160,position_sent,send,Drone1
Drone1_e257,Drone1,Drone1:257;Drone2:264;Drone3:222,56.7231,scanning,receive,Drone2
Drone1_e258,Drone1,Drone1:258;Drone2:264;Drone3:222,56.8777,scanning,local,
Drone1_e259,Drone1,Drone1:259;Drone2:264;Drone3:222,57.0334,scanning,local,
Drone2_e269,Drone2,Drone1:229;Drone2:269;Drone3:222,57.6304,target_found,local,
Drone3_e292,Drone3,Drone1:233;Drone2:258;Drone3:292,57.9093,processing,local,
Drone1_e260,Drone1,Drone1:260;Drone2:264;Drone3:222,57.1185,scanning,local,
Drone2_e270,Drone2,Drone1:229;Drone2:270;Drone3:222,57.8352,target_found,local,
Drone2_e271,Drone2,Drone1:229;Drone2:271;Drone3:222,58.0064,target_found,local,
Drone1_e261,Drone1,Drone1:261;Drone2:264;Drone3:222,57.4095,scanning,local,
Drone3_e293,Drone3,Drone1:233;Drone2:258;Drone3:293,58.0615,processing,local,
Drone2_e272,Drone2,Drone1:229;Drone2:272;Drone3:222,58.2663,position_measured,local,
Drone2_e273,Drone2,Drone1:229;Drone2:273;Drone3:222,58.5153,position_measured,send,Drone1
Drone1_e262,Drone1,Drone1:262;Drone2:264;Drone3:291,57.9222,target_found,receive,Drone3
Drone2_e274,Drone2,Drone1:229;Drone2:274;Drone3:222,58.7067,position_measured,send,Drone3
Drone2_e275,Drone2,Drone1:229;Drone2:275;Drone3:222,58.7850,position_measured,local,
Drone1_e263,Drone1,Drone1:263;Drone2:273;Drone3:291,58.7008,target_found,receive,Drone2
Drone1_e264,Drone1,Drone1:264;Drone2:273;Drone3:291,58.8612,target_found,local,
Drone1_e265,Drone1,Drone1:265;Drone2:273;Drone3:291,58.9368,target_found,local,
Drone3_e294,Drone3,Drone1:233;Drone2:258;Drone3:294,58.1860,processing,local,
Drone1_e266,Drone1,Drone1:266;Drone2:273;Drone3:291,59.0739,target_found,local,
Drone1_e267,Drone1,Drone1:267;Drone2:273;Drone3:291,59.3724,target_found,local,
Drone1_e268,Drone1,Drone1:268;Drone2:273;Drone3:291,59.6377,target_found,send,Drone3
Drone3_e295,Drone3,Drone1:233;Drone2:258;Drone3:295,58.2775,processing,local,
Drone1_e269,Drone1,Drone1:269;Drone2:273;Drone3:291,59.8911,target_found,local,
Drone1_e270,Drone1,Drone1:270;Drone2:273;Drone3:291,60.0741,target_found,local,
Drone3_e296,Drone3,Drone1:233;Drone2:258;Drone3:296,58.4084,processing,local,
Drone3_e297,Drone3,Drone1:233;Drone2:274;Drone3:297,58.9948,processing,receive,Drone2
Drone3_e298,Drone3,Drone1:233;Drone2:274;Drone3:298,59.2147,processing,local,
Drone1_e271,Drone1,Drone1:271;Drone2:273;Drone3:291,60.3538,target_found,send,Drone3
Drone2_e276,Drone2,Drone1:229;Drone2:276;Drone3:222,58.8668,position_measured,local,
Drone1_e272,Drone1,Drone1:272;Drone2:273;Drone3:291,60.6109,position_measured,send,Drone3
Drone3_e299,Drone3,Drone1:268;Drone2:274;Drone3:299,59.8320,processing,receive,Drone1
Drone2_e277,Drone2,Drone1:229;Drone2:277;Drone3:222,59.0106,position_measured,local,
Drone1_e273,Drone1,Drone1:273;Drone2:273;Drone3:291,60.8810,position_measured,local,
Drone1_e274,Drone1,Drone1:274;Drone2:273;Drone3:291,61.1184,position_measured,local,
Drone3_e300,Drone3,Drone1:268;Drone2:274;Drone3:300,59.9743,processing,local,
Drone2_e278,Drone2,Drone1:229;Drone2:278;Drone3:222,59.0612,position_measured,local,
Drone3_e301,Drone3,Drone1:271;Drone2:274;Drone3:301,60.5625,processing,receive,Drone1
Drone3_e302,Drone3,Drone1:272;Drone2:274;Drone3:302,60.8599,relative_computed,receive,Drone1
Drone2_e279,Drone2,Drone1:229;Drone2:279;Drone3:222,59.3174,position_measured,send,Drone3
Drone2_e280,Drone2,Drone1:229;Drone2:280;Drone3:222,59.4518,position_measured,send,Drone3
Drone3_e303,Drone3,Drone1:272;Drone2:279;Drone3:303,61.1069,relative_computed,receive,Drone2
Drone3_e304,Drone3,Drone1:272;Drone2:279;Drone3:304,61.1684,relative_computed,local,
Drone3_e305,Drone3,Drone1:272;Drone2:279;Drone3:305,61.3333,relative_computed,local,
Drone1_e275,Drone1,Drone1:275;Drone2:273;Drone3:291,61.2079,position_measured,local,
Drone2_e281,Drone2,Drone1:229;Drone2:281;Drone3:222,59.5524,position_measured,send,Drone3
Drone3_e306,Drone3,Drone1:272;Drone2:279;Drone3:306,61.6039,relative_computed,local,
Drone2_e282,Drone2,Drone1:229;Drone2:282;Drone3:222,59.6257,position_sent,send,Drone3
Drone2_e283,Drone2,Drone1:229;Drone2:283;Drone3:222,59.8419,position_sent,send,Drone3
Drone3_e307,Drone3,Drone1:272;Drone2:280;Drone3:307,61.8103,relative_computed,receive,Drone2
Drone3_e308,Drone3,Drone1:272;Drone2:280;Drone3:308,61.9188,relative_computed,local,
Drone3_e309,Drone3,Drone1:272;Drone2:281;Drone3:309,61.9691,relative_computed,receive,Drone2
Drone2_e284,Drone2,Drone1:229;Drone2:284;Drone3:222,60.0217,position_sent,send,Drone1
Drone2_e285,Drone2,Drone1:229;Drone2:285;Drone3:222,60.2760,position_sent,send,Drone3
Drone2_e286,Drone2,Drone1:229;Drone2:286;Drone3:222,60.4454,position_sent,local,
Drone1_e276,Drone1,Drone1:276;Drone2:284;Drone3:291,61.2837,position_measured,receive,Drone2
Drone2_e287,Drone2,Drone1:229;Drone2:287;Drone3:222,60.5297,position_sent,local,
Drone1_e277,Drone1,Drone1:277;Drone2:284;Drone3:291,61.5030,position_measured,local,
Drone1_e278,Drone1,Drone1:278;Drone2:284;Drone3:291,61.5551,position_measured,local,
Drone3_e310,Drone3,Drone1:272;Drone2:282;Drone3:310,62.1997,relative_computed,receive,Drone2
Drone3_e311,Drone3,Drone1:272;Drone2:282;Drone3:311,62.4796,relative_computed,local,
Drone3_e312,Drone3,Drone1:272;Drone2:282;Drone3:312,62.7446,formation_hold,local,
Drone1_e279,Drone1,Drone1:279;Drone2:284;Drone3:291,61.6401,position_measured,local,
Drone1_e280,Drone1,Drone1:280;Drone2:284;Drone3:291,61.7861,position_measured,local,
Drone2_e288,Drone2,Drone1:229;Drone2:288;Drone3:222,60.6147,position_sent,local,
Drone2_e289,Drone2,Drone1:229;Drone2:289;Drone3:222,60.7267,position_sent,local,
Drone3_e313,Drone3,Drone1:272;Drone2:282;Drone3:313,62.9465,formation_hold,local,
Drone3_e314,Drone3,Drone1:272;Drone2:283;Drone3:314,63.0479,formation_hold,receive,Drone2
Drone3_e315,Drone3,Drone1:272;Drone2:283;Drone3:315,63.2849,formation_hold,local,
Drone2_e290,Drone2,Drone1:229;Drone2:290;Drone3:222,60.9727,position_sent,local,
Drone1_e281,Drone1,Drone1:281;Drone2:284;Drone3:291,61.8643,position_measured,local,
Drone2_e291,Drone2,Drone1:229;Drone2:291;Drone3:222,61.0404,position_sent,local,
Drone1_e282,Drone1,Drone1:282;Drone2:284;Drone3:291,62.1478,position_sent,local,
Drone1_e283,Drone1,Drone1:283;Drone2:284;Drone3:291,62.4075,position_sent,local,
Drone2_e292,Drone2,Drone1:229;Drone2:292;Drone3:222,61.2611,processing,local,
Drone2_e293,Drone2,Drone1:229;Drone2:293;Drone3:222,61.5037,processing,local,
Drone1_e284,Drone1,Drone1:284;Drone2:284;Drone3:291,62.4610,position_sent,local,
Drone1_e285,Drone1,Drone1:285;Drone2:284;Drone3:291,62.7482,position_sent,send,Drone2
Drone2_e294,Drone2,Drone1:229;Drone2:294;Drone3:222,61.7109,processing,local,
Drone3_e316,Drone3,Drone1:272;Drone2:283;Drone3:316,63.4407,formation_hold,local,
Drone2_e295,Drone2,Drone1:285;Drone2:295;Drone3:291,62.8675,processing,receive,Drone1
Drone2_e296,Drone2,Drone1:285;Drone2:296;Drone3:291,63.1611,processing,send,Drone1
Drone1_e286,Drone1,Drone1:286;Drone2:284;Drone3:291,62.8958,position_sent,local,
Drone3_e317,Drone3,Drone1:272;Drone2:283;Drone3:317,63.6532,formation_hold,local,
Drone3_e318,Drone3,Drone1:272;Drone2:285;Drone3:318,63.8857,formation_hold,receive,Drone2
Drone1_e287,Drone1,Drone1:287;Drone2:296;Drone3:291,63.4423,position_sent,receive,Drone2
Drone1_e288,Drone1,Drone1:288;Drone2:296;Drone3:291,63.6445,position_sent,local,
Drone2_e297,Drone2,Drone1:285;Drone2:297;Drone3:291,63.3756,processing,local,
Drone1_e289,Drone1,Drone1:289;Drone2:296;Drone3:291,63.8698,position_sent,send,Drone2
Drone1_e290,Drone1,Drone1:290;Drone2:296;Drone3:291,64.0065,position_sent,local,
Drone3_e319,Drone3,Drone1:272;Drone2:285;Drone3:319,64.1159,formation_hold,local,
Drone1_e291,Drone1,Drone1:291;Drone2:296;Drone3:291,64.2440,position_sent,local,
Drone2_e298,Drone2,Drone1:285;Drone2:298;Drone3:291,63.4551,processing,local,
Drone1_e292,Drone1,Drone1:292;Drone2:296;Drone3:291,64.4013,processing,local,
Drone3_e320,Drone3,Drone1:272;Drone2:285;Drone3:320,64.2899,formation_hold,send,Drone1
Drone3_e321,Drone3,Drone1:272;Drone2:285;Drone3:321,64.4648,formation_hold,local,
Drone3_e322,Drone3,Drone1:272;Drone2:285;Drone3:322,64.5786,idle,send,Drone1
Drone1_e293,Drone1,Drone1:293;Drone2:296;Drone3:291,64.6198,processing,local,
Drone1_e294,Drone1,Drone1:294;Drone2:296;Drone3:320,64.6808,processing,receive,Drone3
Drone1_e295,Drone1,Drone1:295;Drone2:296;Drone3:322,64.8218,processing,receive,Drone3
Drone1_e296,Drone1,Drone1:296;Drone2:296;Drone3:322,65.0100,processing,send,Drone2
Drone3_e323,Drone3,Drone1:272;Drone2:285;Drone3:323,64.7334,idle,local,
Drone2_e299,Drone2,Drone1:289;Drone2:299;Drone3:291,63.9877,processing,receive,Drone1
Drone1_e297,Drone1,Drone1:297;Drone2:296;Drone3:322,65.0899,processing,local,
Drone3_e324,Drone3,Drone1:272;Drone2:285;Drone3:324,64.8283,idle,local,
Drone3_e325,Drone3,Drone1:272;Drone2:285;Drone3:325,65.1168,idle,local,
Drone1_e298,Drone1,Drone1:298;Drone2:296;Drone3:322,65.3564,processing,local,
Drone2_e300,Drone2,Drone1:296;Drone2:300;Drone3:322,65.0620,processing,receive,Drone1
Drone1_e299,Drone1,Drone1:299;Drone2:296;Drone3:322,65.5913,processing,send,Drone3
Drone1_e300,Drone1,Drone1:300;Drone2:296;Drone3:322,65.7892,processing,local,
Drone2_e301,Drone2,Drone1:296;Drone2:301;Drone3:322,65.3060,processing,local,
Drone3_e326,Drone3,Drone1:272;Drone2:285;Drone3:326,65.3569,idle,local,
Drone1_e301,Drone1,Drone1:301;Drone2:296;Drone3:322,65.8452,processing,send,Drone3
Drone3_e327,Drone3,Drone1:299;Drone2:296;Drone3:327,65.8790,idle,receive,Drone1
Drone1_e302,Drone1,Drone1:302;Drone2:296;Drone3:322,65.9893,relative_computed,local,
Drone3_e328,Drone3,Drone1:299;Drone2:296;Drone3:328,65.9550,idle,local,
Drone3_e329,Drone3,Drone1:299;Drone2:296;Drone3:329,66.1100,idle,local,
Drone1_e303,Drone1,Drone1:303;Drone2:296;Drone3:322,66.0749,relative_computed,local,
Drone2_e302,Drone2,Drone1:296;Drone2:302;Drone3:322,65.5803,relative_computed,send,Drone1
Drone3_e330,Drone3,Drone1:299;Drone2:296;Drone3:330,66.3839,idle,local,
Drone2_e303,Drone2,Drone1:296;Drone2:303;Drone3:322,65.6516,relative_computed,local,
Drone1_e304,Drone1,Drone1:304;Drone2:296;Drone3:322,66.2842,relative_computed,local,
Drone2_e304,Drone2,Drone1:296;Drone2:304;Drone3:322,65.8103,relative_computed,send,Drone1
Drone1_e305,Drone1,Drone1:305;Drone2:302;Drone3:322,66.5469,relative_computed,receive,Drone2
Drone2_e305,Drone2,Drone1:296;Drone2:305;Drone3:322,66.0441,relative_computed,local,
Drone2_e306,Drone2,Drone1:296;Drone2:306;Drone3:322,66.1525,relative_computed,local,
Drone1_e306,Drone1,Drone1:306;Drone2:304;Drone3:322,66.6357,relative_computed,receive,Drone2
Drone1_e307,Drone1,Drone1:307;Drone2:304;Drone3:322,66.7643,relative_computed,local,
Drone1_e308,Drone1,Drone1:308;Drone2:304;Drone3:322,67.0554,relative_computed,local,
Drone1_e309,Drone1,Drone1:309;Drone2:304;Drone3:322,67.2212,relative_computed,local,
Drone1_e310,Drone1,Drone1:310;Drone2:304;Drone3:322,67.4778,relative_computed,send,Drone3
Drone3_e331,Drone3,Drone1:299;Drone2:296;Drone3:331,66.4876,idle,local,
Drone2_e307,Drone2,Drone1:296;Drone2:307;Drone3:322,66.4446,relative_computed,send,Drone1
Drone2_e308,Drone2,Drone1:296;Drone2:308;Drone3:322,66.6639,relative_computed,local,
Drone2_e309,Drone2,Drone1:296;Drone2:309;Drone3:322,66.7574,relative_computed,local,
Drone2_e310,Drone2,Drone1:296;Drone2:310;Drone3:322,66.9464,relative_computed,local,
Drone3_e332,Drone3,Drone1:301;Drone2:296;Drone3:332,66.5631,scanning,receive,Drone1
Drone1_e311,Drone1,Drone1:311;Drone2:307;Drone3:322,67.7354,relative_computed,receive,Drone2
Drone1_e312,Drone1,Drone1:312;Drone2:307;Drone3:322,67.8785,formation_hold,send,Drone3
Drone3_e333,Drone3,Drone1:301;Drone2:296;Drone3:333,66.6341,scanning,local,
Drone3_e334,Drone3,Drone1:310;Drone2:304;Drone3:334,67.5333,scanning,receive,Drone1
Drone1_e313,Drone1,Drone1:313;Drone2:307;Drone3:322,68.1308,formation_hold,send,Drone3
Drone1_e314,Drone1,Drone1:314;Drone2:307;Drone3:322,68.3882,formation_hold,local,
Drone2_e311,Drone2,Drone1:296;Drone2:311;Drone3:322,67.0091,relative_computed,send,Drone3
Drone3_e335,Drone3,Drone1:310;Drone2:304;Drone3:335,67.7644,scanning,local,
Drone2_e312,Drone2,Drone1:296;Drone2:312;Drone3:322,67.1023,formation_hold,send,Drone3
Drone1_e315,Drone1,Drone1:315;Drone2:307;Drone3:322,68.5069,formation_hold,local,
Drone2_e313,Drone2,Drone1:296;Drone2:313;Drone3:322,67.1609,formation_hold,local,
Drone3_e336,Drone3,Drone1:310;Drone2:304;Drone3:336,67.9762,scanning,local,
Drone2_e314,Drone2,Drone1:296;Drone2:314;Drone3:322,67.3486,formation_hold,local,
Drone1_e316,Drone1,Drone1:316;Drone2:307;Drone3:322,68.5912,formation_hold,send,Drone3
Drone1_e317,Drone1,Drone1:317;Drone2:307;Drone3:322,68.8405,formation_hold,local,
Drone1_e318,Drone1,Drone1:318;Drone2:307;Drone3:322,69.0911,formation_hold,local,
Drone1_e319,Drone1,Drone1:319;Drone2:307;Drone3:322,69.3365,formation_hold,local,
Drone2_e315,Drone2,Drone1:296;Drone2:315;Drone3:322,67.5939,formation_hold,local,
Drone2_e316,Drone2,Drone1:296;Drone2:316;Drone3:322,67.7695,formation_hold,local,
Drone2_e317,Drone2,Drone1:296;Drone2:317;Drone3:322,67.8993,formation_hold,send,Drone1
Drone1_e320,Drone1,Drone1:320;Drone2:317;Drone3:322,69.4012,formation_hold,receive,Drone2
Drone2_e318,Drone2,Drone1:296;Drone2:318;Drone3:322,68.1410,formation_hold,local,
Drone1_e321,Drone1,Drone1:321;Drone2:317;Drone3:322,69.4762,formation_hold,local,
Drone3_e337,Drone3,Drone1:312;Drone2:307;Drone3:337,68.2172,scanning,receive,Drone1
Drone1_e322,Drone1,Drone1:322;Drone2:317;Drone3:322,69.7719,idle,local,
Drone2_e319,Drone2,Drone1:296;Drone2:319;Drone3:322,68.4008,formation_hold,local,
Drone1_e323,Drone1,Drone1:323;Drone2:317;Drone3:322,70.0234,idle,send,Drone3
Drone3_e338,Drone3,Drone1:313;Drone2:307;Drone3:338,68.4431,scanning,receive,Drone1
Drone2_e320,Drone2,Drone1:296;Drone2:320;Drone3:322,68.5917,formation_hold,local,
Drone3_e339,Drone3,Drone1:313;Drone2:307;Drone3:339,68.7023,scanning,local,
Drone2_e321,Drone2,Drone1:296;Drone2:321;Drone3:322,68.6856,formation_hold,local,
Drone1_e324,Drone1,Drone1:324;Drone2:317;Drone3:322,70.2239,idle,send,Drone2
Drone1_e325,Drone1,Drone1:325;Drone2:317;Drone3:322,70.2740,idle,local,
Drone3_e340,Drone3,Drone1:316;Drone2:307;Drone3:340,68.8375,scanning,receive,Drone1
Drone1_e326,Drone1,Drone1:326;Drone2:317;Drone3:322,70.5351,idle,local,
Drone2_e322,Drone2,Drone1:324;Drone2:322;Drone3:322,70.4205,idle,receive,Drone1
Drone1_e327,Drone1,Drone1:327;Drone2:317;Drone3:322,70.7967,idle,local,
Drone2_e323,Drone2,Drone1:324;Drone2:323;Drone3:322,70.5639,idle,local,
Drone3_e341,Drone3,Drone1:323;Drone2:317;Drone3:341,70.1576,scanning,receive,Drone1
Drone2_e324,Drone2,Drone1:324;Drone2:324;Drone3:322,70.7970,idle,send,Drone1
Drone2_e325,Drone2,Drone1:324;Drone2:325;Drone3:322,71.0872,idle,local,
Drone3_e342,Drone3,Drone1:323;Drone2:317;Drone3:342,70.2634,target_found,receive,Drone2
Drone3_e343,Drone3,Drone1:323;Drone2:317;Drone3:343,70.4080,target_found,local,
Drone3_e344,Drone3,Drone1:323;Drone2:317;Drone3:344,70.4898,target_found,local,
Drone3_e345,Drone3,Drone1:323;Drone2:317;Drone3:345,70.7525,target_found,receive,Drone2
Drone3_e346,Drone3,Drone1:323;Drone2:317;Drone3:346,71.0328,target_found,send,Drone2
Drone3_e347,Drone3,Drone1:323;Drone2:317;Drone3:347,71.3169,target_found,send,Drone1
Drone1_e328,Drone1,Drone1:328;Drone2:324;Drone3:322,70.9065,idle,receive,Drone2
Drone2_e326,Drone2,Drone1:324;Drone2:326;Drone3:346,71.3426,idle,receive,Drone3
Drone3_e348,Drone3,Drone1:323;Drone2:317;Drone3:348,71.5886,target_found,local,
Drone2_e327,Drone2,Drone1:324;Drone2:327;Drone3:346,71.4550,idle,send,Drone1
Drone1_e329,Drone1,Drone1:329;Drone2:327;Drone3:346,71.6851,idle,receive,Drone2
Drone1_e330,Drone1,Drone1:330;Drone2:327;Drone3:347,71.9773,idle,receive,Drone3
Drone2_e328,Drone2,Drone1:324;Drone2:328;Drone3:346,71.5996,idle,local,
Drone3_e349,Drone3,Drone1:323;Drone2:317;Drone3:349,71.8458,target_found,local,
Drone3_e350,Drone3,Drone1:323;Drone2:317;Drone3:350,72.0676,target_found,local,
Drone1_e331,Drone1,Drone1:331;Drone2:327;Drone3:347,72.2271,idle,local,
Drone1_e332,Drone1,Drone1:332;Drone2:327;Drone3:347,72.3424,scanning,send,Drone3
Drone1_e333,Drone1,Drone1:333;Drone2:327;Drone3:347,72.6144,scanning,send,Drone2
Drone1_e334,Drone1,Drone1:334;Drone2:327;Drone3:347,72.8012,scanning,local,
Drone1_e335,Drone1,Drone1:335;Drone2:327;Drone3:347,73.0975,scanning,local,
Drone2_e329,Drone2,Drone1:324;Drone2:329;Drone3:346,71.7575,idle,local,
Drone3_e351,Drone3,Drone1:332;Drone2:327;Drone3:351,72.4317,target_found,receive,Drone1
Drone1_e336,Drone1,Drone1:336;Drone2:327;Drone3:347,73.3911,scanning,local,
Drone2_e330,Drone2,Drone1:324;Drone2:330;Drone3:346,71.9880,idle,local,
Drone3_e352,Drone3,Drone1:332;Drone2:327;Drone3:352,72.6468,position_measured,local,
Drone2_e331,Drone2,Drone1:333;Drone2:331;Drone3:347,72.7626,idle,receive,Drone1
Drone3_e353,Drone3,Drone1:332;Drone2:327;Drone3:353,72.7352,position_measured,local,
Drone2_e332,Drone2,Drone1:333;Drone2:332;Drone3:347,72.8863,scanning,send,Drone1
Drone3_e354,Drone3,Drone1:332;Drone2:327;Drone3:354,72.9053,position_measured,local,
Drone1_e337,Drone1,Drone1:337;Drone2:332;Drone3:347,73.6006,scanning,receive,Drone2
Drone1_e338,Drone1,Drone1:338;Drone2:332;Drone3:347,73.6795,scanning,local,
Drone2_e333,Drone2,Drone1:333;Drone2:333;Drone3:347,73.1600,scanning,local,
Drone2_e334,Drone2,Drone1:333;Drone2:334;Drone3:347,73.2562,scanning,send,Drone3
Drone2_e335,Drone2,Drone1:333;Drone2:335;Drone3:347,73.4176,scanning,local,
Drone2_e336,Drone2,Drone1:333;Drone2:336;Drone3:347,73.5335,scanning,local,
Drone2_e337,Drone2,Drone1:333;Drone2:337;Drone3:347,73.6213,scanning,local,
Drone3_e355,Drone3,Drone1:332;Drone2:327;Drone3:355,72.9767,position_measured,local,
Drone2_e338,Drone2,Drone1:333;Drone2:338;Drone3:347,73.7748,scanning,local,
Drone3_e356,Drone3,Drone1:333;Drone2:334;Drone3:356,73.5164,position_measured,receive,Drone2
Drone3_e357,Drone3,Drone1:333;Drone2:334;Drone3:357,73.7003,position_measured,local,
Drone2_e339,Drone2,Drone1:333;Drone2:339;Drone3:347,73.8837,scanning,local,
Drone2_e340,Drone2,Drone1:333;Drone2:340;Drone3:347,74.0592,scanning,send,Drone1
Drone3_e358,Drone3,Drone1:333;Drone2:334;Drone3:358,73.9197,position_measured,local,
Drone3_e359,Drone3,Drone1:333;Drone2:334;Drone3:359,74.0129,position_measured,send,Drone2
Drone1_e339,Drone1,Drone1:339;Drone2:332;Drone3:347,73.9316,scanning,local,
Drone1_e340,Drone1,Drone1:340;Drone2:340;Drone3:347,74.3563,scanning,receive,Drone2
Drone2_e341,Drone2,Drone1:333;Drone2:341;Drone3:359,74.3177,scanning,receive,Drone3
Drone2_e342,Drone2,Drone1:333;Drone2:342;Drone3:359,74.5495,target_found,local,
Drone1_e341,Drone1,Drone1:341;Drone2:340;Drone3:347,74.5443,scanning,send,Drone3
Drone2_e343,Drone2,Drone1:333;Drone2:343;Drone3:359,74.8288,target_found,local,
Drone1_e342,Drone1,Drone1:342;Drone2:340;Drone3:347,74.7501,target_found,local,
Drone3_e360,Drone3,Drone1:333;Drone2:334;Drone3:360,74.0910,position_measured,local,
Drone1_e343,Drone1,Drone1:343;Drone2:340;Drone3:347,75.0313,target_found,send,Drone2
Drone3_e361,Drone3,Drone1:333;Drone2:334;Drone3:361,74.3374,position_measured,local,
Drone3_e362,Drone3,Drone1:333;Drone2:334;Drone3:362,74.6069,position_sent,local,
Drone2_e344,Drone2,Drone1:343;Drone2:344;Drone3:359,75.2243,target_found,receive,Drone1
Drone2_e345,Drone2,Drone1:343;Drone2:345;Drone3:359,75.3750,target_found,send,Drone3
Drone3_e363,Drone3,Drone1:333;Drone2:334;Drone3:363,74.8303,position_sent,local,
Drone1_e344,Drone1,Drone1:344;Drone2:340;Drone3:347,75.3010,target_found,local,
Drone3_e364,Drone3,Drone1:343;Drone2:345;Drone3:364,75.6552,position_sent,receive,Drone2
Drone2_e346,Drone2,Drone1:343;Drone2:346;Drone3:359,75.5028,target_found,send,Drone3
Drone2_e347,Drone2,Drone1:343;Drone2:347;Drone3:359,75.7240,target_found,local,
Drone1_e345,Drone1,Drone1:345;Drone2:340;Drone3:347,75.5445,target_found,send,Drone3
Drone2_e348,Drone2,Drone1:343;Drone2:348;Drone3:359,75.9252,target_found,send,Drone3
Drone1_e346,Drone1,Drone1:346;Drone2:340;Drone3:347,75.8229,target_found,send,Drone2
Drone2_e349,Drone2,Drone1:343;Drone2:349;Drone3:359,76.1651,target_found,local,
Drone2_e350,Drone2,Drone1:343;Drone2:350;Drone3:359,76.3439,target_found,local,
Drone1_e347,Drone1,Drone1:347;Drone2:340;Drone3:347,75.9068,target_found,send,Drone3
Drone3_e365,Drone3,Drone1:343;Drone2:345;Drone3:365,75.7125,position_sent,local,
Drone1_e348,Drone1,Drone1:348;Drone2:340;Drone3:347,76.0070,target_found,local,
Drone1_e349,Drone1,Drone1:349;Drone2:340;Drone3:347,76.0696,target_found,send,Drone3
Drone2_e351,Drone2,Drone1:343;Drone2:351;Drone3:359,76.4624,target_found,local,
Drone2_e352,Drone2,Drone1:343;Drone2:352;Drone3:359,76.6713,position_measured,local,
Drone1_e350,Drone1,Drone1:350;Drone2:340;Drone3:347,76.1801,target_found,local,
Drone2_e353,Drone2,Drone1:343;Drone2:353;Drone3:359,76.7657,position_measured,local,
Drone2_e354,Drone2,Drone1:343;Drone2:354;Drone3:359,76.9031,position_measured,local,
Drone1_e351,Drone1,Drone1:351;Drone2:340;Drone3:347,76.2948,target_found,local,
Drone3_e366,Drone3,Drone1:343;Drone2:345;Drone3:366,75.8591,position_sent,receive,Drone1
Drone1_e352,Drone1,Drone1:352;Drone2:340;Drone3:347,76.5397,position_measured,local,
Drone1_e353,Drone1,Drone1:353;Drone2:340;Drone3:347,76.7516,position_measured,local,
Drone3_e367,Drone3,Drone1:343;Drone2:346;Drone3:367,76.0374,position_sent,receive,Drone2
Drone3_e368,Drone3,Drone1:345;Drone2:346;Drone3:368,76.2493,position_sent,receive,Drone1
Drone3_e369,Drone3,Drone1:345;Drone2:346;Drone3:369,76.3552,position_sent,local,
Drone3_e370,Drone3,Drone1:345;Drone2:346;Drone3:370,76.4816,position_sent,local,
Drone3_e371,Drone3,Drone1:345;Drone2:346;Drone3:371,76.6376,position_sent,local,
Drone2_e355,Drone2,Drone1:343;Drone2:355;Drone3:359,77.0679,position_measured,local,
Drone1_e354,Drone1,Drone1:354;Drone2:340;Drone3:347,76.9709,position_measured,local,
Drone3_e372,Drone3,Drone1:347;Drone2:346;Drone3:372,76.6894,processing,receive,Drone1
Drone3_e373,Drone3,Drone1:347;Drone2:346;Drone3:373,76.9492,processing,local,
Drone3_e374,Drone3,Drone1:347;Drone2:346;Drone3:374,77.1515,processing,local,
Drone2_e356,Drone2,Drone1:343;Drone2:356;Drone3:359,77.2383,position_measured,local,
Drone2_e357,Drone2,Drone1:343;Drone2:357;Drone3:359,77.4484,position_measured,local,
Drone2_e358,Drone2,Drone1:346;Drone2:358;Drone3:359,77.5455,position_measured,receive,Drone1
Drone3_e375,Drone3,Drone1:347;Drone2:346;Drone3:375,77.4264,processing,local,
Drone3_e376,Drone3,Drone1:347;Drone2:346;Drone3:376,77.5563,processing,local,
Drone1_e355,Drone1,Drone1:355;Drone2:340;Drone3:347,77.1847,position_measured,local,
Drone2_e359,Drone2,Drone1:346;Drone2:359;Drone3:359,77.6967,position_measured,send,Drone3
Drone3_e377,Drone3,Drone1:349;Drone2:346;Drone3:377,77.6921,processing,receive,Drone1
Drone3_e378,Drone3,Drone1:349;Drone2:348;Drone3:378,77.9687,processing,receive,Drone2
Drone3_e379,Drone3,Drone1:349;Drone2:359;Drone3:379,78.2301,processing,receive,Drone2
Drone3_e380,Drone3,Drone1:349;Drone2:359;Drone3:380,78.3254,processing,local,
Drone1_e356,Drone1,Drone1:356;Drone2:340;Drone3:347,77.4200,position_measured,local,
Drone3_e381,Drone3,Drone1:349;Drone2:359;Drone3:381,78.5661,processing,local,
Drone1_e357,Drone1,Drone1:357;Drone2:340;Drone3:347,77.6949,position_measured,local,
Drone3_e382,Drone3,Drone1:349;Drone2:359;Drone3:382,78.6719,relative_computed,send,Drone2
Drone2_e360,Drone2,Drone1:346;Drone2:360;Drone3:359,77.9684,position_measured,local,
Drone2_e361,Drone2,Drone1:349;Drone2:361;Drone3:382,78.8379,position_measured,receive,Drone3
Drone1_e358,Drone1,Drone1:358;Drone2:340;Drone3:347,77.9615,position_measured,local,
Drone3_e383,Drone3,Drone1:349;Drone2:359;Drone3:383,78.8771,relative_computed,local,
Drone2_e362,Drone2,Drone1:349;Drone2:362;Drone3:382,79.0130,position_sent,local,
Drone3_e384,Drone3,Drone1:349;Drone2:359;Drone3:384,79.0017,relative_computed,local,
Drone1_e359,Drone1,Drone1:359;Drone2:340;Drone3:347,78.0492,position_measured,local,
Drone1_e360,Drone1,Drone1:360;Drone2:340;Drone3:347,78.3460,position_measured,local,
Drone2_e363,Drone2,Drone1:349;Drone2:363;Drone3:382,79.2577,position_sent,send,Drone1
Drone2_e364,Drone2,Drone1:349;Drone2:364;Drone3:382,79.5544,position_sent,local,
Drone2_e365,Drone2,Drone1:349;Drone2:365;Drone3:382,79.6056,position_sent,local,
Drone2_e366,Drone2,Drone1:349;Drone2:366;Drone3:382,79.7996,position_sent,send,Drone1
Drone1_e361,Drone1,Drone1:361;Drone2:340;Drone3:347,78.5868,position_measured,local,
Drone1_e362,Drone1,Drone1:362;Drone2:363;Drone3:382,79.4661,position_sent,receive,Drone2
Drone2_e367,Drone2,Drone1:349;Drone2:367;Drone3:382,79.9690,position_sent,local,
Drone1_e363,Drone1,Drone1:363;Drone2:366;Drone3:382,80.0323,position_sent,receive,Drone2
Drone1_e364,Drone1,Drone1:364;Drone2:366;Drone3:382,80.2715,position_sent,local,
Drone3_e385,Drone3,Drone1:349;Drone2:359;Drone3:385,79.2084,relative_computed,send,Drone1
Drone1_e365,Drone1,Drone1:365;Drone2:366;Drone3:385,80.3995,position_sent,receive,Drone3
Drone1_e366,Drone1,Drone1:366;Drone2:366;Drone3:385,80.5967,position_sent,local,
Drone1_e367,Drone1,Drone1:367;Drone2:366;Drone3:385,80.7213,position_sent,send,Drone2
Drone2_e368,Drone2,Drone1:349;Drone2:368;Drone3:382,80.1491,position_sent,local,
Drone3_e386,Drone3,Drone1:349;Drone2:359;Drone3:386,79.4804,relative_computed,local,
Drone1_e368,Drone1,Drone1:368;Drone2:366;Drone3:385,80.9966,position_sent,local,
Drone2_e369,Drone2,Drone1:349;Drone2:369;Drone3:382,80.2403,position_sent,local,
Drone2_e370,Drone2,Drone1:367;Drone2:370;Drone3:385,80.9530,position_sent,receive,Drone1
Drone1_e369,Drone1,Drone1:369;Drone2:366;Drone3:385,81.1940,position_sent,send,Drone2
Drone1_e370,Drone1,Drone1:370;Drone2:366;Drone3:385,81.3378,position_sent,send,Drone2
Drone3_e387,Drone3,Drone1:349;Drone2:359;Drone3:387,79.6788,relative_computed,send,Drone1
Drone1_e371,Drone1,Drone1:371;Drone2:366;Drone3:385,81.5512,position_sent,local,
Drone1_e372,Drone1,Drone1:372;Drone2:366;Drone3:387,81.7054,processing,receive,Drone3
Drone2_e371,Drone2,Drone1:369;Drone2:371;Drone3:385,81.3626,position_sent,receive,Drone1
Drone1_e373,Drone1,Drone1:373;Drone2:366;Drone3:387,81.8307,processing,send,Drone2
Drone3_e388,Drone3,Drone1:349;Drone2:359;Drone3:388,79.8845,relative_computed,send,Drone2
Drone3_e389,Drone3,Drone1:349;Drone2:359;Drone3:389,80.0624,relative_computed,send,Drone1
Drone3_e390,Drone3,Drone1:349;Drone2:359;Drone3:390,80.3086,relative_computed,send,Drone1
Drone2_e372,Drone2,Drone1:369;Drone2:372;Drone3:388,81.6071,processing,receive,Drone3
Drone3_e391,Drone3,Drone1:349;Drone2:359;Drone3:391,80.4481,relative_computed,local,
Drone2_e373,Drone2,Drone1:370;Drone2:373;Drone3:388,81.7941,processing,receive,Drone1
Drone1_e374,Drone1,Drone1:374;Drone2:366;Drone3:387,82.0009,processing,local,
Drone1_e375,Drone1,Drone1:375;Drone2:366;Drone3:389,82.2776,processing,receive,Drone3
Drone3_e392,Drone3,Drone1:349;Drone2:359;Drone3:392,80.5354,formation_hold,local,
Drone1_e376,Drone1,Drone1:376;Drone2:366;Drone3:389,82.3463,processing,local,
Drone3_e393,Drone3,Drone1:349;Drone2:359;Drone3:393,80.7465,formation_hold,send,Drone2
Drone2_e374,Drone2,Drone1:370;Drone2:374;Drone3:388,81.9182,processing,local,
Drone2_e375,Drone2,Drone1:370;Drone2:375;Drone3:393,82.1867,processing,receive,Drone3
Drone2_e376,Drone2,Drone1:373;Drone2:376;Drone3:393,82.3432,processing,receive,Drone1
Drone1_e377,Drone1,Drone1:377;Drone2:366;Drone3:390,82.3988,processing,receive,Drone3
Drone1_e378,Drone1,Drone1:378;Drone2:366;Drone3:390,82.4914,processing,local,
Drone2_e377,Drone2,Drone1:373;Drone2:377;Drone3:393,82.6320,processing,local,
Drone2_e378,Drone2,Drone1:373;Drone2:378;Drone3:393,82.7052,processing,local,
Drone2_e379,Drone2,Drone1:373;Drone2:379;Drone3:393,82.8553,processing,send,Drone3
Drone2_e380,Drone2,Drone1:373;Drone2:380;Drone3:393,83.0777,processing,send,Drone3
Drone2_e381,Drone2,Drone1:373;Drone2:381;Drone3:393,83.2899,processing,local,
Drone1_e379,Drone1,Drone1:379;Drone2:366;Drone3:390,82.7868,processing,send,Drone2
Drone1_e380,Drone1,Drone1:380;Drone2:366;Drone3:390,83.0373,processing,send,Drone3
Drone3_e394,Drone3,Drone1:349;Drone2:359;Drone3:394,80.9493,formation_hold,local,
Drone2_e382,Drone2,Drone1:373;Drone2:382;Drone3:393,83.5556,relative_computed,local,
Drone3_e395,Drone3,Drone1:349;Drone2:359;Drone3:395,81.0320,formation_hold,local,
Drone2_e383,Drone2,Drone1:379;Drone2:383;Drone3:393,83.7158,relative_computed,receive,Drone1
Drone1_e381,Drone1,Drone1:381;Drone2:366;Drone3:390,83.0904,processing,send,Drone3
Drone3_e396,Drone3,Drone1:349;Drone2:359;Drone3:396,81.2679,formation_hold,local,
Drone3_e397,Drone3,Drone1:349;Drone2:359;Drone3:397,81.5623,formation_hold,local,
Drone3_e398,Drone3,Drone1:349;Drone2:359;Drone3:398,81.7421,formation_hold,local,
Drone3_e399,Drone3,Drone1:349;Drone2:359;Drone3:399,81.8159,formation_hold,local,
Drone3_e400,Drone3,Drone1:349;Drone2:359;Drone3:400,81.9864,formation_hold,local,
Drone3_e401,Drone3,Drone1:349;Drone2:359;Drone3:401,82.1326,formation_hold,local,
Drone3_e402,Drone3,Drone1:349;Drone2:359;Drone3:402,82.3359,idle,local,
Drone1_e382,Drone1,Drone1:382;Drone2:366;Drone3:390,83.1797,relative_computed,local,
Drone2_e384,Drone2,Drone1:379;Drone2:384;Drone3:393,83.9831,relative_computed,local,
Drone1_e383,Drone1,Drone1:383;Drone2:366;Drone3:390,83.3098,relative_computed,local,
Drone2_e385,Drone2,Drone1:379;Drone2:385;Drone3:393,84.0457,relative_computed,local,
Drone1_e384,Drone1,Drone1:384;Drone2:366;Drone3:390,83.4545,relative_computed,local,
Drone1_e385,Drone1,Drone1:385;Drone2:366;Drone3:390,83.7048,relative_computed,send,Drone3
Drone2_e386,Drone2,Drone1:379;Drone2:386;Drone3:393,84.2075,relative_computed,send,Drone3
Drone1_e386,Drone1,Drone1:386;Drone2:366;Drone3:390,83.9411,relative_computed,local,
Drone1_e387,Drone1,Drone1:387;Drone2:366;Drone3:390,84.0001,relative_computed,send,Drone3
Drone3_e403,Drone3,Drone1:380;Drone2:366;Drone3:403,83.2853,idle,receive,Drone1
Drone3_e404,Drone3,Drone1:380;Drone2:366;Drone3:404,83.5578,idle,local,
Drone3_e405,Drone3,Drone1:380;Drone2:379;Drone3:405,83.8454,idle,receive,Drone2
Drone2_e387,Drone2,Drone1:379;Drone2:387;Drone3:393,84.4616,relative_computed,local,
Drone2_e388,Drone2,Drone1:379;Drone2:388;Drone3:393,84.7035,relative_computed,local,
Drone3_e406,Drone3,Drone1:380;Drone2:379;Drone3:406,84.0597,idle,local,
Drone3_e407,Drone3,Drone1:380;Drone2:379;Drone3:407,84.1341,idle,local,
Drone3_e408,Drone3,Drone1:380;Drone2:380;Drone3:408,84.2728,idle,receive,Drone2
Drone3_e409,Drone3,Drone1:380;Drone2:380;Drone3:409,84.3958,idle,local,
Drone3_e410,Drone3,Drone1:381;Drone2:380;Drone3:410,84.4573,idle,receive,Drone1
Drone1_e388,Drone1,Drone1:388;Drone2:366;Drone3:390,84.2555,relative_computed,local,
Drone3_e411,Drone3,Drone1:381;Drone2:380;Drone3:411,84.5340,idle,local,
Drone3_e412,Drone3,Drone1:385;Drone2:380;Drone3:412,84.8166,scanning,receive,Drone1
Drone2_e389,Drone2,Drone1:379;Drone2:389;Drone3:393,84.9327,relative_computed,send,Drone1
Drone1_e389,Drone1,Drone1:389;Drone2:366;Drone3:390,84.3171,relative_computed,local,
Drone3_e413,Drone3,Drone1:385;Drone2:380;Drone3:413,85.0138,scanning,local,
Drone2_e390,Drone2,Drone1:379;Drone2:390;Drone3:393,85.1300,relative_computed,local,
Drone3_e414,Drone3,Drone1:385;Drone2:386;Drone3:414,85.0649,scanning,receive,Drone2
Drone3_e415,Drone3,Drone1:387;Drone2:386;Drone3:415,85.3246,scanning,receive,Drone1
Drone2_e391,Drone2,Drone1:379;Drone2:391;Drone3:393,85.3753,relative_computed,local,
Drone1_e390,Drone1,Drone1:390;Drone2:366;Drone3:390,84.4106,relative_computed,local,
Drone1_e391,Drone1,Drone1:391;Drone2:389;Drone3:393,85.1087,relative_computed,receive,Drone2
Drone2_e392,Drone2,Drone1:379;Drone2:392;Drone3:393,85.5775,formation_hold,local,
Drone3_e416,Drone3,Drone1:387;Drone2:386;Drone3:416,85.4430,scanning,local,
Drone2_e393,Drone2,Drone1:379;Drone2:393;Drone3:393,85.7407,formation_hold,local,
Drone1_e392,Drone1,Drone1:392;Drone2:389;Drone3:393,85.3695,formation_hold,send,Drone3
Drone3_e417,Drone3,Drone1:387;Drone2:386;Drone3:417,85.6709,scanning,local,
Drone3_e418,Drone3,Drone1:387;Drone2:386;Drone3:418,85.7712,scanning,local,
Drone3_e419,Drone3,Drone1:387;Drone2:386;Drone3:419,85.9928,scanning,local,
Drone3_e420,Drone3,Drone1:392;Drone2:389;Drone3:420,86.1688,scanning,receive,Drone1
Drone3_e421,Drone3,Drone1:392;Drone2:389;Drone3:421,86.3964,scanning,local,
Drone2_e394,Drone2,Drone1:379;Drone2:394;Drone3:393,85.9364,formation_hold,local,
Drone3_e422,Drone3,Drone1:392;Drone2:389;Drone3:422,86.6149,target_found,local,
Drone3_e423,Drone3,Drone1:392;Drone2:389;Drone3:423,86.8670,target_found,send,Drone2
Drone3_e424,Drone3,Drone1:392;Drone2:389;Drone3:424,86.9533,target_found,send,Drone2
Drone3_e425,Drone3,Drone1:392;Drone2:389;Drone3:425,87.1909,target_found,send,Drone2
Drone1_e393,Drone1,Drone1:393;Drone2:389;Drone3:393,85.5903,formation_hold,local,
Drone1_e394,Drone1,Drone1:394;Drone2:389;Drone3:393,85.8130,formation_hold,local,
Drone2_e395,Drone2,Drone1:392;Drone2:395;Drone3:423,87.0067,formation_hold,receive,Drone3
Drone2_e396,Drone2,Drone1:392;Drone2:396;Drone3:424,87.2423,formation_hold,receive,Drone3
Drone3_e426,Drone3,Drone1:392;Drone2:389;Drone3:426,87.3686,target_found,local,
Drone3_e427,Drone3,Drone1:392;Drone2:389;Drone3:427,87.6502,target_found,send,Drone1
Drone2_e397,Drone2,Drone1:392;Drone2:397;Drone3:424,87.4893,formation_hold,local,
Drone3_e428,Drone3,Drone1:392;Drone2:389;Drone3:428,87.8383,target_found,local,
Drone1_e395,Drone1,Drone1:395;Drone2:389;Drone3:393,85.9137,formation_hold,local,
Drone2_e398,Drone2,Drone1:392;Drone2:398;Drone3:424,87.7672,formation_hold,local,
Drone3_e429,Drone3,Drone1:392;Drone2:389;Drone3:429,87.9802,target_found,local,
Drone3_e430,Drone3,Drone1:392;Drone2:389;Drone3:430,88.1811,target_found,local,
Drone3_e431,Drone3,Drone1:392;Drone2:389;Drone3:431,88.3046,target_found,local,
Drone1_e396,Drone1,Drone1:396;Drone2:389;Drone3:393,85.9824,formation_hold,local,
Drone1_e397,Drone1,Drone1:397;Drone2:389;Drone3:393,86.0622,formation_hold,local,
Drone1_e398,Drone1,Drone1:398;Drone2:389;Drone3:393,86.2513,formation_hold,local,
Drone1_e399,Drone1,Drone1:399;Drone2:389;Drone3:427,87.7016,formation_hold,receive,Drone3
Drone2_e399,Drone2,Drone1:392;Drone2:399;Drone3:424,87.8559,formation_hold,local,
Drone1_e400,Drone1,Drone1:400;Drone2:389;Drone3:427,87.9009,formation_hold,local,
Drone3_e432,Drone3,Drone1:392;Drone2:389;Drone3:432,88.5201,position_measured,local,
Drone2_e400,Drone2,Drone1:392;Drone2:400;Drone3:424,88.0434,formation_hold,local,
Drone1_e401,Drone1,Drone1:401;Drone2:389;Drone3:427,88.0303,formation_hold,local,
Drone1_e402,Drone1,Drone1:402;Drone2:389;Drone3:427,88.2105,idle,local,
Drone3_e433,Drone3,Drone1:392;Drone2:389;Drone3:433,88.5931,position_measured,send,Drone2
Drone1_e403,Drone1,Drone1:403;Drone2:389;Drone3:427,88.4263,idle,local,
Drone2_e401,Drone2,Drone1:392;Drone2:401;Drone3:425,88.3310,formation_hold,receive,Drone3
Drone3_e434,Drone3,Drone1:392;Drone2:389;Drone3:434,88.8922,position_measured,local,
Drone3_e435,Drone3,Drone1:392;Drone2:389;Drone3:435,89.0536,position_measured,send,Drone2
Drone3_e436,Drone3,Drone1:392;Drone2:389;Drone3:436,89.2589,position_measured,local,
Drone1_e404,Drone1,Drone1:404;Drone2:389;Drone3:427,88.5566,idle,local,
Drone1_e405,Drone1,Drone1:405;Drone2:389;Drone3:427,88.7416,idle,local,
Drone2_e402,Drone2,Drone1:392;Drone2:402;Drone3:433,88.7716,idle,receive,Drone3
Drone3_e437,Drone3,Drone1:392;Drone2:389;Drone3:437,89.3199,position_measured,local,
Drone3_e438,Drone3,Drone1:392;Drone2:389;Drone3:438,89.6069,position_measured,send,Drone1
Drone1_e406,Drone1,Drone1:406;Drone2:389;Drone3:427,88.9849,idle,local,
Drone3_e439,Drone3,Drone1:392;Drone2:389;Drone3:439,89.7096,position_measured,send,Drone1
Drone3_e440,Drone3,Drone1:392;Drone2:389;Drone3:440,89.9759,position_measured,local,
Drone2_e403,Drone2,Drone1:392;Drone2:403;Drone3:433,88.8730,idle,local,
Drone3_e441,Drone3,Drone1:392;Drone2:389;Drone3:441,90.2112,position_measured,local,
Drone2_e404,Drone2,Drone1:392;Drone2:404;Drone3:433,89.1580,idle,local,
Drone3_e442,Drone3,Drone1:392;Drone2:389;Drone3:442,90.2671,position_sent,local,
Drone3_e443,Drone3,Drone1:392;Drone2:389;Drone3:443,90.3390,position_sent,local,
Drone1_e407,Drone1,Drone1:407;Drone2:389;Drone3:438,89.7964,idle,receive,Drone3
Drone3_e444,Drone3,Drone1:392;Drone2:389;Drone3:444,90.6168,position_sent,local,
Drone2_e405,Drone2,Drone1:392;Drone2:405;Drone3:435,89.3162,idle,receive,Drone3
Drone1_e408,Drone1,Drone1:408;Drone2:389;Drone3:439,89.9802,idle,receive,Drone3
Drone3_e445,Drone3,Drone1:392;Drone2:389;Drone3:445,90.6826,position_sent,local,
Drone3_e446,Drone3,Drone1:392;Drone2:389;Drone3:446,90.9078,position_sent,local,
Drone1_e409,Drone1,Drone1:409;Drone2:389;Drone3:439,90.1559,idle,local,
Drone2_e406,Drone2,Drone1:392;Drone2:406;Drone3:435,89.4416,idle,local,
Drone1_e410,Drone1,Drone1:410;Drone2:389;Drone3:439,90.3012,idle,send,Drone3
Drone3_e447,Drone3,Drone1:410;Drone2:389;Drone3:447,91.0912,position_sent,receive,Drone1
Drone1_e411,Drone1,Drone1:411;Drone2:389;Drone3:439,90.5504,idle,local,
Drone3_e448,Drone3,Drone1:410;Drone2:389;Drone3:448,91.2157,position_sent,send,Drone1
Drone3_e449,Drone3,Drone1:410;Drone2:389;Drone3:449,91.5050,position_sent,local,
Drone1_e412,Drone1,Drone1:412;Drone2:389;Drone3:439,90.7392,scanning,local,
Drone1_e413,Drone1,Drone1:413;Drone2:389;Drone3:448,91.4000,scanning,receive,Drone3
Drone1_e414,Drone1,Drone1:414;Drone2:389;Drone3:448,91.6370,scanning,local,
Drone3_e450,Drone3,Drone1:410;Drone2:389;Drone3:450,91.6582,position_sent,local,
Drone3_e451,Drone3,Drone1:410;Drone2:389;Drone3:451,91.7438,position_sent,local,
Drone1_e415,Drone1,Drone1:415;Drone2:389;Drone3:448,91.7356,scanning,send,Drone3
Drone1_e416,Drone1,Drone1:416;Drone2:389;Drone3:448,91.9274,scanning,local,
Drone1_e417,Drone1,Drone1:417;Drone2:389;Drone3:448,92.2105,scanning,local,
Drone3_e452,Drone3,Drone1:410;Drone2:389;Drone3:452,91.9312,processing,local,
Drone2_e407,Drone2,Drone1:392;Drone2:407;Drone3:435,89.5542,idle,local,
Drone1_e418,Drone1,Drone1:418;Drone2:389;Drone3:448,92.3823,scanning,local,
Drone2_e408,Drone2,Drone1:392;Drone2:408;Drone3:435,89.7721,idle,local,
Drone1_e419,Drone1,Drone1:419;Drone2:389;Drone3:448,92.6574,scanning,send,Drone2
Drone2_e409,Drone2,Drone1:392;Drone2:409;Drone3:435,89.9041,idle,local,
Drone3_e453,Drone3,Drone1:415;Drone2:389;Drone3:453,92.1226,processing,receive,Drone1
Drone2_e410,Drone2,Drone1:392;Drone2:410;Drone3:435,90.1938,idle,local,
Drone1_e420,Drone1,Drone1:420;Drone2:389;Drone3:448,92.9038,scanning,send,Drone2
Drone3_e454,Drone3,Drone1:415;Drone2:389;Drone3:454,92.2816,processing,local,
Drone2_e411,Drone2,Drone1:419;Drone2:411;Drone3:448,92.9268,idle,receive,Drone1
Drone2_e412,Drone2,Drone1:419;Drone2:412;Drone3:448,93.1705,scanning,local,
Drone2_e413,Drone2,Drone1:419;Drone2:413;Drone3:448,93.2645,scanning,local,
Drone3_e455,Drone3,Drone1:415;Drone2:389;Drone3:455,92.5463,processing,send,Drone2
Drone1_e421,Drone1,Drone1:421;Drone2:389;Drone3:448,93.0029,scanning,local,
Drone3_e456,Drone3,Drone1:415;Drone2:389;Drone3:456,92.6154,processing,local,
Drone1_e422,Drone1,Drone1:422;Drone2:389;Drone3:448,93.2653,target_found,local,
Drone3_e457,Drone3,Drone1:415;Drone2:389;Drone3:457,92.8577,processing,send,Drone2
Drone1_e423,Drone1,Drone1:423;Drone2:389;Drone3:448,93.4532,target_found,local,
Drone3_e458,Drone3,Drone1:415;Drone2:389;Drone3:458,93.0427,processing,local,
Drone3_e459,Drone3,Drone1:415;Drone2:389;Drone3:459,93.1841,processing,local,
Drone1_e424,Drone1,Drone1:424;Drone2:389;Drone3:448,93.6506,target_found,local,
Drone2_e414,Drone2,Drone1:419;Drone2:414;Drone3:455,93.4137,scanning,receive,Drone3
Drone3_e460,Drone3,Drone1:415;Drone2:389;Drone3:460,93.4461,processing,send,Drone1
Drone3_e461,Drone3,Drone1:415;Drone2:389;Drone3:461,93.6854,processing,local,
Drone1_e425,Drone1,Drone1:425;Drone2:389;Drone3:448,93.7454,target_found,local,
Drone3_e462,Drone3,Drone1:415;Drone2:389;Drone3:462,93.9773,relative_computed,local,
Drone3_e463,Drone3,Drone1:415;Drone2:389;Drone3:463,94.2621,relative_computed,local,
Drone1_e426,Drone1,Drone1:426;Drone2:389;Drone3:460,93.8533,target_found,receive,Drone3
Drone2_e415,Drone2,Drone1:419;Drone2:415;Drone3:457,93.6308,scanning,receive,Drone3
Drone3_e464,Drone3,Drone1:415;Drone2:389;Drone3:464,94.4024,relative_computed,local,
Drone2_e416,Drone2,Drone1:419;Drone2:416;Drone3:457,93.9012,scanning,local,
Drone1_e427,Drone1,Drone1:427;Drone2:389;Drone3:460,93.9843,target_found,local,
Drone3_e465,Drone3,Drone1:415;Drone2:389;Drone3:465,94.6108,relative_computed,local,
Drone2_e417,Drone2,Drone1:419;Drone2:417;Drone3:457,94.0170,scanning,local,
Drone3_e466,Drone3,Drone1:415;Drone2:389;Drone3:466,94.7550,relative_computed,local,
Drone2_e418,Drone2,Drone1:420;Drone2:418;Drone3:457,94.1962,scanning,receive,Drone1
Drone2_e419,Drone2,Drone1:420;Drone2:419;Drone3:457,94.3019,scanning,local,
Drone2_e420,Drone2,Drone1:420;Drone2:420;Drone3:457,94.5689,scanning,local,
Drone2_e421,Drone2,Drone1:420;Drone2:421;Drone3:457,94.8406,scanning,local,
Drone1_e428,Drone1,Drone1:428;Drone2:389;Drone3:460,94.0691,target_found,local,
Drone1_e429,Drone1,Drone1:429;Drone2:389;Drone3:460,94.1719,target_found,send,Drone3
Drone1_e430,Drone1,Drone1:430;Drone2:389;Drone3:460,94.3872,target_found,send,Drone2
Drone2_e422,Drone2,Drone1:420;Drone2:422;Drone3:457,95.0707,target_found,local,
Drone2_e423,Drone2,Drone1:420;Drone2:423;Drone3:457,95.2405,target_found,local,
Drone3_e467,Drone3,Drone1:429;Drone2:389;Drone3:467,94.8106,relative_computed,receive,Drone1
Drone1_e431,Drone1,Drone1:431;Drone2:389;Drone3:460,94.4709,target_found,send,Drone2
Drone3_e468,Drone3,Drone1:429;Drone2:389;Drone3:468,94.8746,relative_computed,send,Drone1
Drone2_e424,Drone2,Drone1:420;Drone2:424;Drone3:457,95.4196,target_found,local,
Drone2_e425,Drone2,Drone1:420;Drone2:425;Drone3:457,95.6105,target_found,local,
Drone1_e432,Drone1,Drone1:432;Drone2:389;Drone3:460,94.7029,position_measured,local,
Drone2_e426,Drone2,Drone1:420;Drone2:426;Drone3:457,95.7147,target_found,local,
Drone3_e469,Drone3,Drone1:429;Drone2:389;Drone3:469,95.1414,relative_computed,local,
Drone1_e433,Drone1,Drone1:433;Drone2:389;Drone3:468,95.0748,position_measured,receive,Drone3
Drone3_e470,Drone3,Drone1:429;Drone2:389;Drone3:470,95.2369,relative_computed,local,
Drone3_e471,Drone3,Drone1:429;Drone2:389;Drone3:471,95.3288,relative_computed,local,
Drone3_e472,Drone3,Drone1:429;Drone2:389;Drone3:472,95.4922,formation_hold,local,
Drone3_e473,Drone3,Drone1:429;Drone2:389;Drone3:473,95.6386,formation_hold,send,Drone2
Drone1_e434,Drone1,Drone1:434;Drone2:389;Drone3:468,95.3314,position_measured,send,Drone3
Drone3_e474,Drone3,Drone1:434;Drone2:389;Drone3:474,95.9140,formation_hold,receive,Drone1
Drone3_e475,Drone3,Drone1:434;Drone2:389;Drone3:475,95.9873,formation_hold,send,Drone1
Drone3_e476,Drone3,Drone1:434;Drone2:389;Drone3:476,96.2615,formation_hold,send,Drone1
Drone3_e477,Drone3,Drone1:434;Drone2:389;Drone3:477,96.4420,formation_hold,local,
Drone2_e427,Drone2,Drone1:420;Drone2:427;Drone3:457,95.9391,target_found,local,
Drone2_e428,Drone2,Drone1:430;Drone2:428;Drone3:460,96.1865,target_found,receive,Drone1
Drone2_e429,Drone2,Drone1:430;Drone2:429;Drone3:473,96.3428,target_found,receive,Drone3
Drone2_e430,Drone2,Drone1:430;Drone2:430;Drone3:473,96.4510,target_found,local,
Drone1_e435,Drone1,Drone1:435;Drone2:389;Drone3:475,96.1017,position_measured,receive,Drone3
Drone1_e436,Drone1,Drone1:436;Drone2:389;Drone3:475,96.3491,position_measured,local,
Drone3_e478,Drone3,Drone1:434;Drone2:389;Drone3:478,96.6219,formation_hold,local,
Drone2_e431,Drone2,Drone1:430;Drone2:431;Drone3:473,96.6729,target_found,local,
Drone2_e432,Drone2,Drone1:430;Drone2:432;Drone3:473,96.7496,position_measured,local,
Drone2_e433,Drone2,Drone1:430;Drone2:433;Drone3:473,96.8630,position_measured,local,
Drone3_e479,Drone3,Drone1:434;Drone2:389;Drone3:479,96.7634,formation_hold,local,
Drone2_e434,Drone2,Drone1:430;Drone2:434;Drone3:473,97.0123,position_measured,local,
Drone1_e437,Drone1,Drone1:437;Drone2:389;Drone3:475,96.5950,position_measured,local,
Drone2_e435,Drone2,Drone1:431;Drone2:435;Drone3:473,97.1258,position_measured,receive,Drone1
Drone2_e436,Drone2,Drone1:431;Drone2:436;Drone3:473,97.3693,position_measured,local,
Drone2_e437,Drone2,Drone1:431;Drone2:437;Drone3:473,97.6331,position_measured,local,
Drone3_e480,Drone3,Drone1:434;Drone2:389;Drone3:480,96.9250,formation_hold,send,Drone1
Drone3_e481,Drone3,Drone1:434;Drone2:389;Drone3:481,97.0001,formation_hold,local,
Drone3_e482,Drone3,Drone1:434;Drone2:389;Drone3:482,97.1347,idle,local,
Drone3_e483,Drone3,Drone1:434;Drone2:389;Drone3:483,97.3558,idle,local,
Drone1_e438,Drone1,Drone1:438;Drone2:389;Drone3:476,96.8461,position_measured,receive,Drone3
Drone1_e439,Drone1,Drone1:439;Drone2:389;Drone3:476,97.0462,position_measured,local,
Drone1_e440,Drone1,Drone1:440;Drone2:389;Drone3:480,97.1889,position_measured,receive,Drone3
Drone3_e484,Drone3,Drone1:434;Drone2:389;Drone3:484,97.6385,idle,send,Drone2
Drone2_e438,Drone2,Drone1:431;Drone2:438;Drone3:473,97.8133,position_measured,local,
Drone3_e485,Drone3,Drone1:434;Drone2:389;Drone3:485,97.7029,idle,local,
Drone1_e441,Drone1,Drone1:441;Drone2:389;Drone3:480,97.3486,position_measured,local,
Drone1_e442,Drone1,Drone1:442;Drone2:389;Drone3:480,97.6313,position_sent,local,
Drone3_e486,Drone3,Drone1:434;Drone2:389;Drone3:486,97.9489,idle,send,Drone1
Drone3_e487,Drone3,Drone1:434;Drone2:389;Drone3:487,98.0568,idle,local,
Drone1_e443,Drone1,Drone1:443;Drone2:389;Drone3:480,97.7712,position_sent,local,
Drone3_e488,Drone3,Drone1:434;Drone2:389;Drone3:488,98.1285,idle,send,Drone1
Drone2_e439,Drone2,Drone1:431;Drone2:439;Drone3:473,97.9516,position_measured,local,
Drone2_e440,Drone2,Drone1:431;Drone2:440;Drone3:473,98.0517,position_measured,local,
Drone1_e444,Drone1,Drone1:444;Drone2:389;Drone3:480,97.8384,position_sent,local,
Drone1_e445,Drone1,Drone1:445;Drone2:389;Drone3:480,98.0699,position_sent,local,
Drone3_e489,Drone3,Drone1:434;Drone2:389;Drone3:489,98.2655,idle,local,
Drone2_e441,Drone2,Drone1:434;Drone2:441;Drone3:484,98.2154,position_measured,receive,Drone3
Drone2_e442,Drone2,Drone1:434;Drone2:442;Drone3:484,98.3307,position_sent,local,
Drone2_e443,Drone2,Drone1:434;Drone2:443;Drone3:484,98.5203,position_sent,local,
Drone3_e490,Drone3,Drone1:434;Drone2:389;Drone3:490,98.5162,idle,send,Drone1
Drone2_e444,Drone2,Drone1:434;Drone2:444;Drone3:484,98.7736,position_sent,local,
Drone3_e491,Drone3,Drone1:434;Drone2:389;Drone3:491,98.8078,idle,send,Drone2
Drone3_e492,Drone3,Drone1:434;Drone2:389;Drone3:492,98.9186,scanning,local,
Drone2_e445,Drone2,Drone1:434;Drone2:445;Drone3:484,98.9383,position_sent,local,
Drone2_e446,Drone2,Drone1:434;Drone2:446;Drone3:484,99.2038,position_sent,local,
Drone2_e447,Drone2,Drone1:434;Drone2:447;Drone3:491,99.3495,position_sent,receive,Drone3
Drone1_e446,Drone1,Drone1:446;Drone2:389;Drone3:480,98.1774,position_sent,local,
Drone2_e448,Drone2,Drone1:434;Drone2:448;Drone3:491,99.4878,position_sent,local,
Drone3_e493,Drone3,Drone1:434;Drone2:389;Drone3:493,99.0306,scanning,send,Drone2
Drone1_e447,Drone1,Drone1:447;Drone2:389;Drone3:486,98.2464,position_sent,receive,Drone3
Drone1_e448,Drone1,Drone1:448;Drone2:389;Drone3:486,98.3848,position_sent,local,
Drone3_e494,Drone3,Drone1:434;Drone2:389;Drone3:494,99.2054,scanning,send,Drone1
Drone1_e449,Drone1,Drone1:449;Drone2:389;Drone3:488,98.6530,position_sent,receive,Drone3
Drone1_e450,Drone1,Drone1:450;Drone2:389;Drone3:490,98.9121,position_sent,receive,Drone3
Drone2_e449,Drone2,Drone1:434;Drone2:449;Drone3:493,99.5677,position_sent,receive,Drone3
Drone1_e451,Drone1,Drone1:451;Drone2:389;Drone3:490,99.1279,position_sent,local,
Drone3_e495,Drone3,Drone1:434;Drone2:389;Drone3:495,99.4674,scanning,send,Drone1
Drone2_e450,Drone2,Drone1:434;Drone2:450;Drone3:493,99.7408,position_sent,local,
Drone3_e496,Drone3,Drone1:434;Drone2:389;Drone3:496,99.6401,scanning,local,
Drone3_e497,Drone3,Drone1:434;Drone2:389;Drone3:497,99.8776,scanning,send,Drone1
Drone1_e452,Drone1,Drone1:452;Drone2:389;Drone3:494,99.3750,processing,receive,Drone3
Drone3_e498,Drone3,Drone1:434;Drone2:389;Drone3:498,100.0261,scanning,send,Drone2
Drone3_e499,Drone3,Drone1:434;Drone2:389;Drone3:499,100.1904,scanning,local,
Drone1_e453,Drone1,Drone1:453;Drone2:389;Drone3:494,99.5400,processing,local,
Drone3_e500,Drone3,Drone1:434;Drone2:389;Drone3:500,100.3352,scanning,send,Drone1
Drone1_e454,Drone1,Drone1:454;Drone2:389;Drone3:495,99.6368,processing,receive,Drone3
Drone2_e451,Drone2,Drone1:434;Drone2:451;Drone3:498,100.3157,position_sent,receive,Drone3
Drone2_e452,Drone2,Drone1:434;Drone2:452;Drone3:498,100.4904,processing,local,
Drone1_e455,Drone1,Drone1:455;Drone2:389;Drone3:495,99.8748,processing,local,
Drone2_e453,Drone2,Drone1:434;Drone2:453;Drone3:498,100.6103,processing,local,
Drone1_e456,Drone1,Drone1:456;Drone2:389;Drone3:495,100.1696,processing,local,
Drone3_e501,Drone3,Drone1:434;Drone2:389;Drone3:501,100.5654,scanning,send,Drone1
Drone1_e457,Drone1,Drone1:457;Drone2:389;Drone3:495,100.4337,processing,local,
Drone1_e458,Drone1,Drone1:458;Drone2:389;Drone3:497,100.6020,processing,receive,Drone3
Drone1_e459,Drone1,Drone1:459;Drone2:389;Drone3:500,100.6856,processing,receive,Drone3
Drone3_e502,Drone3,Drone1:434;Drone2:389;Drone3:502,100.7956,target_found,local,
Drone2_e454,Drone2,Drone1:434;Drone2:454;Drone3:498,100.8008,processing,local,
Drone3_e503,Drone3,Drone1:434;Drone2:389;Drone3:503,101.0182,target_found,send,Drone1
Drone1_e460,Drone1,Drone1:460;Drone2:389;Drone3:501,100.8547,processing,receive,Drone3
Drone3_e504,Drone3,Drone1:434;Drone2:389;Drone3:504,101.1331,target_found,send,Drone2
Drone2_e455,Drone2,Drone1:434;Drone2:455;Drone3:498,101.0838,processing,local,
Drone2_e456,Drone2,Drone1:434;Drone2:456;Drone3:504,101.2134,processing,receive,Drone3
Drone3_e505,Drone3,Drone1:434;Drone2:389;Drone3:505,101.2329,target_found,local,
Drone3_e506,Drone3,Drone1:434;Drone2:389;Drone3:506,101.4175,target_found,local,
Drone2_e457,Drone2,Drone1:434;Drone2:457;Drone3:504,101.4317,processing,local,
Drone2_e458,Drone2,Drone1:434;Drone2:458;Drone3:504,101.5935,processing,local,
Drone1_e461,Drone1,Drone1:461;Drone2:389;Drone3:503,101.1841,processing,receive,Drone3
Drone1_e462,Drone1,Drone1:462;Drone2:389;Drone3:503,101.3943,relative_computed,local,
Drone2_e459,Drone2,Drone1:434;Drone2:459;Drone3:504,101.7966,processing,local,
Drone2_e460,Drone2,Drone1:434;Drone2:460;Drone3:504,101.8644,processing,local,
Drone1_e463,Drone1,Drone1:463;Drone2:389;Drone3:503,101.5227,relative_computed,local,
Drone3_e507,Drone3,Drone1:434;Drone2:389;Drone3:507,101.6188,target_found,send,Drone2
Drone2_e461,Drone2,Drone1:434;Drone2:461;Drone3:507,102.1096,processing,receive,Drone3
Drone2_e462,Drone2,Drone1:434;Drone2:462;Drone3:507,102.2899,relative_computed,local,
Drone2_e463,Drone2,Drone1:434;Drone2:463;Drone3:507,102.3858,relative_computed,local,
Drone1_e464,Drone1,Drone1:464;Drone2:389;Drone3:503,101.7382,relative_computed,send,Drone2
Drone3_e508,Drone3,Drone1:434;Drone2:389;Drone3:508,101.6889,target_found,local,
Drone1_e465,Drone1,Drone1:465;Drone2:389;Drone3:503,101.8120,relative_computed,local,
Drone2_e464,Drone2,Drone1:434;Drone2:464;Drone3:507,102.4424,relative_computed,local,
Drone2_e465,Drone2,Drone1:434;Drone2:465;Drone3:507,102.7414,relative_computed,local,
Drone1_e466,Drone1,Drone1:466;Drone2:389;Drone3:503,101.8831,relative_computed,send,Drone2
Drone2_e466,Drone2,Drone1:464;Drone2:466;Drone3:507,102.9758,relative_computed,receive,Drone1
Drone2_e467,Drone2,Drone1:464;Drone2:467;Drone3:507,103.0587,relative_computed,local,
Drone1_e467,Drone1,Drone1:467;Drone2:389;Drone3:503,102.1482,relative_computed,send,Drone3
Drone2_e468,Drone2,Drone1:464;Drone2:468;Drone3:507,103.2255,relative_computed,local,
Drone3_e509,Drone3,Drone1:434;Drone2:389;Drone3:509,101.8760,target_found,local,
Drone1_e468,Drone1,Drone1:468;Drone2:389;Drone3:503,102.3726,relative_computed,local,
Drone1_e469,Drone1,Drone1:469;Drone2:389;Drone3:503,102.5368,relative_computed,local,
Drone3_e510,Drone3,Drone1:434;Drone2:389;Drone3:510,102.0670,target_found,local,
Drone3_e511,Drone3,Drone1:434;Drone2:389;Drone3:511,102.2504,target_found,local,
Drone2_e469,Drone2,Drone1:464;Drone2:469;Drone3:507,103.3322,relative_computed,local,
Drone1_e470,Drone1,Drone1:470;Drone2:389;Drone3:503,102.6782,relative_computed,local,
Drone2_e470,Drone2,Drone1:466;Drone2:470;Drone3:507,103.3823,relative_computed,receive,Drone1
Drone1_e471,Drone1,Drone1:471;Drone2:389;Drone3:503,102.8455,relative_computed,local,
Drone1_e472,Drone1,Drone1:472;Drone2:389;Drone3:503,103.0185,formation_hold,local,
Drone2_e471,Drone2,Drone1:466;Drone2:471;Drone3:507,103.6317,relative_computed,send,Drone3
Drone3_e512,Drone3,Drone1:467;Drone2:389;Drone3:512,102.4375,position_measured,receive,Drone1
Drone1_e473,Drone1,Drone1:473;Drone2:389;Drone3:503,103.2086,formation_hold,local,
Drone2_e472,Drone2,Drone1:466;Drone2:472;Drone3:507,103.8889,formation_hold,send,Drone3
Drone1_e474,Drone1,Drone1:474;Drone2:389;Drone3:503,103.4150,formation_hold,send,Drone3
Drone3_e513,Drone3,Drone1:467;Drone2:389;Drone3:513,102.7150,position_measured,local,
Drone3_e514,Drone3,Drone1:467;Drone2:389;Drone3:514,102.8361,position_measured,local,
Drone3_e515,Drone3,Drone1:467;Drone2:389;Drone3:515,102.9533,position_measured,local,
Drone1_e475,Drone1,Drone1:475;Drone2:389;Drone3:503,103.5106,formation_hold,local,
Drone2_e473,Drone2,Drone1:466;Drone2:473;Drone3:507,104.0933,formation_hold,send,Drone3
Drone2_e474,Drone2,Drone1:466;Drone2:474;Drone3:507,104.2663,formation_hold,local,
Drone2_e475,Drone2,Drone1:466;Drone2:475;Drone3:507,104.5587,formation_hold,send,Drone1
Drone1_e476,Drone1,Drone1:476;Drone2:475;Drone3:507,104.6792,formation_hold,receive,Drone2
Drone1_e477,Drone1,Drone1:477;Drone2:475;Drone3:507,104.9110,formation_hold,local,
Drone1_e478,Drone1,Drone1:478;Drone2:475;Drone3:507,105.0844,formation_hold,send,Drone2
Drone2_e476,Drone2,Drone1:466;Drone2:476;Drone3:507,104.8051,formation_hold,local,
Drone2_e477,Drone2,Drone1:466;Drone2:477;Drone3:507,104.9711,formation_hold,local,
Drone1_e479,Drone1,Drone1:479;Drone2:475;Drone3:507,105.3453,formation_hold,local,
Drone1_e480,Drone1,Drone1:480;Drone2:475;Drone3:507,105.4131,formation_hold,send,Drone3
Drone2_e478,Drone2,Drone1:478;Drone2:478;Drone3:507,105.3387,formation_hold,receive,Drone1
Drone1_e481,Drone1,Drone1:481;Drone2:475;Drone3:507,105.5593,formation_hold,send,Drone2
Drone2_e479,Drone2,Drone1:481;Drone2:479;Drone3:507,105.6591,formation_hold,receive,Drone1
Drone3_e516,Drone3,Drone1:467;Drone2:389;Drone3:516,103.1336,position_measured,local,
Drone1_e482,Drone1,Drone1:482;Drone2:475;Drone3:507,105.7797,idle,local,
Drone2_e480,Drone2,Drone1:481;Drone2:480;Drone3:507,105.7488,formation_hold,local,
Drone3_e517,Drone3,Drone1:474;Drone2:389;Drone3:517,103.5283,position_measured,receive,Drone1
Drone3_e518,Drone3,Drone1:474;Drone2:471;Drone3:518,103.9036,position_measured,receive,Drone2
Drone3_e519,Drone3,Drone1:480;Drone2:475;Drone3:519,105.5221,position_measured,receive,Drone1
Drone2_e481,Drone2,Drone1:481;Drone2:481;Drone3:507,105.8406,formation_hold,local,
Drone2_e482,Drone2,Drone1:481;Drone2:482;Drone3:507,105.9896,idle,local,
Drone1_e483,Drone1,Drone1:483;Drone2:475;Drone3:507,105.9750,idle,send,Drone2
Drone3_e520,Drone3,Drone1:480;Drone2:475;Drone3:520,105.7212,position_measured,local,
Drone2_e483,Drone2,Drone1:481;Drone2:483;Drone3:507,106.1018,idle,local,
Drone2_e484,Drone2,Drone1:483;Drone2:484;Drone3:507,106.3845,idle,receive,Drone1
Drone3_e521,Drone3,Drone1:480;Drone2:475;Drone3:521,105.9323,position_measured,receive,Drone2
Drone3_e522,Drone3,Drone1:480;Drone2:475;Drone3:522,106.0092,position_sent,local,
Drone2_e485,Drone2,Drone1:483;Drone2:485;Drone3:507,106.6359,idle,send,Drone3
Drone2_e486,Drone2,Drone1:483;Drone2:486;Drone3:507,106.6912,idle,local,
Drone2_e487,Drone2,Drone1:483;Drone2:487;Drone3:507,106.7749,idle,local,
Drone1_e484,Drone1,Drone1:484;Drone2:475;Drone3:507,106.1344,idle,local,
Drone2_e488,Drone2,Drone1:483;Drone2:488;Drone3:507,106.9474,idle,local,
Drone3_e523,Drone3,Drone1:480;Drone2:475;Drone3:523,106.1401,position_sent,receive,Drone2
Drone2_e489,Drone2,Drone1:483;Drone2:489;Drone3:507,107.0146,idle,send,Drone1
Drone1_e485,Drone1,Drone1:485;Drone2:475;Drone3:507,106.3892,idle,local,
Drone3_e524,Drone3,Drone1:483;Drone2:485;Drone3:524,106.8798,position_sent,receive,Drone2
Drone3_e525,Drone3,Drone1:483;Drone2:485;Drone3:525,106.9762,position_sent,local,
Drone1_e486,Drone1,Drone1:486;Drone2:475;Drone3:507,106.5302,idle,local,
Drone3_e526,Drone3,Drone1:483;Drone2:485;Drone3:526,107.1908,position_sent,send,Drone1
Drone3_e527,Drone3,Drone1:483;Drone2:485;Drone3:527,107.2883,position_sent,local,
Drone3_e528,Drone3,Drone1:483;Drone2:485;Drone3:528,107.4761,position_sent,local,
Drone3_e529,Drone3,Drone1:483;Drone2:485;Drone3:529,107.6864,position_sent,send,Drone2
Drone1_e487,Drone1,Drone1:487;Drone2:489;Drone3:507,107.0756,idle,receive,Drone2
Drone1_e488,Drone1,Drone1:488;Drone2:489;Drone3:526,107.2913,idle,receive,Drone3
Drone2_e490,Drone2,Drone1:483;Drone2:490;Drone3:529,107.8791,idle,receive,Drone3
Drone2_e491,Drone2,Drone1:483;Drone2:491;Drone3:529,108.0606,idle,local,
Drone3_e530,Drone3,Drone1:483;Drone2:485;Drone3:530,107.7486,position_sent,local,
Drone1_e489,Drone1,Drone1:489;Drone2:489;Drone3:526,107.3590,idle,local,
Drone1_e490,Drone1,Drone1:490;Drone2:489;Drone3:526,107.6411,idle,local,
Drone1_e491,Drone1,Drone1:491;Drone2:489;Drone3:526,107.8509,idle,local,
Drone2_e492,Drone2,Drone1:483;Drone2:492;Drone3:529,108.3451,scanning,local,
Drone2_e493,Drone2,Drone1:483;Drone2:493;Drone3:529,108.5937,scanning,local,
Drone1_e492,Drone1,Drone1:492;Drone2:489;Drone3:526,107.9673,scanning,local,
Drone1_e493,Drone1,Drone1:493;Drone2:489;Drone3:526,108.2259,scanning,local,
Drone1_e494,Drone1,Drone1:494;Drone2:489;Drone3:526,108.5161,scanning,local,
Drone1_e495,Drone1,Drone1:495;Drone2:489;Drone3:526,108.6990,scanning,send,Drone2
Drone1_e496,Drone1,Drone1:496;Drone2:489;Drone3:526,108.8915,scanning,send,Drone2
Drone1_e497,Drone1,Drone1:497;Drone2:489;Drone3:526,109.0810,scanning,local,
Drone3_e531,Drone3,Drone1:483;Drone2:485;Drone3:531,107.9673,position_sent,send,Drone2
Drone3_e532,Drone3,Drone1:483;Drone2:485;Drone3:532,108.2380,processing,local,
Drone1_e498,Drone1,Drone1:498;Drone2:489;Drone3:526,109.2685,scanning,local,
Drone3_e533,Drone3,Drone1:483;Drone2:485;Drone3:533,108.3275,processing,local,
Drone3_e534,Drone3,Drone1:483;Drone2:485;Drone3:534,108.4656,processing,local,
Drone2_e494,Drone2,Drone1:483;Drone2:494;Drone3:529,108.8929,scanning,local,
Drone2_e495,Drone2,Drone1:483;Drone2:495;Drone3:529,109.1012,scanning,local,
Drone3_e535,Drone3,Drone1:483;Drone2:485;Drone3:535,108.5758,processing,local,
Drone3_e536,Drone3,Drone1:483;Drone2:485;Drone3:536,108.7158,processing,send,Drone2
Drone2_e496,Drone2,Drone1:483;Drone2:496;Drone3:529,109.2505,scanning,local,
Drone3_e537,Drone3,Drone1:483;Drone2:485;Drone3:537,108.9147,processing,send,Drone2
Drone3_e538,Drone3,Drone1:483;Drone2:485;Drone3:538,108.9664,processing,send,Drone2
Drone1_e499,Drone1,Drone1:499;Drone2:489;Drone3:526,109.3240,scanning,send,Drone3
Drone3_e539,Drone3,Drone1:483;Drone2:485;Drone3:539,109.2461,processing,local,
Drone3_e540,Drone3,Drone1:483;Drone2:485;Drone3:540,109.5276,processing,local,
Drone1_e500,Drone1,Drone1:500;Drone2:489;Drone3:526,109.4629,scanning,send,Drone3
Drone1_e501,Drone1,Drone1:501;Drone2:489;Drone3:526,109.5711,scanning,send,Drone2
Drone2_e497,Drone2,Drone1:495;Drone2:497;Drone3:529,109.4428,scanning,receive,Drone1
Drone1_e502,Drone1,Drone1:502;Drone2:489;Drone3:526,109.8020,target_found,local,
Drone2_e498,Drone2,Drone1:495;Drone2:498;Drone3:531,109.6416,scanning,receive,Drone3
Drone2_e499,Drone2,Drone1:496;Drone2:499;Drone3:531,109.7112,scanning,receive,Drone1
Drone1_e503,Drone1,Drone1:503;Drone2:489;Drone3:526,109.9356,target_found,local,
Drone2_e500,Drone2,Drone1:496;Drone2:500;Drone3:531,109.9781,scanning,local,
Drone1_e504,Drone1,Drone1:504;Drone2:489;Drone3:526,110.1980,target_found,local,
Drone1_e505,Drone1,Drone1:505;Drone2:489;Drone3:526,110.4060,target_found,local,
Drone1_e506,Drone1,Drone1:506;Drone2:489;Drone3:526,110.4663,target_found,local,
Drone3_e541,Drone3,Drone1:483;Drone2:485;Drone3:541,109.6593,processing,local,
Drone3_e542,Drone3,Drone1:499;Drone2:489;Drone3:542,109.8777,relative_computed,receive,Drone1
Drone2_e501,Drone2,Drone1:496;Drone2:501;Drone3:531,110.2163,scanning,local,
Drone3_e543,Drone3,Drone1:499;Drone2:489;Drone3:543,109.9832,relative_computed,local,
Drone2_e502,Drone2,Drone1:496;Drone2:502;Drone3:531,110.3034,target_found,local,
Drone2_e503,Drone2,Drone1:496;Drone2:503;Drone3:536,110.4904,target_found,receive,Drone3
Drone2_e504,Drone2,Drone1:501;Drone2:504;Drone3:536,110.7338,target_found,receive,Drone1
Drone1_e507,Drone1,Drone1:507;Drone2:489;Drone3:526,110.6366,target_found,local,
Drone1_e508,Drone1,Drone1:508;Drone2:489;Drone3:526,110.8496,target_found,local,
Drone1_e509,Drone1,Drone1:509;Drone2:489;Drone3:526,111.1489,target_found,local,
Drone3_e544,Drone3,Drone1:500;Drone2:489;Drone3:544,110.0998,relative_computed,receive,Drone1
Drone2_e505,Drone2,Drone1:501;Drone2:505;Drone3:537,110.8120,target_found,receive,Drone3
Drone2_e506,Drone2,Drone1:501;Drone2:506;Drone3:537,110.9491,target_found,local,
Drone2_e507,Drone2,Drone1:501;Drone2:507;Drone3:538,111.1915,target_found,receive,Drone3
Drone1_e510,Drone1,Drone1:510;Drone2:489;Drone3:526,111.3529,target_found,local,
Drone2_e508,Drone2,Drone1:501;Drone2:508;Drone3:538,111.3516,target_found,local,
Drone1_e511,Drone1,Drone1:511;Drone2:489;Drone3:526,111.4419,target_found,send,Drone3
Drone3_e545,Drone3,Drone1:500;Drone2:489;Drone3:545,110.1779,relative_computed,local,
Drone1_e512,Drone1,Drone1:512;Drone2:489;Drone3:526,111.7091,position_measured,send,Drone2
Drone2_e509,Drone2,Drone1:512;Drone2:509;Drone3:538,111.8354,target_found,receive,Drone1
Drone2_e510,Drone2,Drone1:512;Drone2:510;Drone3:538,112.0704,target_found,send,Drone1
Drone1_e513,Drone1,Drone1:513;Drone2:510;Drone3:538,112.2576,position_measured,receive,Drone2
Drone3_e546,Drone3,Drone1:500;Drone2:489;Drone3:546,110.2632,relative_computed,local,
Drone3_e547,Drone3,Drone1:500;Drone2:489;Drone3:547,110.4074,relative_computed,local,
Drone3_e548,Drone3,Drone1:500;Drone2:489;Drone3:548,110.5213,relative_computed,local,
Drone1_e514,Drone1,Drone1:514;Drone2:510;Drone3:538,112.3209,position_measured,send,Drone3
Drone3_e549,Drone3,Drone1:500;Drone2:489;Drone3:549,110.5879,relative_computed,local,
Drone3_e550,Drone3,Drone1:511;Drone2:489;Drone3:550,111.7080,relative_computed,receive,Drone1
Drone1_e515,Drone1,Drone1:515;Drone2:510;Drone3:538,112.4287,position_measured,send,Drone3
Drone2_e511,Drone2,Drone1:512;Drone2:511;Drone3:538,112.2978,target_found,local,
Drone2_e512,Drone2,Drone1:512;Drone2:512;Drone3:538,112.4971,position_measured,local,
Drone1_e516,Drone1,Drone1:516;Drone2:510;Drone3:538,112.6188,position_measured,send,Drone3
Drone3_e551,Drone3,Drone1:514;Drone2:510;Drone3:551,112.6014,relative_computed,receive,Drone1
Drone2_e513,Drone2,Drone1:512;Drone2:513;Drone3:538,112.6455,position_measured,local,
Drone1_e517,Drone1,Drone1:517;Drone2:510;Drone3:538,112.7577,position_measured,send,Drone3
Drone2_e514,Drone2,Drone1:512;Drone2:514;Drone3:538,112.8984,position_measured,send,Drone3
Drone3_e552,Drone3,Drone1:514;Drone2:514;Drone3:552,113.1710,formation_hold,receive,Drone2
Drone1_e518,Drone1,Drone1:518;Drone2:510;Drone3:538,113.0450,position_measured,local,
Drone1_e519,Drone1,Drone1:519;Drone2:510;Drone3:538,113.2592,position_measured,send,Drone3
Drone1_e520,Drone1,Drone1:520;Drone2:510;Drone3:538,113.4394,position_measured,local,
Drone3_e553,Drone3,Drone1:514;Drone2:514;Drone3:553,113.3774,formation_hold,local,
Drone1_e521,Drone1,Drone1:521;Drone2:510;Drone3:538,113.6326,position_measured,local,
Drone2_e515,Drone2,Drone1:512;Drone2:515;Drone3:538,113.1759,position_measured,local,
Drone2_e516,Drone2,Drone1:512;Drone2:516;Drone3:538,113.2588,position_measured,local,
Drone3_e554,Drone3,Drone1:515;Drone2:514;Drone3:554,113.6431,formation_hold,receive,Drone1
Drone2_e517,Drone2,Drone1:512;Drone2:517;Drone3:538,113.5335,position_measured,local,
Drone1_e522,Drone1,Drone1:522;Drone2:510;Drone3:538,113.9099,position_sent,local,
Drone1_e523,Drone1,Drone1:523;Drone2:510;Drone3:538,114.1011,position_sent,local,
Drone1_e524,Drone1,Drone1:524;Drone2:510;Drone3:538,114.2904,position_sent,local,
Drone3_e555,Drone3,Drone1:516;Drone2:514;Drone3:555,113.9029,formation_hold,receive,Drone1
Drone1_e525,Drone1,Drone1:525;Drone2:510;Drone3:538,114.5318,position_sent,local,
Drone2_e518,Drone2,Drone1:512;Drone2:518;Drone3:538,113.6593,position_measured,local,
Drone3_e556,Drone3,Drone1:516;Drone2:514;Drone3:556,114.1765,formation_hold,local,
Drone3_e557,Drone3,Drone1:517;Drone2:514;Drone3:557,114.2532,formation_hold,receive,Drone1
Drone1_e526,Drone1,Drone1:526;Drone2:510;Drone3:538,114.7332,position_sent,send,Drone3
Drone3_e558,Drone3,Drone1:519;Drone2:514;Drone3:558,114.3609,formation_hold,receive,Drone1
Drone1_e527,Drone1,Drone1:527;Drone2:510;Drone3:538,114.9552,position_sent,local,
Drone2_e519,Drone2,Drone1:512;Drone2:519;Drone3:538,113.8873,position_measured,send,Drone3
Drone2_e520,Drone2,Drone1:512;Drone2:520;Drone3:538,114.0602,position_measured,send,Drone3
Drone1_e528,Drone1,Drone1:528;Drone2:510;Drone3:538,115.0133,position_sent,send,Drone2
Drone1_e529,Drone1,Drone1:529;Drone2:510;Drone3:538,115.3008,position_sent,local,
Drone1_e530,Drone1,Drone1:530;Drone2:510;Drone3:538,115.5979,position_sent,local,
Drone1_e531,Drone1,Drone1:531;Drone2:510;Drone3:538,115.8646,position_sent,send,Drone3
Drone2_e521,Drone2,Drone1:512;Drone2:521;Drone3:538,114.3269,position_measured,local,
Drone1_e532,Drone1,Drone1:532;Drone2:510;Drone3:538,116.1087,processing,local,
Drone3_e559,Drone3,Drone1:519;Drone2:514;Drone3:559,114.5060,formation_hold,local,
Drone2_e522,Drone2,Drone1:528;Drone2:522;Drone3:538,115.1934,position_sent,receive,Drone1
Drone2_e523,Drone2,Drone1:528;Drone2:523;Drone3:538,115.4629,position_sent,local,
Drone1_e533,Drone1,Drone1:533;Drone2:510;Drone3:538,116.2576,processing,local,
Drone3_e560,Drone3,Drone1:519;Drone2:519;Drone3:560,114.6850,formation_hold,receive,Drone2
Drone3_e561,Drone3,Drone1:519;Drone2:519;Drone3:561,114.7825,formation_hold,local,
Drone2_e524,Drone2,Drone1:528;Drone2:524;Drone3:538,115.5890,position_sent,local,
Drone2_e525,Drone2,Drone1:528;Drone2:525;Drone3:538,115.7446,position_sent,local,
Drone3_e562,Drone3,Drone1:519;Drone2:519;Drone3:562,115.0050,idle,local,
Drone1_e534,Drone1,Drone1:534;Drone2:510;Drone3:538,116.4691,processing,local,
Drone1_e535,Drone1,Drone1:535;Drone2:510;Drone3:538,116.5474,processing,local,
Drone3_e563,Drone3,Drone1:519;Drone2:519;Drone3:563,115.2290,idle,local,
Drone1_e536,Drone1,Drone1:536;Drone2:510;Drone3:538,116.6783,processing,local,
Drone1_e537,Drone1,Drone1:537;Drone2:510;Drone3:538,116.9489,processing,send,Drone2
Drone1_e538,Drone1,Drone1:538;Drone2:510;Drone3:538,117.1785,processing,send,Drone2
Drone1_e539,Drone1,Drone1:539;Drone2:510;Drone3:538,117.3870,processing,send,Drone3
Drone1_e540,Drone1,Drone1:540;Drone2:510;Drone3:538,117.5331,processing,local,
Drone3_e564,Drone3,Drone1:519;Drone2:519;Drone3:564,115.3190,idle,local,
Drone3_e565,Drone3,Drone1:526;Drone2:519;Drone3:565,115.5970,idle,receive,Drone1
Drone3_e566,Drone3,Drone1:526;Drone2:519;Drone3:566,115.8627,idle,local,
Drone1_e541,Drone1,Drone1:541;Drone2:510;Drone3:538,117.6278,processing,local,
Drone3_e567,Drone3,Drone1:526;Drone2:520;Drone3:567,115.9901,idle,receive,Drone2
Drone2_e526,Drone2,Drone1:537;Drone2:526;Drone3:538,117.0283,position_sent,receive,Drone1
Drone1_e542,Drone1,Drone1:542;Drone2:510;Drone3:538,117.6787,relative_computed,local,
Drone2_e527,Drone2,Drone1:538;Drone2:527;Drone3:538,117.4424,position_sent,receive,Drone1
Drone3_e568,Drone3,Drone1:526;Drone2:520;Drone3:568,116.1921,idle,local,
Drone2_e528,Drone2,Drone1:538;Drone2:528;Drone3:538,117.6058,position_sent,send,Drone3
Drone2_e529,Drone2,Drone1:538;Drone2:529;Drone3:538,117.7170,position_sent,send,Drone1
Drone3_e569,Drone3,Drone1:531;Drone2:520;Drone3:569,116.2543,idle,receive,Drone1
Drone1_e543,Drone1,Drone1:543;Drone2:529;Drone3:538,117.7762,relative_computed,receive,Drone2
Drone1_e544,Drone1,Drone1:544;Drone2:529;Drone3:538,118.0357,relative_computed,local,
Drone2_e530,Drone2,Drone1:538;Drone2:530;Drone3:538,117.7889,position_sent,local,
Drone1_e545,Drone1,Drone1:545;Drone2:529;Drone3:538,118.1302,relative_computed,local,
Drone3_e570,Drone3,Drone1:539;Drone2:520;Drone3:570,117.6786,idle,receive,Drone1
Drone3_e571,Drone3,Drone1:539;Drone2:520;Drone3:571,117.9615,idle,local,
Drone1_e546,Drone1,Drone1:546;Drone2:529;Drone3:538,118.2609,relative_computed,local,
Drone2_e531,Drone2,Drone1:538;Drone2:531;Drone3:538,118.0285,position_sent,local,
Drone3_e572,Drone3,Drone1:539;Drone2:528;Drone3:572,118.0451,scanning,receive,Drone2
Drone3_e573,Drone3,Drone1:539;Drone2:528;Drone3:573,118.1774,scanning,local,
Drone2_e532,Drone2,Drone1:538;Drone2:532;Drone3:538,118.2525,processing,local,
Drone3_e574,Drone3,Drone1:539;Drone2:528;Drone3:574,118.3483,scanning,send,Drone1
Drone3_e575,Drone3,Drone1:539;Drone2:528;Drone3:575,118.5954,scanning,local,
Drone3_e576,Drone3,Drone1:539;Drone2:528;Drone3:576,118.7103,scanning,send,Drone2
Drone3_e577,Drone3,Drone1:539;Drone2:528;Drone3:577,118.8488,scanning,local,
Drone1_e547,Drone1,Drone1:547;Drone2:529;Drone3:538,118.4350,relative_computed,local,
Drone3_e578,Drone3,Drone1:539;Drone2:528;Drone3:578,119.0219,scanning,local,
Drone1_e548,Drone1,Drone1:548;Drone2:529;Drone3:538,118.5432,relative_computed,local,
Drone2_e533,Drone2,Drone1:538;Drone2:533;Drone3:538,118.3029,processing,local,
Drone1_e549,Drone1,Drone1:549;Drone2:529;Drone3:538,118.7924,relative_computed,local,
Drone3_e579,Drone3,Drone1:539;Drone2:528;Drone3:579,119.2718,scanning,local,
Drone2_e534,Drone2,Drone1:538;Drone2:534;Drone3:538,118.4363,processing,local,
Drone3_e580,Drone3,Drone1:539;Drone2:528;Drone3:580,119.3749,scanning,local,
Drone3_e581,Drone3,Drone1:539;Drone2:528;Drone3:581,119.4885,scanning,send,Drone2
Drone1_e550,Drone1,Drone1:550;Drone2:529;Drone3:574,119.0342,relative_computed,receive,Drone3
Drone1_e551,Drone1,Drone1:551;Drone2:529;Drone3:574,119.1695,relative_computed,local,
Drone3_e582,Drone3,Drone1:539;Drone2:528;Drone3:582,119.7785,target_found,local,
Drone1_e552,Drone1,Drone1:552;Drone2:529;Drone3:574,119.4501,formation_hold,send,Drone3
Drone2_e535,Drone2,Drone1:538;Drone2:535;Drone3:538,118.6856,processing,local,
Drone3_e583,Drone3,Drone1:552;Drone2:529;Drone3:583,119.9853,target_found,receive,Drone1
Drone3_e584,Drone3,Drone1:552;Drone2:529;Drone3:584,120.1509,target_found,local,
Drone2_e536,Drone2,Drone1:538;Drone2:536;Drone3:538,118.7496,processing,local,
Drone3_e585,Drone3,Drone1:552;Drone2:529;Drone3:585,120.3397,target_found,send,Drone2
Drone1_e553,Drone1,Drone1:553;Drone2:529;Drone3:574,119.7000,formation_hold,send,Drone3
Drone2_e537,Drone2,Drone1:539;Drone2:537;Drone3:576,118.8698,processing,receive,Drone3
Drone1_e554,Drone1,Drone1:554;Drone2:529;Drone3:574,119.8438,formation_hold,local,
Drone3_e586,Drone3,Drone1:552;Drone2:529;Drone3:586,120.5325,target_found,local,
Drone2_e538,Drone2,Drone1:539;Drone2:538;Drone3:581,119.7546,processing,receive,Drone3
Drone2_e539,Drone2,Drone1:539;Drone2:539;Drone3:581,119.8832,processing,local,
Drone1_e555,Drone1,Drone1:555;Drone2:529;Drone3:574,120.0180,formation_hold,send,Drone2
Drone1_e556,Drone1,Drone1:556;Drone2:529;Drone3:574,120.2754,formation_hold,local,
Drone2_e540,Drone2,Drone1:555;Drone2:540;Drone3:581,120.1118,processing,receive,Drone1
Drone2_e541,Drone2,Drone1:555;Drone2:541;Drone3:581,120.3562,processing,local,
Drone1_e557,Drone1,Drone1:557;Drone2:529;Drone3:574,120.3316,formation_hold,local,
Drone2_e542,Drone2,Drone1:555;Drone2:542;Drone3:581,120.4447,relative_computed,local,
Drone2_e543,Drone2,Drone1:555;Drone2:543;Drone3:581,120.6779,relative_computed,local,
Drone3_e587,Drone3,Drone1:553;Drone2:529;Drone3:587,120.6183,target_found,receive,Drone1
Drone1_e558,Drone1,Drone1:558;Drone2:529;Drone3:574,120.6161,formation_hold,local,
Drone3_e588,Drone3,Drone1:553;Drone2:529;Drone3:588,120.7196,target_found,local,
Drone1_e559,Drone1,Drone1:559;Drone2:529;Drone3:574,120.8445,formation_hold,local,
Drone3_e589,Drone3,Drone1:553;Drone2:529;Drone3:589,121.0027,target_found,send,Drone2
Drone3_e590,Drone3,Drone1:553;Drone2:529;Drone3:590,121.2706,target_found,local,
Drone2_e544,Drone2,Drone1:555;Drone2:544;Drone3:581,120.7394,relative_computed,local,
Drone3_e591,Drone3,Drone1:553;Drone2:529;Drone3:591,121.5070,target_found,local,
Drone1_e560,Drone1,Drone1:560;Drone2:529;Drone3:574,120.9726,formation_hold,local,
Drone1_e561,Drone1,Drone1:561;Drone2:529;Drone3:574,121.0707,formation_hold,local,
Drone2_e545,Drone2,Drone1:555;Drone2:545;Drone3:581,120.9826,relative_computed,local,
Drone3_e592,Drone3,Drone1:553;Drone2:529;Drone3:592,121.5964,position_measured,send,Drone1
Drone1_e562,Drone1,Drone1:562;Drone2:529;Drone3:592,121.6980,idle,receive,Drone3
Drone2_e546,Drone2,Drone1:555;Drone2:546;Drone3:581,121.1004,relative_computed,local,
Drone3_e593,Drone3,Drone1:553;Drone2:529;Drone3:593,121.7899,position_measured,local,
Drone1_e563,Drone1,Drone1:563;Drone2:529;Drone3:592,121.8832,idle,send,Drone3
Drone1_e564,Drone1,Drone1:564;Drone2:529;Drone3:592,122.1590,idle,send,Drone3
Drone1_e565,Drone1,Drone1:565;Drone2:529;Drone3:592,122.2305,idle,send,Drone2
Drone2_e547,Drone2,Drone1:565;Drone2:547;Drone3:592,122.4346,relative_computed,receive,Drone1
Drone2_e548,Drone2,Drone1:565;Drone2:548;Drone3:592,122.6628,relative_computed,receive,Drone3
Drone3_e594,Drone3,Drone1:553;Drone2:529;Drone3:594,121.8595,position_measured,local,
Drone2_e549,Drone2,Drone1:565;Drone2:549;Drone3:592,122.7361,relative_computed,local,
Drone3_e595,Drone3,Drone1:553;Drone2:529;Drone3:595,122.0234,position_measured,local,
Drone3_e596,Drone3,Drone1:553;Drone2:529;Drone3:596,122.2651,position_measured,local,
Drone2_e550,Drone2,Drone1:565;Drone2:550;Drone3:592,122.8220,relative_computed,receive,Drone3
Drone3_e597,Drone3,Drone1:563;Drone2:529;Drone3:597,122.4131,position_measured,receive,Drone1
Drone3_e598,Drone3,Drone1:563;Drone2:529;Drone3:598,122.5457,position_measured,local,
Drone2_e551,Drone2,Drone1:565;Drone2:551;Drone3:592,122.8796,relative_computed,local,
Drone2_e552,Drone2,Drone1:565;Drone2:552;Drone3:592,123.0449,formation_hold,send,Drone3
Drone1_e566,Drone1,Drone1:566;Drone2:529;Drone3:592,122.4316,idle,send,Drone3
Drone1_e567,Drone1,Drone1:567;Drone2:529;Drone3:592,122.5831,idle,local,
Drone3_e599,Drone3,Drone1:563;Drone2:529;Drone3:599,122.6771,position_measured,local,
Drone3_e600,Drone3,Drone1:565;Drone2:552;Drone3:600,123.2281,position_measured,receive,Drone2
Drone2_e553,Drone2,Drone1:565;Drone2:553;Drone3:592,123.1545,formation_hold,local,
Drone1_e568,Drone1,Drone1:568;Drone2:529;Drone3:592,122.8765,idle,local,
Drone2_e554,Drone2,Drone1:565;Drone2:554;Drone3:592,123.4080,formation_hold,send,Drone1
Drone3_e601,Drone3,Drone1:565;Drone2:552;Drone3:601,123.5231,position_measured,local,
Drone3_e602,Drone3,Drone1:565;Drone2:552;Drone3:602,123.7092,position_sent,local,
Drone1_e569,Drone1,Drone1:569;Drone2:554;Drone3:592,123.6428,idle,receive,Drone2
Drone3_e603,Drone3,Drone1:565;Drone2:552;Drone3:603,123.8809,position_sent,local,
Drone3_e604,Drone3,Drone1:565;Drone2:552;Drone3:604,124.0122,position_sent,local,
Drone1_e570,Drone1,Drone1:570;Drone2:554;Drone3:592,123.7369,idle,local,
Drone2_e555,Drone2,Drone1:565;Drone2:555;Drone3:592,123.6294,formation_hold,send,Drone1
Drone3_e605,Drone3,Drone1:565;Drone2:552;Drone3:605,124.1570,position_sent,local,
Drone2_e556,Drone2,Drone1:565;Drone2:556;Drone3:592,123.6947,formation_hold,local,
Drone1_e571,Drone1,Drone1:571;Drone2:554;Drone3:592,124.0087,idle,local,
Drone3_e606,Drone3,Drone1:565;Drone2:552;Drone3:606,124.3962,position_sent,local,
Drone3_e607,Drone3,Drone1:565;Drone2:552;Drone3:607,124.5437,position_sent,receive,Drone1
Drone3_e608,Drone3,Drone1:565;Drone2:552;Drone3:608,124.6451,position_sent,local,
Drone2_e557,Drone2,Drone1:565;Drone2:557;Drone3:592,123.9744,formation_hold,send,Drone3
Drone2_e558,Drone2,Drone1:565;Drone2:558;Drone3:592,124.2531,formation_hold,local,
Drone1_e572,Drone1,Drone1:572;Drone2:554;Drone3:592,124.2116,scanning,local,
Drone3_e609,Drone3,Drone1:565;Drone2:552;Drone3:609,124.7270,position_sent,local,
Drone2_e559,Drone2,Drone1:565;Drone2:559;Drone3:592,124.3034,formation_hold,send,Drone1
Drone3_e610,Drone3,Drone1:565;Drone2:552;Drone3:610,124.8668,position_sent,local,
Drone2_e560,Drone2,Drone1:565;Drone2:560;Drone3:592,124.4122,formation_hold,local,
Drone3_e611,Drone3,Drone1:565;Drone2:552;Drone3:611,125.0732,position_sent,local,
Drone3_e612,Drone3,Drone1:565;Drone2:557;Drone3:612,125.2319,processing,receive,Drone2
Drone1_e573,Drone1,Drone1:573;Drone2:554;Drone3:592,124.3803,scanning,local,
Drone1_e574,Drone1,Drone1:574;Drone2:554;Drone3:592,124.6411,scanning,local,
Drone2_e561,Drone2,Drone1:565;Drone2:561;Drone3:592,124.5007,formation_hold,local,
Drone3_e613,Drone3,Drone1:566;Drone2:557;Drone3:613,125.2999,processing,receive,Drone1
Drone1_e575,Drone1,Drone1:575;Drone2:555;Drone3:592,124.8556,scanning,receive,Drone2
Drone1_e576,Drone1,Drone1:576;Drone2:559;Drone3:592,125.1206,scanning,receive,Drone2
Drone3_e614,Drone3,Drone1:566;Drone2:557;Drone3:614,125.4563,processing,local,
Drone1_e577,Drone1,Drone1:577;Drone2:559;Drone3:592,125.2767,scanning,local,
Drone2_e562,Drone2,Drone1:565;Drone2:562;Drone3:592,124.6072,idle,local,
Drone2_e563,Drone2,Drone1:565;Drone2:563;Drone3:592,124.8017,idle,local,
Drone3_e615,Drone3,Drone1:566;Drone2:557;Drone3:615,125.6090,processing,send,Drone2
Drone3_e616,Drone3,Drone1:566;Drone2:557;Drone3:616,125.6674,processing,local,
Drone1_e578,Drone1,Drone1:578;Drone2:559;Drone3:592,125.5029,scanning,local,
Drone1_e579,Drone1,Drone1:579;Drone2:559;Drone3:592,125.7933,scanning,local,
Drone1_e580,Drone1,Drone1:580;Drone2:559;Drone3:592,125.9596,scanning,send,Drone3
Drone1_e581,Drone1,Drone1:581;Drone2:559;Drone3:592,126.1621,scanning,local,
Drone1_e582,Drone1,Drone1:582;Drone2:559;Drone3:592,126.3975,target_found,local,
Drone3_e617,Drone3,Drone1:580;Drone2:559;Drone3:617,126.1628,processing,receive,Drone1
Drone2_e564,Drone2,Drone1:565;Drone2:564;Drone3:592,124.8543,idle,local,
Drone2_e565,Drone2,Drone1:565;Drone2:565;Drone3:592,125.0217,idle,local,
Drone3_e618,Drone3,Drone1:580;Drone2:559;Drone3:618,126.3010,processing,local,
Drone2_e566,Drone2,Drone1:566;Drone2:566;Drone3:615,125.8328,idle,receive,Drone3
Drone3_e619,Drone3,Drone1:580;Drone2:559;Drone3:619,126.5328,processing,local,
Drone3_e620,Drone3,Drone1:580;Drone2:559;Drone3:620,126.7273,processing,send,Drone2
Drone3_e621,Drone3,Drone1:580;Drone2:559;Drone3:621,126.9795,processing,send,Drone2
Drone3_e622,Drone3,Drone1:580;Drone2:559;Drone3:622,127.0502,relative_computed,send,Drone2
Drone3_e623,Drone3,Drone1:580;Drone2:559;Drone3:623,127.1632,relative_computed,send,Drone2
Drone3_e624,Drone3,Drone1:580;Drone2:559;Drone3:624,127.2167,relative_computed,send,Drone2
Drone1_e583,Drone1,Drone1:583;Drone2:559;Drone3:592,126.6750,target_found,local,
Drone3_e625,Drone3,Drone1:580;Drone2:559;Drone3:625,127.3592,relative_computed,send,Drone2
Drone1_e584,Drone1,Drone1:584;Drone2:559;Drone3:592,126.8463,target_found,send,Drone2
Drone3_e626,Drone3,Drone1:580;Drone2:559;Drone3:626,127.4949,relative_computed,local,
Drone1_e585,Drone1,Drone1:585;Drone2:559;Drone3:592,127.0451,target_found,local,
Drone1_e586,Drone1,Drone1:586;Drone2:559;Drone3:592,127.2833,target_found,local,
Drone2_e567,Drone2,Drone1:566;Drone2:567;Drone3:615,125.9423,idle,local,
Drone2_e568,Drone2,Drone1:566;Drone2:568;Drone3:615,126.0341,idle,local,
Drone3_e627,Drone3,Drone1:580;Drone2:559;Drone3:627,127.6312,relative_computed,local,
Drone3_e628,Drone3,Drone1:580;Drone2:559;Drone3:628,127.6943,relative_computed,send,Drone1
Drone2_e569,Drone2,Drone1:584;Drone2:569;Drone3:615,127.0153,idle,receive,Drone1
Drone3_e629,Drone3,Drone1:580;Drone2:559;Drone3:629,127.8629,relative_computed,send,Drone2
Drone1_e587,Drone1,Drone1:587;Drone2:559;Drone3:592,127.4420,target_found,local,
Drone2_e570,Drone2,Drone1:584;Drone2:570;Drone3:615,127.1775,idle,local,
Drone3_e630,Drone3,Drone1:580;Drone2:559;Drone3:630,128.0455,relative_computed,local,
Drone1_e588,Drone1,Drone1:588;Drone2:559;Drone3:628,127.9833,target_found,receive,Drone3
Drone2_e571,Drone2,Drone1:584;Drone2:571;Drone3:615,127.3905,idle,local,
Drone2_e572,Drone2,Drone1:584;Drone2:572;Drone3:620,127.6411,scanning,receive,Drone3
Drone2_e573,Drone2,Drone1:584;Drone2:573;Drone3:620,127.7889,scanning,local,
Drone3_e631,Drone3,Drone1:580;Drone2:559;Drone3:631,128.2791,relative_computed,local,
Drone3_e632,Drone3,Drone1:580;Drone2:559;Drone3:632,128.4591,formation_hold,local,
Drone3_e633,Drone3,Drone1:580;Drone2:559;Drone3:633,128.5540,formation_hold,local,
Drone3_e634,Drone3,Drone1:580;Drone2:559;Drone3:634,128.8120,formation_hold,send,Drone1
Drone1_e589,Drone1,Drone1:589;Drone2:559;Drone3:628,128.1647,target_found,local,
Drone3_e635,Drone3,Drone1:580;Drone2:559;Drone3:635,128.9168,formation_hold,local,
Drone2_e574,Drone2,Drone1:584;Drone2:574;Drone3:621,127.8448,scanning,receive,Drone3
Drone1_e590,Drone1,Drone1:590;Drone2:559;Drone3:634,129.0996,target_found,receive,Drone3
Drone3_e636,Drone3,Drone1:580;Drone2:559;Drone3:636,128.9884,formation_hold,send,Drone1
Drone3_e637,Drone3,Drone1:580;Drone2:559;Drone3:637,129.2624,formation_hold,send,Drone1
Drone3_e638,Drone3,Drone1:580;Drone2:559;Drone3:638,129.4292,formation_hold,send,Drone2
Drone1_e591,Drone1,Drone1:591;Drone2:559;Drone3:634,129.3803,target_found,local,
Drone2_e575,Drone2,Drone1:584;Drone2:575;Drone3:621,128.0679,scanning,local,
Drone3_e639,Drone3,Drone1:580;Drone2:559;Drone3:639,129.5600,formation_hold,local,
Drone1_e592,Drone1,Drone1:592;Drone2:559;Drone3:634,129.4996,position_measured,local,
Drone1_e593,Drone1,Drone1:593;Drone2:559;Drone3:636,129.7986,position_measured,receive,Drone3
Drone2_e576,Drone2,Drone1:584;Drone2:576;Drone3:621,128.1841,scanning,local,
Drone2_e577,Drone2,Drone1:584;Drone2:577;Drone3:622,128.3866,scanning,receive,Drone3
Drone1_e594,Drone1,Drone1:594;Drone2:559;Drone3:636,129.8757,position_measured,local,
Drone3_e640,Drone3,Drone1:580;Drone2:559;Drone3:640,129.6646,formation_hold,local,
Drone3_e641,Drone3,Drone1:580;Drone2:559;Drone3:641,129.8935,formation_hold,send,Drone2
Drone1_e595,Drone1,Drone1:595;Drone2:559;Drone3:637,130.0685,position_measured,receive,Drone3
Drone2_e578,Drone2,Drone1:584;Drone2:578;Drone3:622,128.4413,scanning,local,
Drone2_e579,Drone2,Drone1:584;Drone2:579;Drone3:623,128.7245,scanning,receive,Drone3
Drone3_e642,Drone3,Drone1:580;Drone2:559;Drone3:642,129.9814,idle,local,
Drone2_e580,Drone2,Drone1:584;Drone2:580;Drone3:623,128.9182,scanning,local,
Drone3_e643,Drone3,Drone1:580;Drone2:559;Drone3:643,130.2241,idle,local,
Drone2_e581,Drone2,Drone1:584;Drone2:581;Drone3:623,129.1792,scanning,local,
Drone1_e596,Drone1,Drone1:596;Drone2:559;Drone3:637,130.1193,position_measured,local,
Drone3_e644,Drone3,Drone1:580;Drone2:559;Drone3:644,130.3946,idle,local,
Drone3_e645,Drone3,Drone1:580;Drone2:559;Drone3:645,130.6925,idle,local,
Drone2_e582,Drone2,Drone1:584;Drone2:582;Drone3:623,129.3294,target_found,local,
Drone3_e646,Drone3,Drone1:580;Drone2:559;Drone3:646,130.9043,idle,local,
Drone2_e583,Drone2,Drone1:584;Drone2:583;Drone3:623,129.6196,target_found,local,
Drone1_e597,Drone1,Drone1:597;Drone2:559;Drone3:637,130.3595,position_measured,local,
Drone2_e584,Drone2,Drone1:584;Drone2:584;Drone3:623,129.7138,target_found,local,
Drone1_e598,Drone1,Drone1:598;Drone2:559;Drone3:637,130.5746,position_measured,local,
Drone2_e585,Drone2,Drone1:584;Drone2:585;Drone3:623,129.9879,target_found,local,
Drone3_e647,Drone3,Drone1:580;Drone2:559;Drone3:647,131.0759,idle,local,
Drone3_e648,Drone3,Drone1:580;Drone2:559;Drone3:648,131.1733,idle,local,
Drone1_e599,Drone1,Drone1:599;Drone2:559;Drone3:637,130.7470,position_measured,send,Drone2
Drone1_e600,Drone1,Drone1:600;Drone2:559;Drone3:637,130.9578,position_measured,local,
Drone2_e586,Drone2,Drone1:584;Drone2:586;Drone3:623,130.2464,target_found,local,
Drone2_e587,Drone2,Drone1:584;Drone2:587;Drone3:623,130.3005,target_found,local,
Drone2_e588,Drone2,Drone1:584;Drone2:588;Drone3:624,130.4519,target_found,receive,Drone3
Drone1_e601,Drone1,Drone1:601;Drone2:559;Drone3:637,131.1746,position_measured,local,
Drone2_e589,Drone2,Drone1:584;Drone2:589;Drone3:624,130.7195,target_found,local,
Drone3_e649,Drone3,Drone1:580;Drone2:559;Drone3:649,131.4545,idle,send,Drone1
Drone1_e602,Drone1,Drone1:602;Drone2:559;Drone3:637,131.3469,position_sent,local,
Drone1_e603,Drone1,Drone1:603;Drone2:559;Drone3:637,131.6264,position_sent,local,
Drone1_e604,Drone1,Drone1:604;Drone2:559;Drone3:649,131.6800,position_sent,receive,Drone3
Drone3_e650,Drone3,Drone1:580;Drone2:559;Drone3:650,131.7097,idle,send,Drone2
Drone1_e605,Drone1,Drone1:605;Drone2:559;Drone3:649,131.7726,position_sent,local,
Drone3_e651,Drone3,Drone1:580;Drone2:559;Drone3:651,131.7882,idle,send,Drone1
Drone3_e652,Drone3,Drone1:580;Drone2:559;Drone3:652,131.8934,scanning,local,
Drone1_e606,Drone1,Drone1:606;Drone2:559;Drone3:649,132.0255,position_sent,local,
Drone3_e653,Drone3,Drone1:580;Drone2:559;Drone3:653,132.0244,scanning,local,
Drone3_e654,Drone3,Drone1:580;Drone2:559;Drone3:654,132.1088,scanning,local,
Drone1_e607,Drone1,Drone1:607;Drone2:559;Drone3:649,132.2238,position_sent,local,
Drone2_e590,Drone2,Drone1:599;Drone2:590;Drone3:637,130.8323,target_found,receive,Drone1
Drone2_e591,Drone2,Drone1:599;Drone2:591;Drone3:637,131.0206,target_found,receive,Drone3
Drone2_e592,Drone2,Drone1:599;Drone2:592;Drone3:637,131.1040,position_measured,receive,Drone3
Drone3_e655,Drone3,Drone1:580;Drone2:559;Drone3:655,132.3532,scanning,local,
Drone1_e608,Drone1,Drone1:608;Drone2:559;Drone3:649,132.2940,position_sent,local,
Drone1_e609,Drone1,Drone1:609;Drone2:559;Drone3:651,132.5206,position_sent,receive,Drone3
Drone3_e656,Drone3,Drone1:580;Drone2:559;Drone3:656,132.5072,scanning,local,
Drone2_e593,Drone2,Drone1:599;Drone2:593;Drone3:637,131.2055,position_measured,local,
Drone3_e657,Drone3,Drone1:580;Drone2:559;Drone3:657,132.6602,scanning,send,Drone2
Drone1_e610,Drone1,Drone1:610;Drone2:559;Drone3:651,132.5800,position_sent,local,
Drone1_e611,Drone1,Drone1:611;Drone2:559;Drone3:651,132.7831,position_sent,local,
Drone1_e612,Drone1,Drone1:612;Drone2:559;Drone3:651,133.0287,processing,local,
Drone2_e594,Drone2,Drone1:599;Drone2:594;Drone3:637,131.3949,position_measured,local,
Drone1_e613,Drone1,Drone1:613;Drone2:559;Drone3:651,133.2334,processing,send,Drone2
Drone3_e658,Drone3,Drone1:580;Drone2:559;Drone3:658,132.8263,scanning,local,
Drone3_e659,Drone3,Drone1:580;Drone2:559;Drone3:659,132.9454,scanning,local,
Drone1_e614,Drone1,Drone1:614;Drone2:559;Drone3:651,133.4547,processing,send,Drone2
Drone2_e595,Drone2,Drone1:599;Drone2:595;Drone3:637,131.4849,position_measured,local,
Drone1_e615,Drone1,Drone1:615;Drone2:559;Drone3:651,133.5760,processing,send,Drone3
Drone2_e596,Drone2,Drone1:613;Drone2:596;Drone3:651,133.2943,position_measured,receive,Drone1
Drone3_e660,Drone3,Drone1:615;Drone2:559;Drone3:660,133.6655,scanning,receive,Drone1
Drone1_e616,Drone1,Drone1:616;Drone2:559;Drone3:651,133.6550,processing,local,
Drone1_e617,Drone1,Drone1:617;Drone2:559;Drone3:651,133.8532,processing,local,
Drone2_e597,Drone2,Drone1:613;Drone2:597;Drone3:651,133.5310,position_measured,local,
Drone2_e598,Drone2,Drone1:613;Drone2:598;Drone3:651,133.6626,position_measured,receive,Drone3
Drone1_e618,Drone1,Drone1:618;Drone2:559;Drone3:651,134.1207,processing,send,Drone3
Drone2_e599,Drone2,Drone1:613;Drone2:599;Drone3:651,133.7310,position_measured,local,
Drone3_e661,Drone3,Drone1:615;Drone2:559;Drone3:661,133.9381,scanning,local,
Drone1_e619,Drone1,Drone1:619;Drone2:559;Drone3:651,134.2152,processing,send,Drone3
Drone2_e600,Drone2,Drone1:613;Drone2:600;Drone3:651,133.9390,position_measured,receive,Drone3
Drone2_e601,Drone2,Drone1:613;Drone2:601;Drone3:651,133.9970,position_measured,receive,Drone3
Drone3_e662,Drone3,Drone1:618;Drone2:559;Drone3:662,134.1985,target_found,receive,Drone1
Drone2_e602,Drone2,Drone1:613;Drone2:602;Drone3:651,134.0898,position_sent,local,
Drone2_e603,Drone2,Drone1:614;Drone2:603;Drone3:651,134.2907,position_sent,receive,Drone1
Drone3_e663,Drone3,Drone1:618;Drone2:559;Drone3:663,134.4748,target_found,local,
Drone3_e664,Drone3,Drone1:618;Drone2:559;Drone3:664,134.7386,target_found,local,
Drone1_e620,Drone1,Drone1:620;Drone2:559;Drone3:651,134.3956,processing,local,
Drone1_e621,Drone1,Drone1:621;Drone2:559;Drone3:651,134.6549,processing,local,
Drone2_e604,Drone2,Drone1:614;Drone2:604;Drone3:657,134.5247,position_sent,receive,Drone3
Drone1_e622,Drone1,Drone1:622;Drone2:559;Drone3:651,134.8497,relative_computed,send,Drone3
Drone3_e665,Drone3,Drone1:618;Drone2:559;Drone3:665,135.0170,target_found,local,
Drone1_e623,Drone1,Drone1:623;Drone2:559;Drone3:651,134.9108,relative_computed,local,
Drone2_e605,Drone2,Drone1:614;Drone2:605;Drone3:657,134.7008,position_sent,local,
Drone2_e606,Drone2,Drone1:614;Drone2:606;Drone3:657,134.8706,position_sent,local,
Drone3_e666,Drone3,Drone1:618;Drone2:559;Drone3:666,135.1801,target_found,local,
Drone1_e624,Drone1,Drone1:624;Drone2:559;Drone3:651,135.1341,relative_computed,send,Drone2
Drone2_e607,Drone2,Drone1:614;Drone2:607;Drone3:657,134.9538,position_sent,local,
Drone2_e608,Drone2,Drone1:624;Drone2:608;Drone3:657,135.1881,position_sent,receive,Drone1
Drone3_e667,Drone3,Drone1:619;Drone2:559;Drone3:667,135.4446,target_found,receive,Drone1
Drone3_e668,Drone3,Drone1:619;Drone2:559;Drone3:668,135.7387,target_found,local,
Drone2_e609,Drone2,Drone1:624;Drone2:609;Drone3:657,135.4566,position_sent,local,
Drone2_e610,Drone2,Drone1:624;Drone2:610;Drone3:657,135.6633,position_sent,send,Drone3
Drone3_e669,Drone3,Drone1:619;Drone2:559;Drone3:669,136.0038,target_found,local,
Drone1_e625,Drone1,Drone1:625;Drone2:559;Drone3:651,135.3568,relative_computed,local,
Drone3_e670,Drone3,Drone1:624;Drone2:610;Drone3:670,136.2421,target_found,receive,Drone2
Drone3_e671,Drone3,Drone1:624;Drone2:610;Drone3:671,136.4277,target_found,local,
Drone1_e626,Drone1,Drone1:626;Drone2:559;Drone3:651,135.4270,relative_computed,local,
Drone2_e611,Drone2,Drone1:624;Drone2:611;Drone3:657,135.7270,position_sent,local,
Drone3_e672,Drone3,Drone1:624;Drone2:610;Drone3:672,136.5054,position_measured,receive,Drone1
Drone2_e612,Drone2,Drone1:624;Drone2:612;Drone3:657,135.7873,processing,local,
Drone2_e613,Drone2,Drone1:624;Drone2:613;Drone3:657,135.9774,processing,send,Drone1
Drone1_e627,Drone1,Drone1:627;Drone2:613;Drone3:657,136.0871,relative_computed,receive,Drone2
Drone1_e628,Drone1,Drone1:628;Drone2:613;Drone3:657,136.3214,relative_computed,local,
Drone3_e673,Drone3,Drone1:624;Drone2:610;Drone3:673,136.7311,position_measured,local,
Drone3_e674,Drone3,Drone1:624;Drone2:610;Drone3:674,136.8612,position_measured,local,
Drone2_e614,Drone2,Drone1:624;Drone2:614;Drone3:657,136.1332,processing,local,
Drone1_e629,Drone1,Drone1:629;Drone2:613;Drone3:657,136.4845,relative_computed,send,Drone3
Drone3_e675,Drone3,Drone1:624;Drone2:610;Drone3:675,136.9419,position_measured,local,
Drone3_e676,Drone3,Drone1:624;Drone2:610;Drone3:676,137.1983,position_measured,local,
Drone2_e615,Drone2,Drone1:624;Drone2:615;Drone3:657,136.2752,processing,local,
Drone3_e677,Drone3,Drone1:624;Drone2:610;Drone3:677,137.4505,position_measured,local,
Drone1_e630,Drone1,Drone1:630;Drone2:613;Drone3:657,136.5564,relative_computed,send,Drone3
Drone2_e616,Drone2,Drone1:624;Drone2:616;Drone3:657,136.3973,processing,local,
Drone1_e631,Drone1,Drone1:631;Drone2:613;Drone3:657,136.6344,relative_computed,send,Drone3
Drone1_e632,Drone1,Drone1:632;Drone2:613;Drone3:657,136.9031,formation_hold,local,
Drone3_e678,Drone3,Drone1:624;Drone2:610;Drone3:678,137.5061,position_measured,local,
Drone2_e617,Drone2,Drone1:624;Drone2:617;Drone3:657,136.5827,processing,local,
Drone1_e633,Drone1,Drone1:633;Drone2:613;Drone3:657,137.0582,formation_hold,local,
Drone3_e679,Drone3,Drone1:624;Drone2:610;Drone3:679,137.6290,position_measured,local,
Drone1_e634,Drone1,Drone1:634;Drone2:613;Drone3:657,137.3169,formation_hold,send,Drone2
Drone3_e680,Drone3,Drone1:624;Drone2:610;Drone3:680,137.7819,position_measured,local,
Drone2_e618,Drone2,Drone1:624;Drone2:618;Drone3:657,136.8294,processing,local,
Drone2_e619,Drone2,Drone1:624;Drone2:619;Drone3:657,137.0536,processing,local,
Drone3_e681,Drone3,Drone1:624;Drone2:610;Drone3:681,137.9079,position_measured,local,
Drone1_e635,Drone1,Drone1:635;Drone2:613;Drone3:657,137.4435,formation_hold,local,
Drone2_e620,Drone2,Drone1:634;Drone2:620;Drone3:657,137.6096,processing,receive,Drone1
Drone1_e636,Drone1,Drone1:636;Drone2:613;Drone3:657,137.6075,formation_hold,send,Drone3
Drone1_e637,Drone1,Drone1:637;Drone2:613;Drone3:657,137.6977,formation_hold,local,
Drone3_e682,Drone3,Drone1:629;Drone2:613;Drone3:682,138.1678,position_sent,receive,Drone1
Drone3_e683,Drone3,Drone1:629;Drone2:613;Drone3:683,138.4164,position_sent,local,
Drone1_e638,Drone1,Drone1:638;Drone2:613;Drone3:657,137.9961,formation_hold,send,Drone2
Drone3_e684,Drone3,Drone1:630;Drone2:613;Drone3:684,138.5588,position_sent,receive,Drone1
Drone1_e639,Drone1,Drone1:639;Drone2:613;Drone3:657,138.0548,formation_hold,local,
Drone2_e621,Drone2,Drone1:634;Drone2:621;Drone3:657,137.6966,processing,local,
Drone2_e622,Drone2,Drone1:634;Drone2:622;Drone3:657,137.7872,relative_computed,local,
Drone2_e623,Drone2,Drone1:638;Drone2:623;Drone3:657,138.1473,relative_computed,receive,Drone1
Drone2_e624,Drone2,Drone1:638;Drone2:624;Drone3:657,138.4342,relative_computed,local,
Drone2_e625,Drone2,Drone1:638;Drone2:625;Drone3:657,138.6460,relative_computed,send,Drone3
Drone2_e626,Drone2,Drone1:638;Drone2:626;Drone3:657,138.7685,relative_computed,local,
Drone3_e685,Drone3,Drone1:630;Drone2:613;Drone3:685,138.8087,position_sent,local,
Drone3_e686,Drone3,Drone1:630;Drone2:613;Drone3:686,138.9692,position_sent,local,
Drone3_e687,Drone3,Drone1:638;Drone2:625;Drone3:687,139.2443,position_sent,receive,Drone2
Drone1_e640,Drone1,Drone1:640;Drone2:613;Drone3:657,138.1340,formation_hold,local,
Drone1_e641,Drone1,Drone1:641;Drone2:613;Drone3:657,138.3943,formation_hold,local,
Drone2_e627,Drone2,Drone1:638;Drone2:627;Drone3:657,138.9001,relative_computed,local,
Drone3_e688,Drone3,Drone1:638;Drone2:625;Drone3:688,139.4401,position_sent,local,
Drone1_e642,Drone1,Drone1:642;Drone2:613;Drone3:657,138.6360,idle,local,
Drone1_e643,Drone1,Drone1:643;Drone2:613;Drone3:657,138.8553,idle,send,Drone3
Drone1_e644,Drone1,Drone1:644;Drone2:613;Drone3:657,139.0039,idle,local,
Drone2_e628,Drone2,Drone1:638;Drone2:628;Drone3:657,139.1014,relative_computed,local,
Drone1_e645,Drone1,Drone1:645;Drone2:613;Drone3:657,139.1442,idle,local,
Drone1_e646,Drone1,Drone1:646;Drone2:613;Drone3:657,139.3011,idle,local,
Drone2_e629,Drone2,Drone1:638;Drone2:629;Drone3:657,139.2225,relative_computed,local,
Drone2_e630,Drone2,Drone1:638;Drone2:630;Drone3:657,139.3839,relative_computed,local,
Drone3_e689,Drone3,Drone1:638;Drone2:625;Drone3:689,139.6755,position_sent,receive,Drone1
Drone2_e631,Drone2,Drone1:638;Drone2:631;Drone3:657,139.5061,relative_computed,local,
Drone3_e690,Drone3,Drone1:638;Drone2:625;Drone3:690,139.8315,position_sent,local,
Drone2_e632,Drone2,Drone1:638;Drone2:632;Drone3:657,139.5920,formation_hold,send,Drone1
Drone2_e633,Drone2,Drone1:638;Drone2:633;Drone3:657,139.8589,formation_hold,local,
Drone2_e634,Drone2,Drone1:638;Drone2:634;Drone3:657,139.9310,formation_hold,send,Drone3
Drone2_e635,Drone2,Drone1:638;Drone2:635;Drone3:657,140.0493,formation_hold,local,
Drone1_e647,Drone1,Drone1:647;Drone2:613;Drone3:657,139.5286,idle,local,
Drone1_e648,Drone1,Drone1:648;Drone2:632;Drone3:657,139.7144,idle,receive,Drone2
Drone2_e636,Drone2,Drone1:638;Drone2:636;Drone3:657,140.3080,formation_hold,send,Drone3
Drone2_e637,Drone2,Drone1:638;Drone2:637;Drone3:657,140.5429,formation_hold,local,
Drone1_e649,Drone1,Drone1:649;Drone2:632;Drone3:657,139.8029,idle,send,Drone2
Drone2_e638,Drone2,Drone1:638;Drone2:638;Drone3:657,140.8015,formation_hold,local,
Drone2_e639,Drone2,Drone1:649;Drone2:639;Drone3:657,140.9558,formation_hold,receive,Drone1
Drone2_e640,Drone2,Drone1:649;Drone2:640;Drone3:657,141.1670,formation_hold,local,
Drone1_e650,Drone1,Drone1:650;Drone2:632;Drone3:657,139.9761,idle,send,Drone3
Drone1_e651,Drone1,Drone1:651;Drone2:632;Drone3:657,140.1166,idle,local,
Drone2_e641,Drone2,Drone1:649;Drone2:641;Drone3:657,141.4341,formation_hold,local,
Drone3_e691,Drone3,Drone1:638;Drone2:625;Drone3:691,140.1250,position_sent,local,
Drone1_e652,Drone1,Drone1:652;Drone2:632;Drone3:657,140.3498,scanning,local,
Drone1_e653,Drone1,Drone1:653;Drone2:632;Drone3:657,140.4405,scanning,local,
Drone1_e654,Drone1,Drone1:654;Drone2:632;Drone3:657,140.7101,scanning,send,Drone3
Drone1_e655,Drone1,Drone1:655;Drone2:632;Drone3:657,140.7733,scanning,local,
Drone2_e642,Drone2,Drone1:649;Drone2:642;Drone3:657,141.7121,idle,local,
Drone2_e643,Drone2,Drone1:649;Drone2:643;Drone3:657,141.8945,idle,send,Drone3
Drone1_e656,Drone1,Drone1:656;Drone2:632;Drone3:657,141.0149,scanning,local,
Drone1_e657,Drone1,Drone1:657;Drone2:632;Drone3:657,141.2146,scanning,local,
Drone1_e658,Drone1,Drone1:658;Drone2:632;Drone3:657,141.4827,scanning,local,
Drone3_e692,Drone3,Drone1:638;Drone2:625;Drone3:692,140.2429,processing,local,
Drone3_e693,Drone3,Drone1:638;Drone2:625;Drone3:693,140.3169,processing,local,
Drone3_e694,Drone3,Drone1:638;Drone2:625;Drone3:694,140.3701,processing,receive,Drone1
Drone3_e695,Drone3,Drone1:638;Drone2:634;Drone3:695,140.5231,processing,receive,Drone2
Drone1_e659,Drone1,Drone1:659;Drone2:632;Drone3:657,141.6586,scanning,send,Drone2
Drone1_e660,Drone1,Drone1:660;Drone2:632;Drone3:657,141.8482,scanning,local,
Drone3_e696,Drone3,Drone1:638;Drone2:634;Drone3:696,140.7045,processing,local,
Drone3_e697,Drone3,Drone1:638;Drone2:634;Drone3:697,140.9301,processing,local,
Drone1_e661,Drone1,Drone1:661;Drone2:632;Drone3:657,142.1272,scanning,local,
Drone1_e662,Drone1,Drone1:662;Drone2:632;Drone3:657,142.4081,target_found,local,
Drone2_e644,Drone2,Drone1:659;Drone2:644;Drone3:657,141.9792,idle,receive,Drone1
Drone2_e645,Drone2,Drone1:659;Drone2:645;Drone3:657,142.1786,idle,local,
Drone2_e646,Drone2,Drone1:659;Drone2:646;Drone3:657,142.2358,idle,send,Drone3
Drone1_e663,Drone1,Drone1:663;Drone2:632;Drone3:657,142.6301,target_found,send,Drone2
Drone2_e647,Drone2,Drone1:663;Drone2:647;Drone3:657,142.9254,idle,receive,Drone1
Drone2_e648,Drone2,Drone1:663;Drone2:648;Drone3:657,143.1714,idle,local,
Drone1_e664,Drone1,Drone1:664;Drone2:632;Drone3:657,142.8694,target_found,send,Drone3
Drone1_e665,Drone1,Drone1:665;Drone2:632;Drone3:657,143.1177,target_found,send,Drone2
Drone3_e698,Drone3,Drone1:638;Drone2:634;Drone3:698,141.0973,processing,local,
Drone2_e649,Drone2,Drone1:665;Drone2:649;Drone3:657,143.3883,idle,receive,Drone1
Drone1_e666,Drone1,Drone1:666;Drone2:632;Drone3:657,143.3977,target_found,local,
Drone1_e667,Drone1,Drone1:667;Drone2:632;Drone3:657,143.4977,target_found,local,
Drone3_e699,Drone3,Drone1:643;Drone2:634;Drone3:699,141.1837,processing,receive,Drone1
Drone3_e700,Drone3,Drone1:643;Drone2:634;Drone3:700,141.4709,processing,local,
Drone2_e650,Drone2,Drone1:665;Drone2:650;Drone3:657,143.6521,idle,local,
Drone3_e701,Drone3,Drone1:643;Drone2:634;Drone3:701,141.6471,processing,local,
Drone1_e668,Drone1,Drone1:668;Drone2:632;Drone3:657,143.6799,target_found,send,Drone2
Drone3_e702,Drone3,Drone1:643;Drone2:636;Drone3:702,141.7401,relative_computed,receive,Drone2
Drone3_e703,Drone3,Drone1:650;Drone2:636;Drone3:703,142.0212,relative_computed,receive,Drone1
Drone3_e704,Drone3,Drone1:650;Drone2:636;Drone3:704,142.1898,relative_computed,local,
Drone3_e705,Drone3,Drone1:650;Drone2:636;Drone3:705,142.3497,relative_computed,local,
Drone1_e669,Drone1,Drone1:669;Drone2:632;Drone3:657,143.9753,target_found,send,Drone3
Drone2_e651,Drone2,Drone1:668;Drone2:651;Drone3:657,143.8318,idle,receive,Drone1
Drone2_e652,Drone2,Drone1:668;Drone2:652;Drone3:657,144.0118,scanning,send,Drone1
Drone2_e653,Drone2,Drone1:668;Drone2:653;Drone3:657,144.2380,scanning,local,
Drone3_e706,Drone3,Drone1:650;Drone2:636;Drone3:706,142.4203,relative_computed,local,
Drone2_e654,Drone2,Drone1:668;Drone2:654;Drone3:657,144.4022,scanning,send,Drone3
Drone3_e707,Drone3,Drone1:650;Drone2:643;Drone3:707,142.5268,relative_computed,receive,Drone2
Drone2_e655,Drone2,Drone1:668;Drone2:655;Drone3:657,144.4994,scanning,send,Drone3
Drone1_e670,Drone1,Drone1:670;Drone2:632;Drone3:657,144.2259,target_found,local,
Drone3_e708,Drone3,Drone1:654;Drone2:643;Drone3:708,142.8265,relative_computed,receive,Drone1
Drone2_e656,Drone2,Drone1:668;Drone2:656;Drone3:657,144.6485,scanning,local,
Drone3_e709,Drone3,Drone1:654;Drone2:643;Drone3:709,142.8977,relative_computed,local,
Drone1_e671,Drone1,Drone1:671;Drone2:652;Drone3:657,144.4612,target_found,receive,Drone2
Drone1_e672,Drone1,Drone1:672;Drone2:652;Drone3:657,144.5959,position_measured,send,Drone2
Drone3_e710,Drone3,Drone1:654;Drone2:643;Drone3:710,143.0488,relative_computed,local,
Drone1_e673,Drone1,Drone1:673;Drone2:652;Drone3:657,144.8272,position_measured,local,
Drone2_e657,Drone2,Drone1:668;Drone2:657;Drone3:657,144.8900,scanning,local,
Drone3_e711,Drone3,Drone1:659;Drone2:646;Drone3:711,143.1878,relative_computed,receive,Drone2
Drone3_e712,Drone3,Drone1:659;Drone2:646;Drone3:712,143.3389,formation_hold,local,
Drone2_e658,Drone2,Drone1:668;Drone2:658;Drone3:657,144.9768,scanning,local,
Drone2_e659,Drone2,Drone1:672;Drone2:659;Drone3:657,145.1492,scanning,receive,Drone1
Drone1_e674,Drone1,Drone1:674;Drone2:652;Drone3:657,144.9108,position_measured,local,
Drone1_e675,Drone1,Drone1:675;Drone2:652;Drone3:657,145.1684,position_measured,local,
Drone2_e660,Drone2,Drone1:672;Drone2:660;Drone3:657,145.4422,scanning,local,
Drone2_e661,Drone2,Drone1:672;Drone2:661;Drone3:657,145.5739,scanning,local,
Drone2_e662,Drone2,Drone1:672;Drone2:662;Drone3:657,145.6480,target_found,local,
Drone1_e676,Drone1,Drone1:676;Drone2:652;Drone3:657,145.3484,position_measured,local,
Drone2_e663,Drone2,Drone1:672;Drone2:663;Drone3:657,145.7485,target_found,local,
Drone3_e713,Drone3,Drone1:659;Drone2:646;Drone3:713,143.5151,formation_hold,local,
Drone3_e714,Drone3,Drone1:664;Drone2:646;Drone3:714,143.8033,formation_hold,receive,Drone1
Drone1_e677,Drone1,Drone1:677;Drone2:652;Drone3:657,145.6184,position_measured,local,
Drone1_e678,Drone1,Drone1:678;Drone2:652;Drone3:657,145.7471,position_measured,local,
Drone2_e664,Drone2,Drone1:672;Drone2:664;Drone3:657,145.8075,target_found,local,
Drone1_e679,Drone1,Drone1:679;Drone2:652;Drone3:657,146.0122,position_measured,local,
Drone2_e665,Drone2,Drone1:672;Drone2:665;Drone3:657,145.8985,target_found,local,
Drone2_e666,Drone2,Drone1:672;Drone2:666;Drone3:657,146.0704,target_found,send,Drone3
Drone1_e680,Drone1,Drone1:680;Drone2:652;Drone3:657,146.1848,position_measured,local,
Drone3_e715,Drone3,Drone1:664;Drone2:646;Drone3:715,143.9963,formation_hold,local,
Drone2_e667,Drone2,Drone1:672;Drone2:667;Drone3:657,146.1594,target_found,local,
Drone1_e681,Drone1,Drone1:681;Drone2:652;Drone3:657,146.3585,position_measured,local,
Drone2_e668,Drone2,Drone1:672;Drone2:668;Drone3:657,146.2976,target_found,local,
Drone2_e669,Drone2,Drone1:672;Drone2:669;Drone3:657,146.3547,target_found,local,
Drone1_e682,Drone1,Drone1:682;Drone2:652;Drone3:657,146.4957,position_sent,send,Drone3
Drone3_e716,Drone3,Drone1:664;Drone2:646;Drone3:716,144.2376,formation_hold,local,
Drone3_e717,Drone3,Drone1:669;Drone2:646;Drone3:717,144.3946,formation_hold,receive,Drone1
Drone2_e670,Drone2,Drone1:672;Drone2:670;Drone3:657,146.4188,target_found,local,
Drone1_e683,Drone1,Drone1:683;Drone2:652;Drone3:657,146.6938,position_sent,send,Drone3
Drone3_e718,Drone3,Drone1:669;Drone2:654;Drone3:718,144.4808,formation_hold,receive,Drone2
Drone1_e684,Drone1,Drone1:684;Drone2:652;Drone3:657,146.7532,position_sent,send,Drone3
Drone3_e719,Drone3,Drone1:669;Drone2:654;Drone3:719,144.6728,formation_hold,local,
Drone2_e671,Drone2,Drone1:672;Drone2:671;Drone3:657,146.6158,target_found,send,Drone3
Drone2_e672,Drone2,Drone1:672;Drone2:672;Drone3:657,146.7634,position_measured,local,
Drone3_e720,Drone3,Drone1:669;Drone2:655;Drone3:720,144.7478,formation_hold,receive,Drone2
Drone3_e721,Drone3,Drone1:672;Drone2:666;Drone3:721,146.2461,formation_hold,receive,Drone2
Drone3_e722,Drone3,Drone1:672;Drone2:671;Drone3:722,146.7566,idle,receive,Drone2
Drone2_e673,Drone2,Drone1:672;Drone2:673;Drone3:657,147.0235,position_measured,send,Drone1
Drone3_e723,Drone3,Drone1:682;Drone2:671;Drone3:723,146.8185,idle,receive,Drone1
Drone3_e724,Drone3,Drone1:682;Drone2:671;Drone3:724,146.9250,idle,local,
Drone3_e725,Drone3,Drone1:682;Drone2:671;Drone3:725,147.1544,idle,local,
Drone3_e726,Drone3,Drone1:683;Drone2:671;Drone3:726,147.2727,idle,receive,Drone1
Drone3_e727,Drone3,Drone1:683;Drone2:671;Drone3:727,147.4416,idle,local,
Drone1_e685,Drone1,Drone1:685;Drone2:673;Drone3:657,147.2363,position_sent,receive,Drone2
Drone2_e674,Drone2,Drone1:672;Drone2:674;Drone3:657,147.1484,position_measured,local,
Drone3_e728,Drone3,Drone1:683;Drone2:671;Drone3:728,147.5416,idle,local,
Drone2_e675,Drone2,Drone1:672;Drone2:675;Drone3:657,147.3663,position_measured,send,Drone3
Drone3_e729,Drone3,Drone1:684;Drone2:671;Drone3:729,147.7485,idle,receive,Drone1
Drone3_e730,Drone3,Drone1:684;Drone2:671;Drone3:730,147.9427,idle,local,
Drone1_e686,Drone1,Drone1:686;Drone2:673;Drone3:657,147.4923,position_sent,local,
Drone2_e676,Drone2,Drone1:672;Drone2:676;Drone3:657,147.6500,position_measured,send,Drone3
Drone3_e731,Drone3,Drone1:684;Drone2:671;Drone3:731,148.1233,idle,local,
Drone2_e677,Drone2,Drone1:672;Drone2:677;Drone3:657,147.7601,position_measured,local,
Drone3_e732,Drone3,Drone1:684;Drone2:671;Drone3:732,148.2484,scanning,local,
Drone2_e678,Drone2,Drone1:672;Drone2:678;Drone3:657,148.0251,position_measured,local,
Drone1_e687,Drone1,Drone1:687;Drone2:673;Drone3:657,147.7538,position_sent,local,
Drone2_e679,Drone2,Drone1:672;Drone2:679;Drone3:657,148.2366,position_measured,local,
Drone2_e680,Drone2,Drone1:672;Drone2:680;Drone3:657,148.3457,position_measured,local,
Drone1_e688,Drone1,Drone1:688;Drone2:673;Drone3:657,147.8107,position_sent,send,Drone2
Drone2_e681,Drone2,Drone1:672;Drone2:681;Drone3:657,148.5356,position_measured,local,
Drone2_e682,Drone2,Drone1:672;Drone2:682;Drone3:657,148.8120,position_sent,local,
Drone1_e689,Drone1,Drone1:689;Drone2:673;Drone3:657,147.8680,position_sent,send,Drone2
Drone2_e683,Drone2,Drone1:672;Drone2:683;Drone3:657,148.9060,position_sent,local,
Drone1_e690,Drone1,Drone1:690;Drone2:673;Drone3:657,148.0395,position_sent,local,
Drone1_e691,Drone1,Drone1:691;Drone2:673;Drone3:657,148.1680,position_sent,send,Drone2
Drone2_e684,Drone2,Drone1:672;Drone2:684;Drone3:657,149.1812,position_sent,local,
Drone2_e685,Drone2,Drone1:672;Drone2:685;Drone3:657,149.3991,position_sent,local,
Drone1_e692,Drone1,Drone1:692;Drone2:673;Drone3:657,148.4279,processing,local,
Drone1_e693,Drone1,Drone1:693;Drone2:673;Drone3:657,148.6084,processing,send,Drone2
Drone3_e733,Drone3,Drone1:684;Drone2:671;Drone3:733,148.5313,scanning,local,
Drone2_e686,Drone2,Drone1:672;Drone2:686;Drone3:657,149.4717,position_sent,local,
Drone3_e734,Drone3,Drone1:684;Drone2:675;Drone3:734,148.6636,scanning,receive,Drone2
Drone3_e735,Drone3,Drone1:684;Drone2:675;Drone3:735,148.9151,scanning,local,
Drone3_e736,Drone3,Drone1:684;Drone2:676;Drone3:736,149.0196,scanning,receive,Drone2
Drone1_e694,Drone1,Drone1:694;Drone2:673;Drone3:657,148.7683,processing,send,Drone3
Drone2_e687,Drone2,Drone1:672;Drone2:687;Drone3:657,149.5356,position_sent,local,
Drone3_e737,Drone3,Drone1:694;Drone2:676;Drone3:737,149.1487,scanning,receive,Drone1
Drone2_e688,Drone2,Drone1:672;Drone2:688;Drone3:657,149.6472,position_sent,local,
Drone2_e689,Drone2,Drone1:672;Drone2:689;Drone3:657,149.9315,position_sent,local,
Drone2_e690,Drone2,Drone1:672;Drone2:690;Drone3:657,150.0734,position_sent,local,
Drone2_e691,Drone2,Drone1:688;Drone2:691;Drone3:657,150.3338,position_sent,receive,Drone1
Drone3_e738,Drone3,Drone1:694;Drone2:676;Drone3:738,149.2123,scanning,local,
Drone3_e739,Drone3,Drone1:694;Drone2:676;Drone3:739,149.3397,scanning,send,Drone2
Drone3_e740,Drone3,Drone1:694;Drone2:676;Drone3:740,149.5927,scanning,local,
Drone1_e695,Drone1,Drone1:695;Drone2:673;Drone3:657,148.8774,processing,local,
Drone2_e692,Drone2,Drone1:689;Drone2:692;Drone3:657,150.6156,processing,receive,Drone1
Drone2_e693,Drone2,Drone1:694;Drone2:693;Drone3:739,150.7400,processing,receive,Drone3
Drone1_e696,Drone1,Drone1:696;Drone2:673;Drone3:657,149.0852,processing,local,
Drone3_e741,Drone3,Drone1:694;Drone2:676;Drone3:741,149.6512,scanning,local,
Drone1_e697,Drone1,Drone1:697;Drone2:673;Drone3:657,149.3703,processing,local,
Drone2_e694,Drone2,Drone1:694;Drone2:694;Drone3:739,151.0216,processing,local,
Drone2_e695,Drone2,Drone1:694;Drone2:695;Drone3:739,151.2908,processing,local,
Drone1_e698,Drone1,Drone1:698;Drone2:673;Drone3:657,149.5949,processing,local,
Drone3_e742,Drone3,Drone1:694;Drone2:676;Drone3:742,149.8517,target_found,send,Drone2
Drone3_e743,Drone3,Drone1:694;Drone2:676;Drone3:743,150.0150,target_found,local,
Drone1_e699,Drone1,Drone1:699;Drone2:673;Drone3:657,149.8053,processing,local,
Drone1_e700,Drone1,Drone1:700;Drone2:673;Drone3:657,150.0530,processing,local,
Drone1_e701,Drone1,Drone1:701;Drone2:673;Drone3:657,150.2601,processing,send,Drone2
Drone2_e696,Drone2,Drone1:694;Drone2:696;Drone3:739,151.3685,processing,local,
Drone1_e702,Drone1,Drone1:702;Drone2:673;Drone3:657,150.5525,relative_computed,local,
Drone3_e744,Drone3,Drone1:694;Drone2:676;Drone3:744,150.2768,target_found,local,
Drone3_e745,Drone3,Drone1:694;Drone2:676;Drone3:745,150.5616,target_found,local,
Drone2_e697,Drone2,Drone1:694;Drone2:697;Drone3:739,151.6023,processing,local,
Drone2_e698,Drone2,Drone1:694;Drone2:698;Drone3:739,151.8522,processing,receive,Drone1
Drone1_e703,Drone1,Drone1:703;Drone2:673;Drone3:657,150.6480,relative_computed,send,Drone3
Drone2_e699,Drone2,Drone1:694;Drone2:699;Drone3:739,152.1233,processing,local,
Drone1_e704,Drone1,Drone1:704;Drone2:673;Drone3:657,150.9288,relative_computed,send,Drone2
Drone3_e746,Drone3,Drone1:694;Drone2:676;Drone3:746,150.6688,target_found,local,
Drone1_e705,Drone1,Drone1:705;Drone2:673;Drone3:657,151.0283,relative_computed,local,
Drone3_e747,Drone3,Drone1:694;Drone2:676;Drone3:747,150.7313,target_found,local,
Drone3_e748,Drone3,Drone1:694;Drone2:676;Drone3:748,150.8463,target_found,local,
Drone1_e706,Drone1,Drone1:706;Drone2:673;Drone3:657,151.1209,relative_computed,local,
Drone3_e749,Drone3,Drone1:703;Drone2:676;Drone3:749,151.0896,target_found,receive,Drone1
Drone2_e700,Drone2,Drone1:694;Drone2:700;Drone3:739,152.2968,processing,local,
Drone1_e707,Drone1,Drone1:707;Drone2:673;Drone3:657,151.2185,relative_computed,local,
Drone2_e701,Drone2,Drone1:694;Drone2:701;Drone3:739,152.4423,processing,receive,Drone1
Drone2_e702,Drone2,Drone1:694;Drone2:702;Drone3:739,152.6424,relative_computed,local,
Drone2_e703,Drone2,Drone1:694;Drone2:703;Drone3:739,152.7397,relative_computed,local,
Drone1_e708,Drone1,Drone1:708;Drone2:673;Drone3:657,151.3050,relative_computed,local,
Drone2_e704,Drone2,Drone1:694;Drone2:704;Drone3:739,152.8486,relative_computed,local,
Drone2_e705,Drone2,Drone1:694;Drone2:705;Drone3:739,152.9910,relative_computed,local,
Drone3_e750,Drone3,Drone1:703;Drone2:676;Drone3:750,151.1611,target_found,local,
Drone2_e706,Drone2,Drone1:701;Drone2:706;Drone3:739,153.2846,relative_computed,receive,Drone1
Drone2_e707,Drone2,Drone1:701;Drone2:707;Drone3:739,153.5129,relative_computed,local,
Drone3_e751,Drone3,Drone1:703;Drone2:676;Drone3:751,151.3604,target_found,local,
Drone1_e709,Drone1,Drone1:709;Drone2:673;Drone3:657,151.3680,relative_computed,send,Drone2
Drone1_e710,Drone1,Drone1:710;Drone2:673;Drone3:657,151.5066,relative_computed,local,
Drone3_e752,Drone3,Drone1:703;Drone2:676;Drone3:752,151.6522,position_measured,local,
Drone3_e753,Drone3,Drone1:703;Drone2:676;Drone3:753,151.9046,position_measured,local,
Drone1_e711,Drone1,Drone1:711;Drone2:673;Drone3:657,151.6322,relative_computed,send,Drone3
Drone2_e708,Drone2,Drone1:701;Drone2:708;Drone3:739,153.5960,relative_computed,local,
Drone3_e754,Drone3,Drone1:711;Drone2:676;Drone3:754,152.0197,position_measured,receive,Drone1
Drone3_e755,Drone3,Drone1:711;Drone2:676;Drone3:755,152.1545,position_measured,local,
Drone2_e709,Drone2,Drone1:704;Drone2:709;Drone3:739,153.8235,relative_computed,receive,Drone1
Drone2_e710,Drone2,Drone1:704;Drone2:710;Drone3:742,153.9519,relative_computed,receive,Drone3
Drone1_e712,Drone1,Drone1:712;Drone2:673;Drone3:657,151.9256,formation_hold,local,
Drone2_e711,Drone2,Drone1:704;Drone2:711;Drone3:742,154.2334,relative_computed,local,
Drone2_e712,Drone2,Drone1:704;Drone2:712;Drone3:742,154.3492,formation_hold,local,
Drone2_e713,Drone2,Drone1:704;Drone2:713;Drone3:742,154.5082,formation_hold,local,
Drone1_e713,Drone1,Drone1:713;Drone2:673;Drone3:657,152.2242,formation_hold,local,
Drone1_e714,Drone1,Drone1:714;Drone2:673;Drone3:657,152.5049,formation_hold,local,
Drone3_e756,Drone3,Drone1:711;Drone2:676;Drone3:756,152.2178,position_measured,local,
Drone1_e715,Drone1,Drone1:715;Drone2:673;Drone3:657,152.5639,formation_hold,send,Drone2
Drone2_e714,Drone2,Drone1:709;Drone2:714;Drone3:742,154.6673,formation_hold,receive,Drone1
Drone2_e715,Drone2,Drone1:715;Drone2:715;Drone3:742,154.9645,formation_hold,receive,Drone1
Drone3_e757,Drone3,Drone1:711;Drone2:676;Drone3:757,152.3911,position_measured,local,
Drone3_e758,Drone3,Drone1:711;Drone2:676;Drone3:758,152.4720,position_measured,local,
Drone1_e716,Drone1,Drone1:716;Drone2:673;Drone3:657,152.6591,formation_hold,send,Drone3
Drone1_e717,Drone1,Drone1:717;Drone2:673;Drone3:657,152.9147,formation_hold,local,
Drone3_e759,Drone3,Drone1:711;Drone2:676;Drone3:759,152.6684,position_measured,local,
Drone3_e760,Drone3,Drone1:711;Drone2:676;Drone3:760,152.7194,position_measured,local,
Drone3_e761,Drone3,Drone1:716;Drone2:676;Drone3:761,152.8310,position_measured,receive,Drone1
Drone2_e716,Drone2,Drone1:715;Drone2:716;Drone3:742,155.2363,formation_hold,local,
Drone1_e718,Drone1,Drone1:718;Drone2:673;Drone3:657,153.0632,formation_hold,send,Drone2
Drone3_e762,Drone3,Drone1:716;Drone2:676;Drone3:762,152.9075,position_sent,local,
Drone2_e717,Drone2,Drone1:718;Drone2:717;Drone3:742,155.4014,formation_hold,receive,Drone1
Drone3_e763,Drone3,Drone1:716;Drone2:676;Drone3:763,153.0710,position_sent,local,
Drone2_e718,Drone2,Drone1:718;Drone2:718;Drone3:742,155.4528,formation_hold,local,
Drone1_e719,Drone1,Drone1:719;Drone2:673;Drone3:657,153.3510,formation_hold,local,
Drone2_e719,Drone2,Drone1:718;Drone2:719;Drone3:742,155.7528,formation_hold,local,
Drone3_e764,Drone3,Drone1:716;Drone2:676;Drone3:764,153.3214,position_sent,send,Drone1
Drone2_e720,Drone2,Drone1:718;Drone2:720;Drone3:742,155.8167,formation_hold,local,
Drone1_e720,Drone1,Drone1:720;Drone2:673;Drone3:657,153.5515,formation_hold,local,
Drone1_e721,Drone1,Drone1:721;Drone2:676;Drone3:764,153.6616,formation_hold,receive,Drone3
Drone2_e721,Drone2,Drone1:718;Drone2:721;Drone3:742,155.9074,formation_hold,send,Drone1
Drone2_e722,Drone2,Drone1:718;Drone2:722;Drone3:742,155.9876,idle,send,Drone1
Drone2_e723,Drone2,Drone1:718;Drone2:723;Drone3:742,156.2215,idle,local,
Drone2_e724,Drone2,Drone1:718;Drone2:724;Drone3:742,156.4224,idle,local,
Drone2_e725,Drone2,Drone1:718;Drone2:725;Drone3:742,156.6804,idle,local,
Drone3_e765,Drone3,Drone1:716;Drone2:676;Drone3:765,153.5927,position_sent,send,Drone2
Drone2_e726,Drone2,Drone1:718;Drone2:726;Drone3:765,156.7530,idle,receive,Drone3
Drone2_e727,Drone2,Drone1:718;Drone2:727;Drone3:765,156.9564,idle,local,
Drone2_e728,Drone2,Drone1:718;Drone2:728;Drone3:765,157.0297,idle,local,
Drone3_e766,Drone3,Drone1:716;Drone2:676;Drone3:766,153.7586,position_sent,local,
Drone1_e722,Drone1,Drone1:722;Drone2:676;Drone3:764,153.8900,idle,local,
Drone2_e729,Drone2,Drone1:718;Drone2:729;Drone3:765,157.2415,idle,local,
Drone1_e723,Drone1,Drone1:723;Drone2:721;Drone3:764,155.9772,idle,receive,Drone2
Drone2_e730,Drone2,Drone1:718;Drone2:730;Drone3:765,157.5375,idle,local,
Drone3_e767,Drone3,Drone1:716;Drone2:676;Drone3:767,154.0190,position_sent,local,
Drone3_e768,Drone3,Drone1:716;Drone2:676;Drone3:768,154.2111,position_sent,local,
Drone3_e769,Drone3,Drone1:716;Drone2:676;Drone3:769,154.3895,position_sent,send,Drone1
Drone3_e770,Drone3,Drone1:716;Drone2:676;Drone3:770,154.4631,position_sent,local,
Drone3_e771,Drone3,Drone1:716;Drone2:676;Drone3:771,154.7163,position_sent,local,
Drone2_e731,Drone2,Drone1:718;Drone2:731;Drone3:765,157.7797,idle,send,Drone1
Drone1_e724,Drone1,Drone1:724;Drone2:721;Drone3:769,156.0721,idle,receive,Drone3
Drone1_e725,Drone1,Drone1:725;Drone2:721;Drone3:769,156.1334,idle,local,
Drone2_e732,Drone2,Drone1:718;Drone2:732;Drone3:765,157.9041,scanning,local,
Drone3_e772,Drone3,Drone1:716;Drone2:676;Drone3:772,154.9557,processing,local,
Drone2_e733,Drone2,Drone1:718;Drone2:733;Drone3:765,158.0204,scanning,local,
Drone1_e726,Drone1,Drone1:726;Drone2:722;Drone3:769,156.3702,idle,receive,Drone2
Drone3_e773,Drone3,Drone1:716;Drone2:676;Drone3:773,155.1141,processing,send,Drone1
Drone1_e727,Drone1,Drone1:727;Drone2:731;Drone3:769,157.8330,idle,receive,Drone2
Drone3_e774,Drone3,Drone1:716;Drone2:676;Drone3:774,155.3371,processing,local,
Drone3_e775,Drone3,Drone1:716;Drone2:676;Drone3:775,155.5375,processing,local,
Drone2_e734,Drone2,Drone1:718;Drone2:734;Drone3:765,158.2737,scanning,local,
Drone3_e776,Drone3,Drone1:716;Drone2:676;Drone3:776,155.7560,processing,local,
Drone3_e777,Drone3,Drone1:716;Drone2:676;Drone3:777,156.0071,processing,local,
Drone1_e728,Drone1,Drone1:728;Drone2:731;Drone3:773,157.9307,idle,receive,Drone3
Drone1_e729,Drone1,Drone1:729;Drone2:731;Drone3:773,158.0278,idle,local,
Drone1_e730,Drone1,Drone1:730;Drone2:731;Drone3:773,158.2402,idle,send,Drone2
Drone2_e735,Drone2,Drone1:718;Drone2:735;Drone3:765,158.5382,scanning,local,
Drone3_e778,Drone3,Drone1:716;Drone2:676;Drone3:778,156.2496,processing,send,Drone2
Drone1_e731,Drone1,Drone1:731;Drone2:731;Drone3:773,158.2957,idle,local,
Drone1_e732,Drone1,Drone1:732;Drone2:731;Drone3:773,158.5304,scanning,local,
Drone2_e736,Drone2,Drone1:718;Drone2:736;Drone3:765,158.7061,scanning,local,
Drone2_e737,Drone2,Drone1:718;Drone2:737;Drone3:765,158.8064,scanning,local,
Drone3_e779,Drone3,Drone1:716;Drone2:676;Drone3:779,156.3975,processing,local,
Drone2_e738,Drone2,Drone1:730;Drone2:738;Drone3:773,159.1013,scanning,receive,Drone1
Drone2_e739,Drone2,Drone1:730;Drone2:739;Drone3:773,159.3002,scanning,local,
Drone3_e780,Drone3,Drone1:716;Drone2:676;Drone3:780,156.4568,processing,local,
Drone2_e740,Drone2,Drone1:730;Drone2:740;Drone3:773,159.4980,scanning,local,
Drone3_e781,Drone3,Drone1:716;Drone2:676;Drone3:781,156.7330,processing,local,
Drone2_e741,Drone2,Drone1:730;Drone2:741;Drone3:778,159.6801,scanning,receive,Drone3
Drone2_e742,Drone2,Drone1:730;Drone2:742;Drone3:778,159.8684,target_found,local,
Drone2_e743,Drone2,Drone1:730;Drone2:743;Drone3:778,160.0227,target_found,local,
Drone2_e744,Drone2,Drone1:730;Drone2:744;Drone3:778,160.1848,target_found,send,Drone3
Drone2_e745,Drone2,Drone1:730;Drone2:745;Drone3:778,160.4163,target_found,send,Drone3
Drone2_e746,Drone2,Drone1:730;Drone2:746;Drone3:778,160.5243,target_found,local,
Drone1_e733,Drone1,Drone1:733;Drone2:731;Drone3:773,158.7516,scanning,local,
Drone3_e782,Drone3,Drone1:716;Drone2:676;Drone3:782,156.9618,relative_computed,local,
Drone2_e747,Drone2,Drone1:730;Drone2:747;Drone3:778,160.7551,target_found,send,Drone3
Drone2_e748,Drone2,Drone1:730;Drone2:748;Drone3:778,161.0134,target_found,local,
Drone3_e783,Drone3,Drone1:716;Drone2:676;Drone3:783,157.1019,relative_computed,local,
Drone2_e749,Drone2,Drone1:730;Drone2:749;Drone3:778,161.2745,target_found,local,
Drone3_e784,Drone3,Drone1:730;Drone2:744;Drone3:784,160.4015,relative_computed,receive,Drone2
Drone1_e734,Drone1,Drone1:734;Drone2:731;Drone3:773,158.9530,scanning,send,Drone2
Drone1_e735,Drone1,Drone1:735;Drone2:731;Drone3:773,159.2388,scanning,local,
Drone2_e750,Drone2,Drone1:734;Drone2:750;Drone3:778,161.4637,target_found,receive,Drone1
Drone1_e736,Drone1,Drone1:736;Drone2:731;Drone3:773,159.3540,scanning,local,
Drone3_e785,Drone3,Drone1:730;Drone2:745;Drone3:785,160.6680,relative_computed,receive,Drone2
Drone2_e751,Drone2,Drone1:734;Drone2:751;Drone3:778,161.6681,target_found,local,
Drone1_e737,Drone1,Drone1:737;Drone2:731;Drone3:773,159.5256,scanning,local,
Drone2_e752,Drone2,Drone1:734;Drone2:752;Drone3:778,161.9104,position_measured,local,
Drone3_e786,Drone3,Drone1:730;Drone2:747;Drone3:786,161.0184,relative_computed,receive,Drone2
Drone3_e787,Drone3,Drone1:730;Drone2:747;Drone3:787,161.0945,relative_computed,local,
Drone1_e738,Drone1,Drone1:738;Drone2:731;Drone3:773,159.6850,scanning,local,
Drone2_e753,Drone2,Drone1:734;Drone2:753;Drone3:778,162.1494,position_measured,local,
Drone1_e739,Drone1,Drone1:739;Drone2:731;Drone3:773,159.8875,scanning,local,
Drone1_e740,Drone1,Drone1:740;Drone2:731;Drone3:773,159.9480,scanning,local,
Drone1_e741,Drone1,Drone1:741;Drone2:731;Drone3:773,160.2157,scanning,send,Drone2
Drone2_e754,Drone2,Drone1:741;Drone2:754;Drone3:778,162.3764,position_measured,receive,Drone1
Drone3_e788,Drone3,Drone1:730;Drone2:747;Drone3:788,161.3621,relative_computed,local,
Drone1_e742,Drone1,Drone1:742;Drone2:731;Drone3:773,160.3493,target_found,local,
Drone1_e743,Drone1,Drone1:743;Drone2:731;Drone3:773,160.5091,target_found,send,Drone2
Drone2_e755,Drone2,Drone1:741;Drone2:755;Drone3:778,162.4281,position_measured,local,
Drone2_e756,Drone2,Drone1:743;Drone2:756;Drone3:778,162.4994,position_measured,receive,Drone1
Drone2_e757,Drone2,Drone1:743;Drone2:757;Drone3:778,162.6531,position_measured,local,
Drone3_e789,Drone3,Drone1:730;Drone2:747;Drone3:789,161.4500,relative_computed,local,
Drone3_e790,Drone3,Drone1:730;Drone2:747;Drone3:790,161.5570,relative_computed,local,
Drone2_e758,Drone2,Drone1:743;Drone2:758;Drone3:778,162.8054,position_measured,local,
Drone2_e759,Drone2,Drone1:743;Drone2:759;Drone3:778,162.9845,position_measured,local,
Drone3_e791,Drone3,Drone1:730;Drone2:747;Drone3:791,161.6145,relative_computed,local,
Drone1_e744,Drone1,Drone1:744;Drone2:731;Drone3:773,160.7385,target_found,local,
Drone3_e792,Drone3,Drone1:730;Drone2:747;Drone3:792,161.6857,formation_hold,local,
Drone2_e760,Drone2,Drone1:743;Drone2:760;Drone3:778,163.2276,position_measured,local,
Drone2_e761,Drone2,Drone1:743;Drone2:761;Drone3:778,163.4426,position_measured,send,Drone1
Drone3_e793,Drone3,Drone1:730;Drone2:747;Drone3:793,161.9801,formation_hold,send,Drone1
Drone3_e794,Drone3,Drone1:730;Drone2:747;Drone3:794,162.2491,formation_hold,local,
Drone2_e762,Drone2,Drone1:743;Drone2:762;Drone3:778,163.7141,position_sent,local,
Drone3_e795,Drone3,Drone1:730;Drone2:747;Drone3:795,162.3751,formation_hold,local,
Drone3_e796,Drone3,Drone1:730;Drone2:747;Drone3:796,162.5112,formation_hold,local,
Drone2_e763,Drone2,Drone1:743;Drone2:763;Drone3:778,163.9167,position_sent,local,
Drone1_e745,Drone1,Drone1:745;Drone2:731;Drone3:773,160.9001,target_found,local,
Drone1_e746,Drone1,Drone1:746;Drone2:731;Drone3:773,161.1061,target_found,local,
Drone3_e797,Drone3,Drone1:730;Drone2:747;Drone3:797,162.7356,formation_hold,local,
Drone3_e798,Drone3,Drone1:730;Drone2:747;Drone3:798,162.8349,formation_hold,local,
Drone2_e764,Drone2,Drone1:743;Drone2:764;Drone3:778,164.0642,position_sent,send,Drone3
Drone3_e799,Drone3,Drone1:730;Drone2:747;Drone3:799,162.9164,formation_hold,local,
Drone3_e800,Drone3,Drone1:743;Drone2:764;Drone3:800,164.2421,formation_hold,receive,Drone2
Drone2_e765,Drone2,Drone1:743;Drone2:765;Drone3:778,164.3034,position_sent,local,
Drone1_e747,Drone1,Drone1:747;Drone2:747;Drone3:793,162.0904,target_found,receive,Drone3
Drone2_e766,Drone2,Drone1:743;Drone2:766;Drone3:778,164.6002,position_sent,local,
Drone1_e748,Drone1,Drone1:748;Drone2:747;Drone3:793,162.3508,target_found,local,
Drone2_e767,Drone2,Drone1:743;Drone2:767;Drone3:778,164.7388,position_sent,local,
Drone1_e749,Drone1,Drone1:749;Drone2:747;Drone3:793,162.6362,target_found,local,
Drone2_e768,Drone2,Drone1:743;Drone2:768;Drone3:778,164.9021,position_sent,send,Drone1
Drone1_e750,Drone1,Drone1:750;Drone2:747;Drone3:793,162.9334,target_found,local,
Drone3_e801,Drone3,Drone1:743;Drone2:764;Drone3:801,164.5265,formation_hold,local,
Drone3_e802,Drone3,Drone1:743;Drone2:764;Drone3:802,164.7254,idle,local,
Drone2_e769,Drone2,Drone1:743;Drone2:769;Drone3:778,165.1307,position_sent,send,Drone1
Drone3_e803,Drone3,Drone1:743;Drone2:764;Drone3:803,164.8017,idle,local,
Drone3_e804,Drone3,Drone1:743;Drone2:764;Drone3:804,165.0574,idle,local,
Drone2_e770,Drone2,Drone1:743;Drone2:770;Drone3:778,165.2173,position_sent,local,
Drone2_e771,Drone2,Drone1:743;Drone2:771;Drone3:778,165.2878,position_sent,local,
Drone1_e751,Drone1,Drone1:751;Drone2:747;Drone3:793,163.0159,target_found,local,
Drone1_e752,Drone1,Drone1:752;Drone2:747;Drone3:793,163.1583,position_measured,local,
Drone3_e805,Drone3,Drone1:743;Drone2:764;Drone3:805,165.2471,idle,local,
Drone2_e772,Drone2,Drone1:743;Drone2:772;Drone3:778,165.4839,processing,local,
Drone3_e806,Drone3,Drone1:743;Drone2:764;Drone3:806,165.4071,idle,local,
Drone2_e773,Drone2,Drone1:743;Drone2:773;Drone3:778,165.6381,processing,local,
Drone1_e753,Drone1,Drone1:753;Drone2:761;Drone3:793,163.6138,position_measured,receive,Drone2
Drone2_e774,Drone2,Drone1:743;Drone2:774;Drone3:778,165.8617,processing,send,Drone1
Drone2_e775,Drone2,Drone1:743;Drone2:775;Drone3:778,166.0983,processing,local,
Drone3_e807,Drone3,Drone1:743;Drone2:764;Drone3:807,165.6951,idle,local,
Drone3_e808,Drone3,Drone1:743;Drone2:764;Drone3:808,165.7727,idle,local,
Drone2_e776,Drone2,Drone1:743;Drone2:776;Drone3:778,166.1584,processing,local,
Drone1_e754,Drone1,Drone1:754;Drone2:768;Drone3:793,165.1998,position_measured,receive,Drone2
Drone2_e777,Drone2,Drone1:743;Drone2:777;Drone3:778,166.4062,processing,send,Drone1
Drone1_e755,Drone1,Drone1:755;Drone2:768;Drone3:793,165.3553,position_measured,local,
Drone2_e778,Drone2,Drone1:743;Drone2:778;Drone3:778,166.5101,processing,local,
Drone3_e809,Drone3,Drone1:743;Drone2:764;Drone3:809,165.8533,idle,local,
Drone2_e779,Drone2,Drone1:743;Drone2:779;Drone3:778,166.6645,processing,send,Drone1
Drone3_e810,Drone3,Drone1:743;Drone2:764;Drone3:810,166.0163,idle,local,
Drone2_e780,Drone2,Drone1:743;Drone2:780;Drone3:778,166.8333,processing,local,
Drone3_e811,Drone3,Drone1:743;Drone2:764;Drone3:811,166.0996,idle,local,
Drone1_e756,Drone1,Drone1:756;Drone2:768;Drone3:793,165.5205,position_measured,local,
Drone2_e781,Drone2,Drone1:743;Drone2:781;Drone3:778,166.9205,processing,local,
Drone3_e812,Drone3,Drone1:743;Drone2:764;Drone3:812,166.3495,scanning,local,
Drone3_e813,Drone3,Drone1:743;Drone2:764;Drone3:813,166.4963,scanning,local,
Drone2_e782,Drone2,Drone1:743;Drone2:782;Drone3:778,166.9820,relative_computed,local,
Drone3_e814,Drone3,Drone1:743;Drone2:764;Drone3:814,166.7303,scanning,local,
Drone3_e815,Drone3,Drone1:743;Drone2:764;Drone3:815,166.9571,scanning,send,Drone1
Drone3_e816,Drone3,Drone1:743;Drone2:764;Drone3:816,167.2000,scanning,local,
Drone2_e783,Drone2,Drone1:743;Drone2:783;Drone3:778,167.0629,relative_computed,local,
Drone3_e817,Drone3,Drone1:743;Drone2:764;Drone3:817,167.4893,scanning,send,Drone1
Drone3_e818,Drone3,Drone1:743;Drone2:764;Drone3:818,167.6650,scanning,send,Drone2
Drone1_e757,Drone1,Drone1:757;Drone2:769;Drone3:793,165.8111,position_measured,receive,Drone2
Drone2_e784,Drone2,Drone1:743;Drone2:784;Drone3:778,167.1743,relative_computed,local,
Drone3_e819,Drone3,Drone1:743;Drone2:764;Drone3:819,167.8599,scanning,local,
Drone1_e758,Drone1,Drone1:758;Drone2:769;Drone3:793,166.0128,position_measured,local,
Drone2_e785,Drone2,Drone1:743;Drone2:785;Drone3:778,167.3471,relative_computed,local,
Drone1_e759,Drone1,Drone1:759;Drone2:774;Drone3:793,166.1665,position_measured,receive,Drone2
Drone3_e820,Drone3,Drone1:743;Drone2:764;Drone3:820,167.9742,scanning,local,
Drone1_e760,Drone1,Drone1:760;Drone2:774;Drone3:793,166.3520,position_measured,local,
Drone2_e786,Drone2,Drone1:743;Drone2:786;Drone3:818,167.9071,relative_computed,receive,Drone3
Drone1_e761,Drone1,Drone1:761;Drone2:774;Drone3:815,167.1767,position_measured,receive,Drone3
Drone1_e762,Drone1,Drone1:762;Drone2:774;Drone3:815,167.3081,position_sent,local,
Drone1_e763,Drone1,Drone1:763;Drone2:774;Drone3:815,167.4326,position_sent,local,
Drone1_e764,Drone1,Drone1:764;Drone2:774;Drone3:817,167.7626,position_sent,receive,Drone3
Drone2_e787,Drone2,Drone1:743;Drone2:787;Drone3:818,168.1640,relative_computed,local,
Drone1_e765,Drone1,Drone1:765;Drone2:777;Drone3:817,168.0006,position_sent,receive,Drone2
Drone3_e821,Drone3,Drone1:743;Drone2:764;Drone3:821,168.2615,scanning,send,Drone2
Drone2_e788,Drone2,Drone1:743;Drone2:788;Drone3:821,168.4498,relative_computed,receive,Drone3
Drone1_e766,Drone1,Drone1:766;Drone2:777;Drone3:817,168.1525,position_sent,local,
Drone1_e767,Drone1,Drone1:767;Drone2:777;Drone3:817,168.2071,position_sent,local,
Drone3_e822,Drone3,Drone1:743;Drone2:764;Drone3:822,168.4803,target_found,local,
Drone1_e768,Drone1,Drone1:768;Drone2:777;Drone3:817,168.4200,position_sent,local,
Drone1_e769,Drone1,Drone1:769;Drone2:779;Drone3:817,168.5815,position_sent,receive,Drone2
Drone3_e823,Drone3,Drone1:743;Drone2:764;Drone3:823,168.7260,target_found,local,
Drone1_e770,Drone1,Drone1:770;Drone2:779;Drone3:817,168.8778,position_sent,local,
Drone1_e771,Drone1,Drone1:771;Drone2:779;Drone3:817,169.0338,position_sent,local,
Drone3_e824,Drone3,Drone1:743;Drone2:764;Drone3:824,168.7762,target_found,local,
Drone2_e789,Drone2,Drone1:743;Drone2:789;Drone3:821,168.6550,relative_computed,local,
Drone3_e825,Drone3,Drone1:743;Drone2:764;Drone3:825,168.8264,target_found,local,
Drone2_e790,Drone2,Drone1:743;Drone2:790;Drone3:821,168.9148,relative_computed,send,Drone3
Drone2_e791,Drone2,Drone1:743;Drone2:791;Drone3:821,169.1754,relative_computed,local,
Drone1_e772,Drone1,Drone1:772;Drone2:779;Drone3:817,169.2114,processing,local,
Drone1_e773,Drone1,Drone1:773;Drone2:779;Drone3:817,169.3365,processing,send,Drone2
Drone2_e792,Drone2,Drone1:743;Drone2:792;Drone3:821,169.4331,formation_hold,local,
Drone3_e826,Drone3,Drone1:743;Drone2:764;Drone3:826,168.9462,target_found,local,
Drone2_e793,Drone2,Drone1:773;Drone2:793;Drone3:821,169.7040,formation_hold,receive,Drone1
Drone2_e794,Drone2,Drone1:773;Drone2:794;Drone3:821,169.9990,formation_hold,local,
Drone3_e827,Drone3,Drone1:743;Drone2:764;Drone3:827,169.0577,target_found,local,
Drone2_e795,Drone2,Drone1:773;Drone2:795;Drone3:821,170.1639,formation_hold,local,
Drone3_e828,Drone3,Drone1:743;Drone2:790;Drone3:828,169.2693,target_found,receive,Drone2
Drone1_e774,Drone1,Drone1:774;Drone2:779;Drone3:817,169.3876,processing,local,
Drone1_e775,Drone1,Drone1:775;Drone2:779;Drone3:817,169.5409,processing,local,
Drone3_e829,Drone3,Drone1:743;Drone2:790;Drone3:829,169.5100,target_found,local,
Drone3_e830,Drone3,Drone1:743;Drone2:790;Drone3:830,169.6946,target_found,send,Drone1
Drone3_e831,Drone3,Drone1:743;Drone2:790;Drone3:831,169.7755,target_found,local,
Drone2_e796,Drone2,Drone1:773;Drone2:796;Drone3:821,170.3034,formation_hold,local,
Drone1_e776,Drone1,Drone1:776;Drone2:779;Drone3:817,169.7938,processing,local,
Drone1_e777,Drone1,Drone1:777;Drone2:790;Drone3:830,170.0779,processing,receive,Drone3
Drone2_e797,Drone2,Drone1:773;Drone2:797;Drone3:821,170.5430,formation_hold,send,Drone1
Drone3_e832,Drone3,Drone1:743;Drone2:790;Drone3:832,169.9149,position_measured,local,
Drone1_e778,Drone1,Drone1:778;Drone2:790;Drone3:830,170.2842,processing,local,
Drone3_e833,Drone3,Drone1:743;Drone2:790;Drone3:833,170.2067,position_measured,send,Drone2
Drone1_e779,Drone1,Drone1:779;Drone2:797;Drone3:830,170.5948,processing,receive,Drone2
Drone3_e834,Drone3,Drone1:743;Drone2:790;Drone3:834,170.4742,position_measured,local,
Drone3_e835,Drone3,Drone1:743;Drone2:790;Drone3:835,170.5668,position_measured,local,
Drone1_e780,Drone1,Drone1:780;Drone2:797;Drone3:830,170.7862,processing,local,
Drone3_e836,Drone3,Drone1:743;Drone2:790;Drone3:836,170.6607,position_measured,local,
Drone3_e837,Drone3,Drone1:743;Drone2:790;Drone3:837,170.7426,position_measured,send,Drone1
Drone3_e838,Drone3,Drone1:743;Drone2:790;Drone3:838,171.0128,position_measured,local,
Drone3_e839,Drone3,Drone1:743;Drone2:790;Drone3:839,171.1108,position_measured,local,
Drone3_e840,Drone3,Drone1:743;Drone2:790;Drone3:840,171.3310,position_measured,send,Drone2
Drone2_e798,Drone2,Drone1:773;Drone2:798;Drone3:833,170.7532,formation_hold,receive,Drone3
Drone3_e841,Drone3,Drone1:743;Drone2:790;Drone3:841,171.4891,position_measured,send,Drone2
Drone2_e799,Drone2,Drone1:773;Drone2:799;Drone3:840,171.5049,formation_hold,receive,Drone3
Drone3_e842,Drone3,Drone1:743;Drone2:790;Drone3:842,171.7601,position_sent,local,
Drone1_e781,Drone1,Drone1:781;Drone2:797;Drone3:837,170.9693,processing,receive,Drone3
Drone2_e800,Drone2,Drone1:773;Drone2:800;Drone3:841,171.6385,formation_hold,receive,Drone3
Drone3_e843,Drone3,Drone1:743;Drone2:790;Drone3:843,172.0576,position_sent,local,
Drone1_e782,Drone1,Drone1:782;Drone2:797;Drone3:837,171.1253,relative_computed,local,
Drone1_e783,Drone1,Drone1:783;Drone2:797;Drone3:837,171.2245,relative_computed,local,
Drone2_e801,Drone2,Drone1:773;Drone2:801;Drone3:841,171.8450,formation_hold,local,
Drone1_e784,Drone1,Drone1:784;Drone2:797;Drone3:837,171.4765,relative_computed,send,Drone3
Drone3_e844,Drone3,Drone1:743;Drone2:790;Drone3:844,172.3414,position_sent,local,
Drone2_e802,Drone2,Drone1:773;Drone2:802;Drone3:841,171.9546,idle,send,Drone3
Drone2_e803,Drone2,Drone1:773;Drone2:803;Drone3:841,172.2100,idle,local,
Drone3_e845,Drone3,Drone1:743;Drone2:790;Drone3:845,172.6273,position_sent,local,
Drone3_e846,Drone3,Drone1:743;Drone2:790;Drone3:846,172.8683,position_sent,local,
Drone3_e847,Drone3,Drone1:743;Drone2:790;Drone3:847,172.9495,position_sent,local,
Drone1_e785,Drone1,Drone1:785;Drone2:797;Drone3:837,171.6209,relative_computed,local,
Drone3_e848,Drone3,Drone1:784;Drone2:797;Drone3:848,173.0150,position_sent,receive,Drone1
Drone2_e804,Drone2,Drone1:773;Drone2:804;Drone3:841,172.2765,idle,send,Drone3
Drone3_e849,Drone3,Drone1:784;Drone2:802;Drone3:849,173.1387,position_sent,receive,Drone2
Drone2_e805,Drone2,Drone1:773;Drone2:805;Drone3:841,172.4808,idle,local,
Drone2_e806,Drone2,Drone1:773;Drone2:806;Drone3:841,172.6442,idle,send,Drone1
Drone2_e807,Drone2,Drone1:773;Drone2:807;Drone3:841,172.9141,idle,local,
Drone3_e850,Drone3,Drone1:784;Drone2:804;Drone3:850,173.3023,position_sent,receive,Drone2
Drone2_e808,Drone2,Drone1:773;Drone2:808;Drone3:841,172.9911,idle,local,
Drone1_e786,Drone1,Drone1:786;Drone2:797;Drone3:837,171.6877,relative_computed,local,
Drone1_e787,Drone1,Drone1:787;Drone2:797;Drone3:837,171.7692,relative_computed,local,
Drone3_e851,Drone3,Drone1:784;Drone2:804;Drone3:851,173.4726,position_sent,send,Drone2
Drone3_e852,Drone3,Drone1:784;Drone2:804;Drone3:852,173.5834,processing,local,
Drone1_e788,Drone1,Drone1:788;Drone2:806;Drone3:841,172.8403,relative_computed,receive,Drone2
Drone3_e853,Drone3,Drone1:784;Drone2:804;Drone3:853,173.8220,processing,local,
Drone2_e809,Drone2,Drone1:773;Drone2:809;Drone3:841,173.1764,idle,local,
Drone1_e789,Drone1,Drone1:789;Drone2:806;Drone3:841,173.0411,relative_computed,send,Drone3
Drone2_e810,Drone2,Drone1:784;Drone2:810;Drone3:851,173.6520,idle,receive,Drone3
Drone3_e854,Drone3,Drone1:784;Drone2:804;Drone3:854,173.8863,processing,local,
Drone3_e855,Drone3,Drone1:784;Drone2:804;Drone3:855,174.0762,processing,local,
Drone1_e790,Drone1,Drone1:790;Drone2:806;Drone3:841,173.1400,relative_computed,local,
Drone1_e791,Drone1,Drone1:791;Drone2:806;Drone3:841,173.2403,relative_computed,local,
Drone1_e792,Drone1,Drone1:792;Drone2:806;Drone3:841,173.4573,formation_hold,local,
Drone3_e856,Drone3,Drone1:784;Drone2:804;Drone3:856,174.2430,processing,local,
Drone3_e857,Drone3,Drone1:789;Drone2:806;Drone3:857,174.4471,processing,receive,Drone1
Drone2_e811,Drone2,Drone1:784;Drone2:811;Drone3:851,173.7282,idle,local,
Drone1_e793,Drone1,Drone1:793;Drone2:806;Drone3:841,173.7372,formation_hold,local,
Drone3_e858,Drone3,Drone1:789;Drone2:806;Drone3:858,174.6137,processing,send,Drone1
Drone1_e794,Drone1,Drone1:794;Drone2:806;Drone3:858,174.8655,formation_hold,receive,Drone3
Drone2_e812,Drone2,Drone1:784;Drone2:812;Drone3:851,173.9848,scanning,send,Drone1
Drone1_e795,Drone1,Drone1:795;Drone2:812;Drone3:858,175.0050,formation_hold,receive,Drone2
Drone3_e859,Drone3,Drone1:789;Drone2:806;Drone3:859,174.7738,processing,send,Drone2
Drone3_e860,Drone3,Drone1:789;Drone2:806;Drone3:860,175.0152,processing,local,
Drone1_e796,Drone1,Drone1:796;Drone2:812;Drone3:858,175.1048,formation_hold,local,
Drone2_e813,Drone2,Drone1:789;Drone2:813;Drone3:859,175.0035,scanning,receive,Drone3
Drone2_e814,Drone2,Drone1:789;Drone2:814;Drone3:859,175.1150,scanning,local,
Drone1_e797,Drone1,Drone1:797;Drone2:812;Drone3:858,175.3824,formation_hold,send,Drone3
Drone1_e798,Drone1,Drone1:798;Drone2:812;Drone3:858,175.4667,formation_hold,local,
Drone3_e861,Drone3,Drone1:789;Drone2:806;Drone3:861,175.0929,processing,local,
Drone1_e799,Drone1,Drone1:799;Drone2:812;Drone3:858,175.5768,formation_hold,local,
Drone2_e815,Drone2,Drone1:789;Drone2:815;Drone3:859,175.4003,scanning,local,
Drone3_e862,Drone3,Drone1:789;Drone2:806;Drone3:862,175.3625,relative_computed,local,
Drone1_e800,Drone1,Drone1:800;Drone2:812;Drone3:858,175.8255,formation_hold,send,Drone2
Drone1_e801,Drone1,Drone1:801;Drone2:812;Drone3:858,176.0491,formation_hold,local,
Drone2_e816,Drone2,Drone1:789;Drone2:816;Drone3:859,175.6945,scanning,local,
Drone1_e802,Drone1,Drone1:802;Drone2:812;Drone3:858,176.2899,idle,local,
Drone3_e863,Drone3,Drone1:797;Drone2:812;Drone3:863,175.6298,relative_computed,receive,Drone1
Drone2_e817,Drone2,Drone1:800;Drone2:817;Drone3:859,176.0937,scanning,receive,Drone1
Drone3_e864,Drone3,Drone1:797;Drone2:812;Drone3:864,175.9013,relative_computed,local,
Drone1_e803,Drone1,Drone1:803;Drone2:812;Drone3:858,176.5360,idle,local,
Drone3_e865,Drone3,Drone1:797;Drone2:812;Drone3:865,175.9931,relative_computed,local,
Drone2_e818,Drone2,Drone1:800;Drone2:818;Drone3:859,176.3050,scanning,local,
Drone3_e866,Drone3,Drone1:797;Drone2:812;Drone3:866,176.1729,relative_computed,local,
Drone1_e804,Drone1,Drone1:804;Drone2:812;Drone3:858,176.6795,idle,local,
Drone3_e867,Drone3,Drone1:797;Drone2:812;Drone3:867,176.4618,relative_computed,local,
Drone2_e819,Drone2,Drone1:800;Drone2:819;Drone3:859,176.5145,scanning,send,Drone3
Drone3_e868,Drone3,Drone1:797;Drone2:812;Drone3:868,176.5636,relative_computed,local,
Drone1_e805,Drone1,Drone1:805;Drone2:812;Drone3:858,176.7881,idle,local,
Drone1_e806,Drone1,Drone1:806;Drone2:812;Drone3:858,177.0603,idle,local,
Drone3_e869,Drone3,Drone1:800;Drone2:819;Drone3:869,176.6772,relative_computed,receive,Drone2
Drone1_e807,Drone1,Drone1:807;Drone2:812;Drone3:858,177.1840,idle,send,Drone2
Drone3_e870,Drone3,Drone1:800;Drone2:819;Drone3:870,176.8732,relative_computed,local,
Drone2_e820,Drone2,Drone1:800;Drone2:820;Drone3:859,176.6486,scanning,local,
Drone2_e821,Drone2,Drone1:800;Drone2:821;Drone3:859,176.8008,scanning,local,
Drone2_e822,Drone2,Drone1:807;Drone2:822;Drone3:859,177.2402,target_found,receive,Drone1
Drone2_e823,Drone2,Drone1:807;Drone2:823;Drone3:859,177.3800,target_found,send,Drone1
Drone1_e808,Drone1,Drone1:808;Drone2:823;Drone3:859,177.6264,idle,receive,Drone2
Drone1_e809,Drone1,Drone1:809;Drone2:823;Drone3:859,177.7665,idle,send,Drone2
Drone3_e871,Drone3,Drone1:800;Drone2:819;Drone3:871,177.0920,relative_computed,send,Drone1
Drone2_e824,Drone2,Drone1:809;Drone2:824;Drone3:859,177.8642,target_found,receive,Drone1
Drone3_e872,Drone3,Drone1:800;Drone2:819;Drone3:872,177.3916,formation_hold,local,
Drone3_e873,Drone3,Drone1:800;Drone2:819;Drone3:873,177.6697,formation_hold,local,
Drone1_e810,Drone1,Drone1:810;Drone2:823;Drone3:859,177.8870,idle,local,
Drone2_e825,Drone2,Drone1:809;Drone2:825;Drone3:859,178.0151,target_found,local,
Drone2_e826,Drone2,Drone1:809;Drone2:826;Drone3:859,178.2546,target_found,local,
Drone1_e811,Drone1,Drone1:811;Drone2:823;Drone3:859,178.0651,idle,local,
Drone1_e812,Drone1,Drone1:812;Drone2:823;Drone3:859,178.1720,scanning,local,
Drone3_e874,Drone3,Drone1:800;Drone2:819;Drone3:874,177.8383,formation_hold,local,
Drone3_e875,Drone3,Drone1:800;Drone2:819;Drone3:875,178.0265,formation_hold,local,
Drone2_e827,Drone2,Drone1:809;Drone2:827;Drone3:859,178.4199,target_found,local,
Drone1_e813,Drone1,Drone1:813;Drone2:823;Drone3:871,178.3292,scanning,receive,Drone3
Drone3_e876,Drone3,Drone1:800;Drone2:819;Drone3:876,178.1861,formation_hold,local,
Drone3_e877,Drone3,Drone1:800;Drone2:819;Drone3:877,178.3805,formation_hold,send,Drone1
Drone1_e814,Drone1,Drone1:814;Drone2:823;Drone3:877,178.5555,scanning,receive,Drone3
Drone3_e878,Drone3,Drone1:800;Drone2:819;Drone3:878,178.5155,formation_hold,local,
Drone2_e828,Drone2,Drone1:809;Drone2:828;Drone3:859,178.6581,target_found,local,
Drone3_e879,Drone3,Drone1:800;Drone2:819;Drone3:879,178.6470,formation_hold,local,
Drone1_e815,Drone1,Drone1:815;Drone2:823;Drone3:877,178.6135,scanning,local,
Drone1_e816,Drone1,Drone1:816;Drone2:823;Drone3:877,178.8056,scanning,send,Drone3
Drone3_e880,Drone3,Drone1:800;Drone2:819;Drone3:880,178.8404,formation_hold,local,
Drone2_e829,Drone2,Drone1:809;Drone2:829;Drone3:859,178.7591,target_found,local,
Drone2_e830,Drone2,Drone1:809;Drone2:830;Drone3:859,178.8562,target_found,send,Drone3
Drone1_e817,Drone1,Drone1:817;Drone2:823;Drone3:877,179.0960,scanning,local,
Drone3_e881,Drone3,Drone1:800;Drone2:819;Drone3:881,178.9138,formation_hold,local,
Drone1_e818,Drone1,Drone1:818;Drone2:823;Drone3:877,179.1904,scanning,local,
Drone3_e882,Drone3,Drone1:800;Drone2:819;Drone3:882,178.9705,idle,local,
Drone1_e819,Drone1,Drone1:819;Drone2:823;Drone3:877,179.3114,scanning,send,Drone3
Drone1_e820,Drone1,Drone1:820;Drone2:823;Drone3:877,179.4751,scanning,send,Drone2
Drone2_e831,Drone2,Drone1:809;Drone2:831;Drone3:859,178.9492,target_found,local,
Drone2_e832,Drone2,Drone1:820;Drone2:832;Drone3:877,179.5574,position_measured,receive,Drone1
Drone2_e833,Drone2,Drone1:820;Drone2:833;Drone3:877,179.6245,position_measured,local,
Drone1_e821,Drone1,Drone1:821;Drone2:823;Drone3:877,179.6025,scanning,send,Drone2
Drone3_e883,Drone3,Drone1:800;Drone2:819;Drone3:883,179.0602,idle,local,
Drone3_e884,Drone3,Drone1:800;Drone2:819;Drone3:884,179.2570,idle,local,
Drone3_e885,Drone3,Drone1:800;Drone2:819;Drone3:885,179.4218,idle,local,
Drone1_e822,Drone1,Drone1:822;Drone2:823;Drone3:877,179.7639,target_found,send,Drone2
Drone2_e834,Drone2,Drone1:820;Drone2:834;Drone3:877,179.7363,position_measured,local,
Drone2_e835,Drone2,Drone1:820;Drone2:835;Drone3:877,180.0061,position_measured,local,
Drone2_e836,Drone2,Drone1:820;Drone2:836;Drone3:877,180.0658,position_measured,local,
Drone1_e823,Drone1,Drone1:823;Drone2:823;Drone3:877,179.9006,target_found,send,Drone3
Drone3_e886,Drone3,Drone1:800;Drone2:819;Drone3:886,179.5695,idle,local,
Drone1_e824,Drone1,Drone1:824;Drone2:823;Drone3:877,179.9955,target_found,local,
Drone3_e887,Drone3,Drone1:800;Drone2:819;Drone3:887,179.7340,idle,local,
Drone3_e888,Drone3,Drone1:816;Drone2:823;Drone3:888,179.8824,idle,receive,Drone1
Drone1_e825,Drone1,Drone1:825;Drone2:823;Drone3:877,180.1140,target_found,send,Drone2
Drone3_e889,Drone3,Drone1:816;Drone2:823;Drone3:889,180.0991,idle,local,
Drone1_e826,Drone1,Drone1:826;Drone2:823;Drone3:877,180.3446,target_found,local,
Drone1_e827,Drone1,Drone1:827;Drone2:823;Drone3:877,180.4974,target_found,local,
Drone3_e890,Drone3,Drone1:816;Drone2:830;Drone3:890,180.1682,idle,receive,Drone2
Drone1_e828,Drone1,Drone1:828;Drone2:823;Drone3:877,180.7423,target_found,local,
Drone2_e837,Drone2,Drone1:820;Drone2:837;Drone3:877,180.1790,position_measured,local,
Drone3_e891,Drone3,Drone1:819;Drone2:830;Drone3:891,180.2365,idle,receive,Drone1
Drone3_e892,Drone3,Drone1:819;Drone2:830;Drone3:892,180.4020,scanning,local,
Drone2_e838,Drone2,Drone1:820;Drone2:838;Drone3:877,180.4430,position_measured,local,
Drone2_e839,Drone2,Drone1:821;Drone2:839;Drone3:877,180.5216,position_measured,receive,Drone1
Drone1_e829,Drone1,Drone1:829;Drone2:823;Drone3:877,180.9794,target_found,local,
Drone2_e840,Drone2,Drone1:821;Drone2:840;Drone3:877,180.5923,position_measured,local,
Drone3_e893,Drone3,Drone1:823;Drone2:830;Drone3:893,180.4870,scanning,receive,Drone1
Drone2_e841,Drone2,Drone1:821;Drone2:841;Drone3:877,180.6849,position_measured,local,
Drone1_e830,Drone1,Drone1:830;Drone2:823;Drone3:877,181.0738,target_found,local,
Drone1_e831,Drone1,Drone1:831;Drone2:823;Drone3:877,181.2215,target_found,local,
Drone1_e832,Drone1,Drone1:832;Drone2:823;Drone3:877,181.2743,position_measured,local,
Drone2_e842,Drone2,Drone1:822;Drone2:842;Drone3:877,180.7794,position_sent,receive,Drone1
Drone3_e894,Drone3,Drone1:823;Drone2:830;Drone3:894,180.6475,scanning,send,Drone1
Drone1_e833,Drone1,Drone1:833;Drone2:823;Drone3:877,181.5271,position_measured,local,
Drone3_e895,Drone3,Drone1:823;Drone2:830;Drone3:895,180.8626,scanning,local,
Drone1_e834,Drone1,Drone1:834;Drone2:830;Drone3:894,181.6881,position_measured,receive,Drone3
Drone3_e896,Drone3,Drone1:823;Drone2:830;Drone3:896,181.1043,scanning,send,Drone2
Drone1_e835,Drone1,Drone1:835;Drone2:830;Drone3:894,181.7978,position_measured,local,
Drone1_e836,Drone1,Drone1:836;Drone2:830;Drone3:894,182.0951,position_measured,send,Drone2
Drone2_e843,Drone2,Drone1:822;Drone2:843;Drone3:877,180.9994,position_sent,local,
Drone1_e837,Drone1,Drone1:837;Drone2:830;Drone3:894,182.3443,position_measured,send,Drone2
Drone3_e897,Drone3,Drone1:823;Drone2:830;Drone3:897,181.1653,scanning,send,Drone1
Drone3_e898,Drone3,Drone1:823;Drone2:830;Drone3:898,181.2960,scanning,send,Drone2
Drone3_e899,Drone3,Drone1:823;Drone2:830;Drone3:899,181.5796,scanning,send,Drone1
Drone2_e844,Drone2,Drone1:822;Drone2:844;Drone3:877,181.0796,position_sent,local,
Drone1_e838,Drone1,Drone1:838;Drone2:830;Drone3:897,182.4377,position_measured,receive,Drone3
Drone2_e845,Drone2,Drone1:822;Drone2:845;Drone3:877,181.1326,position_sent,local,
Drone1_e839,Drone1,Drone1:839;Drone2:830;Drone3:897,182.5042,position_measured,local,
Drone2_e846,Drone2,Drone1:822;Drone2:846;Drone3:877,181.2748,position_sent,local,
Drone1_e840,Drone1,Drone1:840;Drone2:830;Drone3:897,182.6570,position_measured,local,
Drone3_e900,Drone3,Drone1:823;Drone2:830;Drone3:900,181.8772,scanning,local,
Drone3_e901,Drone3,Drone1:823;Drone2:830;Drone3:901,182.1748,scanning,local,
Drone3_e902,Drone3,Drone1:823;Drone2:830;Drone3:902,182.3748,target_found,send,Drone1
Drone3_e903,Drone3,Drone1:823;Drone2:830;Drone3:903,182.5943,target_found,local,
Drone3_e904,Drone3,Drone1:823;Drone2:830;Drone3:904,182.8031,target_found,send,Drone1
Drone3_e905,Drone3,Drone1:823;Drone2:830;Drone3:905,183.0660,target_found,local,
Drone2_e847,Drone2,Drone1:823;Drone2:847;Drone3:896,181.4770,position_sent,receive,Drone3
Drone3_e906,Drone3,Drone1:823;Drone2:830;Drone3:906,183.2438,target_found,local,
Drone3_e907,Drone3,Drone1:823;Drone2:830;Drone3:907,183.3519,target_found,send,Drone1
Drone3_e908,Drone3,Drone1:823;Drone2:830;Drone3:908,183.4329,target_found,local,
Drone1_e841,Drone1,Drone1:841;Drone2:830;Drone3:897,182.8963,position_measured,local,
Drone3_e909,Drone3,Drone1:823;Drone2:830;Drone3:909,183.5766,target_found,send,Drone1
Drone2_e848,Drone2,Drone1:825;Drone2:848;Drone3:896,181.5781,position_sent,receive,Drone1
Drone1_e842,Drone1,Drone1:842;Drone2:830;Drone3:899,183.1311,position_sent,receive,Drone3
Drone2_e849,Drone2,Drone1:836;Drone2:849;Drone3:896,182.3060,position_sent,receive,Drone1
Drone1_e843,Drone1,Drone1:843;Drone2:830;Drone3:899,183.4255,position_sent,local,
Drone3_e910,Drone3,Drone1:823;Drone2:830;Drone3:910,183.8142,target_found,local,
Drone1_e844,Drone1,Drone1:844;Drone2:830;Drone3:899,183.5583,position_sent,local,
Drone1_e845,Drone1,Drone1:845;Drone2:830;Drone3:902,183.8350,position_sent,receive,Drone3
Drone3_e911,Drone3,Drone1:823;Drone2:830;Drone3:911,184.0646,target_found,local,
Drone3_e912,Drone3,Drone1:823;Drone2:830;Drone3:912,184.2666,position_measured,local,
Drone2_e850,Drone2,Drone1:836;Drone2:850;Drone3:896,182.4019,position_sent,local,
Drone3_e913,Drone3,Drone1:823;Drone2:830;Drone3:913,184.3341,position_measured,send,Drone2
Drone1_e846,Drone1,Drone1:846;Drone2:830;Drone3:904,184.1196,position_sent,receive,Drone3
Drone1_e847,Drone1,Drone1:847;Drone2:830;Drone3:907,184.2287,position_sent,receive,Drone3
Drone1_e848,Drone1,Drone1:848;Drone2:830;Drone3:907,184.3954,position_sent,local,
Drone1_e849,Drone1,Drone1:849;Drone2:830;Drone3:907,184.5067,position_sent,local,
Drone1_e850,Drone1,Drone1:850;Drone2:830;Drone3:907,184.6324,position_sent,local,
Drone3_e914,Drone3,Drone1:823;Drone2:830;Drone3:914,184.5430,position_measured,local,
Drone2_e851,Drone2,Drone1:836;Drone2:851;Drone3:896,182.5722,position_sent,local,
Drone2_e852,Drone2,Drone1:836;Drone2:852;Drone3:898,182.7399,processing,receive,Drone3
Drone2_e853,Drone2,Drone1:836;Drone2:853;Drone3:898,182.9736,processing,local,
Drone1_e851,Drone1,Drone1:851;Drone2:830;Drone3:907,184.8808,position_sent,local,
Drone1_e852,Drone1,Drone1:852;Drone2:830;Drone3:907,185.0377,processing,local,
Drone1_e853,Drone1,Drone1:853;Drone2:830;Drone3:907,185.3180,processing,local,
Drone3_e915,Drone3,Drone1:823;Drone2:830;Drone3:915,184.7312,position_measured,local,
Drone1_e854,Drone1,Drone1:854;Drone2:830;Drone3:909,185.4445,processing,receive,Drone3
Drone2_e854,Drone2,Drone1:837;Drone2:854;Drone3:898,183.0416,processing,receive,Drone1
Drone1_e855,Drone1,Drone1:855;Drone2:830;Drone3:909,185.5434,processing,local,
Drone1_e856,Drone1,Drone1:856;Drone2:830;Drone3:909,185.7163,processing,send,Drone3
Drone2_e855,Drone2,Drone1:837;Drone2:855;Drone3:898,183.3342,processing,local,
Drone2_e856,Drone2,Drone1:837;Drone2:856;Drone3:913,184.5443,processing,receive,Drone3
Drone3_e916,Drone3,Drone1:856;Drone2:830;Drone3:916,186.0144,position_measured,receive,Drone1
Drone1_e857,Drone1,Drone1:857;Drone2:830;Drone3:909,185.9077,processing,local,
Drone1_e858,Drone1,Drone1:858;Drone2:830;Drone3:909,186.1970,processing,local,
Drone3_e917,Drone3,Drone1:856;Drone2:830;Drone3:917,186.2417,position_measured,local,
Drone3_e918,Drone3,Drone1:856;Drone2:830;Drone3:918,186.4658,position_measured,local,
Drone3_e919,Drone3,Drone1:856;Drone2:830;Drone3:919,186.6218,position_measured,local,
Drone1_e859,Drone1,Drone1:859;Drone2:830;Drone3:909,186.4773,processing,send,Drone2
Drone2_e857,Drone2,Drone1:837;Drone2:857;Drone3:913,184.7634,processing,local,
Drone3_e920,Drone3,Drone1:856;Drone2:830;Drone3:920,186.7088,position_measured,local,
Drone3_e921,Drone3,Drone1:856;Drone2:830;Drone3:921,186.9291,position_measured,local,
Drone2_e858,Drone2,Drone1:859;Drone2:858;Drone3:913,186.5304,processing,receive,Drone1
Drone1_e860,Drone1,Drone1:860;Drone2:830;Drone3:909,186.7566,processing,local,
Drone2_e859,Drone2,Drone1:859;Drone2:859;Drone3:913,186.8240,processing,local,
Drone1_e861,Drone1,Drone1:861;Drone2:830;Drone3:909,186.8538,processing,local,
Drone2_e860,Drone2,Drone1:859;Drone2:860;Drone3:913,186.9372,processing,send,Drone3
Drone2_e861,Drone2,Drone1:859;Drone2:861;Drone3:913,187.1205,processing,local,
Drone2_e862,Drone2,Drone1:859;Drone2:862;Drone3:913,187.3540,relative_computed,local,
Drone3_e922,Drone3,Drone1:856;Drone2:830;Drone3:922,187.0064,position_sent,local,
Drone3_e923,Drone3,Drone1:856;Drone2:830;Drone3:923,187.1425,position_sent,local,
Drone1_e862,Drone1,Drone1:862;Drone2:830;Drone3:909,187.1363,relative_computed,send,Drone2
Drone2_e863,Drone2,Drone1:859;Drone2:863;Drone3:913,187.4056,relative_computed,local,
Drone1_e863,Drone1,Drone1:863;Drone2:830;Drone3:909,187.1867,relative_computed,local,
Drone1_e864,Drone1,Drone1:864;Drone2:830;Drone3:909,187.3411,relative_computed,local,
Drone2_e864,Drone2,Drone1:859;Drone2:864;Drone3:913,187.6388,relative_computed,local,
Drone1_e865,Drone1,Drone1:865;Drone2:830;Drone3:909,187.5671,relative_computed,send,Drone2
Drone1_e866,Drone1,Drone1:866;Drone2:830;Drone3:909,187.7428,relative_computed,local,
Drone1_e867,Drone1,Drone1:867;Drone2:830;Drone3:909,187.9964,relative_computed,local,
Drone1_e868,Drone1,Drone1:868;Drone2:830;Drone3:909,188.2487,relative_computed,send,Drone2
Drone1_e869,Drone1,Drone1:869;Drone2:830;Drone3:909,188.4089,relative_computed,send,Drone3
Drone3_e924,Drone3,Drone1:869;Drone2:830;Drone3:924,188.4788,position_sent,receive,Drone1
Drone1_e870,Drone1,Drone1:870;Drone2:830;Drone3:909,188.5281,relative_computed,local,
Drone2_e865,Drone2,Drone1:862;Drone2:865;Drone3:913,187.8083,relative_computed,receive,Drone1
Drone3_e925,Drone3,Drone1:869;Drone2:830;Drone3:925,188.5312,position_sent,local,
Drone2_e866,Drone2,Drone1:862;Drone2:866;Drone3:913,187.8601,relative_computed,local,
Drone3_e926,Drone3,Drone1:869;Drone2:830;Drone3:926,188.5917,position_sent,local,
Drone1_e871,Drone1,Drone1:871;Drone2:830;Drone3:909,188.5799,relative_computed,local,
Drone3_e927,Drone3,Drone1:869;Drone2:830;Drone3:927,188.8822,position_sent,local,
Drone2_e867,Drone2,Drone1:862;Drone2:867;Drone3:913,188.0284,relative_computed,local,
Drone2_e868,Drone2,Drone1:862;Drone2:868;Drone3:913,188.1626,relative_computed,local,
Drone3_e928,Drone3,Drone1:869;Drone2:830;Drone3:928,189.1820,position_sent,local,
Drone1_e872,Drone1,Drone1:872;Drone2:830;Drone3:909,188.7961,formation_hold,local,
Drone2_e869,Drone2,Drone1:862;Drone2:869;Drone3:913,188.4564,relative_computed,local,
Drone2_e870,Drone2,Drone1:862;Drone2:870;Drone3:913,188.5072,relative_computed,local,
Drone3_e929,Drone3,Drone1:869;Drone2:830;Drone3:929,189.4409,position_sent,local,
Drone1_e873,Drone1,Drone1:873;Drone2:830;Drone3:909,189.0634,formation_hold,send,Drone2
Drone2_e871,Drone2,Drone1:862;Drone2:871;Drone3:913,188.7450,relative_computed,local,
Drone1_e874,Drone1,Drone1:874;Drone2:830;Drone3:909,189.2680,formation_hold,local,
Drone3_e930,Drone3,Drone1:869;Drone2:830;Drone3:930,189.6196,position_sent,local,
Drone3_e931,Drone3,Drone1:869;Drone2:860;Drone3:931,189.6738,position_sent,receive,Drone2
Drone2_e872,Drone2,Drone1:862;Drone2:872;Drone3:913,189.0374,formation_hold,local,
Drone3_e932,Drone3,Drone1:869;Drone2:860;Drone3:932,189.8349,processing,local,
Drone3_e933,Drone3,Drone1:869;Drone2:860;Drone3:933,190.0697,processing,local,
Drone1_e875,Drone1,Drone1:875;Drone2:830;Drone3:909,189.5528,formation_hold,local,
Drone2_e873,Drone2,Drone1:862;Drone2:873;Drone3:913,189.3017,formation_hold,local,
Drone1_e876,Drone1,Drone1:876;Drone2:830;Drone3:909,189.6762,formation_hold,local,
Drone1_e877,Drone1,Drone1:877;Drone2:830;Drone3:909,189.9437,formation_hold,local,
Drone3_e934,Drone3,Drone1:869;Drone2:860;Drone3:934,190.2988,processing,local,
Drone1_e878,Drone1,Drone1:878;Drone2:830;Drone3:909,190.0690,formation_hold,send,Drone2
Drone3_e935,Drone3,Drone1:869;Drone2:860;Drone3:935,190.5956,processing,local,
Drone2_e874,Drone2,Drone1:865;Drone2:874;Drone3:913,189.5905,formation_hold,receive,Drone1
Drone2_e875,Drone2,Drone1:865;Drone2:875;Drone3:913,189.7007,formation_hold,local,
Drone1_e879,Drone1,Drone1:879;Drone2:830;Drone3:909,190.1454,formation_hold,send,Drone2
Drone3_e936,Drone3,Drone1:869;Drone2:860;Drone3:936,190.8713,processing,send,Drone2
Drone2_e876,Drone2,Drone1:868;Drone2:876;Drone3:913,189.9172,formation_hold,receive,Drone1
Drone3_e937,Drone3,Drone1:869;Drone2:860;Drone3:937,191.1520,processing,send,Drone1
Drone3_e938,Drone3,Drone1:869;Drone2:860;Drone3:938,191.2246,processing,local,
Drone3_e939,Drone3,Drone1:869;Drone2:860;Drone3:939,191.3305,processing,local,
Drone3_e940,Drone3,Drone1:869;Drone2:860;Drone3:940,191.5307,processing,local,
Drone3_e941,Drone3,Drone1:869;Drone2:860;Drone3:941,191.8082,processing,local,
Drone3_e942,Drone3,Drone1:869;Drone2:860;Drone3:942,191.9537,relative_computed,local,
Drone3_e943,Drone3,Drone1:869;Drone2:860;Drone3:943,192.2452,relative_computed,local,
Drone2_e877,Drone2,Drone1:868;Drone2:877;Drone3:913,190.0231,formation_hold,local,
Drone1_e880,Drone1,Drone1:880;Drone2:860;Drone3:937,191.2243,formation_hold,receive,Drone3
Drone3_e944,Drone3,Drone1:869;Drone2:860;Drone3:944,192.3423,relative_computed,local,
Drone1_e881,Drone1,Drone1:881;Drone2:860;Drone3:937,191.3061,formation_hold,local,
Drone2_e878,Drone2,Drone1:868;Drone2:878;Drone3:913,190.2173,formation_hold,local,
Drone1_e882,Drone1,Drone1:882;Drone2:860;Drone3:937,191.5036,idle,local,
Drone1_e883,Drone1,Drone1:883;Drone2:860;Drone3:937,191.7986,idle,local,
Drone2_e879,Drone2,Drone1:868;Drone2:879;Drone3:913,190.4667,formation_hold,local,
Drone1_e884,Drone1,Drone1:884;Drone2:860;Drone3:937,191.9990,idle,local,
Drone1_e885,Drone1,Drone1:885;Drone2:860;Drone3:937,192.1836,idle,send,Drone2
Drone2_e880,Drone2,Drone1:873;Drone2:880;Drone3:913,190.7260,formation_hold,receive,Drone1
Drone2_e881,Drone2,Drone1:873;Drone2:881;Drone3:913,190.8128,formation_hold,local,
Drone2_e882,Drone2,Drone1:873;Drone2:882;Drone3:936,191.0710,idle,receive,Drone3
Drone2_e883,Drone2,Drone1:873;Drone2:883;Drone3:936,191.2932,idle,local,
Drone2_e884,Drone2,Drone1:873;Drone2:884;Drone3:936,191.5198,idle,local,
Drone2_e885,Drone2,Drone1:873;Drone2:885;Drone3:936,191.6237,idle,local,
Drone2_e886,Drone2,Drone1:873;Drone2:886;Drone3:936,191.7679,idle,local,
Drone2_e887,Drone2,Drone1:878;Drone2:887;Drone3:936,192.0299,idle,receive,Drone1
Drone1_e886,Drone1,Drone1:886;Drone2:860;Drone3:937,192.2467,idle,local,
Drone1_e887,Drone1,Drone1:887;Drone2:860;Drone3:937,192.4786,idle,local,
Drone2_e888,Drone2,Drone1:878;Drone2:888;Drone3:936,192.2447,idle,local,
Drone1_e888,Drone1,Drone1:888;Drone2:860;Drone3:937,192.6655,idle,local,
Drone2_e889,Drone2,Drone1:878;Drone2:889;Drone3:936,192.4131,idle,local,
Drone2_e890,Drone2,Drone1:878;Drone2:890;Drone3:936,192.5608,idle,local,
Drone3_e945,Drone3,Drone1:869;Drone2:860;Drone3:945,192.4629,relative_computed,local,
Drone1_e889,Drone1,Drone1:889;Drone2:860;Drone3:937,192.8525,idle,local,
Drone1_e890,Drone1,Drone1:890;Drone2:860;Drone3:937,193.1150,idle,send,Drone2
Drone3_e946,Drone3,Drone1:869;Drone2:860;Drone3:946,192.6765,relative_computed,local,
Drone3_e947,Drone3,Drone1:869;Drone2:860;Drone3:947,192.7993,relative_computed,send,Drone2
Drone1_e891,Drone1,Drone1:891;Drone2:860;Drone3:937,193.3488,idle,send,Drone2
Drone1_e892,Drone1,Drone1:892;Drone2:860;Drone3:937,193.6129,scanning,local,
Drone1_e893,Drone1,Drone1:893;Drone2:860;Drone3:937,193.9100,scanning,local,
Drone1_e894,Drone1,Drone1:894;Drone2:860;Drone3:937,194.2057,scanning,local,
Drone3_e948,Drone3,Drone1:869;Drone2:860;Drone3:948,193.0808,relative_computed,local,
Drone1_e895,Drone1,Drone1:895;Drone2:860;Drone3:937,194.3741,scanning,local,
Drone1_e896,Drone1,Drone1:896;Drone2:860;Drone3:937,194.5725,scanning,send,Drone3
Drone1_e897,Drone1,Drone1:897;Drone2:860;Drone3:937,194.7235,scanning,local,
Drone1_e898,Drone1,Drone1:898;Drone2:860;Drone3:937,194.8956,scanning,send,Drone3
Drone3_e949,Drone3,Drone1:869;Drone2:860;Drone3:949,193.1739,relative_computed,local,
Drone3_e950,Drone3,Drone1:896;Drone2:860;Drone3:950,194.8169,relative_computed,receive,Drone1
Drone3_e951,Drone3,Drone1:898;Drone2:860;Drone3:951,195.0375,relative_computed,receive,Drone1
Drone1_e899,Drone1,Drone1:899;Drone2:860;Drone3:937,195.0679,scanning,send,Drone2
Drone3_e952,Drone3,Drone1:898;Drone2:860;Drone3:952,195.1437,formation_hold,local,
Drone3_e953,Drone3,Drone1:898;Drone2:860;Drone3:953,195.3369,formation_hold,local,
Drone2_e891,Drone2,Drone1:878;Drone2:891;Drone3:936,192.6345,idle,local,
Drone3_e954,Drone3,Drone1:898;Drone2:860;Drone3:954,195.6368,formation_hold,send,Drone2
Drone3_e955,Drone3,Drone1:898;Drone2:860;Drone3:955,195.8297,formation_hold,local,
Drone1_e900,Drone1,Drone1:900;Drone2:860;Drone3:937,195.2964,scanning,local,
Drone3_e956,Drone3,Drone1:898;Drone2:860;Drone3:956,195.9781,formation_hold,send,Drone1
Drone3_e957,Drone3,Drone1:898;Drone2:860;Drone3:957,196.1607,formation_hold,local,
Drone1_e901,Drone1,Drone1:901;Drone2:860;Drone3:937,195.4926,scanning,local,
Drone3_e958,Drone3,Drone1:898;Drone2:860;Drone3:958,196.3736,formation_hold,local,
Drone1_e902,Drone1,Drone1:902;Drone2:860;Drone3:937,195.7670,target_found,local,
Drone1_e903,Drone1,Drone1:903;Drone2:860;Drone3:937,195.9908,target_found,local,
Drone1_e904,Drone1,Drone1:904;Drone2:860;Drone3:937,196.2409,target_found,local,
Drone1_e905,Drone1,Drone1:905;Drone2:860;Drone3:956,196.4541,target_found,receive,Drone3
Drone1_e906,Drone1,Drone1:906;Drone2:860;Drone3:956,196.7169,target_found,local,
Drone1_e907,Drone1,Drone1:907;Drone2:860;Drone3:956,196.8935,target_found,send,Drone2
Drone2_e892,Drone2,Drone1:878;Drone2:892;Drone3:936,192.7274,scanning,local,
Drone3_e959,Drone3,Drone1:898;Drone2:860;Drone3:959,196.4351,formation_hold,send,Drone2
Drone3_e960,Drone3,Drone1:898;Drone2:860;Drone3:960,196.5585,formation_hold,local,
Drone3_e961,Drone3,Drone1:898;Drone2:860;Drone3:961,196.7528,formation_hold,local,
Drone3_e962,Drone3,Drone1:898;Drone2:860;Drone3:962,197.0304,idle,local,
Drone2_e893,Drone2,Drone1:878;Drone2:893;Drone3:936,192.9050,scanning,local,
Drone3_e963,Drone3,Drone1:898;Drone2:860;Drone3:963,197.1397,idle,send,Drone1
Drone1_e908,Drone1,Drone1:908;Drone2:860;Drone3:963,197.4291,target_found,receive,Drone3
Drone3_e964,Drone3,Drone1:898;Drone2:860;Drone3:964,197.3377,idle,local,
Drone2_e894,Drone2,Drone1:879;Drone2:894;Drone3:936,192.9736,scanning,receive,Drone1
Drone2_e895,Drone2,Drone1:879;Drone2:895;Drone3:947,193.1236,scanning,receive,Drone3
Drone1_e909,Drone1,Drone1:909;Drone2:860;Drone3:963,197.6482,target_found,local,
Drone3_e965,Drone3,Drone1:898;Drone2:860;Drone3:965,197.4053,idle,send,Drone1
Drone3_e966,Drone3,Drone1:898;Drone2:860;Drone3:966,197.6339,idle,send,Drone1
Drone3_e967,Drone3,Drone1:898;Drone2:860;Drone3:967,197.8890,idle,local,
Drone3_e968,Drone3,Drone1:898;Drone2:860;Drone3:968,198.0181,idle,send,Drone1
Drone2_e896,Drone2,Drone1:898;Drone2:896;Drone3:954,195.7062,scanning,receive,Drone3
Drone1_e910,Drone1,Drone1:910;Drone2:860;Drone3:963,197.8692,target_found,local,
Drone2_e897,Drone2,Drone1:898;Drone2:897;Drone3:959,196.5758,scanning,receive,Drone3
Drone2_e898,Drone2,Drone1:898;Drone2:898;Drone3:959,196.6624,scanning,local,
Drone1_e911,Drone1,Drone1:911;Drone2:860;Drone3:965,198.0135,target_found,receive,Drone3
Drone1_e912,Drone1,Drone1:912;Drone2:860;Drone3:966,198.2592,position_measured,receive,Drone3
Drone1_e913,Drone1,Drone1:913;Drone2:860;Drone3:968,198.4564,position_measured,receive,Drone3
Drone2_e899,Drone2,Drone1:898;Drone2:899;Drone3:959,196.8875,scanning,receive,Drone1
Drone2_e900,Drone2,Drone1:898;Drone2:900;Drone3:959,197.0894,scanning,local,
Drone1_e914,Drone1,Drone1:914;Drone2:860;Drone3:968,198.5516,position_measured,send,Drone3
Drone3_e969,Drone3,Drone1:898;Drone2:860;Drone3:969,198.2653,idle,local,
Drone3_e970,Drone3,Drone1:898;Drone2:860;Drone3:970,198.5277,idle,local,
Drone2_e901,Drone2,Drone1:898;Drone2:901;Drone3:959,197.2042,scanning,local,
Drone3_e971,Drone3,Drone1:898;Drone2:860;Drone3:971,198.6166,idle,local,
Drone1_e915,Drone1,Drone1:915;Drone2:860;Drone3:968,198.6148,position_measured,send,Drone3
Drone3_e972,Drone3,Drone1:898;Drone2:860;Drone3:972,198.7591,scanning,local,
Drone1_e916,Drone1,Drone1:916;Drone2:860;Drone3:968,198.7693,position_measured,local,
Drone2_e902,Drone2,Drone1:898;Drone2:902;Drone3:959,197.4538,target_found,receive,Drone1
Drone3_e973,Drone3,Drone1:914;Drone2:860;Drone3:973,198.9393,scanning,receive,Drone1
Drone3_e974,Drone3,Drone1:914;Drone2:860;Drone3:974,199.1928,scanning,local,
Drone2_e903,Drone2,Drone1:898;Drone2:903;Drone3:959,197.5255,target_found,local,
Drone2_e904,Drone2,Drone1:898;Drone2:904;Drone3:959,197.6537,target_found,local,
Drone1_e917,Drone1,Drone1:917;Drone2:860;Drone3:968,198.8385,position_measured,local,
Drone1_e918,Drone1,Drone1:918;Drone2:860;Drone3:968,198.9298,position_measured,local,
Drone1_e919,Drone1,Drone1:919;Drone2:860;Drone3:968,199.1183,position_measured,send,Drone3
Drone2_e905,Drone2,Drone1:898;Drone2:905;Drone3:959,197.7064,target_found,local,
Drone2_e906,Drone2,Drone1:898;Drone2:906;Drone3:959,197.9895,target_found,local,
Drone1_e920,Drone1,Drone1:920;Drone2:860;Drone3:968,199.2971,position_measured,local,
Drone3_e975,Drone3,Drone1:914;Drone2:860;Drone3:975,199.4173,scanning,local,
Drone2_e907,Drone2,Drone1:898;Drone2:907;Drone3:959,198.2672,target_found,receive,Drone1
Drone3_e976,Drone3,Drone1:915;Drone2:860;Drone3:976,199.6429,scanning,receive,Drone1
Drone3_e977,Drone3,Drone1:919;Drone2:860;Drone3:977,199.8448,scanning,receive,Drone1
Drone1_e921,Drone1,Drone1:921;Drone2:860;Drone3:968,199.5676,position_measured,local,
Drone3_e978,Drone3,Drone1:919;Drone2:860;Drone3:978,199.9385,scanning,local,
Drone2_e908,Drone2,Drone1:898;Drone2:908;Drone3:959,198.4456,target_found,local,
Drone1_e922,Drone1,Drone1:922;Drone2:860;Drone3:968,199.7123,position_sent,local,
Drone2_e909,Drone2,Drone1:898;Drone2:909;Drone3:959,198.5801,target_found,local,
Drone3_e979,Drone3,Drone1:919;Drone2:860;Drone3:979,200.0610,scanning,send,Drone1
Drone2_e910,Drone2,Drone1:899;Drone2:910;Drone3:959,198.6307,target_found,receive,Drone1
Drone3_e980,Drone3,Drone1:919;Drone2:860;Drone3:980,200.1653,scanning,local,
Drone2_e911,Drone2,Drone1:899;Drone2:911;Drone3:959,198.9205,target_found,local,
Drone3_e981,Drone3,Drone1:919;Drone2:860;Drone3:981,200.2242,scanning,local,
Drone2_e912,Drone2,Drone1:899;Drone2:912;Drone3:959,199.1826,position_measured,local,
Drone1_e923,Drone1,Drone1:923;Drone2:860;Drone3:979,200.1931,position_sent,receive,Drone3
Drone2_e913,Drone2,Drone1:907;Drone2:913;Drone3:959,199.4551,position_measured,receive,Drone1
Drone1_e924,Drone1,Drone1:924;Drone2:860;Drone3:979,200.2453,position_sent,local,
Drone2_e914,Drone2,Drone1:907;Drone2:914;Drone3:959,199.5263,position_measured,local,
Drone3_e982,Drone3,Drone1:919;Drone2:860;Drone3:982,200.3769,target_found,local,
Drone2_e915,Drone2,Drone1:907;Drone2:915;Drone3:959,199.6328,position_measured,send,Drone3
Drone2_e916,Drone2,Drone1:907;Drone2:916;Drone3:959,199.7739,position_measured,local,
Drone1_e925,Drone1,Drone1:925;Drone2:860;Drone3:979,200.3627,position_sent,local,
Drone2_e917,Drone2,Drone1:907;Drone2:917;Drone3:959,199.9338,position_measured,local,
Drone1_e926,Drone1,Drone1:926;Drone2:860;Drone3:979,200.5212,position_sent,local,
Drone2_e918,Drone2,Drone1:907;Drone2:918;Drone3:959,200.1611,position_measured,local,
Drone1_e927,Drone1,Drone1:927;Drone2:860;Drone3:979,200.6046,position_sent,send,Drone2
Drone2_e919,Drone2,Drone1:907;Drone2:919;Drone3:959,200.4363,position_measured,local,
Drone1_e928,Drone1,Drone1:928;Drone2:860;Drone3:979,200.8917,position_sent,local,
Drone3_e983,Drone3,Drone1:919;Drone2:860;Drone3:983,200.4566,target_found,local,
Drone2_e920,Drone2,Drone1:907;Drone2:920;Drone3:959,200.6863,position_measured,local,
Drone3_e984,Drone3,Drone1:919;Drone2:915;Drone3:984,200.6320,target_found,receive,Drone2
Drone3_e985,Drone3,Drone1:919;Drone2:915;Drone3:985,200.7793,target_found,local,
Drone1_e929,Drone1,Drone1:929;Drone2:860;Drone3:979,201.1399,position_sent,local,
Drone1_e930,Drone1,Drone1:930;Drone2:860;Drone3:979,201.3817,position_sent,send,Drone2
Drone1_e931,Drone1,Drone1:931;Drone2:860;Drone3:979,201.5391,position_sent,send,Drone3
Drone3_e986,Drone3,Drone1:919;Drone2:915;Drone3:986,200.9378,target_found,local,
Drone2_e921,Drone2,Drone1:927;Drone2:921;Drone3:979,200.9265,position_measured,receive,Drone1
Drone1_e932,Drone1,Drone1:932;Drone2:860;Drone3:979,201.7715,processing,local,
Drone1_e933,Drone1,Drone1:933;Drone2:860;Drone3:979,202.0375,processing,send,Drone2
Drone3_e987,Drone3,Drone1:931;Drone2:915;Drone3:987,201.6388,target_found,receive,Drone1
Drone3_e988,Drone3,Drone1:931;Drone2:915;Drone3:988,201.7145,target_found,local,
Drone3_e989,Drone3,Drone1:931;Drone2:915;Drone3:989,201.8098,target_found,local,
Drone3_e990,Drone3,Drone1:931;Drone2:915;Drone3:990,201.8970,target_found,local,
Drone1_e934,Drone1,Drone1:934;Drone2:860;Drone3:979,202.1560,processing,send,Drone2
Drone1_e935,Drone1,Drone1:935;Drone2:860;Drone3:979,202.3125,processing,local,
Drone3_e991,Drone3,Drone1:931;Drone2:915;Drone3:991,202.0421,target_found,send,Drone1
Drone3_e992,Drone3,Drone1:931;Drone2:915;Drone3:992,202.2504,position_measured,local,
Drone1_e936,Drone1,Drone1:936;Drone2:915;Drone3:991,202.4823,processing,receive,Drone3
Drone3_e993,Drone3,Drone1:931;Drone2:915;Drone3:993,202.3133,position_measured,local,
Drone1_e937,Drone1,Drone1:937;Drone2:915;Drone3:991,202.7681,processing,send,Drone3
Drone3_e994,Drone3,Drone1:931;Drone2:915;Drone3:994,202.4433,position_measured,local,
Drone1_e938,Drone1,Drone1:938;Drone2:915;Drone3:991,202.8311,processing,send,Drone2
Drone3_e995,Drone3,Drone1:937;Drone2:915;Drone3:995,202.9361,position_measured,receive,Drone1
Drone3_e996,Drone3,Drone1:937;Drone2:915;Drone3:996,203.0492,position_measured,send,Drone1
Drone2_e922,Drone2,Drone1:930;Drone2:922;Drone3:979,201.4596,position_sent,receive,Drone1
Drone3_e997,Drone3,Drone1:937;Drone2:915;Drone3:997,203.1820,position_measured,send,Drone1
Drone3_e998,Drone3,Drone1:937;Drone2:915;Drone3:998,203.4177,position_measured,local,
Drone3_e999,Drone3,Drone1:937;Drone2:915;Drone3:999,203.5606,position_measured,local,
Drone3_e1000,Drone3,Drone1:937;Drone2:915;Drone3:1000,203.6324,position_measured,send,Drone2
Drone1_e939,Drone1,Drone1:939;Drone2:915;Drone3:996,203.1094,processing,receive,Drone3
Drone3_e1001,Drone3,Drone1:937;Drone2:915;Drone3:1001,203.7306,position_measured,local,
Drone2_e923,Drone2,Drone1:930;Drone2:923;Drone3:979,201.5283,position_sent,local,
Drone3_e1002,Drone3,Drone1:937;Drone2:915;Drone3:1002,203.8560,position_sent,local,
Drone2_e924,Drone2,Drone1:930;Drone2:924;Drone3:979,201.6288,position_sent,local,
Drone3_e1003,Drone3,Drone1:937;Drone2:915;Drone3:1003,203.9539,position_sent,send,Drone1
Drone3_e1004,Drone3,Drone1:937;Drone2:915;Drone3:1004,204.2268,position_sent,local,
Drone3_e1005,Drone3,Drone1:937;Drone2:915;Drone3:1005,204.5006,position_sent,local,
Drone2_e925,Drone2,Drone1:930;Drone2:925;Drone3:979,201.7082,position_sent,local,
Drone2_e926,Drone2,Drone1:933;Drone2:926;Drone3:979,202.2184,position_sent,receive,Drone1
Drone3_e1006,Drone3,Drone1:937;Drone2:915;Drone3:1006,204.5923,position_sent,local,
Drone2_e927,Drone2,Drone1:933;Drone2:927;Drone3:979,202.3007,position_sent,local,
Drone1_e940,Drone1,Drone1:940;Drone2:915;Drone3:996,203.1746,processing,local,
Drone3_e1007,Drone3,Drone1:937;Drone2:915;Drone3:1007,204.7661,position_sent,send,Drone2
Drone3_e1008,Drone3,Drone1:937;Drone2:915;Drone3:1008,205.0589,position_sent,local,
Drone1_e941,Drone1,Drone1:941;Drone2:915;Drone3:996,203.3519,processing,local,
Drone3_e1009,Drone3,Drone1:937;Drone2:915;Drone3:1009,205.2092,position_sent,local,
Drone2_e928,Drone2,Drone1:937;Drone2:928;Drone3:1000,203.7224,position_sent,receive,Drone3
Drone1_e942,Drone1,Drone1:942;Drone2:915;Drone3:996,203.4042,relative_computed,local,
Drone3_e1010,Drone3,Drone1:937;Drone2:915;Drone3:1010,205.4361,position_sent,local,
Drone3_e1011,Drone3,Drone1:937;Drone2:915;Drone3:1011,205.5602,position_sent,send,Drone1
Drone2_e929,Drone2,Drone1:937;Drone2:929;Drone3:1000,203.8152,position_sent,local,
Drone1_e943,Drone1,Drone1:943;Drone2:915;Drone3:996,203.5271,relative_computed,local,
Drone3_e1012,Drone3,Drone1:937;Drone2:915;Drone3:1012,205.8420,processing,send,Drone2
Drone2_e930,Drone2,Drone1:937;Drone2:930;Drone3:1000,203.8781,position_sent,local,
Drone1_e944,Drone1,Drone1:944;Drone2:915;Drone3:996,203.6296,relative_computed,local,
Drone1_e945,Drone1,Drone1:945;Drone2:915;Drone3:997,203.8378,relative_computed,receive,Drone3
Drone2_e931,Drone2,Drone1:937;Drone2:931;Drone3:1000,204.1086,position_sent,receive,Drone1
Drone2_e932,Drone2,Drone1:937;Drone2:932;Drone3:1000,204.2323,processing,local,
Drone1_e946,Drone1,Drone1:946;Drone2:915;Drone3:997,203.8904,relative_computed,local,
Drone2_e933,Drone2,Drone1:938;Drone2:933;Drone3:1000,204.3265,processing,receive,Drone1
Drone1_e947,Drone1,Drone1:947;Drone2:915;Drone3:997,204.1851,relative_computed,local,
Drone3_e1013,Drone3,Drone1:937;Drone2:915;Drone3:1013,206.1284,processing,send,Drone2
Drone2_e934,Drone2,Drone1:938;Drone2:934;Drone3:1000,204.5351,processing,local,
Drone3_e1014,Drone3,Drone1:937;Drone2:915;Drone3:1014,206.2336,processing,send,Drone2
Drone2_e935,Drone2,Drone1:938;Drone2:935;Drone3:1007,204.8550,processing,receive,Drone3
Drone1_e948,Drone1,Drone1:948;Drone2:915;Drone3:997,204.3436,relative_computed,local,
Drone1_e949,Drone1,Drone1:949;Drone2:915;Drone3:997,204.4170,relative_computed,local,
Drone1_e950,Drone1,Drone1:950;Drone2:915;Drone3:997,204.6709,relative_computed,local,
Drone1_e951,Drone1,Drone1:951;Drone2:915;Drone3:1003,204.9567,relative_computed,receive,Drone3
Drone1_e952,Drone1,Drone1:952;Drone2:915;Drone3:1003,205.0120,formation_hold,local,
Drone1_e953,Drone1,Drone1:953;Drone2:915;Drone3:1003,205.2664,formation_hold,local,
Drone3_e1015,Drone3,Drone1:937;Drone2:915;Drone3:1015,206.3009,processing,local,
Drone1_e954,Drone1,Drone1:954;Drone2:915;Drone3:1003,205.4301,formation_hold,local,
Drone3_e1016,Drone3,Drone1:937;Drone2:915;Drone3:1016,206.3760,processing,local,
Drone3_e1017,Drone3,Drone1:937;Drone2:915;Drone3:1017,206.5768,processing,send,Drone1
Drone2_e936,Drone2,Drone1:938;Drone2:936;Drone3:1012,206.0986,processing,receive,Drone3
Drone3_e1018,Drone3,Drone1:937;Drone2:915;Drone3:1018,206.6599,processing,local,
Drone1_e955,Drone1,Drone1:955;Drone2:915;Drone3:1011,205.8083,formation_hold,receive,Drone3
Drone1_e956,Drone1,Drone1:956;Drone2:915;Drone3:1011,205.8849,formation_hold,local,
Drone3_e1019,Drone3,Drone1:937;Drone2:915;Drone3:1019,206.9230,processing,local,
Drone1_e957,Drone1,Drone1:957;Drone2:915;Drone3:1017,206.8167,formation_hold,receive,Drone3
Drone2_e937,Drone2,Drone1:938;Drone2:937;Drone3:1012,206.2255,processing,local,
Drone2_e938,Drone2,Drone1:938;Drone2:938;Drone3:1013,206.4114,processing,receive,Drone3
Drone2_e939,Drone2,Drone1:938;Drone2:939;Drone3:1013,206.4921,processing,local,
Drone1_e958,Drone1,Drone1:958;Drone2:915;Drone3:1017,206.8924,formation_hold,send,Drone3
Drone2_e940,Drone2,Drone1:938;Drone2:940;Drone3:1014,206.5481,processing,receive,Drone3
Drone2_e941,Drone2,Drone1:938;Drone2:941;Drone3:1014,206.6865,processing,local,
Drone2_e942,Drone2,Drone1:938;Drone2:942;Drone3:1014,206.9082,relative_computed,send,Drone3
Drone3_e1020,Drone3,Drone1:937;Drone2:915;Drone3:1020,207.0011,processing,local,
Drone1_e959,Drone1,Drone1:959;Drone2:915;Drone3:1017,206.9985,formation_hold,local,
Drone2_e943,Drone2,Drone1:938;Drone2:943;Drone3:1014,207.1121,relative_computed,local,
Drone1_e960,Drone1,Drone1:960;Drone2:915;Drone3:1017,207.2797,formation_hold,local,
Drone1_e961,Drone1,Drone1:961;Drone2:915;Drone3:1017,207.4808,formation_hold,local,
Drone1_e962,Drone1,Drone1:962;Drone2:915;Drone3:1017,207.6145,idle,local,
Drone1_e963,Drone1,Drone1:963;Drone2:915;Drone3:1017,207.7021,idle,local,
Drone3_e1021,Drone3,Drone1:937;Drone2:915;Drone3:1021,207.2073,processing,local,
Drone2_e944,Drone2,Drone1:938;Drone2:944;Drone3:1014,207.1881,relative_computed,local,
Drone2_e945,Drone2,Drone1:938;Drone2:945;Drone3:1014,207.4713,relative_computed,local,
Drone3_e1022,Drone3,Drone1:937;Drone2:915;Drone3:1022,207.4545,relative_computed,local,
Drone1_e964,Drone1,Drone1:964;Drone2:915;Drone3:1017,207.7887,idle,local,
Drone1_e965,Drone1,Drone1:965;Drone2:915;Drone3:1017,208.0191,idle,local,
Drone2_e946,Drone2,Drone1:938;Drone2:946;Drone3:1014,207.5496,relative_computed,local,
Drone2_e947,Drone2,Drone1:938;Drone2:947;Drone3:1014,207.6692,relative_computed,local,
Drone1_e966,Drone1,Drone1:966;Drone2:915;Drone3:1017,208.1009,idle,local,
Drone2_e948,Drone2,Drone1:938;Drone2:948;Drone3:1014,207.8427,relative_computed,local,
Drone2_e949,Drone2,Drone1:938;Drone2:949;Drone3:1014,207.9962,relative_computed,local,
Drone3_e1023,Drone3,Drone1:958;Drone2:915;Drone3:1023,207.6003,relative_computed,receive,Drone1
Drone3_e1024,Drone3,Drone1:958;Drone2:915;Drone3:1024,207.7838,relative_computed,local,
Drone3_e1025,Drone3,Drone1:958;Drone2:915;Drone3:1025,207.8913,relative_computed,local,
Drone1_e967,Drone1,Drone1:967;Drone2:915;Drone3:1017,208.2564,idle,local,
Drone3_e1026,Drone3,Drone1:958;Drone2:915;Drone3:1026,208.1441,relative_computed,local,
Drone1_e968,Drone1,Drone1:968;Drone2:915;Drone3:1017,208.3652,idle,local,
Drone1_e969,Drone1,Drone1:969;Drone2:915;Drone3:1017,208.5058,idle,send,Drone2
Drone2_e950,Drone2,Drone1:938;Drone2:950;Drone3:1014,208.2765,relative_computed,local,
Drone1_e970,Drone1,Drone1:970;Drone2:915;Drone3:1017,208.6460,idle,local,
Drone1_e971,Drone1,Drone1:971;Drone2:915;Drone3:1017,208.9048,idle,send,Drone2
Drone3_e1027,Drone3,Drone1:958;Drone2:915;Drone3:1027,208.4224,relative_computed,local,
Drone1_e972,Drone1,Drone1:972;Drone2:915;Drone3:1017,208.9688,scanning,send,Drone2
Drone1_e973,Drone1,Drone1:973;Drone2:915;Drone3:1017,209.1132,scanning,send,Drone2
Drone1_e974,Drone1,Drone1:974;Drone2:915;Drone3:1017,209.2693,scanning,local,
Drone1_e975,Drone1,Drone1:975;Drone2:915;Drone3:1017,209.4850,scanning,local,
Drone1_e976,Drone1,Drone1:976;Drone2:915;Drone3:1017,209.6835,scanning,local,
Drone1_e977,Drone1,Drone1:977;Drone2:915;Drone3:1017,209.7688,scanning,send,Drone3
Drone1_e978,Drone1,Drone1:978;Drone2:915;Drone3:1017,209.8563,scanning,send,Drone3
Drone1_e979,Drone1,Drone1:979;Drone2:915;Drone3:1017,209.9413,scanning,local,
Drone3_e1028,Drone3,Drone1:958;Drone2:915;Drone3:1028,208.5473,relative_computed,local,
Drone2_e951,Drone2,Drone1:938;Drone2:951;Drone3:1014,208.4374,relative_computed,local,
Drone3_e1029,Drone3,Drone1:958;Drone2:915;Drone3:1029,208.6689,relative_computed,local,
Drone1_e980,Drone1,Drone1:980;Drone2:915;Drone3:1017,210.1423,scanning,send,Drone2
Drone1_e981,Drone1,Drone1:981;Drone2:915;Drone3:1017,210.1950,scanning,local,
Drone2_e952,Drone2,Drone1:938;Drone2:952;Drone3:1014,208.7064,formation_hold,local,
Drone3_e1030,Drone3,Drone1:958;Drone2:915;Drone3:1030,208.7835,relative_computed,local,
Drone3_e1031,Drone3,Drone1:958;Drone2:915;Drone3:1031,209.0108,relative_computed,local,
Drone2_e953,Drone2,Drone1:938;Drone2:953;Drone3:1014,208.8244,formation_hold,local,
Drone1_e982,Drone1,Drone1:982;Drone2:915;Drone3:1017,210.4895,target_found,local,
Drone1_e983,Drone1,Drone1:983;Drone2:915;Drone3:1017,210.6396,target_found,local,
Drone1_e984,Drone1,Drone1:984;Drone2:915;Drone3:1017,210.8952,target_found,send,Drone2
Drone3_e1032,Drone3,Drone1:958;Drone2:915;Drone3:1032,209.0801,formation_hold,local,
Drone3_e1033,Drone3,Drone1:958;Drone2:915;Drone3:1033,209.2084,formation_hold,local,
Drone3_e1034,Drone3,Drone1:958;Drone2:915;Drone3:1034,209.3535,formation_hold,local,
Drone1_e985,Drone1,Drone1:985;Drone2:915;Drone3:1017,211.1069,target_found,local,
Drone1_e986,Drone1,Drone1:986;Drone2:915;Drone3:1017,211.1764,target_found,send,Drone2
Drone3_e1035,Drone3,Drone1:958;Drone2:915;Drone3:1035,209.4874,formation_hold,local,
Drone1_e987,Drone1,Drone1:987;Drone2:915;Drone3:1017,211.2427,target_found,send,Drone2
Drone3_e1036,Drone3,Drone1:958;Drone2:942;Drone3:1036,209.5843,formation_hold,receive,Drone2
Drone1_e988,Drone1,Drone1:988;Drone2:915;Drone3:1017,211.3008,target_found,local,
Drone2_e954,Drone2,Drone1:969;Drone2:954;Drone3:1017,209.0153,formation_hold,receive,Drone1
Drone2_e955,Drone2,Drone1:971;Drone2:955;Drone3:1017,209.0886,formation_hold,receive,Drone1
Drone2_e956,Drone2,Drone1:972;Drone2:956;Drone3:1017,209.3266,formation_hold,receive,Drone1
Drone2_e957,Drone2,Drone1:972;Drone2:957;Drone3:1017,209.4552,formation_hold,local,
Drone2_e958,Drone2,Drone1:972;Drone2:958;Drone3:1017,209.7486,formation_hold,local,
Drone3_e1037,Drone3,Drone1:958;Drone2:942;Drone3:1037,209.7171,formation_hold,local,
Drone3_e1038,Drone3,Drone1:958;Drone2:942;Drone3:1038,209.8927,formation_hold,local,
Drone1_e989,Drone1,Drone1:989;Drone2:915;Drone3:1017,211.4700,target_found,send,Drone3
Drone1_e990,Drone1,Drone1:990;Drone2:915;Drone3:1017,211.6906,target_found,send,Drone2
Drone1_e991,Drone1,Drone1:991;Drone2:915;Drone3:1017,211.7639,target_found,local,
Drone3_e1039,Drone3,Drone1:977;Drone2:942;Drone3:1039,210.1446,formation_hold,receive,Drone1
Drone3_e1040,Drone3,Drone1:978;Drone2:942;Drone3:1040,210.4429,formation_hold,receive,Drone1
Drone3_e1041,Drone3,Drone1:978;Drone2:942;Drone3:1041,210.6751,formation_hold,local,
Drone3_e1042,Drone3,Drone1:978;Drone2:942;Drone3:1042,210.9173,idle,local,
Drone2_e959,Drone2,Drone1:972;Drone2:959;Drone3:1017,209.8834,formation_hold,local,
Drone2_e960,Drone2,Drone1:972;Drone2:960;Drone3:1017,210.1684,formation_hold,local,
Drone1_e992,Drone1,Drone1:992;Drone2:915;Drone3:1017,212.0075,position_measured,local,
Drone2_e961,Drone2,Drone1:973;Drone2:961;Drone3:1017,210.4579,formation_hold,receive,Drone1
Drone3_e1043,Drone3,Drone1:978;Drone2:942;Drone3:1043,211.0916,idle,local,
Drone1_e993,Drone1,Drone1:993;Drone2:915;Drone3:1017,212.1943,position_measured,send,Drone3
Drone1_e994,Drone1,Drone1:994;Drone2:915;Drone3:1017,212.3580,position_measured,local,
Drone1_e995,Drone1,Drone1:995;Drone2:915;Drone3:1017,212.4483,position_measured,local,
Drone2_e962,Drone2,Drone1:973;Drone2:962;Drone3:1017,210.5963,idle,local,
Drone1_e996,Drone1,Drone1:996;Drone2:915;Drone3:1017,212.5628,position_measured,send,Drone3
Drone2_e963,Drone2,Drone1:973;Drone2:963;Drone3:1017,210.8371,idle,local,
Drone2_e964,Drone2,Drone1:973;Drone2:964;Drone3:1017,210.9222,idle,local,
Drone1_e997,Drone1,Drone1:997;Drone2:915;Drone3:1017,212.7349,position_measured,local,
Drone2_e965,Drone2,Drone1:973;Drone2:965;Drone3:1017,211.0724,idle,local,
Drone3_e1044,Drone3,Drone1:978;Drone2:942;Drone3:1044,211.1739,idle,local,
Drone2_e966,Drone2,Drone1:973;Drone2:966;Drone3:1017,211.2786,idle,local,
Drone2_e967,Drone2,Drone1:980;Drone2:967;Drone3:1017,211.4550,idle,receive,Drone1
Drone2_e968,Drone2,Drone1:980;Drone2:968;Drone3:1017,211.7529,idle,local,
Drone1_e998,Drone1,Drone1:998;Drone2:915;Drone3:1017,212.9459,position_measured,local,
Drone3_e1045,Drone3,Drone1:978;Drone2:942;Drone3:1045,211.3988,idle,local,
Drone3_e1046,Drone3,Drone1:989;Drone2:942;Drone3:1046,211.5927,idle,receive,Drone1
Drone1_e999,Drone1,Drone1:999;Drone2:915;Drone3:1017,213.2093,position_measured,local,
Drone1_e1000,Drone1,Drone1:1000;Drone2:915;Drone3:1017,213.3749,position_measured,local,
Drone1_e1001,Drone1,Drone1:1001;Drone2:915;Drone3:1017,213.5420,position_measured,local,
Drone3_e1047,Drone3,Drone1:989;Drone2:942;Drone3:1047,211.7589,idle,local,
Drone1_e1002,Drone1,Drone1:1002;Drone2:915;Drone3:1017,213.8214,position_sent,send,Drone2
Drone2_e969,Drone2,Drone1:980;Drone2:969;Drone3:1017,211.8527,idle,local,
Drone2_e970,Drone2,Drone1:984;Drone2:970;Drone3:1017,212.1518,idle,receive,Drone1
Drone2_e971,Drone2,Drone1:986;Drone2:971;Drone3:1017,212.2304,idle,receive,Drone1
Drone2_e972,Drone2,Drone1:987;Drone2:972;Drone3:1017,212.5176,scanning,receive,Drone1
Drone1_e1003,Drone1,Drone1:1003;Drone2:915;Drone3:1017,213.9514,position_sent,local,
Drone1_e1004,Drone1,Drone1:1004;Drone2:915;Drone3:1017,214.1950,position_sent,local,
Drone1_e1005,Drone1,Drone1:1005;Drone2:915;Drone3:1017,214.3353,position_sent,local,
Drone2_e973,Drone2,Drone1:987;Drone2:973;Drone3:1017,212.6209,scanning,local,
Drone1_e1006,Drone1,Drone1:1006;Drone2:915;Drone3:1017,214.6235,position_sent,local,
Drone3_e1048,Drone3,Drone1:989;Drone2:942;Drone3:1048,211.8719,idle,local,
Drone1_e1007,Drone1,Drone1:1007;Drone2:915;Drone3:1017,214.7420,position_sent,send,Drone2
Drone1_e1008,Drone1,Drone1:1008;Drone2:915;Drone3:1017,215.0098,position_sent,send,Drone3
Drone3_e1049,Drone3,Drone1:993;Drone2:942;Drone3:1049,212.2903,idle,receive,Drone1
Drone1_e1009,Drone1,Drone1:1009;Drone2:915;Drone3:1017,215.1453,position_sent,send,Drone3
Drone2_e974,Drone2,Drone1:990;Drone2:974;Drone3:1017,212.9064,scanning,receive,Drone1
Drone2_e975,Drone2,Drone1:990;Drone2:975;Drone3:1017,213.1286,scanning,local,
Drone1_e1010,Drone1,Drone1:1010;Drone2:915;Drone3:1017,215.3045,position_sent,local,
Drone3_e1050,Drone3,Drone1:993;Drone2:942;Drone3:1050,212.5460,idle,local,
Drone3_e1051,Drone3,Drone1:993;Drone2:942;Drone3:1051,212.7453,idle,local,
Drone1_e1011,Drone1,Drone1:1011;Drone2:915;Drone3:1017,215.4991,position_sent,local,
Drone1_e1012,Drone1,Drone1:1012;Drone2:915;Drone3:1017,215.7957,processing,local,
Drone3_e1052,Drone3,Drone1:993;Drone2:942;Drone3:1052,212.9795,scanning,local,
Drone2_e976,Drone2,Drone1:1002;Drone2:976;Drone3:1017,214.1048,scanning,receive,Drone1
Drone2_e977,Drone2,Drone1:1002;Drone2:977;Drone3:1017,214.1832,scanning,local,
Drone3_e1053,Drone3,Drone1:993;Drone2:942;Drone3:1053,213.1597,scanning,local,
Drone1_e1013,Drone1,Drone1:1013;Drone2:915;Drone3:1017,216.0815,processing,local,
Drone1_e1014,Drone1,Drone1:1014;Drone2:915;Drone3:1017,216.2913,processing,local,
Drone3_e1054,Drone3,Drone1:996;Drone2:942;Drone3:1054,213.3961,scanning,receive,Drone1
Drone1_e1015,Drone1,Drone1:1015;Drone2:915;Drone3:1017,216.4778,processing,local,
Drone1_e1016,Drone1,Drone1:1016;Drone2:915;Drone3:1017,216.5818,processing,local,
Drone1_e1017,Drone1,Drone1:1017;Drone2:915;Drone3:1017,216.8748,processing,local,
Drone3_e1055,Drone3,Drone1:996;Drone2:942;Drone3:1055,213.5387,scanning,local,
Drone2_e978,Drone2,Drone1:1007;Drone2:978;Drone3:1017,214.9175,scanning,receive,Drone1
Drone1_e1018,Drone1,Drone1:1018;Drone2:915;Drone3:1017,217.0870,processing,local,
Drone2_e979,Drone2,Drone1:1007;Drone2:979;Drone3:1017,215.0554,scanning,local,
Drone3_e1056,Drone3,Drone1:996;Drone2:942;Drone3:1056,213.8322,scanning,local,
Drone2_e980,Drone2,Drone1:1007;Drone2:980;Drone3:1017,215.2201,scanning,send,Drone1
Drone2_e981,Drone2,Drone1:1007;Drone2:981;Drone3:1017,215.4058,scanning,send,Drone1
Drone2_e982,Drone2,Drone1:1007;Drone2:982;Drone3:1017,215.6144,target_found,send,Drone3
Drone3_e1057,Drone3,Drone1:996;Drone2:942;Drone3:1057,214.1135,scanning,local,
Drone1_e1019,Drone1,Drone1:1019;Drone2:915;Drone3:1017,217.3385,processing,local,
Drone1_e1020,Drone1,Drone1:1020;Drone2:980;Drone3:1017,217.5425,processing,receive,Drone2
Drone2_e983,Drone2,Drone1:1007;Drone2:983;Drone3:1017,215.8227,target_found,send,Drone1
Drone3_e1058,Drone3,Drone1:996;Drone2:942;Drone3:1058,214.1716,scanning,local,
Drone2_e984,Drone2,Drone1:1007;Drone2:984;Drone3:1017,215.9257,target_found,local,
Drone2_e985,Drone2,Drone1:1007;Drone2:985;Drone3:1017,216.0043,target_found,local,
Drone2_e986,Drone2,Drone1:1007;Drone2:986;Drone3:1017,216.1420,target_found,local,
Drone2_e987,Drone2,Drone1:1007;Drone2:987;Drone3:1017,216.3971,target_found,local,
Drone3_e1059,Drone3,Drone1:996;Drone2:942;Drone3:1059,214.3206,scanning,local,
Drone2_e988,Drone2,Drone1:1007;Drone2:988;Drone3:1017,216.5740,target_found,local,
Drone2_e989,Drone2,Drone1:1007;Drone2:989;Drone3:1017,216.6901,target_found,local,
Drone2_e990,Drone2,Drone1:1007;Drone2:990;Drone3:1017,216.7411,target_found,local,
Drone2_e991,Drone2,Drone1:1007;Drone2:991;Drone3:1017,216.8295,target_found,send,Drone1
Drone2_e992,Drone2,Drone1:1007;Drone2:992;Drone3:1017,217.0092,position_measured,local,
Drone3_e1060,Drone3,Drone1:996;Drone2:942;Drone3:1060,214.4543,scanning,local,
Drone3_e1061,Drone3,Drone1:996;Drone2:942;Drone3:1061,214.5648,scanning,local,
Drone2_e993,Drone2,Drone1:1007;Drone2:993;Drone3:1017,217.2664,position_measured,send,Drone3
Drone3_e1062,Drone3,Drone1:996;Drone2:942;Drone3:1062,214.8497,target_found,local,
Drone2_e994,Drone2,Drone1:1007;Drone2:994;Drone3:1017,217.3598,position_measured,local,
Drone2_e995,Drone2,Drone1:1007;Drone2:995;Drone3:1017,217.5191,position_measured,local,
Drone1_e1021,Drone1,Drone1:1021;Drone2:980;Drone3:1017,217.6241,processing,local,
Drone1_e1022,Drone1,Drone1:1022;Drone2:980;Drone3:1017,217.8702,relative_computed,local,
Drone3_e1063,Drone3,Drone1:996;Drone2:942;Drone3:1063,215.1090,target_found,local,
Drone1_e1023,Drone1,Drone1:1023;Drone2:980;Drone3:1017,217.9711,relative_computed,local,
Drone1_e1024,Drone1,Drone1:1024;Drone2:981;Drone3:1017,218.1784,relative_computed,receive,Drone2
Drone3_e1064,Drone3,Drone1:1008;Drone2:942;Drone3:1064,215.3019,target_found,receive,Drone1
Drone1_e1025,Drone1,Drone1:1025;Drone2:981;Drone3:1017,218.2610,relative_computed,local,
Drone2_e996,Drone2,Drone1:1007;Drone2:996;Drone3:1017,217.7635,position_measured,local,
Drone1_e1026,Drone1,Drone1:1026;Drone2:983;Drone3:1017,218.3852,relative_computed,receive,Drone2
Drone3_e1065,Drone3,Drone1:1008;Drone2:942;Drone3:1065,215.5335,target_found,local,
Drone2_e997,Drone2,Drone1:1007;Drone2:997;Drone3:1017,217.9784,position_measured,local,
Drone2_e998,Drone2,Drone1:1007;Drone2:998;Drone3:1017,218.1852,position_measured,send,Drone1
Drone3_e1066,Drone3,Drone1:1008;Drone2:942;Drone3:1066,215.8003,target_found,local,
Drone1_e1027,Drone1,Drone1:1027;Drone2:983;Drone3:1017,218.5842,relative_computed,local,
Drone1_e1028,Drone1,Drone1:1028;Drone2:991;Drone3:1017,218.8579,relative_computed,receive,Drone2
Drone1_e1029,Drone1,Drone1:1029;Drone2:998;Drone3:1017,219.1360,relative_computed,receive,Drone2
Drone1_e1030,Drone1,Drone1:1030;Drone2:998;Drone3:1017,219.3088,relative_computed,local,
Drone1_e1031,Drone1,Drone1:1031;Drone2:998;Drone3:1017,219.4804,relative_computed,local,
Drone3_e1067,Drone3,Drone1:1008;Drone2:982;Drone3:1067,215.9441,target_found,receive,Drone2
Drone2_e999,Drone2,Drone1:1007;Drone2:999;Drone3:1017,218.3479,position_measured,local,
Drone1_e1032,Drone1,Drone1:1032;Drone2:998;Drone3:1017,219.7563,formation_hold,send,Drone2
Drone3_e1068,Drone3,Drone1:1008;Drone2:982;Drone3:1068,216.1457,target_found,local,
Drone1_e1033,Drone1,Drone1:1033;Drone2:998;Drone3:1017,220.0548,formation_hold,send,Drone3
Drone2_e1000,Drone2,Drone1:1007;Drone2:1000;Drone3:1017,218.5479,position_measured,local,
Drone1_e1034,Drone1,Drone1:1034;Drone2:998;Drone3:1017,220.3364,formation_hold,send,Drone3
Drone1_e1035,Drone1,Drone1:1035;Drone2:998;Drone3:1017,220.5204,formation_hold,local,
Drone3_e1069,Drone3,Drone1:1008;Drone2:982;Drone3:1069,216.2338,target_found,local,
Drone2_e1001,Drone2,Drone1:1032;Drone2:1001;Drone3:1017,219.8137,position_measured,receive,Drone1
Drone1_e1036,Drone1,Drone1:1036;Drone2:998;Drone3:1017,220.6373,formation_hold,send,Drone2
Drone2_e1002,Drone2,Drone1:1036;Drone2:1002;Drone3:1017,220.7744,position_sent,receive,Drone1
Drone3_e1070,Drone3,Drone1:1008;Drone2:982;Drone3:1070,216.4006,target_found,local,
Drone2_e1003,Drone2,Drone1:1036;Drone2:1003;Drone3:1017,221.0610,position_sent,local,
Drone1_e1037,Drone1,Drone1:1037;Drone2:998;Drone3:1017,220.8591,formation_hold,send,Drone2
Drone3_e1071,Drone3,Drone1:1008;Drone2:993;Drone3:1071,217.3421,target_found,receive,Drone2
Drone3_e1072,Drone3,Drone1:1009;Drone2:993;Drone3:1072,217.6305,position_measured,receive,Drone1
Drone2_e1004,Drone2,Drone1:1036;Drone2:1004;Drone3:1017,221.2226,position_sent,local,
Drone3_e1073,Drone3,Drone1:1009;Drone2:993;Drone3:1073,217.8845,position_measured,local,
Drone3_e1074,Drone3,Drone1:1033;Drone2:998;Drone3:1074,220.2121,position_measured,receive,Drone1
Drone3_e1075,Drone3,Drone1:1034;Drone2:998;Drone3:1075,220.4988,position_measured,receive,Drone1
Drone1_e1038,Drone1,Drone1:1038;Drone2:998;Drone3:1017,220.9723,formation_hold,local,
Drone2_e1005,Drone2,Drone1:1037;Drone2:1005;Drone3:1017,221.3721,position_sent,receive,Drone1
Drone1_e1039,Drone1,Drone1:1039;Drone2:998;Drone3:1017,221.1297,formation_hold,send,Drone3
Drone1_e1040,Drone1,Drone1:1040;Drone2:998;Drone3:1017,221.1978,formation_hold,local,
Drone3_e1076,Drone3,Drone1:1039;Drone2:998;Drone3:1076,221.3746,position_measured,receive,Drone1
Drone1_e1041,Drone1,Drone1:1041;Drone2:998;Drone3:1017,221.4270,formation_hold,send,Drone2
Drone1_e1042,Drone1,Drone1:1042;Drone2:998;Drone3:1017,221.6758,idle,local,
Drone1_e1043,Drone1,Drone1:1043;Drone2:998;Drone3:1017,221.8222,idle,local,
Drone3_e1077,Drone3,Drone1:1039;Drone2:998;Drone3:1077,221.4503,position_measured,send,Drone1
Drone2_e1006,Drone2,Drone1:1037;Drone2:1006;Drone3:1017,221.6587,position_sent,local,
Drone3_e1078,Drone3,Drone1:1039;Drone2:998;Drone3:1078,221.6708,position_measured,send,Drone2
Drone2_e1007,Drone2,Drone1:1041;Drone2:1007;Drone3:1017,221.7582,position_sent,receive,Drone1
Drone1_e1044,Drone1,Drone1:1044;Drone2:998;Drone3:1017,221.9969,idle,local,
Drone2_e1008,Drone2,Drone1:1041;Drone2:1008;Drone3:1017,221.8393,position_sent,local,
Drone1_e1045,Drone1,Drone1:1045;Drone2:998;Drone3:1017,222.1947,idle,local,
Drone1_e1046,Drone1,Drone1:1046;Drone2:998;Drone3:1017,222.3160,idle,local,
Drone3_e1079,Drone3,Drone1:1039;Drone2:998;Drone3:1079,221.8648,position_measured,local,
Drone1_e1047,Drone1,Drone1:1047;Drone2:998;Drone3:1017,222.4370,idle,local,
Drone2_e1009,Drone2,Drone1:1041;Drone2:1009;Drone3:1078,221.9736,position_sent,receive,Drone3
Drone1_e1048,Drone1,Drone1:1048;Drone2:998;Drone3:1077,222.6945,idle,receive,Drone3
Drone2_e1010,Drone2,Drone1:1041;Drone2:1010;Drone3:1078,222.0923,position_sent,local,
Drone2_e1011,Drone2,Drone1:1041;Drone2:1011;Drone3:1078,222.2814,position_sent,local,
Drone2_e1012,Drone2,Drone1:1041;Drone2:1012;Drone3:1078,222.3432,processing,local,
Drone2_e1013,Drone2,Drone1:1041;Drone2:1013;Drone3:1078,222.5068,processing,local,
Drone3_e1080,Drone3,Drone1:1039;Drone2:998;Drone3:1080,221.9451,position_measured,local,
Drone2_e1014,Drone2,Drone1:1041;Drone2:1014;Drone3:1078,222.5825,processing,local,
Drone1_e1049,Drone1,Drone1:1049;Drone2:998;Drone3:1077,222.7792,idle,send,Drone2
Drone2_e1015,Drone2,Drone1:1041;Drone2:1015;Drone3:1078,222.8136,processing,local,
Drone1_e1050,Drone1,Drone1:1050;Drone2:998;Drone3:1077,223.0102,idle,send,Drone2
Drone2_e1016,Drone2,Drone1:1041;Drone2:1016;Drone3:1078,222.9979,processing,local,
Drone1_e1051,Drone1,Drone1:1051;Drone2:998;Drone3:1077,223.2772,idle,local,
Drone2_e1017,Drone2,Drone1:1041;Drone2:1017;Drone3:1078,223.0587,processing,local,
Drone1_e1052,Drone1,Drone1:1052;Drone2:998;Drone3:1077,223.3460,scanning,local,
Drone2_e1018,Drone2,Drone1:1041;Drone2:1018;Drone3:1078,223.3066,processing,local,
Drone2_e1019,Drone2,Drone1:1049;Drone2:1019;Drone3:1078,223.5878,processing,receive,Drone1
Drone3_e1081,Drone3,Drone1:1039;Drone2:998;Drone3:1081,222.0267,position_measured,local,
Drone1_e1053,Drone1,Drone1:1053;Drone2:998;Drone3:1077,223.6179,scanning,local,
Drone2_e1020,Drone2,Drone1:1049;Drone2:1020;Drone3:1078,223.8049,processing,local,
Drone3_e1082,Drone3,Drone1:1039;Drone2:998;Drone3:1082,222.2212,position_sent,local,
Drone3_e1083,Drone3,Drone1:1039;Drone2:998;Drone3:1083,222.3413,position_sent,local,
Drone3_e1084,Drone3,Drone1:1039;Drone2:998;Drone3:1084,222.4142,position_sent,local,
Drone2_e1021,Drone2,Drone1:1049;Drone2:1021;Drone3:1078,223.9431,processing,local,
Drone1_e1054,Drone1,Drone1:1054;Drone2:998;Drone3:1077,223.8518,scanning,local,
Drone1_e1055,Drone1,Drone1:1055;Drone2:998;Drone3:1077,223.9205,scanning,local,
Drone2_e1022,Drone2,Drone1:1050;Drone2:1022;Drone3:1078,224.1608,relative_computed,receive,Drone1
Drone2_e1023,Drone2,Drone1:1050;Drone2:1023;Drone3:1078,224.2578,relative_computed,local,
Drone1_e1056,Drone1,Drone1:1056;Drone2:998;Drone3:1077,224.1740,scanning,local,
Drone3_e1085,Drone3,Drone1:1039;Drone2:998;Drone3:1085,222.5426,position_sent,local,
Drone2_e1024,Drone2,Drone1:1050;Drone2:1024;Drone3:1078,224.4716,relative_computed,local,
Drone3_e1086,Drone3,Drone1:1039;Drone2:998;Drone3:1086,222.6473,position_sent,send,Drone1
Drone2_e1025,Drone2,Drone1:1050;Drone2:1025;Drone3:1078,224.6347,relative_computed,local,
Drone3_e1087,Drone3,Drone1:1039;Drone2:998;Drone3:1087,222.8923,position_sent,local,
Drone1_e1057,Drone1,Drone1:1057;Drone2:998;Drone3:1086,224.2651,scanning,receive,Drone3
Drone2_e1026,Drone2,Drone1:1050;Drone2:1026;Drone3:1078,224.8290,relative_computed,local,
Drone1_e1058,Drone1,Drone1:1058;Drone2:998;Drone3:1086,224.5013,scanning,send,Drone2
Drone1_e1059,Drone1,Drone1:1059;Drone2:998;Drone3:1086,224.5981,scanning,send,Drone3
Drone1_e1060,Drone1,Drone1:1060;Drone2:998;Drone3:1086,224.7808,scanning,local,
Drone2_e1027,Drone2,Drone1:1058;Drone2:1027;Drone3:1086,224.9676,relative_computed,receive,Drone1
Drone1_e1061,Drone1,Drone1:1061;Drone2:998;Drone3:1086,224.9578,scanning,send,Drone3
Drone1_e1062,Drone1,Drone1:1062;Drone2:998;Drone3:1086,225.1002,target_found,local,
Drone1_e1063,Drone1,Drone1:1063;Drone2:998;Drone3:1086,225.3332,target_found,local,
Drone2_e1028,Drone2,Drone1:1058;Drone2:1028;Drone3:1086,225.1183,relative_computed,send,Drone1
Drone3_e1088,Drone3,Drone1:1059;Drone2:998;Drone3:1088,224.7778,position_sent,receive,Drone1
Drone1_e1064,Drone1,Drone1:1064;Drone2:998;Drone3:1086,225.5448,target_found,local,
Drone1_e1065,Drone1,Drone1:1065;Drone2:1028;Drone3:1086,225.8186,target_found,receive,Drone2
Drone3_e1089,Drone3,Drone1:1061;Drone2:998;Drone3:1089,225.1408,position_sent,receive,Drone1
Drone2_e1029,Drone2,Drone1:1058;Drone2:1029;Drone3:1086,225.2663,relative_computed,send,Drone3
Drone1_e1066,Drone1,Drone1:1066;Drone2:1028;Drone3:1086,225.9924,target_found,send,Drone3
Drone1_e1067,Drone1,Drone1:1067;Drone2:1028;Drone3:1086,226.1293,target_found,local,
Drone2_e1030,Drone2,Drone1:1058;Drone2:1030;Drone3:1086,225.3882,relative_computed,local,
Drone1_e1068,Drone1,Drone1:1068;Drone2:1028;Drone3:1086,226.3641,target_found,send,Drone3
Drone3_e1090,Drone3,Drone1:1061;Drone2:1029;Drone3:1090,225.4866,position_sent,receive,Drone2
Drone1_e1069,Drone1,Drone1:1069;Drone2:1028;Drone3:1086,226.4495,target_found,send,Drone3
Drone1_e1070,Drone1,Drone1:1070;Drone2:1028;Drone3:1086,226.6065,target_found,local,
Drone1_e1071,Drone1,Drone1:1071;Drone2:1028;Drone3:1086,226.8768,target_found,send,Drone3
Drone1_e1072,Drone1,Drone1:1072;Drone2:1028;Drone3:1086,227.1401,position_measured,local,
Drone3_e1091,Drone3,Drone1:1066;Drone2:1029;Drone3:1091,226.1882,position_sent,receive,Drone1
Drone2_e1031,Drone2,Drone1:1058;Drone2:1031;Drone3:1086,225.5564,relative_computed,local,
Drone1_e1073,Drone1,Drone1:1073;Drone2:1028;Drone3:1086,227.3319,position_measured,local,
Drone2_e1032,Drone2,Drone1:1058;Drone2:1032;Drone3:1086,225.7377,formation_hold,local,
Drone1_e1074,Drone1,Drone1:1074;Drone2:1028;Drone3:1086,227.5757,position_measured,local,
Drone1_e1075,Drone1,Drone1:1075;Drone2:1028;Drone3:1086,227.8098,position_measured,local,
Drone2_e1033,Drone2,Drone1:1058;Drone2:1033;Drone3:1086,225.8754,formation_hold,local,
Drone3_e1092,Drone3,Drone1:1068;Drone2:1029;Drone3:1092,226.4775,processing,receive,Drone1
Drone2_e1034,Drone2,Drone1:1058;Drone2:1034;Drone3:1086,226.0007,formation_hold,send,Drone3
Drone2_e1035,Drone2,Drone1:1058;Drone2:1035;Drone3:1086,226.2443,formation_hold,local,
Drone3_e1093,Drone3,Drone1:1068;Drone2:1029;Drone3:1093,226.5949,processing,local,
Drone3_e1094,Drone3,Drone1:1068;Drone2:1029;Drone3:1094,226.6501,processing,local,
Drone2_e1036,Drone2,Drone1:1058;Drone2:1036;Drone3:1086,226.4592,formation_hold,local,
Drone1_e1076,Drone1,Drone1:1076;Drone2:1028;Drone3:1086,227.8675,position_measured,local,
Drone3_e1095,Drone3,Drone1:1068;Drone2:1029;Drone3:1095,226.9434,processing,local,
Drone2_e1037,Drone2,Drone1:1058;Drone2:1037;Drone3:1086,226.5576,formation_hold,send,Drone1
Drone2_e1038,Drone2,Drone1:1058;Drone2:1038;Drone3:1086,226.8490,formation_hold,local,
Drone3_e1096,Drone3,Drone1:1068;Drone2:1029;Drone3:1096,227.2183,processing,local,
Drone2_e1039,Drone2,Drone1:1058;Drone2:1039;Drone3:1086,227.1180,formation_hold,local,
Drone1_e1077,Drone1,Drone1:1077;Drone2:1037;Drone3:1086,228.1395,position_measured,receive,Drone2
Drone2_e1040,Drone2,Drone1:1058;Drone2:1040;Drone3:1086,227.4043,formation_hold,local,
Drone2_e1041,Drone2,Drone1:1058;Drone2:1041;Drone3:1086,227.4646,formation_hold,local,
Drone3_e1097,Drone3,Drone1:1068;Drone2:1029;Drone3:1097,227.4768,processing,local,
Drone1_e1078,Drone1,Drone1:1078;Drone2:1037;Drone3:1086,228.3033,position_measured,local,
Drone2_e1042,Drone2,Drone1:1058;Drone2:1042;Drone3:1086,227.6393,idle,send,Drone1
Drone3_e1098,Drone3,Drone1:1069;Drone2:1029;Drone3:1098,227.6576,processing,receive,Drone1
Drone2_e1043,Drone2,Drone1:1058;Drone2:1043;Drone3:1086,227.8554,idle,local,
Drone2_e1044,Drone2,Drone1:1058;Drone2:1044;Drone3:1086,227.9216,idle,local,
Drone2_e1045,Drone2,Drone1:1058;Drone2:1045;Drone3:1086,228.0259,idle,send,Drone1
Drone3_e1099,Drone3,Drone1:1069;Drone2:1034;Drone3:1099,227.7840,processing,receive,Drone2
Drone2_e1046,Drone2,Drone1:1058;Drone2:1046;Drone3:1086,228.2844,idle,local,
Drone1_e1079,Drone1,Drone1:1079;Drone2:1042;Drone3:1086,228.5729,position_measured,receive,Drone2
Drone3_e1100,Drone3,Drone1:1069;Drone2:1034;Drone3:1100,228.0263,processing,local,
Drone1_e1080,Drone1,Drone1:1080;Drone2:1042;Drone3:1086,228.8012,position_measured,local,
Drone1_e1081,Drone1,Drone1:1081;Drone2:1042;Drone3:1086,228.9004,position_measured,local,
Drone3_e1101,Drone3,Drone1:1069;Drone2:1034;Drone3:1101,228.1490,processing,local,
Drone1_e1082,Drone1,Drone1:1082;Drone2:1042;Drone3:1086,229.0391,position_sent,local,
Drone3_e1102,Drone3,Drone1:1069;Drone2:1034;Drone3:1102,228.3046,relative_computed,local,
Drone1_e1083,Drone1,Drone1:1083;Drone2:1042;Drone3:1086,229.3191,position_sent,local,
Drone3_e1103,Drone3,Drone1:1071;Drone2:1034;Drone3:1103,228.5243,relative_computed,receive,Drone1
Drone2_e1047,Drone2,Drone1:1058;Drone2:1047;Drone3:1086,228.3692,idle,local,
Drone1_e1084,Drone1,Drone1:1084;Drone2:1045;Drone3:1086,229.5077,position_sent,receive,Drone2
Drone2_e1048,Drone2,Drone1:1058;Drone2:1048;Drone3:1086,228.4935,idle,local,
Drone3_e1104,Drone3,Drone1:1071;Drone2:1034;Drone3:1104,228.6202,relative_computed,local,
Drone2_e1049,Drone2,Drone1:1058;Drone2:1049;Drone3:1086,228.7171,idle,send,Drone3
Drone3_e1105,Drone3,Drone1:1071;Drone2:1034;Drone3:1105,228.8483,relative_computed,local,
Drone2_e1050,Drone2,Drone1:1058;Drone2:1050;Drone3:1086,228.8837,idle,local,
Drone2_e1051,Drone2,Drone1:1058;Drone2:1051;Drone3:1086,229.1619,idle,local,
Drone1_e1085,Drone1,Drone1:1085;Drone2:1045;Drone3:1086,229.6629,position_sent,local,
Drone1_e1086,Drone1,Drone1:1086;Drone2:1045;Drone3:1086,229.7885,position_sent,local,
Drone1_e1087,Drone1,Drone1:1087;Drone2:1045;Drone3:1086,229.9318,position_sent,local,
Drone3_e1106,Drone3,Drone1:1071;Drone2:1034;Drone3:1106,229.0397,relative_computed,local,
Drone2_e1052,Drone2,Drone1:1058;Drone2:1052;Drone3:1086,229.2433,scanning,send,Drone3
Drone3_e1107,Drone3,Drone1:1071;Drone2:1049;Drone3:1107,229.2995,relative_computed,receive,Drone2
Drone1_e1088,Drone1,Drone1:1088;Drone2:1045;Drone3:1086,230.0652,position_sent,send,Drone2
Drone1_e1089,Drone1,Drone1:1089;Drone2:1045;Drone3:1086,230.2565,position_sent,local,
Drone3_e1108,Drone3,Drone1:1071;Drone2:1052;Drone3:1108,229.3799,relative_computed,receive,Drone2
Drone3_e1109,Drone3,Drone1:1071;Drone2:1052;Drone3:1109,229.6147,relative_computed,local,
Drone1_e1090,Drone1,Drone1:1090;Drone2:1045;Drone3:1086,230.4356,position_sent,local,
Drone3_e1110,Drone3,Drone1:1071;Drone2:1052;Drone3:1110,229.7886,relative_computed,local,
Drone1_e1091,Drone1,Drone1:1091;Drone2:1045;Drone3:1086,230.6455,position_sent,local,
Drone1_e1092,Drone1,Drone1:1092;Drone2:1045;Drone3:1086,230.7732,processing,local,
Drone1_e1093,Drone1,Drone1:1093;Drone2:1045;Drone3:1086,230.9792,processing,local,
Drone1_e1094,Drone1,Drone1:1094;Drone2:1045;Drone3:1086,231.0674,processing,send,Drone2
Drone1_e1095,Drone1,Drone1:1095;Drone2:1045;Drone3:1086,231.1792,processing,local,
Drone1_e1096,Drone1,Drone1:1096;Drone2:1045;Drone3:1086,231.4374,processing,local,
Drone2_e1053,Drone2,Drone1:1088;Drone2:1053;Drone3:1086,230.1902,scanning,receive,Drone1
Drone2_e1054,Drone2,Drone1:1088;Drone2:1054;Drone3:1086,230.4452,scanning,local,
Drone3_e1111,Drone3,Drone1:1071;Drone2:1052;Drone3:1111,230.0534,relative_computed,send,Drone2
Drone3_e1112,Drone3,Drone1:1071;Drone2:1052;Drone3:1112,230.2624,formation_hold,send,Drone1
Drone1_e1097,Drone1,Drone1:1097;Drone2:1052;Drone3:1112,231.5301,processing,receive,Drone3
Drone3_e1113,Drone3,Drone1:1071;Drone2:1052;Drone3:1113,230.3625,formation_hold,local,
Drone2_e1055,Drone2,Drone1:1088;Drone2:1055;Drone3:1111,230.7350,scanning,receive,Drone3
Drone2_e1056,Drone2,Drone1:1094;Drone2:1056;Drone3:1111,231.2152,scanning,receive,Drone1
Drone3_e1114,Drone3,Drone1:1071;Drone2:1052;Drone3:1114,230.5285,formation_hold,local,
Drone2_e1057,Drone2,Drone1:1094;Drone2:1057;Drone3:1111,231.3795,scanning,send,Drone3
Drone3_e1115,Drone3,Drone1:1094;Drone2:1057;Drone3:1115,231.4380,formation_hold,receive,Drone2
Drone3_e1116,Drone3,Drone1:1094;Drone2:1057;Drone3:1116,231.6430,formation_hold,local,
Drone1_e1098,Drone1,Drone1:1098;Drone2:1052;Drone3:1112,231.6688,processing,local,
Drone1_e1099,Drone1,Drone1:1099;Drone2:1052;Drone3:1112,231.8995,processing,local,
Drone2_e1058,Drone2,Drone1:1094;Drone2:1058;Drone3:1111,231.5189,scanning,send,Drone1
Drone3_e1117,Drone3,Drone1:1094;Drone2:1057;Drone3:1117,231.8212,formation_hold,send,Drone2
Drone1_e1100,Drone1,Drone1:1100;Drone2:1052;Drone3:1112,232.0375,processing,local,
Drone3_e1118,Drone3,Drone1:1094;Drone2:1057;Drone3:1118,231.9861,formation_hold,local,
Drone1_e1101,Drone1,Drone1:1101;Drone2:1058;Drone3:1112,232.3184,processing,receive,Drone2
Drone1_e1102,Drone1,Drone1:1102;Drone2:1058;Drone3:1112,232.5297,relative_computed,local,
Drone2_e1059,Drone2,Drone1:1094;Drone2:1059;Drone3:1111,231.7204,scanning,local,
Drone1_e1103,Drone1,Drone1:1103;Drone2:1058;Drone3:1112,232.8115,relative_computed,local,
Drone3_e1119,Drone3,Drone1:1094;Drone2:1057;Drone3:1119,232.0685,formation_hold,local,
Drone2_e1060,Drone2,Drone1:1094;Drone2:1060;Drone3:1111,231.9156,scanning,local,
Drone3_e1120,Drone3,Drone1:1094;Drone2:1057;Drone3:1120,232.2194,formation_hold,local,
Drone1_e1104,Drone1,Drone1:1104;Drone2:1058;Drone3:1112,232.9194,relative_computed,send,Drone2
Drone3_e1121,Drone3,Drone1:1094;Drone2:1057;Drone3:1121,232.3503,formation_hold,send,Drone2
Drone1_e1105,Drone1,Drone1:1105;Drone2:1058;Drone3:1112,233.1716,relative_computed,local,
Drone3_e1122,Drone3,Drone1:1094;Drone2:1057;Drone3:1122,232.4267,idle,local,
Drone1_e1106,Drone1,Drone1:1106;Drone2:1058;Drone3:1112,233.3176,relative_computed,local,
Drone2_e1061,Drone2,Drone1:1094;Drone2:1061;Drone3:1111,231.9810,scanning,local,
Drone2_e1062,Drone2,Drone1:1094;Drone2:1062;Drone3:1117,232.1414,target_found,receive,Drone3
Drone2_e1063,Drone2,Drone1:1094;Drone2:1063;Drone3:1117,232.4016,target_found,local,
Drone1_e1107,Drone1,Drone1:1107;Drone2:1058;Drone3:1112,233.5423,relative_computed,local,
Drone2_e1064,Drone2,Drone1:1094;Drone2:1064;Drone3:1121,232.5005,target_found,receive,Drone3
Drone2_e1065,Drone2,Drone1:1094;Drone2:1065;Drone3:1121,232.6220,target_found,local,
Drone1_e1108,Drone1,Drone1:1108;Drone2:1058;Drone3:1112,233.7008,relative_computed,local,
Drone3_e1123,Drone3,Drone1:1094;Drone2:1057;Drone3:1123,232.5247,idle,local,
Drone3_e1124,Drone3,Drone1:1094;Drone2:1057;Drone3:1124,232.6256,idle,send,Drone1
Drone1_e1109,Drone1,Drone1:1109;Drone2:1058;Drone3:1112,233.8407,relative_computed,local,
Drone2_e1066,Drone2,Drone1:1094;Drone2:1066;Drone3:1121,232.8882,target_found,local,
Drone2_e1067,Drone2,Drone1:1104;Drone2:1067;Drone3:1121,233.0170,target_found,receive,Drone1
Drone1_e1110,Drone1,Drone1:1110;Drone2:1058;Drone3:1112,234.0091,relative_computed,local,
Drone2_e1068,Drone2,Drone1:1104;Drone2:1068;Drone3:1121,233.2919,target_found,local,
Drone1_e1111,Drone1,Drone1:1111;Drone2:1058;Drone3:1112,234.1688,relative_computed,local,
Drone3_e1125,Drone3,Drone1:1094;Drone2:1057;Drone3:1125,232.6933,idle,local,
Drone1_e1112,Drone1,Drone1:1112;Drone2:1058;Drone3:1124,234.2441,formation_hold,receive,Drone3
Drone2_e1069,Drone2,Drone1:1104;Drone2:1069;Drone3:1121,233.3475,target_found,send,Drone3
Drone2_e1070,Drone2,Drone1:1104;Drone2:1070;Drone3:1121,233.4604,target_found,local,
Drone3_e1126,Drone3,Drone1:1104;Drone2:1069;Drone3:1126,233.6396,idle,receive,Drone2
Drone1_e1113,Drone1,Drone1:1113;Drone2:1058;Drone3:1124,234.3544,formation_hold,local,
Drone3_e1127,Drone3,Drone1:1104;Drone2:1069;Drone3:1127,233.8146,idle,local,
Drone2_e1071,Drone2,Drone1:1104;Drone2:1071;Drone3:1121,233.6469,target_found,local,
Drone1_e1114,Drone1,Drone1:1114;Drone2:1058;Drone3:1124,234.6386,formation_hold,local,
Drone2_e1072,Drone2,Drone1:1104;Drone2:1072;Drone3:1121,233.7049,position_measured,local,
Drone2_e1073,Drone2,Drone1:1104;Drone2:1073;Drone3:1121,233.9770,position_measured,send,Drone3
Drone1_e1115,Drone1,Drone1:1115;Drone2:1058;Drone3:1124,234.9197,formation_hold,send,Drone3
Drone3_e1128,Drone3,Drone1:1104;Drone2:1069;Drone3:1128,233.8802,idle,local,
Drone2_e1074,Drone2,Drone1:1104;Drone2:1074;Drone3:1121,234.1134,position_measured,send,Drone1
Drone1_e1116,Drone1,Drone1:1116;Drone2:1058;Drone3:1124,235.1192,formation_hold,local,
Drone3_e1129,Drone3,Drone1:1104;Drone2:1069;Drone3:1129,234.1520,idle,local,
Drone2_e1075,Drone2,Drone1:1104;Drone2:1075;Drone3:1121,234.2310,position_measured,local,
Drone1_e1117,Drone1,Drone1:1117;Drone2:1074;Drone3:1124,235.2961,formation_hold,receive,Drone2
Drone3_e1130,Drone3,Drone1:1104;Drone2:1073;Drone3:1130,234.2779,idle,receive,Drone2
Drone1_e1118,Drone1,Drone1:1118;Drone2:1074;Drone3:1124,235.3527,formation_hold,send,Drone2
Drone1_e1119,Drone1,Drone1:1119;Drone2:1074;Drone3:1124,235.6178,formation_hold,local,
Drone3_e1131,Drone3,Drone1:1104;Drone2:1073;Drone3:1131,234.3324,idle,local,
Drone2_e1076,Drone2,Drone1:1118;Drone2:1076;Drone3:1124,235.5766,position_measured,receive,Drone1
Drone2_e1077,Drone2,Drone1:1118;Drone2:1077;Drone3:1124,235.7640,position_measured,local,
Drone1_e1120,Drone1,Drone1:1120;Drone2:1074;Drone3:1124,235.8921,formation_hold,local,
Drone2_e1078,Drone2,Drone1:1118;Drone2:1078;Drone3:1124,235.8997,position_measured,local,
Drone1_e1121,Drone1,Drone1:1121;Drone2:1074;Drone3:1124,236.0892,formation_hold,send,Drone2
Drone1_e1122,Drone1,Drone1:1122;Drone2:1074;Drone3:1124,236.3274,idle,local,
Drone3_e1132,Drone3,Drone1:1104;Drone2:1073;Drone3:1132,234.6302,scanning,local,
Drone1_e1123,Drone1,Drone1:1123;Drone2:1074;Drone3:1124,236.4399,idle,local,
Drone1_e1124,Drone1,Drone1:1124;Drone2:1074;Drone3:1124,236.5995,idle,send,Drone2
Drone2_e1079,Drone2,Drone1:1121;Drone2:1079;Drone3:1124,236.2898,position_measured,receive,Drone1
Drone1_e1125,Drone1,Drone1:1125;Drone2:1074;Drone3:1124,236.6819,idle,local,
Drone2_e1080,Drone2,Drone1:1121;Drone2:1080;Drone3:1124,236.3704,position_measured,local,
Drone1_e1126,Drone1,Drone1:1126;Drone2:1074;Drone3:1124,236.8557,idle,send,Drone2
Drone3_e1133,Drone3,Drone1:1104;Drone2:1073;Drone3:1133,234.9046,scanning,local,
Drone1_e1127,Drone1,Drone1:1127;Drone2:1074;Drone3:1124,236.9813,idle,local,
Drone2_e1081,Drone2,Drone1:1121;Drone2:1081;Drone3:1124,236.4936,position_measured,local,
Drone3_e1134,Drone3,Drone1:1115;Drone2:1073;Drone3:1134,235.0494,scanning,receive,Drone1
Drone3_e1135,Drone3,Drone1:1115;Drone2:1073;Drone3:1135,235.1129,scanning,local,
Drone2_e1082,Drone2,Drone1:1121;Drone2:1082;Drone3:1124,236.6991,position_sent,local,
Drone2_e1083,Drone2,Drone1:1124;Drone2:1083;Drone3:1124,236.9594,position_sent,receive,Drone1
Drone3_e1136,Drone3,Drone1:1115;Drone2:1073;Drone3:1136,235.1936,scanning,send,Drone1
Drone3_e1137,Drone3,Drone1:1115;Drone2:1073;Drone3:1137,235.2791,scanning,local,
Drone1_e1128,Drone1,Drone1:1128;Drone2:1074;Drone3:1124,237.1938,idle,local,
Drone2_e1084,Drone2,Drone1:1124;Drone2:1084;Drone3:1124,237.0147,position_sent,local,
Drone1_e1129,Drone1,Drone1:1129;Drone2:1074;Drone3:1136,237.3189,idle,receive,Drone3
Drone1_e1130,Drone1,Drone1:1130;Drone2:1074;Drone3:1136,237.4928,idle,send,Drone3
Drone2_e1085,Drone2,Drone1:1126;Drone2:1085;Drone3:1124,237.1209,position_sent,receive,Drone1
Drone2_e1086,Drone2,Drone1:1126;Drone2:1086;Drone3:1124,237.3040,position_sent,send,Drone3
Drone3_e1138,Drone3,Drone1:1126;Drone2:1086;Drone3:1138,237.5883,scanning,receive,Drone2
Drone3_e1139,Drone3,Drone1:1126;Drone2:1086;Drone3:1139,237.7223,scanning,local,
Drone2_e1087,Drone2,Drone1:1126;Drone2:1087;Drone3:1124,237.5017,position_sent,local,
Drone1_e1131,Drone1,Drone1:1131;Drone2:1074;Drone3:1136,237.7501,idle,local,
Drone2_e1088,Drone2,Drone1:1126;Drone2:1088;Drone3:1124,237.7474,position_sent,local,
Drone3_e1140,Drone3,Drone1:1126;Drone2:1086;Drone3:1140,237.9742,scanning,local,
Drone3_e1141,Drone3,Drone1:1130;Drone2:1086;Drone3:1141,238.2388,scanning,receive,Drone1
Drone3_e1142,Drone3,Drone1:1130;Drone2:1086;Drone3:1142,238.4320,target_found,local,
Drone3_e1143,Drone3,Drone1:1130;Drone2:1086;Drone3:1143,238.5470,target_found,local,
Drone2_e1089,Drone2,Drone1:1126;Drone2:1089;Drone3:1124,238.0455,position_sent,local,
Drone1_e1132,Drone1,Drone1:1132;Drone2:1074;Drone3:1136,237.8702,scanning,send,Drone2
Drone3_e1144,Drone3,Drone1:1130;Drone2:1086;Drone3:1144,238.6184,target_found,local,
Drone1_e1133,Drone1,Drone1:1133;Drone2:1074;Drone3:1136,237.9942,scanning,local,
Drone3_e1145,Drone3,Drone1:1130;Drone2:1086;Drone3:1145,238.8223,target_found,local,
Drone2_e1090,Drone2,Drone1:1132;Drone2:1090;Drone3:1136,238.2911,position_sent,receive,Drone1
Drone3_e1146,Drone3,Drone1:1130;Drone2:1086;Drone3:1146,239.0144,target_found,send,Drone2
Drone2_e1091,Drone2,Drone1:1132;Drone2:1091;Drone3:1136,238.5530,position_sent,local,
Drone2_e1092,Drone2,Drone1:1132;Drone2:1092;Drone3:1136,238.7130,processing,local,
Drone2_e1093,Drone2,Drone1:1132;Drone2:1093;Drone3:1146,239.1844,processing,receive,Drone3
Drone3_e1147,Drone3,Drone1:1130;Drone2:1086;Drone3:1147,239.2093,target_found,send,Drone1
Drone1_e1134,Drone1,Drone1:1134;Drone2:1086;Drone3:1147,239.4976,scanning,receive,Drone3
Drone2_e1094,Drone2,Drone1:1132;Drone2:1094;Drone3:1146,239.2993,processing,send,Drone3
Drone2_e1095,Drone2,Drone1:1132;Drone2:1095;Drone3:1146,239.3860,processing,send,Drone1
Drone3_e1148,Drone3,Drone1:1130;Drone2:1086;Drone3:1148,239.3174,target_found,local,
Drone3_e1149,Drone3,Drone1:1132;Drone2:1094;Drone3:1149,239.5124,target_found,receive,Drone2
Drone1_e1135,Drone1,Drone1:1135;Drone2:1086;Drone3:1147,239.6046,scanning,local,
Drone3_e1150,Drone3,Drone1:1132;Drone2:1094;Drone3:1150,239.8062,target_found,local,
Drone1_e1136,Drone1,Drone1:1136;Drone2:1086;Drone3:1147,239.8690,scanning,local,
Drone2_e1096,Drone2,Drone1:1132;Drone2:1096;Drone3:1146,239.4472,processing,local,
Drone1_e1137,Drone1,Drone1:1137;Drone2:1095;Drone3:1147,240.0457,scanning,receive,Drone2
Drone1_e1138,Drone1,Drone1:1138;Drone2:1095;Drone3:1147,240.1549,scanning,local,
Drone2_e1097,Drone2,Drone1:1132;Drone2:1097;Drone3:1146,239.7045,processing,local,
Drone3_e1151,Drone3,Drone1:1132;Drone2:1094;Drone3:1151,240.0167,target_found,local,
Drone2_e1098,Drone2,Drone1:1132;Drone2:1098;Drone3:1146,239.9062,processing,send,Drone3
Drone2_e1099,Drone2,Drone1:1132;Drone2:1099;Drone3:1146,240.0583,processing,local,
Drone3_e1152,Drone3,Drone1:1132;Drone2:1098;Drone3:1152,240.2222,position_measured,receive,Drone2
Drone1_e1139,Drone1,Drone1:1139;Drone2:1095;Drone3:1147,240.2777,scanning,local,
Drone1_e1140,Drone1,Drone1:1140;Drone2:1095;Drone3:1147,240.3340,scanning,local,
Drone3_e1153,Drone3,Drone1:1132;Drone2:1098;Drone3:1153,240.3999,position_measured,send,Drone2
Drone3_e1154,Drone3,Drone1:1132;Drone2:1098;Drone3:1154,240.5953,position_measured,local,
Drone2_e1100,Drone2,Drone1:1132;Drone2:1100;Drone3:1146,240.2030,processing,local,
Drone3_e1155,Drone3,Drone1:1132;Drone2:1098;Drone3:1155,240.7405,position_measured,send,Drone1
Drone3_e1156,Drone3,Drone1:1132;Drone2:1098;Drone3:1156,241.0302,position_measured,send,Drone1
Drone1_e1141,Drone1,Drone1:1141;Drone2:1095;Drone3:1147,240.6335,scanning,local,
Drone3_e1157,Drone3,Drone1:1132;Drone2:1098;Drone3:1157,241.1847,position_measured,local,
Drone3_e1158,Drone3,Drone1:1132;Drone2:1098;Drone3:1158,241.3865,position_measured,send,Drone1
Drone3_e1159,Drone3,Drone1:1132;Drone2:1098;Drone3:1159,241.5467,position_measured,local,
Drone2_e1101,Drone2,Drone1:1132;Drone2:1101;Drone3:1153,240.6776,processing,receive,Drone3
Drone2_e1102,Drone2,Drone1:1132;Drone2:1102;Drone3:1153,240.7854,relative_computed,send,Drone3
Drone2_e1103,Drone2,Drone1:1132;Drone2:1103;Drone3:1153,240.8642,relative_computed,local,
Drone1_e1142,Drone1,Drone1:1142;Drone2:1095;Drone3:1147,240.9229,target_found,local,
Drone2_e1104,Drone2,Drone1:1132;Drone2:1104;Drone3:1153,241.0022,relative_computed,local,
Drone3_e1160,Drone3,Drone1:1132;Drone2:1102;Drone3:1160,241.7601,position_measured,receive,Drone2
Drone3_e1161,Drone3,Drone1:1132;Drone2:1102;Drone3:1161,241.8675,position_measured,send,Drone2
Drone1_e1143,Drone1,Drone1:1143;Drone2:1095;Drone3:1147,241.0341,target_found,local,
Drone2_e1105,Drone2,Drone1:1132;Drone2:1105;Drone3:1153,241.2187,relative_computed,local,
Drone3_e1162,Drone3,Drone1:1132;Drone2:1102;Drone3:1162,242.0029,position_sent,send,Drone2
Drone1_e1144,Drone1,Drone1:1144;Drone2:1098;Drone3:1155,241.2104,target_found,receive,Drone3
Drone1_e1145,Drone1,Drone1:1145;Drone2:1098;Drone3:1155,241.4185,target_found,local,
Drone1_e1146,Drone1,Drone1:1146;Drone2:1098;Drone3:1155,241.6876,target_found,local,
Drone1_e1147,Drone1,Drone1:1147;Drone2:1098;Drone3:1156,241.8035,target_found,receive,Drone3
Drone3_e1163,Drone3,Drone1:1132;Drone2:1102;Drone3:1163,242.1704,position_sent,local,
Drone1_e1148,Drone1,Drone1:1148;Drone2:1098;Drone3:1158,242.0619,target_found,receive,Drone3
Drone1_e1149,Drone1,Drone1:1149;Drone2:1098;Drone3:1158,242.3594,target_found,local,
Drone1_e1150,Drone1,Drone1:1150;Drone2:1098;Drone3:1158,242.5418,target_found,local,
Drone2_e1106,Drone2,Drone1:1132;Drone2:1106;Drone3:1153,241.3573,relative_computed,local,
Drone2_e1107,Drone2,Drone1:1132;Drone2:1107;Drone3:1153,241.4676,relative_computed,local,
Drone2_e1108,Drone2,Drone1:1132;Drone2:1108;Drone3:1161,242.0654,relative_computed,receive,Drone3
Drone3_e1164,Drone3,Drone1:1132;Drone2:1102;Drone3:1164,242.2388,position_sent,send,Drone1
Drone2_e1109,Drone2,Drone1:1132;Drone2:1109;Drone3:1161,242.3430,relative_computed,local,
Drone3_e1165,Drone3,Drone1:1132;Drone2:1102;Drone3:1165,242.4975,position_sent,local,
Drone2_e1110,Drone2,Drone1:1132;Drone2:1110;Drone3:1161,242.5681,relative_computed,local,
Drone3_e1166,Drone3,Drone1:1132;Drone2:1102;Drone3:1166,242.5856,position_sent,send,Drone1
Drone1_e1151,Drone1,Drone1:1151;Drone2:1098;Drone3:1158,242.6842,target_found,local,
Drone3_e1167,Drone3,Drone1:1132;Drone2:1102;Drone3:1167,242.7157,position_sent,local,
Drone1_e1152,Drone1,Drone1:1152;Drone2:1098;Drone3:1158,242.8812,position_measured,local,
Drone1_e1153,Drone1,Drone1:1153;Drone2:1102;Drone3:1164,243.0165,position_measured,receive,Drone3
Drone3_e1168,Drone3,Drone1:1132;Drone2:1102;Drone3:1168,242.8970,position_sent,local,
Drone3_e1169,Drone3,Drone1:1132;Drone2:1102;Drone3:1169,243.0536,position_sent,local,
Drone2_e1111,Drone2,Drone1:1132;Drone2:1111;Drone3:1162,242.8564,relative_computed,receive,Drone3
Drone1_e1154,Drone1,Drone1:1154;Drone2:1102;Drone3:1164,243.2502,position_measured,local,
Drone3_e1170,Drone3,Drone1:1132;Drone2:1102;Drone3:1170,243.2474,position_sent,send,Drone2
Drone3_e1171,Drone3,Drone1:1132;Drone2:1102;Drone3:1171,243.3843,position_sent,local,
Drone1_e1155,Drone1,Drone1:1155;Drone2:1102;Drone3:1166,243.4218,position_measured,receive,Drone3
Drone1_e1156,Drone1,Drone1:1156;Drone2:1102;Drone3:1166,243.5440,position_measured,local,
Drone2_e1112,Drone2,Drone1:1132;Drone2:1112;Drone3:1162,243.0948,formation_hold,local,
Drone1_e1157,Drone1,Drone1:1157;Drone2:1102;Drone3:1166,243.6292,position_measured,local,
Drone1_e1158,Drone1,Drone1:1158;Drone2:1102;Drone3:1166,243.8064,position_measured,local,
Drone1_e1159,Drone1,Drone1:1159;Drone2:1102;Drone3:1166,244.0964,position_measured,send,Drone2
Drone3_e1172,Drone3,Drone1:1132;Drone2:1102;Drone3:1172,243.4830,processing,local,
Drone2_e1113,Drone2,Drone1:1132;Drone2:1113;Drone3:1162,243.1513,formation_hold,local,
Drone1_e1160,Drone1,Drone1:1160;Drone2:1102;Drone3:1166,244.3294,position_measured,send,Drone3
Drone3_e1173,Drone3,Drone1:1160;Drone2:1102;Drone3:1173,244.4531,processing,receive,Drone1
Drone1_e1161,Drone1,Drone1:1161;Drone2:1102;Drone3:1166,244.6092,position_measured,local,
Drone1_e1162,Drone1,Drone1:1162;Drone2:1102;Drone3:1166,244.7672,position_sent,local,
Drone2_e1114,Drone2,Drone1:1132;Drone2:1114;Drone3:1170,243.5457,formation_hold,receive,Drone3
Drone3_e1174,Drone3,Drone1:1160;Drone2:1102;Drone3:1174,244.7452,processing,local,
Drone1_e1163,Drone1,Drone1:1163;Drone2:1102;Drone3:1166,244.8728,position_sent,local,
Drone1_e1164,Drone1,Drone1:1164;Drone2:1102;Drone3:1166,245.0496,position_sent,local,
Drone2_e1115,Drone2,Drone1:1132;Drone2:1115;Drone3:1170,243.7796,formation_hold,local,
Drone3_e1175,Drone3,Drone1:1160;Drone2:1102;Drone3:1175,244.9719,processing,local,
Drone2_e1116,Drone2,Drone1:1132;Drone2:1116;Drone3:1170,243.8392,formation_hold,local,
Drone1_e1165,Drone1,Drone1:1165;Drone2:1102;Drone3:1166,245.2982,position_sent,local,
Drone2_e1117,Drone2,Drone1:1159;Drone2:1117;Drone3:1170,244.3836,formation_hold,receive,Drone1
Drone3_e1176,Drone3,Drone1:1160;Drone2:1102;Drone3:1176,245.1685,processing,send,Drone1
Drone1_e1166,Drone1,Drone1:1166;Drone2:1102;Drone3:1166,245.4145,position_sent,local,
Drone1_e1167,Drone1,Drone1:1167;Drone2:1102;Drone3:1166,245.5113,position_sent,local,
Drone2_e1118,Drone2,Drone1:1159;Drone2:1118;Drone3:1170,244.5923,formation_hold,send,Drone1
Drone1_e1168,Drone1,Drone1:1168;Drone2:1102;Drone3:1166,245.7755,position_sent,local,
Drone3_e1177,Drone3,Drone1:1160;Drone2:1102;Drone3:1177,245.2353,processing,send,Drone2
Drone3_e1178,Drone3,Drone1:1160;Drone2:1102;Drone3:1178,245.4628,processing,local,
Drone1_e1169,Drone1,Drone1:1169;Drone2:1102;Drone3:1166,245.8913,position_sent,local,
Drone2_e1119,Drone2,Drone1:1159;Drone2:1119;Drone3:1170,244.7010,formation_hold,local,
Drone2_e1120,Drone2,Drone1:1159;Drone2:1120;Drone3:1170,244.9153,formation_hold,local,
Drone1_e1170,Drone1,Drone1:1170;Drone2:1102;Drone3:1166,246.1515,position_sent,local,
Drone2_e1121,Drone2,Drone1:1159;Drone2:1121;Drone3:1170,245.0878,formation_hold,local,
Drone3_e1179,Drone3,Drone1:1160;Drone2:1102;Drone3:1179,245.6021,processing,local,
Drone2_e1122,Drone2,Drone1:1160;Drone2:1122;Drone3:1177,245.3134,idle,receive,Drone3
Drone2_e1123,Drone2,Drone1:1160;Drone2:1123;Drone3:1177,245.4752,idle,local,
Drone1_e1171,Drone1,Drone1:1171;Drone2:1102;Drone3:1166,246.2304,position_sent,local,
Drone2_e1124,Drone2,Drone1:1160;Drone2:1124;Drone3:1177,245.6904,idle,local,
Drone2_e1125,Drone2,Drone1:1160;Drone2:1125;Drone3:1177,245.9166,idle,local,
Drone2_e1126,Drone2,Drone1:1160;Drone2:1126;Drone3:1177,246.1826,idle,local,
Drone3_e1180,Drone3,Drone1:1160;Drone2:1102;Drone3:1180,245.7108,processing,local,
Drone2_e1127,Drone2,Drone1:1160;Drone2:1127;Drone3:1177,246.4550,idle,send,Drone1
Drone2_e1128,Drone2,Drone1:1160;Drone2:1128;Drone3:1177,246.5704,idle,send,Drone3
Drone2_e1129,Drone2,Drone1:1160;Drone2:1129;Drone3:1177,246.8227,idle,local,
Drone2_e1130,Drone2,Drone1:1160;Drone2:1130;Drone3:1177,247.1008,idle,local,
Drone2_e1131,Drone2,Drone1:1160;Drone2:1131;Drone3:1177,247.2055,idle,local,
Drone3_e1181,Drone3,Drone1:1160;Drone2:1102;Drone3:1181,245.8379,processing,local,
Drone2_e1132,Drone2,Drone1:1160;Drone2:1132;Drone3:1177,247.3895,scanning,send,Drone1
Drone3_e1182,Drone3,Drone1:1160;Drone2:1128;Drone3:1182,246.6527,relative_computed,receive,Drone2
Drone3_e1183,Drone3,Drone1:1160;Drone2:1128;Drone3:1183,246.9033,relative_computed,send,Drone1
Drone1_e1172,Drone1,Drone1:1172;Drone2:1102;Drone3:1166,246.3638,processing,local,
Drone2_e1133,Drone2,Drone1:1160;Drone2:1133;Drone3:1177,247.5777,scanning,local,
Drone3_e1184,Drone3,Drone1:1160;Drone2:1128;Drone3:1184,247.0439,relative_computed,send,Drone1
Drone1_e1173,Drone1,Drone1:1173;Drone2:1102;Drone3:1166,246.6233,processing,local,
Drone2_e1134,Drone2,Drone1:1160;Drone2:1134;Drone3:1177,247.6851,scanning,local,
Drone1_e1174,Drone1,Drone1:1174;Drone2:1102;Drone3:1166,246.7562,processing,local,
Drone1_e1175,Drone1,Drone1:1175;Drone2:1102;Drone3:1166,246.8684,processing,local,
Drone1_e1176,Drone1,Drone1:1176;Drone2:1118;Drone3:1170,247.1071,processing,receive,Drone2
Drone3_e1185,Drone3,Drone1:1160;Drone2:1128;Drone3:1185,247.2917,relative_computed,send,Drone2
Drone1_e1177,Drone1,Drone1:1177;Drone2:1118;Drone3:1176,247.1632,processing,receive,Drone3
Drone3_e1186,Drone3,Drone1:1160;Drone2:1128;Drone3:1186,247.4035,relative_computed,local,
Drone2_e1135,Drone2,Drone1:1160;Drone2:1135;Drone3:1177,247.9383,scanning,local,
Drone2_e1136,Drone2,Drone1:1160;Drone2:1136;Drone3:1177,248.0211,scanning,local,
Drone3_e1187,Drone3,Drone1:1160;Drone2:1128;Drone3:1187,247.6690,relative_computed,local,
Drone1_e1178,Drone1,Drone1:1178;Drone2:1128;Drone3:1183,247.2182,processing,receive,Drone3
Drone3_e1188,Drone3,Drone1:1160;Drone2:1128;Drone3:1188,247.8702,relative_computed,local,
Drone1_e1179,Drone1,Drone1:1179;Drone2:1128;Drone3:1184,247.3168,processing,receive,Drone3
Drone3_e1189,Drone3,Drone1:1160;Drone2:1128;Drone3:1189,248.1164,relative_computed,local,
Drone2_e1137,Drone2,Drone1:1160;Drone2:1137;Drone3:1177,248.0770,scanning,local,
Drone2_e1138,Drone2,Drone1:1160;Drone2:1138;Drone3:1177,248.1519,scanning,local,
Drone3_e1190,Drone3,Drone1:1160;Drone2:1128;Drone3:1190,248.2606,relative_computed,local,
Drone2_e1139,Drone2,Drone1:1160;Drone2:1139;Drone3:1185,248.3421,scanning,receive,Drone3
Drone2_e1140,Drone2,Drone1:1160;Drone2:1140;Drone3:1185,248.4877,scanning,send,Drone1
Drone2_e1141,Drone2,Drone1:1160;Drone2:1141;Drone3:1185,248.7756,scanning,local,
Drone3_e1191,Drone3,Drone1:1160;Drone2:1128;Drone3:1191,248.4236,relative_computed,local,
Drone3_e1192,Drone3,Drone1:1160;Drone2:1128;Drone3:1192,248.5730,formation_hold,local,
Drone1_e1180,Drone1,Drone1:1180;Drone2:1128;Drone3:1184,247.4860,processing,local,
Drone1_e1181,Drone1,Drone1:1181;Drone2:1128;Drone3:1184,247.6191,processing,local,
Drone3_e1193,Drone3,Drone1:1160;Drone2:1128;Drone3:1193,248.6468,formation_hold,local,
Drone1_e1182,Drone1,Drone1:1182;Drone2:1128;Drone3:1184,247.8175,relative_computed,receive,Drone2
Drone1_e1183,Drone1,Drone1:1183;Drone2:1132;Drone3:1184,247.9983,relative_computed,receive,Drone2
Drone3_e1194,Drone3,Drone1:1160;Drone2:1128;Drone3:1194,248.7116,formation_hold,local,
Drone2_e1142,Drone2,Drone1:1160;Drone2:1142;Drone3:1185,249.0107,target_found,send,Drone3
Drone1_e1184,Drone1,Drone1:1184;Drone2:1140;Drone3:1185,248.7556,relative_computed,receive,Drone2
Drone2_e1143,Drone2,Drone1:1160;Drone2:1143;Drone3:1185,249.2495,target_found,local,
Drone2_e1144,Drone2,Drone1:1160;Drone2:1144;Drone3:1185,249.3778,target_found,local,
Drone3_e1195,Drone3,Drone1:1160;Drone2:1142;Drone3:1195,249.2380,formation_hold,receive,Drone2
Drone3_e1196,Drone3,Drone1:1160;Drone2:1142;Drone3:1196,249.4729,formation_hold,local,
Drone3_e1197,Drone3,Drone1:1160;Drone2:1142;Drone3:1197,249.6293,formation_hold,send,Drone1
Drone1_e1185,Drone1,Drone1:1185;Drone2:1142;Drone3:1197,249.7198,relative_computed,receive,Drone3
Drone3_e1198,Drone3,Drone1:1160;Drone2:1142;Drone3:1198,249.7887,formation_hold,send,Drone1
Drone1_e1186,Drone1,Drone1:1186;Drone2:1142;Drone3:1198,249.9625,relative_computed,receive,Drone3
Drone3_e1199,Drone3,Drone1:1160;Drone2:1142;Drone3:1199,249.9605,formation_hold,local,
Drone3_e1200,Drone3,Drone1:1160;Drone2:1142;Drone3:1200,250.1150,formation_hold,local,
Drone1_e1187,Drone1,Drone1:1187;Drone2:1142;Drone3:1198,250.2614,relative_computed,send,Drone3
Drone3_e1201,Drone3,Drone1:1160;Drone2:1142;Drone3:1201,250.3342,formation_hold,local,
Drone3_e1202,Drone3,Drone1:1187;Drone2:1142;Drone3:1202,250.5252,idle,receive,Drone1
Drone1_e1188,Drone1,Drone1:1188;Drone2:1142;Drone3:1198,250.5121,relative_computed,send,Drone2
Drone3_e1203,Drone3,Drone1:1187;Drone2:1142;Drone3:1203,250.7263,idle,local,
Drone2_e1145,Drone2,Drone1:1160;Drone2:1145;Drone3:1185,249.6618,target_found,local,
Drone3_e1204,Drone3,Drone1:1187;Drone2:1142;Drone3:1204,250.9894,idle,local,
Drone1_e1189,Drone1,Drone1:1189;Drone2:1142;Drone3:1198,250.5646,relative_computed,send,Drone3
Drone2_e1146,Drone2,Drone1:1188;Drone2:1146;Drone3:1198,250.5789,target_found,receive,Drone1
Drone1_e1190,Drone1,Drone1:1190;Drone2:1142;Drone3:1198,250.6615,relative_computed,local,
Drone3_e1205,Drone3,Drone1:1189;Drone2:1142;Drone3:1205,251.1221,idle,receive,Drone1
Drone1_e1191,Drone1,Drone1:1191;Drone2:1142;Drone3:1198,250.8601,relative_computed,local,
Drone1_e1192,Drone1,Drone1:1192;Drone2:1142;Drone3:1198,251.0499,formation_hold,local,
Drone1_e1193,Drone1,Drone1:1193;Drone2:1142;Drone3:1198,251.1034,formation_hold,local,
Drone1_e1194,Drone1,Drone1:1194;Drone2:1142;Drone3:1198,251.2996,formation_hold,send,Drone3
Drone2_e1147,Drone2,Drone1:1188;Drone2:1147;Drone3:1198,250.8206,target_found,local,
Drone2_e1148,Drone2,Drone1:1188;Drone2:1148;Drone3:1198,251.0310,target_found,local,
Drone1_e1195,Drone1,Drone1:1195;Drone2:1142;Drone3:1198,251.3753,formation_hold,send,Drone2
Drone1_e1196,Drone1,Drone1:1196;Drone2:1142;Drone3:1198,251.5662,formation_hold,send,Drone3
Drone1_e1197,Drone1,Drone1:1197;Drone2:1142;Drone3:1198,251.7631,formation_hold,local,
Drone2_e1149,Drone2,Drone1:1195;Drone2:1149;Drone3:1198,251.6670,target_found,receive,Drone1
Drone3_e1206,Drone3,Drone1:1189;Drone2:1142;Drone3:1206,251.3393,idle,local,
Drone2_e1150,Drone2,Drone1:1195;Drone2:1150;Drone3:1198,251.9128,target_found,send,Drone1
Drone1_e1198,Drone1,Drone1:1198;Drone2:1150;Drone3:1198,251.9986,formation_hold,receive,Drone2
Drone2_e1151,Drone2,Drone1:1195;Drone2:1151;Drone3:1198,252.0436,target_found,local,
Drone1_e1199,Drone1,Drone1:1199;Drone2:1150;Drone3:1198,252.1550,formation_hold,send,Drone3
Drone2_e1152,Drone2,Drone1:1195;Drone2:1152;Drone3:1198,252.2187,position_measured,local,
Drone1_e1200,Drone1,Drone1:1200;Drone2:1150;Drone3:1198,252.2993,formation_hold,send,Drone3
Drone2_e1153,Drone2,Drone1:1195;Drone2:1153;Drone3:1198,252.3575,position_measured,local,
Drone3_e1207,Drone3,Drone1:1194;Drone2:1142;Drone3:1207,251.6101,idle,receive,Drone1
Drone1_e1201,Drone1,Drone1:1201;Drone2:1150;Drone3:1198,252.5857,formation_hold,local,
Drone2_e1154,Drone2,Drone1:1195;Drone2:1154;Drone3:1198,252.6175,position_measured,local,
Drone3_e1208,Drone3,Drone1:1194;Drone2:1142;Drone3:1208,251.8339,idle,local,
Drone2_e1155,Drone2,Drone1:1195;Drone2:1155;Drone3:1198,252.8069,position_measured,local,
Drone2_e1156,Drone2,Drone1:1195;Drone2:1156;Drone3:1198,252.9014,position_measured,local,
Drone2_e1157,Drone2,Drone1:1195;Drone2:1157;Drone3:1198,253.1441,position_measured,local,
Drone2_e1158,Drone2,Drone1:1195;Drone2:1158;Drone3:1198,253.2476,position_measured,local,
Drone3_e1209,Drone3,Drone1:1194;Drone2:1142;Drone3:1209,252.1140,idle,local,
Drone1_e1202,Drone1,Drone1:1202;Drone2:1150;Drone3:1198,252.6805,idle,local,
Drone3_e1210,Drone3,Drone1:1194;Drone2:1142;Drone3:1210,252.2130,idle,local,
Drone2_e1159,Drone2,Drone1:1195;Drone2:1159;Drone3:1198,253.2990,position_measured,local,
Drone2_e1160,Drone2,Drone1:1195;Drone2:1160;Drone3:1198,253.5767,position_measured,local,
Drone2_e1161,Drone2,Drone1:1195;Drone2:1161;Drone3:1198,253.6300,position_measured,local,
Drone2_e1162,Drone2,Drone1:1195;Drone2:1162;Drone3:1198,253.8404,position_sent,send,Drone3
Drone2_e1163,Drone2,Drone1:1195;Drone2:1163;Drone3:1198,253.9589,position_sent,send,Drone3
Drone1_e1203,Drone1,Drone1:1203;Drone2:1150;Drone3:1198,252.9363,idle,local,
Drone3_e1211,Drone3,Drone1:1194;Drone2:1142;Drone3:1211,252.5123,idle,local,
Drone3_e1212,Drone3,Drone1:1194;Drone2:1142;Drone3:1212,252.6057,scanning,local,
Drone3_e1213,Drone3,Drone1:1194;Drone2:1142;Drone3:1213,252.8434,scanning,local,
Drone1_e1204,Drone1,Drone1:1204;Drone2:1150;Drone3:1198,253.1395,idle,send,Drone2
Drone3_e1214,Drone3,Drone1:1196;Drone2:1142;Drone3:1214,253.1111,scanning,receive,Drone1
Drone1_e1205,Drone1,Drone1:1205;Drone2:1150;Drone3:1198,253.2035,idle,send,Drone2
Drone3_e1215,Drone3,Drone1:1196;Drone2:1142;Drone3:1215,253.2397,scanning,local,
Drone3_e1216,Drone3,Drone1:1199;Drone2:1150;Drone3:1216,253.4534,scanning,receive,Drone1
Drone3_e1217,Drone3,Drone1:1199;Drone2:1162;Drone3:1217,254.1148,scanning,receive,Drone2
Drone1_e1206,Drone1,Drone1:1206;Drone2:1150;Drone3:1198,253.4002,idle,local,
Drone2_e1164,Drone2,Drone1:1195;Drone2:1164;Drone3:1198,254.2441,position_sent,local,
Drone2_e1165,Drone2,Drone1:1195;Drone2:1165;Drone3:1198,254.4610,position_sent,local,
Drone1_e1207,Drone1,Drone1:1207;Drone2:1150;Drone3:1198,253.6325,idle,send,Drone2
Drone1_e1208,Drone1,Drone1:1208;Drone2:1150;Drone3:1198,253.7514,idle,send,Drone2
Drone1_e1209,Drone1,Drone1:1209;Drone2:1150;Drone3:1198,253.9037,idle,local,
Drone3_e1218,Drone3,Drone1:1199;Drone2:1162;Drone3:1218,254.3743,scanning,local,
Drone1_e1210,Drone1,Drone1:1210;Drone2:1150;Drone3:1198,254.0938,idle,local,
Drone1_e1211,Drone1,Drone1:1211;Drone2:1150;Drone3:1198,254.2859,idle,local,
Drone3_e1219,Drone3,Drone1:1199;Drone2:1163;Drone3:1219,254.4463,scanning,receive,Drone2
Drone1_e1212,Drone1,Drone1:1212;Drone2:1150;Drone3:1198,254.3823,scanning,send,Drone2
Drone3_e1220,Drone3,Drone1:1199;Drone2:1163;Drone3:1220,254.5014,scanning,local,
Drone1_e1213,Drone1,Drone1:1213;Drone2:1150;Drone3:1198,254.4866,scanning,local,
Drone2_e1166,Drone2,Drone1:1195;Drone2:1166;Drone3:1198,254.7303,position_sent,local,
Drone1_e1214,Drone1,Drone1:1214;Drone2:1150;Drone3:1198,254.7069,scanning,local,
Drone1_e1215,Drone1,Drone1:1215;Drone2:1150;Drone3:1198,254.9414,scanning,local,
Drone2_e1167,Drone2,Drone1:1204;Drone2:1167;Drone3:1198,254.8248,position_sent,receive,Drone1
Drone1_e1216,Drone1,Drone1:1216;Drone2:1150;Drone3:1198,255.0949,scanning,local,
Drone1_e1217,Drone1,Drone1:1217;Drone2:1150;Drone3:1198,255.1892,scanning,send,Drone2
Drone2_e1168,Drone2,Drone1:1205;Drone2:1168;Drone3:1198,254.9409,position_sent,receive,Drone1
Drone2_e1169,Drone2,Drone1:1207;Drone2:1169;Drone3:1198,255.0782,position_sent,receive,Drone1
Drone3_e1221,Drone3,Drone1:1199;Drone2:1163;Drone3:1221,254.7587,scanning,local,
Drone3_e1222,Drone3,Drone1:1199;Drone2:1163;Drone3:1222,254.8179,target_found,local,
Drone3_e1223,Drone3,Drone1:1200;Drone2:1163;Drone3:1223,255.1164,target_found,receive,Drone1
Drone2_e1170,Drone2,Drone1:1208;Drone2:1170;Drone3:1198,255.1800,position_sent,receive,Drone1
Drone3_e1224,Drone3,Drone1:1200;Drone2:1163;Drone3:1224,255.3043,target_found,local,
Drone3_e1225,Drone3,Drone1:1200;Drone2:1163;Drone3:1225,255.3770,target_found,local,
Drone1_e1218,Drone1,Drone1:1218;Drone2:1150;Drone3:1198,255.3044,scanning,send,Drone3
Drone1_e1219,Drone1,Drone1:1219;Drone2:1150;Drone3:1198,255.5122,scanning,local,
Drone2_e1171,Drone2,Drone1:1212;Drone2:1171;Drone3:1198,255.3231,position_sent,receive,Drone1
Drone2_e1172,Drone2,Drone1:1212;Drone2:1172;Drone3:1198,255.5984,processing,local,
Drone2_e1173,Drone2,Drone1:1212;Drone2:1173;Drone3:1198,255.8058,processing,local,
Drone1_e1220,Drone1,Drone1:1220;Drone2:1150;Drone3:1198,255.6458,scanning,send,Drone3
Drone3_e1226,Drone3,Drone1:1200;Drone2:1163;Drone3:1226,255.4737,target_found,local,
Drone2_e1174,Drone2,Drone1:1217;Drone2:1174;Drone3:1198,255.9925,processing,receive,Drone1
Drone1_e1221,Drone1,Drone1:1221;Drone2:1150;Drone3:1198,255.8500,scanning,local,
Drone3_e1227,Drone3,Drone1:1200;Drone2:1163;Drone3:1227,255.6325,target_found,local,
Drone2_e1175,Drone2,Drone1:1217;Drone2:1175;Drone3:1198,256.1034,processing,local,
Drone3_e1228,Drone3,Drone1:1218;Drone2:1163;Drone3:1228,255.8031,target_found,receive,Drone1
Drone2_e1176,Drone2,Drone1:1217;Drone2:1176;Drone3:1198,256.3961,processing,local,
Drone1_e1222,Drone1,Drone1:1222;Drone2:1150;Drone3:1198,256.1252,target_found,local,
Drone3_e1229,Drone3,Drone1:1220;Drone2:1163;Drone3:1229,256.0466,target_found,receive,Drone1
Drone3_e1230,Drone3,Drone1:1220;Drone2:1163;Drone3:1230,256.1038,target_found,local,
Drone3_e1231,Drone3,Drone1:1220;Drone2:1163;Drone3:1231,256.3754,target_found,send,Drone2
Drone3_e1232,Drone3,Drone1:1220;Drone2:1163;Drone3:1232,256.4750,position_measured,local,
Drone3_e1233,Drone3,Drone1:1220;Drone2:1163;Drone3:1233,256.5575,position_measured,local,
Drone2_e1177,Drone2,Drone1:1217;Drone2:1177;Drone3:1198,256.4595,processing,local,
Drone1_e1223,Drone1,Drone1:1223;Drone2:1150;Drone3:1198,256.3667,target_found,local,
Drone2_e1178,Drone2,Drone1:1217;Drone2:1178;Drone3:1198,256.5509,processing,local,
Drone1_e1224,Drone1,Drone1:1224;Drone2:1150;Drone3:1198,256.4668,target_found,local,
Drone1_e1225,Drone1,Drone1:1225;Drone2:1150;Drone3:1198,256.5369,target_found,local,
Drone1_e1226,Drone1,Drone1:1226;Drone2:1150;Drone3:1198,256.6960,target_found,local,
Drone3_e1234,Drone3,Drone1:1220;Drone2:1163;Drone3:1234,256.6087,position_measured,send,Drone2
Drone1_e1227,Drone1,Drone1:1227;Drone2:1150;Drone3:1198,256.8637,target_found,local,
Drone3_e1235,Drone3,Drone1:1220;Drone2:1163;Drone3:1235,256.7119,position_measured,local,
Drone2_e1179,Drone2,Drone1:1217;Drone2:1179;Drone3:1198,256.8087,processing,local,
Drone3_e1236,Drone3,Drone1:1220;Drone2:1163;Drone3:1236,256.8588,position_measured,send,Drone1
Drone2_e1180,Drone2,Drone1:1217;Drone2:1180;Drone3:1198,256.8921,processing,local,
Drone2_e1181,Drone2,Drone1:1217;Drone2:1181;Drone3:1198,257.1470,processing,local,
Drone3_e1237,Drone3,Drone1:1220;Drone2:1163;Drone3:1237,257.0580,position_measured,local,
Drone3_e1238,Drone3,Drone1:1220;Drone2:1163;Drone3:1238,257.2755,position_measured,send,Drone2
Drone3_e1239,Drone3,Drone1:1220;Drone2:1163;Drone3:1239,257.5174,position_measured,send,Drone1
Drone2_e1182,Drone2,Drone1:1220;Drone2:1182;Drone3:1231,257.3497,relative_computed,receive,Drone3
Drone2_e1183,Drone2,Drone1:1220;Drone2:1183;Drone3:1231,257.5611,relative_computed,local,
Drone1_e1228,Drone1,Drone1:1228;Drone2:1150;Drone3:1198,256.9248,target_found,local,
Drone2_e1184,Drone2,Drone1:1220;Drone2:1184;Drone3:1231,257.6959,relative_computed,local,
Drone3_e1240,Drone3,Drone1:1220;Drone2:1163;Drone3:1240,257.6387,position_measured,send,Drone1
Drone2_e1185,Drone2,Drone1:1220;Drone2:1185;Drone3:1231,257.8661,relative_computed,local,
Drone2_e1186,Drone2,Drone1:1220;Drone2:1186;Drone3:1231,258.0215,relative_computed,local,
Drone1_e1229,Drone1,Drone1:1229;Drone2:1163;Drone3:1236,257.0910,target_found,receive,Drone3
Drone1_e1230,Drone1,Drone1:1230;Drone2:1163;Drone3:1239,257.7314,target_found,receive,Drone3
Drone2_e1187,Drone2,Drone1:1220;Drone2:1187;Drone3:1231,258.0746,relative_computed,local,
Drone2_e1188,Drone2,Drone1:1220;Drone2:1188;Drone3:1234,258.2962,relative_computed,receive,Drone3
Drone1_e1231,Drone1,Drone1:1231;Drone2:1163;Drone3:1239,258.0214,target_found,local,
Drone2_e1189,Drone2,Drone1:1220;Drone2:1189;Drone3:1234,258.3598,relative_computed,local,
Drone2_e1190,Drone2,Drone1:1220;Drone2:1190;Drone3:1238,258.5607,relative_computed,receive,Drone3
Drone2_e1191,Drone2,Drone1:1220;Drone2:1191;Drone3:1238,258.8060,relative_computed,local,
Drone3_e1241,Drone3,Drone1:1220;Drone2:1163;Drone3:1241,257.8224,position_measured,local,
Drone2_e1192,Drone2,Drone1:1220;Drone2:1192;Drone3:1238,259.1011,formation_hold,send,Drone1
Drone3_e1242,Drone3,Drone1:1220;Drone2:1163;Drone3:1242,258.0900,position_sent,local,
Drone1_e1232,Drone1,Drone1:1232;Drone2:1163;Drone3:1240,258.3084,position_measured,receive,Drone3
Drone3_e1243,Drone3,Drone1:1220;Drone2:1163;Drone3:1243,258.1894,position_sent,local,
Drone3_e1244,Drone3,Drone1:1220;Drone2:1163;Drone3:1244,258.3532,position_sent,local,
Drone1_e1233,Drone1,Drone1:1233;Drone2:1163;Drone3:1240,258.3684,position_measured,local,
Drone2_e1193,Drone2,Drone1:1220;Drone2:1193;Drone3:1238,259.1637,formation_hold,local,
Drone3_e1245,Drone3,Drone1:1220;Drone2:1163;Drone3:1245,258.4662,position_sent,local,
Drone2_e1194,Drone2,Drone1:1220;Drone2:1194;Drone3:1238,259.4054,formation_hold,local,
Drone1_e1234,Drone1,Drone1:1234;Drone2:1163;Drone3:1240,258.4631,position_measured,local,
Drone2_e1195,Drone2,Drone1:1220;Drone2:1195;Drone3:1238,259.5671,formation_hold,local,
Drone2_e1196,Drone2,Drone1:1220;Drone2:1196;Drone3:1238,259.7660,formation_hold,local,
Drone2_e1197,Drone2,Drone1:1220;Drone2:1197;Drone3:1238,259.9488,formation_hold,local,
Drone2_e1198,Drone2,Drone1:1220;Drone2:1198;Drone3:1238,260.1326,formation_hold,send,Drone1
Drone1_e1235,Drone1,Drone1:1235;Drone2:1163;Drone3:1240,258.6713,position_measured,local,
Drone2_e1199,Drone2,Drone1:1220;Drone2:1199;Drone3:1238,260.2689,formation_hold,local,
Drone2_e1200,Drone2,Drone1:1220;Drone2:1200;Drone3:1238,260.3799,formation_hold,local,
Drone3_e1246,Drone3,Drone1:1220;Drone2:1163;Drone3:1246,258.6585,position_sent,local,
Drone1_e1236,Drone1,Drone1:1236;Drone2:1192;Drone3:1240,259.1607,position_measured,receive,Drone2
Drone3_e1247,Drone3,Drone1:1220;Drone2:1163;Drone3:1247,258.8680,position_sent,local,
Drone1_e1237,Drone1,Drone1:1237;Drone2:1198;Drone3:1240,260.2670,position_measured,receive,Drone2
Drone3_e1248,Drone3,Drone1:1220;Drone2:1163;Drone3:1248,259.0236,position_sent,local,
Drone1_e1238,Drone1,Drone1:1238;Drone2:1198;Drone3:1240,260.4974,position_measured,send,Drone3
Drone3_e1249,Drone3,Drone1:1220;Drone2:1163;Drone3:1249,259.2828,position_sent,local,
Drone2_e1201,Drone2,Drone1:1220;Drone2:1201;Drone3:1238,260.6284,formation_hold,local,
Drone3_e1250,Drone3,Drone1:1238;Drone2:1198;Drone3:1250,260.7013,position_sent,receive,Drone1
Drone3_e1251,Drone3,Drone1:1238;Drone2:1198;Drone3:1251,260.8123,position_sent,local,
Drone1_e1239,Drone1,Drone1:1239;Drone2:1198;Drone3:1240,260.6656,position_measured,local,
Drone2_e1202,Drone2,Drone1:1220;Drone2:1202;Drone3:1238,260.7476,idle,send,Drone1
Drone3_e1252,Drone3,Drone1:1238;Drone2:1198;Drone3:1252,261.0897,processing,send,Drone2
Drone3_e1253,Drone3,Drone1:1238;Drone2:1198;Drone3:1253,261.2415,processing,send,Drone1
Drone1_e1240,Drone1,Drone1:1240;Drone2:1198;Drone3:1240,260.8800,position_measured,local,
Drone2_e1203,Drone2,Drone1:1238;Drone2:1203;Drone3:1252,261.1640,idle,receive,Drone3
Drone1_e1241,Drone1,Drone1:1241;Drone2:1198;Drone3:1253,261.3467,position_measured,receive,Drone3
Drone3_e1254,Drone3,Drone1:1238;Drone2:1198;Drone3:1254,261.4385,processing,send,Drone2
Drone3_e1255,Drone3,Drone1:1238;Drone2:1198;Drone3:1255,261.6238,processing,local,
Drone2_e1204,Drone2,Drone1:1238;Drone2:1204;Drone3:1252,261.2171,idle,local,
Drone2_e1205,Drone2,Drone1:1238;Drone2:1205;Drone3:1254,261.5264,idle,receive,Drone3
Drone3_e1256,Drone3,Drone1:1238;Drone2:1198;Drone3:1256,261.8069,processing,local,
Drone1_e1242,Drone1,Drone1:1242;Drone2:1198;Drone3:1253,261.4607,position_sent,local,
Drone1_e1243,Drone1,Drone1:1243;Drone2:1198;Drone3:1253,261.6535,position_sent,local,
Drone1_e1244,Drone1,Drone1:1244;Drone2:1198;Drone3:1253,261.8438,position_sent,local,
Drone2_e1206,Drone2,Drone1:1238;Drone2:1206;Drone3:1254,261.6524,idle,send,Drone3
Drone2_e1207,Drone2,Drone1:1238;Drone2:1207;Drone3:1254,261.8193,idle,local,
Drone1_e1245,Drone1,Drone1:1245;Drone2:1198;Drone3:1253,261.9355,position_sent,local,
Drone2_e1208,Drone2,Drone1:1238;Drone2:1208;Drone3:1254,261.9731,idle,local,
Drone1_e1246,Drone1,Drone1:1246;Drone2:1198;Drone3:1253,262.0565,position_sent,local,
Drone3_e1257,Drone3,Drone1:1238;Drone2:1198;Drone3:1257,261.9156,processing,local,
Drone3_e1258,Drone3,Drone1:1238;Drone2:1206;Drone3:1258,261.9898,processing,receive,Drone2
Drone1_e1247,Drone1,Drone1:1247;Drone2:1202;Drone3:1253,262.2492,position_sent,receive,Drone2
Drone1_e1248,Drone1,Drone1:1248;Drone2:1202;Drone3:1253,262.4909,position_sent,local,
Drone3_e1259,Drone3,Drone1:1238;Drone2:1206;Drone3:1259,262.1773,processing,local,
Drone2_e1209,Drone2,Drone1:1238;Drone2:1209;Drone3:1254,262.1277,idle,local,
Drone3_e1260,Drone3,Drone1:1238;Drone2:1206;Drone3:1260,262.3849,processing,send,Drone2
Drone3_e1261,Drone3,Drone1:1238;Drone2:1206;Drone3:1261,262.6750,processing,local,
Drone3_e1262,Drone3,Drone1:1238;Drone2:1206;Drone3:1262,262.8589,relative_computed,local,
Drone2_e1210,Drone2,Drone1:1238;Drone2:1210;Drone3:1260,262.5586,idle,receive,Drone3
Drone2_e1211,Drone2,Drone1:1238;Drone2:1211;Drone3:1260,262.6478,idle,send,Drone3
Drone1_e1249,Drone1,Drone1:1249;Drone2:1202;Drone3:1253,262.5417,position_sent,local,
Drone2_e1212,Drone2,Drone1:1238;Drone2:1212;Drone3:1260,262.8619,scanning,local,
Drone3_e1263,Drone3,Drone1:1238;Drone2:1206;Drone3:1263,263.0047,relative_computed,local,
Drone3_e1264,Drone3,Drone1:1238;Drone2:1206;Drone3:1264,263.1593,relative_computed,local,
Drone1_e1250,Drone1,Drone1:1250;Drone2:1202;Drone3:1253,262.7464,position_sent,local,
Drone1_e1251,Drone1,Drone1:1251;Drone2:1202;Drone3:1253,262.9223,position_sent,local,
Drone1_e1252,Drone1,Drone1:1252;Drone2:1202;Drone3:1253,263.1553,processing,local,
Drone1_e1253,Drone1,Drone1:1253;Drone2:1202;Drone3:1253,263.2678,processing,local,
Drone3_e1265,Drone3,Drone1:1238;Drone2:1206;Drone3:1265,263.3804,relative_computed,local,
Drone2_e1213,Drone2,Drone1:1238;Drone2:1213;Drone3:1260,263.0499,scanning,send,Drone3
Drone1_e1254,Drone1,Drone1:1254;Drone2:1202;Drone3:1253,263.3582,processing,local,
Drone2_e1214,Drone2,Drone1:1238;Drone2:1214;Drone3:1260,263.1597,scanning,local,
Drone2_e1215,Drone2,Drone1:1238;Drone2:1215;Drone3:1260,263.4401,scanning,local,
Drone2_e1216,Drone2,Drone1:1238;Drone2:1216;Drone3:1260,263.7137,scanning,send,Drone1
Drone1_e1255,Drone1,Drone1:1255;Drone2:1202;Drone3:1253,263.5230,processing,local,
Drone3_e1266,Drone3,Drone1:1238;Drone2:1206;Drone3:1266,263.6778,relative_computed,local,
Drone1_e1256,Drone1,Drone1:1256;Drone2:1202;Drone3:1253,263.6980,processing,local,
Drone1_e1257,Drone1,Drone1:1257;Drone2:1202;Drone3:1253,263.9575,processing,local,
Drone1_e1258,Drone1,Drone1:1258;Drone2:1216;Drone3:1260,264.0092,processing,receive,Drone2
Drone1_e1259,Drone1,Drone1:1259;Drone2:1216;Drone3:1260,264.1608,processing,local,
Drone3_e1267,Drone3,Drone1:1238;Drone2:1206;Drone3:1267,263.9433,relative_computed,local,
Drone1_e1260,Drone1,Drone1:1260;Drone2:1216;Drone3:1260,264.4502,processing,local,
Drone3_e1268,Drone3,Drone1:1238;Drone2:1206;Drone3:1268,264.1723,relative_computed,local,
Drone3_e1269,Drone3,Drone1:1238;Drone2:1206;Drone3:1269,264.3558,relative_computed,local,
Drone1_e1261,Drone1,Drone1:1261;Drone2:1216;Drone3:1260,264.7071,processing,local,
Drone1_e1262,Drone1,Drone1:1262;Drone2:1216;Drone3:1260,264.9642,relative_computed,send,Drone3
Drone3_e1270,Drone3,Drone1:1238;Drone2:1206;Drone3:1270,264.4967,relative_computed,local,
Drone3_e1271,Drone3,Drone1:1238;Drone2:1206;Drone3:1271,264.7040,relative_computed,local,
Drone2_e1217,Drone2,Drone1:1238;Drone2:1217;Drone3:1260,263.7947,scanning,local,
Drone1_e1263,Drone1,Drone1:1263;Drone2:1216;Drone3:1260,265.2037,relative_computed,local,
Drone3_e1272,Drone3,Drone1:1238;Drone2:1206;Drone3:1272,264.7819,formation_hold,local,
Drone1_e1264,Drone1,Drone1:1264;Drone2:1216;Drone3:1260,265.4178,relative_computed,local,
Drone1_e1265,Drone1,Drone1:1265;Drone2:1216;Drone3:1260,265.6667,relative_computed,local,
Drone1_e1266,Drone1,Drone1:1266;Drone2:1216;Drone3:1260,265.8772,relative_computed,send,Drone3
Drone1_e1267,Drone1,Drone1:1267;Drone2:1216;Drone3:1260,266.1045,relative_computed,local,
Drone1_e1268,Drone1,Drone1:1268;Drone2:1216;Drone3:1260,266.2401,relative_computed,local,
Drone3_e1273,Drone3,Drone1:1238;Drone2:1206;Drone3:1273,265.0288,formation_hold,local,
Drone3_e1274,Drone3,Drone1:1238;Drone2:1211;Drone3:1274,265.2274,formation_hold,receive,Drone2
Drone1_e1269,Drone1,Drone1:1269;Drone2:1216;Drone3:1260,266.2966,relative_computed,send,Drone3
Drone2_e1218,Drone2,Drone1:1238;Drone2:1218;Drone3:1260,264.0232,scanning,local,
Drone2_e1219,Drone2,Drone1:1238;Drone2:1219;Drone3:1260,264.1127,scanning,local,
Drone3_e1275,Drone3,Drone1:1238;Drone2:1213;Drone3:1275,265.4457,formation_hold,receive,Drone2
Drone1_e1270,Drone1,Drone1:1270;Drone2:1216;Drone3:1260,266.5203,relative_computed,local,
Drone1_e1271,Drone1,Drone1:1271;Drone2:1216;Drone3:1260,266.7851,relative_computed,local,
Drone2_e1220,Drone2,Drone1:1238;Drone2:1220;Drone3:1260,264.1697,scanning,local,
Drone1_e1272,Drone1,Drone1:1272;Drone2:1216;Drone3:1260,266.8722,formation_hold,local,
Drone1_e1273,Drone1,Drone1:1273;Drone2:1216;Drone3:1260,267.0415,formation_hold,send,Drone3
Drone1_e1274,Drone1,Drone1:1274;Drone2:1216;Drone3:1260,267.2524,formation_hold,local,
Drone3_e1276,Drone3,Drone1:1238;Drone2:1213;Drone3:1276,265.5743,formation_hold,local,
Drone2_e1221,Drone2,Drone1:1238;Drone2:1221;Drone3:1260,264.4513,scanning,local,
Drone3_e1277,Drone3,Drone1:1262;Drone2:1216;Drone3:1277,265.6681,formation_hold,receive,Drone1
Drone2_e1222,Drone2,Drone1:1238;Drone2:1222;Drone3:1260,264.5869,target_found,send,Drone1
Drone2_e1223,Drone2,Drone1:1238;Drone2:1223;Drone3:1260,264.7064,target_found,send,Drone1
Drone3_e1278,Drone3,Drone1:1262;Drone2:1216;Drone3:1278,265.8806,formation_hold,local,
Drone2_e1224,Drone2,Drone1:1238;Drone2:1224;Drone3:1260,264.8988,target_found,local,
Drone3_e1279,Drone3,Drone1:1262;Drone2:1216;Drone3:1279,266.1406,formation_hold,local,
Drone3_e1280,Drone3,Drone1:1262;Drone2:1216;Drone3:1280,266.3760,formation_hold,local,
Drone2_e1225,Drone2,Drone1:1238;Drone2:1225;Drone3:1260,265.0484,target_found,local,
Drone1_e1275,Drone1,Drone1:1275;Drone2:1216;Drone3:1260,267.4293,formation_hold,local,
Drone2_e1226,Drone2,Drone1:1238;Drone2:1226;Drone3:1260,265.2321,target_found,local,
Drone3_e1281,Drone3,Drone1:1262;Drone2:1216;Drone3:1281,266.4458,formation_hold,local,
Drone1_e1276,Drone1,Drone1:1276;Drone2:1216;Drone3:1260,267.6100,formation_hold,local,
Drone1_e1277,Drone1,Drone1:1277;Drone2:1222;Drone3:1260,267.8324,formation_hold,receive,Drone2
Drone3_e1282,Drone3,Drone1:1262;Drone2:1216;Drone3:1282,266.5529,idle,local,
Drone3_e1283,Drone3,Drone1:1262;Drone2:1216;Drone3:1283,266.6130,idle,local,
Drone3_e1284,Drone3,Drone1:1266;Drone2:1216;Drone3:1284,266.6858,idle,receive,Drone1
Drone1_e1278,Drone1,Drone1:1278;Drone2:1222;Drone3:1260,268.1118,formation_hold,local,
Drone1_e1279,Drone1,Drone1:1279;Drone2:1222;Drone3:1260,268.1770,formation_hold,local,
Drone1_e1280,Drone1,Drone1:1280;Drone2:1223;Drone3:1260,268.3431,formation_hold,receive,Drone2
Drone3_e1285,Drone3,Drone1:1266;Drone2:1216;Drone3:1285,266.7486,idle,local,
Drone3_e1286,Drone3,Drone1:1269;Drone2:1216;Drone3:1286,266.8277,idle,receive,Drone1
Drone1_e1281,Drone1,Drone1:1281;Drone2:1223;Drone3:1260,268.4181,formation_hold,local,
Drone3_e1287,Drone3,Drone1:1273;Drone2:1216;Drone3:1287,267.1665,idle,receive,Drone1
Drone1_e1282,Drone1,Drone1:1282;Drone2:1223;Drone3:1260,268.6833,idle,local,
Drone1_e1283,Drone1,Drone1:1283;Drone2:1223;Drone3:1260,268.8440,idle,local,
Drone3_e1288,Drone3,Drone1:1273;Drone2:1216;Drone3:1288,267.4645,idle,send,Drone2
Drone2_e1227,Drone2,Drone1:1238;Drone2:1227;Drone3:1260,265.4324,target_found,local,
Drone2_e1228,Drone2,Drone1:1238;Drone2:1228;Drone3:1260,265.5646,target_found,local,
Drone2_e1229,Drone2,Drone1:1238;Drone2:1229;Drone3:1260,265.8525,target_found,local,
Drone2_e1230,Drone2,Drone1:1273;Drone2:1230;Drone3:1288,267.5998,target_found,receive,Drone3
Drone3_e1289,Drone3,Drone1:1273;Drone2:1216;Drone3:1289,267.5917,idle,local,
Drone2_e1231,Drone2,Drone1:1273;Drone2:1231;Drone3:1288,267.7717,target_found,send,Drone1
Drone2_e1232,Drone2,Drone1:1273;Drone2:1232;Drone3:1288,267.9491,position_measured,local,
Drone2_e1233,Drone2,Drone1:1273;Drone2:1233;Drone3:1288,268.1892,position_measured,send,Drone1
Drone3_e1290,Drone3,Drone1:1273;Drone2:1216;Drone3:1290,267.8730,idle,local,
Drone2_e1234,Drone2,Drone1:1273;Drone2:1234;Drone3:1288,268.4109,position_measured,local,
Drone1_e1284,Drone1,Drone1:1284;Drone2:1231;Drone3:1288,269.0847,idle,receive,Drone2
Drone1_e1285,Drone1,Drone1:1285;Drone2:1233;Drone3:1288,269.2147,idle,receive,Drone2
Drone3_e1291,Drone3,Drone1:1273;Drone2:1216;Drone3:1291,268.0942,idle,local,
Drone3_e1292,Drone3,Drone1:1273;Drone2:1216;Drone3:1292,268.2252,scanning,send,Drone1
Drone1_e1286,Drone1,Drone1:1286;Drone2:1233;Drone3:1288,269.4612,idle,local,
Drone1_e1287,Drone1,Drone1:1287;Drone2:1233;Drone3:1288,269.5505,idle,local,
Drone3_e1293,Drone3,Drone1:1273;Drone2:1216;Drone3:1293,268.4385,scanning,local,
Drone2_e1235,Drone2,Drone1:1273;Drone2:1235;Drone3:1288,268.5283,position_measured,local,
Drone2_e1236,Drone2,Drone1:1273;Drone2:1236;Drone3:1288,268.7923,position_measured,local,
Drone2_e1237,Drone2,Drone1:1273;Drone2:1237;Drone3:1288,268.9189,position_measured,local,
Drone3_e1294,Drone3,Drone1:1273;Drone2:1216;Drone3:1294,268.6748,scanning,local,
Drone2_e1238,Drone2,Drone1:1273;Drone2:1238;Drone3:1288,269.1097,position_measured,local,
Drone2_e1239,Drone2,Drone1:1273;Drone2:1239;Drone3:1288,269.1735,position_measured,send,Drone3
Drone2_e1240,Drone2,Drone1:1273;Drone2:1240;Drone3:1288,269.4249,position_measured,local,
Drone2_e1241,Drone2,Drone1:1273;Drone2:1241;Drone3:1288,269.4798,position_measured,local,
Drone3_e1295,Drone3,Drone1:1273;Drone2:1239;Drone3:1295,269.2972,scanning,receive,Drone2
Drone2_e1242,Drone2,Drone1:1273;Drone2:1242;Drone3:1288,269.7275,position_sent,send,Drone3
Drone2_e1243,Drone2,Drone1:1273;Drone2:1243;Drone3:1288,269.9622,position_sent,local,
Drone1_e1288,Drone1,Drone1:1288;Drone2:1233;Drone3:1288,269.7105,idle,local,
Drone2_e1244,Drone2,Drone1:1273;Drone2:1244;Drone3:1288,270.0523,position_sent,send,Drone1
Drone3_e1296,Drone3,Drone1:1273;Drone2:1239;Drone3:1296,269.5276,scanning,local,
Drone2_e1245,Drone2,Drone1:1273;Drone2:1245;Drone3:1288,270.3390,position_sent,local,
Drone3_e1297,Drone3,Drone1:1273;Drone2:1242;Drone3:1297,269.8399,scanning,receive,Drone2
Drone3_e1298,Drone3,Drone1:1273;Drone2:1242;Drone3:1298,269.9048,scanning,local,
Drone1_e1289,Drone1,Drone1:1289;Drone2:1233;Drone3:1288,269.8295,idle,local,
Drone2_e1246,Drone2,Drone1:1273;Drone2:1246;Drone3:1288,270.4601,position_sent,local,
Drone2_e1247,Drone2,Drone1:1273;Drone2:1247;Drone3:1288,270.5912,position_sent,send,Drone1
Drone3_e1299,Drone3,Drone1:1273;Drone2:1242;Drone3:1299,269.9927,scanning,local,
Drone1_e1290,Drone1,Drone1:1290;Drone2:1233;Drone3:1288,270.0230,idle,local,
Drone3_e1300,Drone3,Drone1:1273;Drone2:1242;Drone3:1300,270.1247,scanning,send,Drone1
Drone3_e1301,Drone3,Drone1:1273;Drone2:1242;Drone3:1301,270.2399,scanning,local,
Drone3_e1302,Drone3,Drone1:1273;Drone2:1242;Drone3:1302,270.4623,target_found,local,
Drone1_e1291,Drone1,Drone1:1291;Drone2:1233;Drone3:1288,270.0900,idle,local,
Drone3_e1303,Drone3,Drone1:1273;Drone2:1242;Drone3:1303,270.5907,target_found,local,
Drone2_e1248,Drone2,Drone1:1273;Drone2:1248;Drone3:1288,270.7527,position_sent,local,
Drone1_e1292,Drone1,Drone1:1292;Drone2:1233;Drone3:1292,270.1969,scanning,receive,Drone3
Drone2_e1249,Drone2,Drone1:1273;Drone2:1249;Drone3:1288,270.9721,position_sent,local,
Drone3_e1304,Drone3,Drone1:1273;Drone2:1242;Drone3:1304,270.6758,target_found,send,Drone1
Drone3_e1305,Drone3,Drone1:1273;Drone2:1242;Drone3:1305,270.8249,target_found,local,
Drone2_e1250,Drone2,Drone1:1273;Drone2:1250;Drone3:1288,271.2300,position_sent,local,
Drone1_e1293,Drone1,Drone1:1293;Drone2:1233;Drone3:1292,270.3750,scanning,local,
Drone1_e1294,Drone1,Drone1:1294;Drone2:1233;Drone3:1292,270.6739,scanning,local,
Drone3_e1306,Drone3,Drone1:1273;Drone2:1242;Drone3:1306,270.9567,target_found,local,
Drone3_e1307,Drone3,Drone1:1273;Drone2:1242;Drone3:1307,271.1504,target_found,local,
Drone3_e1308,Drone3,Drone1:1273;Drone2:1242;Drone3:1308,271.3417,target_found,send,Drone1
Drone3_e1309,Drone3,Drone1:1273;Drone2:1242;Drone3:1309,271.5246,target_found,local,
Drone3_e1310,Drone3,Drone1:1273;Drone2:1242;Drone3:1310,271.5966,target_found,local,
Drone2_e1251,Drone2,Drone1:1273;Drone2:1251;Drone3:1288,271.5283,position_sent,local,
Drone1_e1295,Drone1,Drone1:1295;Drone2:1233;Drone3:1292,270.8317,scanning,local,
Drone2_e1252,Drone2,Drone1:1273;Drone2:1252;Drone3:1288,271.8006,processing,local,
Drone3_e1311,Drone3,Drone1:1273;Drone2:1242;Drone3:1311,271.6648,target_found,send,Drone2
Drone3_e1312,Drone3,Drone1:1273;Drone2:1242;Drone3:1312,271.8283,position_measured,local,
Drone3_e1313,Drone3,Drone1:1273;Drone2:1242;Drone3:1313,272.1155,position_measured,local,
Drone1_e1296,Drone1,Drone1:1296;Drone2:1233;Drone3:1292,270.9551,scanning,local,
Drone3_e1314,Drone3,Drone1:1273;Drone2:1242;Drone3:1314,272.1702,position_measured,local,
Drone1_e1297,Drone1,Drone1:1297;Drone2:1244;Drone3:1292,271.0698,scanning,receive,Drone2
Drone1_e1298,Drone1,Drone1:1298;Drone2:1244;Drone3:1292,271.3118,scanning,local,
Drone3_e1315,Drone3,Drone1:1273;Drone2:1242;Drone3:1315,272.3865,position_measured,local,
Drone3_e1316,Drone3,Drone1:1273;Drone2:1242;Drone3:1316,272.6598,position_measured,local,
Drone3_e1317,Drone3,Drone1:1273;Drone2:1242;Drone3:1317,272.7480,position_measured,local,
Drone1_e1299,Drone1,Drone1:1299;Drone2:1247;Drone3:1292,271.3870,scanning,receive,Drone2
Drone3_e1318,Drone3,Drone1:1273;Drone2:1242;Drone3:1318,273.0092,position_measured,local,
Drone1_e1300,Drone1,Drone1:1300;Drone2:1247;Drone3:1292,271.6757,scanning,local,
Drone2_e1253,Drone2,Drone1:1273;Drone2:1253;Drone3:1288,272.0827,processing,local,
Drone3_e1319,Drone3,Drone1:1273;Drone2:1242;Drone3:1319,273.1000,position_measured,send,Drone2
Drone2_e1254,Drone2,Drone1:1273;Drone2:1254;Drone3:1311,272.3258,processing,receive,Drone3
Drone1_e1301,Drone1,Drone1:1301;Drone2:1247;Drone3:1300,271.7564,scanning,receive,Drone3
Drone2_e1255,Drone2,Drone1:1273;Drone2:1255;Drone3:1319,273.2451,processing,receive,Drone3
Drone2_e1256,Drone2,Drone1:1273;Drone2:1256;Drone3:1319,273.3447,processing,local,
Drone2_e1257,Drone2,Drone1:1273;Drone2:1257;Drone3:1319,273.4259,processing,local,
Drone1_e1302,Drone1,Drone1:1302;Drone2:1247;Drone3:1300,271.9510,target_found,local,
Drone3_e1320,Drone3,Drone1:1273;Drone2:1242;Drone3:1320,273.1801,position_measured,send,Drone1
Drone2_e1258,Drone2,Drone1:1273;Drone2:1258;Drone3:1319,273.5655,processing,local,
Drone2_e1259,Drone2,Drone1:1273;Drone2:1259;Drone3:1319,273.6681,processing,local,
Drone1_e1303,Drone1,Drone1:1303;Drone2:1247;Drone3:1300,272.0910,target_found,local,
Drone2_e1260,Drone2,Drone1:1273;Drone2:1260;Drone3:1319,273.9543,processing,local,
Drone1_e1304,Drone1,Drone1:1304;Drone2:1247;Drone3:1304,272.2411,target_found,receive,Drone3
Drone1_e1305,Drone1,Drone1:1305;Drone2:1247;Drone3:1308,272.5002,target_found,receive,Drone3
Drone2_e1261,Drone2,Drone1:1273;Drone2:1261;Drone3:1319,274.1673,processing,local,
Drone1_e1306,Drone1,Drone1:1306;Drone2:1247;Drone3:1308,272.5713,target_found,local,
Drone3_e1321,Drone3,Drone1:1273;Drone2:1242;Drone3:1321,273.4491,position_measured,local,
Drone1_e1307,Drone1,Drone1:1307;Drone2:1247;Drone3:1308,272.6900,target_found,local,
Drone3_e1322,Drone3,Drone1:1273;Drone2:1242;Drone3:1322,273.5104,position_sent,local,
Drone1_e1308,Drone1,Drone1:1308;Drone2:1247;Drone3:1320,273.2621,target_found,receive,Drone3
Drone1_e1309,Drone1,Drone1:1309;Drone2:1247;Drone3:1320,273.5026,target_found,send,Drone3
Drone1_e1310,Drone1,Drone1:1310;Drone2:1247;Drone3:1320,273.6051,target_found,local,
Drone3_e1323,Drone3,Drone1:1273;Drone2:1242;Drone3:1323,273.6533,position_sent,local,
Drone2_e1262,Drone2,Drone1:1273;Drone2:1262;Drone3:1319,274.3221,relative_computed,local,
Drone1_e1311,Drone1,Drone1:1311;Drone2:1247;Drone3:1320,273.8964,target_found,local,
Drone3_e1324,Drone3,Drone1:1273;Drone2:1242;Drone3:1324,273.8705,position_sent,local,
Drone2_e1263,Drone2,Drone1:1273;Drone2:1263;Drone3:1319,274.3995,relative_computed,local,
Drone1_e1312,Drone1,Drone1:1312;Drone2:1247;Drone3:1320,274.0229,position_measured,send,Drone2
Drone3_e1325,Drone3,Drone1:1309;Drone2:1247;Drone3:1325,274.0760,position_sent,receive,Drone1
Drone1_e1313,Drone1,Drone1:1313;Drone2:1247;Drone3:1320,274.1558,position_measured,local,
Drone2_e1264,Drone2,Drone1:1312;Drone2:1264;Drone3:1320,274.6779,relative_computed,receive,Drone1
Drone1_e1314,Drone1,Drone1:1314;Drone2:1247;Drone3:1320,274.3964,position_measured,local,
Drone3_e1326,Drone3,Drone1:1309;Drone2:1247;Drone3:1326,274.1655,position_sent,local,
Drone1_e1315,Drone1,Drone1:1315;Drone2:1247;Drone3:1320,274.5021,position_measured,local,
Drone2_e1265,Drone2,Drone1:1312;Drone2:1265;Drone3:1320,274.7560,relative_computed,local,
Drone2_e1266,Drone2,Drone1:1312;Drone2:1266;Drone3:1320,274.9097,relative_computed,local,
Drone3_e1327,Drone3,Drone1:1309;Drone2:1247;Drone3:1327,274.4297,position_sent,local,
Drone3_e1328,Drone3,Drone1:1309;Drone2:1247;Drone3:1328,274.5971,position_sent,send,Drone2
Drone2_e1267,Drone2,Drone1:1312;Drone2:1267;Drone3:1328,275.1990,relative_computed,receive,Drone3
Drone3_e1329,Drone3,Drone1:1309;Drone2:1247;Drone3:1329,274.7666,position_sent,local,
Drone3_e1330,Drone3,Drone1:1309;Drone2:1247;Drone3:1330,274.9594,position_sent,local,
Drone1_e1316,Drone1,Drone1:1316;Drone2:1247;Drone3:1320,274.7535,position_measured,send,Drone2
Drone1_e1317,Drone1,Drone1:1317;Drone2:1247;Drone3:1320,274.9893,position_measured,send,Drone2
Drone3_e1331,Drone3,Drone1:1309;Drone2:1247;Drone3:1331,275.2311,position_sent,local,
Drone1_e1318,Drone1,Drone1:1318;Drone2:1247;Drone3:1320,275.0854,position_measured,send,Drone3
Drone3_e1332,Drone3,Drone1:1318;Drone2:1247;Drone3:1332,275.4482,processing,receive,Drone1
Drone3_e1333,Drone3,Drone1:1318;Drone2:1247;Drone3:1333,275.7451,processing,local,
Drone2_e1268,Drone2,Drone1:1312;Drone2:1268;Drone3:1328,275.2819,relative_computed,local,
Drone2_e1269,Drone2,Drone1:1316;Drone2:1269;Drone3:1328,275.4767,relative_computed,receive,Drone1
Drone1_e1319,Drone1,Drone1:1319;Drone2:1247;Drone3:1320,275.3354,position_measured,local,
Drone3_e1334,Drone3,Drone1:1318;Drone2:1247;Drone3:1334,276.0400,processing,send,Drone1
Drone1_e1320,Drone1,Drone1:1320;Drone2:1247;Drone3:1334,276.2988,position_measured,receive,Drone3
Drone1_e1321,Drone1,Drone1:1321;Drone2:1247;Drone3:1334,276.3518,position_measured,send,Drone3
Drone2_e1270,Drone2,Drone1:1316;Drone2:1270;Drone3:1328,275.6127,relative_computed,local,
Drone3_e1335,Drone3,Drone1:1318;Drone2:1247;Drone3:1335,276.3327,processing,local,
Drone2_e1271,Drone2,Drone1:1316;Drone2:1271;Drone3:1328,275.7164,relative_computed,local,
Drone3_e1336,Drone3,Drone1:1321;Drone2:1247;Drone3:1336,276.4312,processing,receive,Drone1
Drone2_e1272,Drone2,Drone1:1316;Drone2:1272;Drone3:1328,275.8950,formation_hold,local,
Drone2_e1273,Drone2,Drone1:1317;Drone2:1273;Drone3:1328,276.0089,formation_hold,receive,Drone1
Drone2_e1274,Drone2,Drone1:1317;Drone2:1274;Drone3:1328,276.1729,formation_hold,local,
Drone1_e1322,Drone1,Drone1:1322;Drone2:1247;Drone3:1334,276.4873,position_sent,local,
Drone3_e1337,Drone3,Drone1:1321;Drone2:1247;Drone3:1337,276.5878,processing,send,Drone2
Drone1_e1323,Drone1,Drone1:1323;Drone2:1247;Drone3:1334,276.5689,position_sent,local,
Drone1_e1324,Drone1,Drone1:1324;Drone2:1247;Drone3:1334,276.8264,position_sent,local,
Drone1_e1325,Drone1,Drone1:1325;Drone2:1247;Drone3:1334,276.9504,position_sent,local,
Drone2_e1275,Drone2,Drone1:1321;Drone2:1275;Drone3:1337,276.7762,formation_hold,receive,Drone3
Drone1_e1326,Drone1,Drone1:1326;Drone2:1247;Drone3:1334,277.2433,position_sent,local,
Drone1_e1327,Drone1,Drone1:1327;Drone2:1247;Drone3:1334,277.5286,position_sent,local,
Drone3_e1338,Drone3,Drone1:1321;Drone2:1247;Drone3:1338,276.8318,processing,send,Drone1
Drone1_e1328,Drone1,Drone1:1328;Drone2:1247;Drone3:1334,277.6671,position_sent,local,
Drone3_e1339,Drone3,Drone1:1321;Drone2:1247;Drone3:1339,277.0225,processing,local,
Drone3_e1340,Drone3,Drone1:1321;Drone2:1247;Drone3:1340,277.2726,processing,local,
Drone2_e1276,Drone2,Drone1:1321;Drone2:1276;Drone3:1337,276.9996,formation_hold,local,
Drone3_e1341,Drone3,Drone1:1321;Drone2:1247;Drone3:1341,277.3476,processing,send,Drone1
Drone1_e1329,Drone1,Drone1:1329;Drone2:1247;Drone3:1334,277.9318,position_sent,local,
Drone1_e1330,Drone1,Drone1:1330;Drone2:1247;Drone3:1334,278.1696,position_sent,local,
Drone1_e1331,Drone1,Drone1:1331;Drone2:1247;Drone3:1334,278.4584,position_sent,local,
Drone2_e1277,Drone2,Drone1:1321;Drone2:1277;Drone3:1337,277.1192,formation_hold,local,
Drone2_e1278,Drone2,Drone1:1321;Drone2:1278;Drone3:1337,277.3926,formation_hold,send,Drone3
Drone2_e1279,Drone2,Drone1:1321;Drone2:1279;Drone3:1337,277.6230,formation_hold,local,
Drone2_e1280,Drone2,Drone1:1321;Drone2:1280;Drone3:1337,277.8501,formation_hold,send,Drone3
Drone3_e1342,Drone3,Drone1:1321;Drone2:1278;Drone3:1342,277.4574,relative_computed,receive,Drone2
Drone2_e1281,Drone2,Drone1:1321;Drone2:1281;Drone3:1337,278.1057,formation_hold,send,Drone3
Drone1_e1332,Drone1,Drone1:1332;Drone2:1247;Drone3:1338,278.6699,processing,receive,Drone3
Drone2_e1282,Drone2,Drone1:1321;Drone2:1282;Drone3:1337,278.2179,idle,local,
Drone2_e1283,Drone2,Drone1:1321;Drone2:1283;Drone3:1337,278.3030,idle,send,Drone3
Drone2_e1284,Drone2,Drone1:1321;Drone2:1284;Drone3:1337,278.4044,idle,send,Drone1
Drone1_e1333,Drone1,Drone1:1333;Drone2:1247;Drone3:1338,278.9100,processing,local,
Drone1_e1334,Drone1,Drone1:1334;Drone2:1247;Drone3:1338,279.0902,processing,local,
Drone3_e1343,Drone3,Drone1:1321;Drone2:1280;Drone3:1343,277.9581,relative_computed,receive,Drone2
Drone2_e1285,Drone2,Drone1:1321;Drone2:1285;Drone3:1337,278.5897,idle,send,Drone1
Drone3_e1344,Drone3,Drone1:1321;Drone2:1280;Drone3:1344,278.0257,relative_computed,local,
Drone3_e1345,Drone3,Drone1:1321;Drone2:1281;Drone3:1345,278.3931,relative_computed,receive,Drone2
Drone1_e1335,Drone1,Drone1:1335;Drone2:1247;Drone3:1341,279.1684,processing,receive,Drone3
Drone2_e1286,Drone2,Drone1:1321;Drone2:1286;Drone3:1337,278.6819,idle,local,
Drone3_e1346,Drone3,Drone1:1321;Drone2:1281;Drone3:1346,278.6417,relative_computed,local,
Drone2_e1287,Drone2,Drone1:1321;Drone2:1287;Drone3:1337,278.7540,idle,send,Drone1
Drone3_e1347,Drone3,Drone1:1321;Drone2:1281;Drone3:1347,278.8415,relative_computed,local,
Drone2_e1288,Drone2,Drone1:1321;Drone2:1288;Drone3:1337,279.0132,idle,send,Drone3
Drone2_e1289,Drone2,Drone1:1321;Drone2:1289;Drone3:1337,279.2227,idle,local,
Drone2_e1290,Drone2,Drone1:1321;Drone2:1290;Drone3:1337,279.4558,idle,local,
Drone2_e1291,Drone2,Drone1:1321;Drone2:1291;Drone3:1337,279.5880,idle,local,
Drone3_e1348,Drone3,Drone1:1321;Drone2:1281;Drone3:1348,279.1372,relative_computed,local,
Drone1_e1336,Drone1,Drone1:1336;Drone2:1284;Drone3:1341,279.2791,processing,receive,Drone2
Drone2_e1292,Drone2,Drone1:1321;Drone2:1292;Drone3:1337,279.8044,scanning,send,Drone3
Drone1_e1337,Drone1,Drone1:1337;Drone2:1284;Drone3:1341,279.5356,processing,local,
Drone2_e1293,Drone2,Drone1:1321;Drone2:1293;Drone3:1337,280.0638,scanning,local,
Drone2_e1294,Drone2,Drone1:1321;Drone2:1294;Drone3:1337,280.3314,scanning,local,
Drone3_e1349,Drone3,Drone1:1321;Drone2:1283;Drone3:1349,279.3348,relative_computed,receive,Drone2
Drone3_e1350,Drone3,Drone1:1321;Drone2:1283;Drone3:1350,279.5287,relative_computed,local,
Drone1_e1338,Drone1,Drone1:1338;Drone2:1284;Drone3:1341,279.6453,processing,local,
Drone3_e1351,Drone3,Drone1:1321;Drone2:1283;Drone3:1351,279.8047,relative_computed,local,
Drone2_e1295,Drone2,Drone1:1321;Drone2:1295;Drone3:1337,280.5609,scanning,local,
Drone1_e1339,Drone1,Drone1:1339;Drone2:1285;Drone3:1341,279.9084,processing,receive,Drone2
Drone3_e1352,Drone3,Drone1:1321;Drone2:1283;Drone3:1352,279.8640,formation_hold,local,
Drone2_e1296,Drone2,Drone1:1321;Drone2:1296;Drone3:1337,280.7680,scanning,local,
Drone2_e1297,Drone2,Drone1:1321;Drone2:1297;Drone3:1337,280.8244,scanning,local,
Drone3_e1353,Drone3,Drone1:1321;Drone2:1288;Drone3:1353,279.9387,formation_hold,receive,Drone2
Drone2_e1298,Drone2,Drone1:1321;Drone2:1298;Drone3:1337,281.0566,scanning,local,
Drone2_e1299,Drone2,Drone1:1321;Drone2:1299;Drone3:1337,281.2774,scanning,local,
Drone2_e1300,Drone2,Drone1:1321;Drone2:1300;Drone3:1337,281.3896,scanning,local,
Drone2_e1301,Drone2,Drone1:1321;Drone2:1301;Drone3:1337,281.5207,scanning,local,
Drone3_e1354,Drone3,Drone1:1321;Drone2:1288;Drone3:1354,280.0545,formation_hold,local,
Drone1_e1340,Drone1,Drone1:1340;Drone2:1287;Drone3:1341,280.1435,processing,receive,Drone2
Drone2_e1302,Drone2,Drone1:1321;Drone2:1302;Drone3:1337,281.6137,target_found,local,
Drone2_e1303,Drone2,Drone1:1321;Drone2:1303;Drone3:1337,281.7472,target_found,local,
Drone3_e1355,Drone3,Drone1:1321;Drone2:1288;Drone3:1355,280.3058,formation_hold,local,
Drone1_e1341,Drone1,Drone1:1341;Drone2:1287;Drone3:1341,280.2700,processing,local,
Drone3_e1356,Drone3,Drone1:1321;Drone2:1292;Drone3:1356,280.4340,formation_hold,receive,Drone2
Drone2_e1304,Drone2,Drone1:1321;Drone2:1304;Drone3:1337,281.9863,target_found,local,
Drone1_e1342,Drone1,Drone1:1342;Drone2:1287;Drone3:1341,280.4076,relative_computed,send,Drone3
Drone2_e1305,Drone2,Drone1:1321;Drone2:1305;Drone3:1337,282.2250,target_found,local,
Drone1_e1343,Drone1,Drone1:1343;Drone2:1287;Drone3:1341,280.4855,relative_computed,local,
Drone3_e1357,Drone3,Drone1:1342;Drone2:1292;Drone3:1357,280.6732,formation_hold,receive,Drone1
Drone3_e1358,Drone3,Drone1:1342;Drone2:1292;Drone3:1358,280.7729,formation_hold,send,Drone1
Drone1_e1344,Drone1,Drone1:1344;Drone2:1287;Drone3:1341,280.7642,relative_computed,local,
Drone3_e1359,Drone3,Drone1:1342;Drone2:1292;Drone3:1359,280.8887,formation_hold,local,
Drone3_e1360,Drone3,Drone1:1342;Drone2:1292;Drone3:1360,281.0271,formation_hold,local,
Drone1_e1345,Drone1,Drone1:1345;Drone2:1287;Drone3:1341,280.8401,relative_computed,local,
Drone3_e1361,Drone3,Drone1:1342;Drone2:1292;Drone3:1361,281.2990,formation_hold,local,
Drone2_e1306,Drone2,Drone1:1321;Drone2:1306;Drone3:1337,282.5177,target_found,local,
Drone2_e1307,Drone2,Drone1:1321;Drone2:1307;Drone3:1337,282.6783,target_found,local,
Drone1_e1346,Drone1,Drone1:1346;Drone2:1292;Drone3:1358,281.0570,relative_computed,receive,Drone3
Drone2_e1308,Drone2,Drone1:1321;Drone2:1308;Drone3:1337,282.9366,target_found,send,Drone1
Drone1_e1347,Drone1,Drone1:1347;Drone2:1308;Drone3:1358,283.0967,relative_computed,receive,Drone2
Drone1_e1348,Drone1,Drone1:1348;Drone2:1308;Drone3:1358,283.2076,relative_computed,send,Drone3
Drone1_e1349,Drone1,Drone1:1349;Drone2:1308;Drone3:1358,283.3784,relative_computed,local,
Drone2_e1309,Drone2,Drone1:1321;Drone2:1309;Drone3:1337,283.1244,target_found,local,
Drone3_e1362,Drone3,Drone1:1348;Drone2:1308;Drone3:1362,283.4696,idle,receive,Drone1
Drone3_e1363,Drone3,Drone1:1348;Drone2:1308;Drone3:1363,283.6635,idle,local,
Drone2_e1310,Drone2,Drone1:1321;Drone2:1310;Drone3:1337,283.3511,target_found,local,
Drone2_e1311,Drone2,Drone1:1321;Drone2:1311;Drone3:1337,283.4670,target_found,local,
Drone2_e1312,Drone2,Drone1:1321;Drone2:1312;Drone3:1337,283.7484,position_measured,local,
Drone1_e1350,Drone1,Drone1:1350;Drone2:1308;Drone3:1358,283.5177,relative_computed,local,
Drone3_e1364,Drone3,Drone1:1348;Drone2:1308;Drone3:1364,283.9124,idle,send,Drone1
Drone3_e1365,Drone3,Drone1:1348;Drone2:1308;Drone3:1365,284.0962,idle,send,Drone2
Drone1_e1351,Drone1,Drone1:1351;Drone2:1308;Drone3:1358,283.7187,relative_computed,local,
Drone3_e1366,Drone3,Drone1:1348;Drone2:1308;Drone3:1366,284.3217,idle,local,
Drone3_e1367,Drone3,Drone1:1348;Drone2:1308;Drone3:1367,284.4277,idle,local,
Drone2_e1313,Drone2,Drone1:1321;Drone2:1313;Drone3:1337,283.8117,position_measured,local,
Drone3_e1368,Drone3,Drone1:1348;Drone2:1308;Drone3:1368,284.6255,idle,local,
Drone1_e1352,Drone1,Drone1:1352;Drone2:1308;Drone3:1358,283.8116,formation_hold,local,
Drone3_e1369,Drone3,Drone1:1348;Drone2:1308;Drone3:1369,284.8381,idle,local,
Drone2_e1314,Drone2,Drone1:1321;Drone2:1314;Drone3:1337,284.0383,position_measured,local,
Drone1_e1353,Drone1,Drone1:1353;Drone2:1308;Drone3:1358,283.8779,formation_hold,local,
Drone3_e1370,Drone3,Drone1:1348;Drone2:1308;Drone3:1370,285.1249,idle,send,Drone2
Drone3_e1371,Drone3,Drone1:1348;Drone2:1308;Drone3:1371,285.2826,idle,send,Drone2
Drone1_e1354,Drone1,Drone1:1354;Drone2:1308;Drone3:1358,283.9817,formation_hold,local,
Drone2_e1315,Drone2,Drone1:1348;Drone2:1315;Drone3:1365,284.2288,position_measured,receive,Drone3
Drone3_e1372,Drone3,Drone1:1348;Drone2:1308;Drone3:1372,285.4596,scanning,local,
Drone2_e1316,Drone2,Drone1:1348;Drone2:1316;Drone3:1370,285.3906,position_measured,receive,Drone3
Drone3_e1373,Drone3,Drone1:1348;Drone2:1308;Drone3:1373,285.6565,scanning,send,Drone2
Drone1_e1355,Drone1,Drone1:1355;Drone2:1308;Drone3:1358,284.1642,formation_hold,local,
Drone3_e1374,Drone3,Drone1:1348;Drone2:1308;Drone3:1374,285.7687,scanning,send,Drone1
Drone3_e1375,Drone3,Drone1:1348;Drone2:1308;Drone3:1375,286.0661,scanning,local,
Drone1_e1356,Drone1,Drone1:1356;Drone2:1308;Drone3:1364,284.3963,formation_hold,receive,Drone3
Drone2_e1317,Drone2,Drone1:1348;Drone2:1317;Drone3:1371,285.5841,position_measured,receive,Drone3
Drone3_e1376,Drone3,Drone1:1348;Drone2:1308;Drone3:1376,286.2179,scanning,local,
Drone3_e1377,Drone3,Drone1:1348;Drone2:1308;Drone3:1377,286.4798,scanning,local,
Drone1_e1357,Drone1,Drone1:1357;Drone2:1308;Drone3:1374,285.8630,formation_hold,receive,Drone3
Drone2_e1318,Drone2,Drone1:1348;Drone2:1318;Drone3:1371,285.7590,position_measured,local,
Drone1_e1358,Drone1,Drone1:1358;Drone2:1308;Drone3:1374,285.9697,formation_hold,send,Drone2
Drone3_e1378,Drone3,Drone1:1348;Drone2:1308;Drone3:1378,286.6147,scanning,local,
Drone1_e1359,Drone1,Drone1:1359;Drone2:1308;Drone3:1374,286.0248,formation_hold,local,
Drone3_e1379,Drone3,Drone1:1348;Drone2:1308;Drone3:1379,286.8354,scanning,send,Drone1
Drone1_e1360,Drone1,Drone1:1360;Drone2:1308;Drone3:1379,286.8865,formation_hold,receive,Drone3
Drone2_e1319,Drone2,Drone1:1358;Drone2:1319;Drone3:1374,286.2345,position_measured,receive,Drone1
Drone1_e1361,Drone1,Drone1:1361;Drone2:1308;Drone3:1379,286.9820,formation_hold,send,Drone3
Drone1_e1362,Drone1,Drone1:1362;Drone2:1308;Drone3:1379,287.0562,idle,local,
Drone3_e1380,Drone3,Drone1:1348;Drone2:1308;Drone3:1380,287.0353,scanning,local,
Drone3_e1381,Drone3,Drone1:1361;Drone2:1308;Drone3:1381,287.2619,scanning,receive,Drone1
Drone1_e1363,Drone1,Drone1:1363;Drone2:1308;Drone3:1379,287.3098,idle,local,
Drone2_e1320,Drone2,Drone1:1358;Drone2:1320;Drone3:1374,286.5183,position_measured,receive,Drone3
Drone1_e1364,Drone1,Drone1:1364;Drone2:1308;Drone3:1379,287.4377,idle,local,
Drone2_e1321,Drone2,Drone1:1358;Drone2:1321;Drone3:1374,286.7159,position_measured,send,Drone1
Drone1_e1365,Drone1,Drone1:1365;Drone2:1308;Drone3:1379,287.6121,idle,local,
Drone3_e1382,Drone3,Drone1:1361;Drone2:1308;Drone3:1382,287.5463,target_found,send,Drone2
Drone3_e1383,Drone3,Drone1:1361;Drone2:1308;Drone3:1383,287.6936,target_found,local,
Drone2_e1322,Drone2,Drone1:1358;Drone2:1322;Drone3:1374,286.9330,position_sent,local,
Drone1_e1366,Drone1,Drone1:1366;Drone2:1321;Drone3:1379,287.6975,idle,receive,Drone2
Drone2_e1323,Drone2,Drone1:1361;Drone2:1323;Drone3:1382,287.6067,position_sent,receive,Drone3
Drone1_e1367,Drone1,Drone1:1367;Drone2:1321;Drone3:1379,287.9778,idle,local,
Drone3_e1384,Drone3,Drone1:1361;Drone2:1308;Drone3:1384,287.9533,target_found,local,
Drone1_e1368,Drone1,Drone1:1368;Drone2:1321;Drone3:1379,288.0505,idle,local,
Drone3_e1385,Drone3,Drone1:1361;Drone2:1308;Drone3:1385,288.1352,target_found,local,
Drone3_e1386,Drone3,Drone1:1361;Drone2:1308;Drone3:1386,288.3156,target_found,local,
Drone3_e1387,Drone3,Drone1:1361;Drone2:1308;Drone3:1387,288.4362,target_found,local,
Drone1_e1369,Drone1,Drone1:1369;Drone2:1321;Drone3:1379,288.1500,idle,local,
Drone3_e1388,Drone3,Drone1:1361;Drone2:1308;Drone3:1388,288.5950,target_found,local,
Drone1_e1370,Drone1,Drone1:1370;Drone2:1321;Drone3:1379,288.3228,idle,local,
Drone2_e1324,Drone2,Drone1:1361;Drone2:1324;Drone3:1382,287.8092,position_sent,local,
Drone2_e1325,Drone2,Drone1:1361;Drone2:1325;Drone3:1382,288.0557,position_sent,local,
Drone2_e1326,Drone2,Drone1:1361;Drone2:1326;Drone3:1382,288.2805,position_sent,local,
Drone3_e1389,Drone3,Drone1:1361;Drone2:1308;Drone3:1389,288.6920,target_found,local,
Drone1_e1371,Drone1,Drone1:1371;Drone2:1321;Drone3:1379,288.5197,idle,local,
Drone3_e1390,Drone3,Drone1:1361;Drone2:1308;Drone3:1390,288.9023,target_found,local,
Drone3_e1391,Drone3,Drone1:1361;Drone2:1308;Drone3:1391,288.9641,target_found,send,Drone1
Drone2_e1327,Drone2,Drone1:1361;Drone2:1327;Drone3:1382,288.4184,position_sent,local,
Drone3_e1392,Drone3,Drone1:1361;Drone2:1308;Drone3:1392,289.1987,position_measured,send,Drone2
Drone3_e1393,Drone3,Drone1:1361;Drone2:1308;Drone3:1393,289.3759,position_measured,local,
Drone3_e1394,Drone3,Drone1:1361;Drone2:1308;Drone3:1394,289.6535,position_measured,local,
Drone1_e1372,Drone1,Drone1:1372;Drone2:1321;Drone3:1379,288.6161,scanning,local,
Drone1_e1373,Drone1,Drone1:1373;Drone2:1321;Drone3:1379,288.6844,scanning,local,
Drone1_e1374,Drone1,Drone1:1374;Drone2:1321;Drone3:1379,288.8771,scanning,local,
Drone3_e1395,Drone3,Drone1:1361;Drone2:1308;Drone3:1395,289.7550,position_measured,send,Drone2
Drone3_e1396,Drone3,Drone1:1361;Drone2:1308;Drone3:1396,289.8062,position_measured,send,Drone2
Drone1_e1375,Drone1,Drone1:1375;Drone2:1321;Drone3:1379,289.1560,scanning,local,
Drone2_e1328,Drone2,Drone1:1361;Drone2:1328;Drone3:1382,288.7152,position_sent,local,
Drone1_e1376,Drone1,Drone1:1376;Drone2:1321;Drone3:1391,289.2171,scanning,receive,Drone3
Drone1_e1377,Drone1,Drone1:1377;Drone2:1321;Drone3:1391,289.4226,scanning,local,
Drone2_e1329,Drone2,Drone1:1361;Drone2:1329;Drone3:1382,288.8709,position_sent,local,
Drone3_e1397,Drone3,Drone1:1361;Drone2:1308;Drone3:1397,290.0818,position_measured,local,
Drone2_e1330,Drone2,Drone1:1361;Drone2:1330;Drone3:1392,289.3510,position_sent,receive,Drone3
Drone1_e1378,Drone1,Drone1:1378;Drone2:1321;Drone3:1391,289.5760,scanning,local,
Drone2_e1331,Drone2,Drone1:1361;Drone2:1331;Drone3:1392,289.4484,position_sent,local,
Drone2_e1332,Drone2,Drone1:1361;Drone2:1332;Drone3:1395,289.9617,processing,receive,Drone3
Drone2_e1333,Drone2,Drone1:1361;Drone2:1333;Drone3:1396,290.0439,processing,receive,Drone3
Drone3_e1398,Drone3,Drone1:1361;Drone2:1308;Drone3:1398,290.1606,position_measured,send,Drone1
Drone2_e1334,Drone2,Drone1:1361;Drone2:1334;Drone3:1396,290.1357,processing,send,Drone3
Drone3_e1399,Drone3,Drone1:1361;Drone2:1334;Drone3:1399,290.2818,position_measured,receive,Drone2
Drone2_e1335,Drone2,Drone1:1361;Drone2:1335;Drone3:1396,290.2129,processing,send,Drone3
Drone1_e1379,Drone1,Drone1:1379;Drone2:1321;Drone3:1398,290.4481,scanning,receive,Drone3
Drone3_e1400,Drone3,Drone1:1361;Drone2:1334;Drone3:1400,290.3820,position_measured,local,
Drone3_e1401,Drone3,Drone1:1361;Drone2:1334;Drone3:1401,290.5492,position_measured,local,
Drone1_e1380,Drone1,Drone1:1380;Drone2:1321;Drone3:1398,290.7064,scanning,send,Drone2
Drone1_e1381,Drone1,Drone1:1381;Drone2:1321;Drone3:1398,290.8168,scanning,send,Drone2
Drone3_e1402,Drone3,Drone1:1361;Drone2:1335;Drone3:1402,290.7097,position_sent,receive,Drone2
Drone1_e1382,Drone1,Drone1:1382;Drone2:1321;Drone3:1398,290.9927,target_found,local,
Drone1_e1383,Drone1,Drone1:1383;Drone2:1321;Drone3:1398,291.2240,target_found,local,
Drone1_e1384,Drone1,Drone1:1384;Drone2:1321;Drone3:1398,291.5111,target_found,local,
Drone2_e1336,Drone2,Drone1:1361;Drone2:1336;Drone3:1396,290.3256,processing,local,
Drone1_e1385,Drone1,Drone1:1385;Drone2:1321;Drone3:1398,291.6113,target_found,local,
Drone3_e1403,Drone3,Drone1:1361;Drone2:1335;Drone3:1403,290.7980,position_sent,send,Drone2
Drone2_e1337,Drone2,Drone1:1361;Drone2:1337;Drone3:1396,290.4319,processing,local,
Drone3_e1404,Drone3,Drone1:1361;Drone2:1335;Drone3:1404,290.8543,position_sent,send,Drone2
Drone2_e1338,Drone2,Drone1:1361;Drone2:1338;Drone3:1403,290.9984,processing,receive,Drone3
Drone2_e1339,Drone2,Drone1:1361;Drone2:1339;Drone3:1403,291.0842,processing,local,
Drone2_e1340,Drone2,Drone1:1361;Drone2:1340;Drone3:1404,291.2367,processing,receive,Drone3
Drone3_e1405,Drone3,Drone1:1361;Drone2:1335;Drone3:1405,291.0853,position_sent,send,Drone1
Drone2_e1341,Drone2,Drone1:1380;Drone2:1341;Drone3:1404,291.5121,processing,receive,Drone1
Drone3_e1406,Drone3,Drone1:1361;Drone2:1335;Drone3:1406,291.1362,position_sent,send,Drone2
Drone1_e1386,Drone1,Drone1:1386;Drone2:1321;Drone3:1398,291.8535,target_found,local,
Drone1_e1387,Drone1,Drone1:1387;Drone2:1321;Drone3:1398,292.0940,target_found,local,
Drone1_e1388,Drone1,Drone1:1388;Drone2:1321;Drone3:1398,292.1625,target_found,local,
Drone3_e1407,Drone3,Drone1:1361;Drone2:1335;Drone3:1407,291.3053,position_sent,local,
Drone3_e1408,Drone3,Drone1:1361;Drone2:1335;Drone3:1408,291.4259,position_sent,local,
Drone3_e1409,Drone3,Drone1:1361;Drone2:1335;Drone3:1409,291.7035,position_sent,local,
Drone1_e1389,Drone1,Drone1:1389;Drone2:1321;Drone3:1398,292.3656,target_found,local,
Drone2_e1342,Drone2,Drone1:1380;Drone2:1342;Drone3:1404,291.7213,relative_computed,local,
Drone2_e1343,Drone2,Drone1:1380;Drone2:1343;Drone3:1404,291.8096,relative_computed,local,
Drone3_e1410,Drone3,Drone1:1361;Drone2:1335;Drone3:1410,291.8094,position_sent,local,
Drone2_e1344,Drone2,Drone1:1380;Drone2:1344;Drone3:1404,291.9032,relative_computed,local,
Drone2_e1345,Drone2,Drone1:1380;Drone2:1345;Drone3:1404,292.1736,relative_computed,local,
Drone2_e1346,Drone2,Drone1:1380;Drone2:1346;Drone3:1404,292.3316,relative_computed,local,
Drone2_e1347,Drone2,Drone1:1381;Drone2:1347;Drone3:1404,292.4842,relative_computed,receive,Drone1
Drone3_e1411,Drone3,Drone1:1361;Drone2:1335;Drone3:1411,292.1063,position_sent,local,
Drone1_e1390,Drone1,Drone1:1390;Drone2:1321;Drone3:1398,292.5039,target_found,local,
Drone2_e1348,Drone2,Drone1:1381;Drone2:1348;Drone3:1404,292.6386,relative_computed,local,
Drone3_e1412,Drone3,Drone1:1361;Drone2:1335;Drone3:1412,292.3944,processing,local,
Drone2_e1349,Drone2,Drone1:1381;Drone2:1349;Drone3:1406,292.8549,relative_computed,receive,Drone3
Drone1_e1391,Drone1,Drone1:1391;Drone2:1321;Drone3:1398,292.6053,target_found,local,
Drone1_e1392,Drone1,Drone1:1392;Drone2:1321;Drone3:1398,292.7974,position_measured,local,
Drone3_e1413,Drone3,Drone1:1361;Drone2:1335;Drone3:1413,292.5991,processing,local,
Drone2_e1350,Drone2,Drone1:1381;Drone2:1350;Drone3:1406,293.0959,relative_computed,local,
Drone2_e1351,Drone2,Drone1:1381;Drone2:1351;Drone3:1406,293.2227,relative_computed,local,
Drone2_e1352,Drone2,Drone1:1381;Drone2:1352;Drone3:1406,293.4084,formation_hold,send,Drone1
Drone2_e1353,Drone2,Drone1:1381;Drone2:1353;Drone3:1406,293.6666,formation_hold,local,
Drone3_e1414,Drone3,Drone1:1361;Drone2:1335;Drone3:1414,292.6990,processing,local,
Drone2_e1354,Drone2,Drone1:1381;Drone2:1354;Drone3:1406,293.7558,formation_hold,local,
Drone2_e1355,Drone2,Drone1:1381;Drone2:1355;Drone3:1406,293.9137,formation_hold,local,
Drone2_e1356,Drone2,Drone1:1381;Drone2:1356;Drone3:1406,294.0602,formation_hold,send,Drone1
Drone3_e1415,Drone3,Drone1:1361;Drone2:1335;Drone3:1415,292.9093,processing,send,Drone1
Drone3_e1416,Drone3,Drone1:1361;Drone2:1335;Drone3:1416,293.0087,processing,local,
Drone2_e1357,Drone2,Drone1:1381;Drone2:1357;Drone3:1406,294.1716,formation_hold,local,
Drone3_e1417,Drone3,Drone1:1361;Drone2:1335;Drone3:1417,293.1378,processing,send,Drone2
Drone3_e1418,Drone3,Drone1:1361;Drone2:1335;Drone3:1418,293.3448,processing,local,
Drone1_e1393,Drone1,Drone1:1393;Drone2:1321;Drone3:1398,293.0442,position_measured,local,
Drone1_e1394,Drone1,Drone1:1394;Drone2:1352;Drone3:1406,293.5412,position_measured,receive,Drone2
Drone1_e1395,Drone1,Drone1:1395;Drone2:1352;Drone3:1406,293.6420,position_measured,receive,Drone3
Drone1_e1396,Drone1,Drone1:1396;Drone2:1352;Drone3:1406,293.7689,position_measured,local,
Drone1_e1397,Drone1,Drone1:1397;Drone2:1352;Drone3:1415,293.9648,position_measured,receive,Drone3
Drone2_e1358,Drone2,Drone1:1381;Drone2:1358;Drone3:1406,294.3975,formation_hold,local,
Drone2_e1359,Drone2,Drone1:1381;Drone2:1359;Drone3:1417,294.6727,formation_hold,receive,Drone3
Drone1_e1398,Drone1,Drone1:1398;Drone2:1356;Drone3:1415,294.2433,position_measured,receive,Drone2
Drone3_e1419,Drone3,Drone1:1361;Drone2:1335;Drone3:1419,293.5352,processing,local,
Drone3_e1420,Drone3,Drone1:1361;Drone2:1335;Drone3:1420,293.8311,processing,local,
Drone3_e1421,Drone3,Drone1:1361;Drone2:1335;Drone3:1421,293.9434,processing,local,
Drone1_e1399,Drone1,Drone1:1399;Drone2:1356;Drone3:1415,294.3299,position_measured,local,
Drone2_e1360,Drone2,Drone1:1381;Drone2:1360;Drone3:1417,294.7566,formation_hold,send,Drone1
Drone2_e1361,Drone2,Drone1:1381;Drone2:1361;Drone3:1417,294.9259,formation_hold,local,
Drone1_e1400,Drone1,Drone1:1400;Drone2:1356;Drone3:1415,294.6269,position_measured,local,
Drone2_e1362,Drone2,Drone1:1381;Drone2:1362;Drone3:1417,295.1221,idle,local,
Drone1_e1401,Drone1,Drone1:1401;Drone2:1356;Drone3:1415,294.6819,position_measured,local,
Drone2_e1363,Drone2,Drone1:1381;Drone2:1363;Drone3:1417,295.3138,idle,local,
Drone2_e1364,Drone2,Drone1:1381;Drone2:1364;Drone3:1417,295.5854,idle,local,
Drone1_e1402,Drone1,Drone1:1402;Drone2:1360;Drone3:1417,294.9760,position_sent,receive,Drone2
Drone1_e1403,Drone1,Drone1:1403;Drone2:1360;Drone3:1417,295.2664,position_sent,send,Drone2
Drone2_e1365,Drone2,Drone1:1403;Drone2:1365;Drone3:1417,295.7241,idle,receive,Drone1
Drone2_e1366,Drone2,Drone1:1403;Drone2:1366;Drone3:1417,296.0220,idle,send,Drone3
Drone2_e1367,Drone2,Drone1:1403;Drone2:1367;Drone3:1417,296.1200,idle,local,
Drone2_e1368,Drone2,Drone1:1403;Drone2:1368;Drone3:1417,296.3961,idle,local,
Drone1_e1404,Drone1,Drone1:1404;Drone2:1360;Drone3:1417,295.5428,position_sent,local,
Drone1_e1405,Drone1,Drone1:1405;Drone2:1360;Drone3:1417,295.7680,position_sent,local,
Drone2_e1369,Drone2,Drone1:1403;Drone2:1369;Drone3:1417,296.5543,idle,local,
Drone1_e1406,Drone1,Drone1:1406;Drone2:1360;Drone3:1417,295.9828,position_sent,send,Drone3
Drone2_e1370,Drone2,Drone1:1403;Drone2:1370;Drone3:1417,296.6370,idle,local,
Drone3_e1422,Drone3,Drone1:1406;Drone2:1360;Drone3:1422,296.1085,relative_computed,receive,Drone1
Drone1_e1407,Drone1,Drone1:1407;Drone2:1360;Drone3:1417,296.1278,position_sent,local,
Drone1_e1408,Drone1,Drone1:1408;Drone2:1360;Drone3:1417,296.2454,position_sent,local,
Drone2_e1371,Drone2,Drone1:1403;Drone2:1371;Drone3:1417,296.8878,idle,local,
Drone2_e1372,Drone2,Drone1:1403;Drone2:1372;Drone3:1417,297.0233,scanning,local,
Drone2_e1373,Drone2,Drone1:1403;Drone2:1373;Drone3:1417,297.2114,scanning,local,
Drone2_e1374,Drone2,Drone1:1403;Drone2:1374;Drone3:1417,297.4897,scanning,send,Drone1
Drone3_e1423,Drone3,Drone1:1406;Drone2:1366;Drone3:1423,296.3739,relative_computed,receive,Drone2
Drone1_e1409,Drone1,Drone1:1409;Drone2:1374;Drone3:1417,297.7413,position_sent,receive,Drone2
Drone1_e1410,Drone1,Drone1:1410;Drone2:1374;Drone3:1417,297.8846,position_sent,send,Drone2
Drone1_e1411,Drone1,Drone1:1411;Drone2:1374;Drone3:1417,297.9939,position_sent,local,
Drone1_e1412,Drone1,Drone1:1412;Drone2:1374;Drone3:1417,298.0463,processing,local,
Drone1_e1413,Drone1,Drone1:1413;Drone2:1374;Drone3:1417,298.1816,processing,local,
Drone3_e1424,Drone3,Drone1:1406;Drone2:1366;Drone3:1424,296.5816,relative_computed,send,Drone2
Drone2_e1375,Drone2,Drone1:1403;Drone2:1375;Drone3:1417,297.5662,scanning,local,
Drone1_e1414,Drone1,Drone1:1414;Drone2:1374;Drone3:1417,298.2814,processing,send,Drone2
Drone3_e1425,Drone3,Drone1:1406;Drone2:1366;Drone3:1425,296.6780,relative_computed,local,
Drone3_e1426,Drone3,Drone1:1406;Drone2:1366;Drone3:1426,296.7290,relative_computed,local,
Drone3_e1427,Drone3,Drone1:1406;Drone2:1366;Drone3:1427,296.9582,relative_computed,send,Drone1
Drone2_e1376,Drone2,Drone1:1406;Drone2:1376;Drone3:1424,297.7352,scanning,receive,Drone3
Drone1_e1415,Drone1,Drone1:1415;Drone2:1374;Drone3:1417,298.4553,processing,local,
Drone3_e1428,Drone3,Drone1:1406;Drone2:1366;Drone3:1428,297.1911,relative_computed,send,Drone2
Drone3_e1429,Drone3,Drone1:1406;Drone2:1366;Drone3:1429,297.2564,relative_computed,local,
Drone1_e1416,Drone1,Drone1:1416;Drone2:1374;Drone3:1417,298.5252,processing,local,
Drone1_e1417,Drone1,Drone1:1417;Drone2:1374;Drone3:1427,298.7502,processing,receive,Drone3
Drone3_e1430,Drone3,Drone1:1406;Drone2:1366;Drone3:1430,297.3535,relative_computed,local,
Drone2_e1377,Drone2,Drone1:1406;Drone2:1377;Drone3:1424,297.8421,scanning,local,
Drone2_e1378,Drone2,Drone1:1406;Drone2:1378;Drone3:1424,298.0402,scanning,local,
Drone3_e1431,Drone3,Drone1:1406;Drone2:1366;Drone3:1431,297.5636,relative_computed,local,
Drone1_e1418,Drone1,Drone1:1418;Drone2:1374;Drone3:1427,299.0063,processing,local,
Drone3_e1432,Drone3,Drone1:1406;Drone2:1366;Drone3:1432,297.7773,formation_hold,send,Drone1
Drone3_e1433,Drone3,Drone1:1406;Drone2:1366;Drone3:1433,297.8435,formation_hold,send,Drone1
Drone1_e1419,Drone1,Drone1:1419;Drone2:1374;Drone3:1427,299.2819,processing,local,
Drone1_e1420,Drone1,Drone1:1420;Drone2:1374;Drone3:1427,299.5364,processing,local,
Drone1_e1421,Drone1,Drone1:1421;Drone2:1374;Drone3:1427,299.8110,processing,local,
Drone2_e1379,Drone2,Drone1:1406;Drone2:1379;Drone3:1428,298.1698,scanning,receive,Drone3
Drone2_e1380,Drone2,Drone1:1406;Drone2:1380;Drone3:1428,298.3712,scanning,local,
Drone1_e1422,Drone1,Drone1:1422;Drone2:1374;Drone3:1427,300.0428,relative_computed,local,
Drone2_e1381,Drone2,Drone1:1406;Drone2:1381;Drone3:1428,298.6067,scanning,local,
Drone2_e1382,Drone2,Drone1:1410;Drone2:1382;Drone3:1428,298.8476,target_found,receive,Drone1
Drone2_e1383,Drone2,Drone1:1410;Drone2:1383;Drone3:1428,299.0838,target_found,local,
Drone1_e1423,Drone1,Drone1:1423;Drone2:1374;Drone3:1427,300.1035,relative_computed,local,
Drone2_e1384,Drone2,Drone1:1410;Drone2:1384;Drone3:1428,299.3538,target_found,local,
Drone2_e1385,Drone2,Drone1:1410;Drone2:1385;Drone3:1428,299.6154,target_found,local,
Drone2_e1386,Drone2,Drone1:1410;Drone2:1386;Drone3:1428,299.8902,target_found,local,
Drone2_e1387,Drone2,Drone1:1414;Drone2:1387;Drone3:1428,300.0451,target_found,receive,Drone1
Drone1_e1424,Drone1,Drone1:1424;Drone2:1374;Drone3:1427,300.3506,relative_computed,local,
Drone2_e1388,Drone2,Drone1:1414;Drone2:1388;Drone3:1428,300.2532,target_found,local,
Drone2_e1389,Drone2,Drone1:1414;Drone2:1389;Drone3:1428,300.4118,target_found,local,
Drone3_e1434,Drone3,Drone1:1406;Drone2:1366;Drone3:1434,297.9312,formation_hold,local,
Drone1_e1425,Drone1,Drone1:1425;Drone2:1374;Drone3:1432,300.4984,relative_computed,receive,Drone3
Drone1_e1426,Drone1,Drone1:1426;Drone2:1374;Drone3:1433,300.5538,relative_computed,receive,Drone3
Drone2_e1390,Drone2,Drone1:1414;Drone2:1390;Drone3:1428,300.5187,target_found,send,Drone3
Drone2_e1391,Drone2,Drone1:1414;Drone2:1391;Drone3:1428,300.6935,target_found,local,
Drone2_e1392,Drone2,Drone1:1414;Drone2:1392;Drone3:1428,300.7834,position_measured,local,
Drone3_e1435,Drone3,Drone1:1414;Drone2:1390;Drone3:1435,300.5854,formation_hold,receive,Drone2
Drone2_e1393,Drone2,Drone1:1414;Drone2:1393;Drone3:1428,300.9854,position_measured,local,
Drone1_e1427,Drone1,Drone1:1427;Drone2:1374;Drone3:1433,300.8047,relative_computed,send,Drone3
Drone2_e1394,Drone2,Drone1:1414;Drone2:1394;Drone3:1428,301.2746,position_measured,local,
Drone3_e1436,Drone3,Drone1:1427;Drone2:1390;Drone3:1436,301.0257,formation_hold,receive,Drone1
Drone2_e1395,Drone2,Drone1:1414;Drone2:1395;Drone3:1428,301.4744,position_measured,local,
Drone3_e1437,Drone3,Drone1:1427;Drone2:1390;Drone3:1437,301.2775,formation_hold,send,Drone2
Drone1_e1428,Drone1,Drone1:1428;Drone2:1374;Drone3:1433,301.0973,relative_computed,local,
Drone1_e1429,Drone1,Drone1:1429;Drone2:1374;Drone3:1433,301.2516,relative_computed,send,Drone3
Drone1_e1430,Drone1,Drone1:1430;Drone2:1374;Drone3:1433,301.4736,relative_computed,local,
Drone2_e1396,Drone2,Drone1:1414;Drone2:1396;Drone3:1428,301.7498,position_measured,local,
Drone2_e1397,Drone2,Drone1:1414;Drone2:1397;Drone3:1428,301.9386,position_measured,local,
Drone3_e1438,Drone3,Drone1:1427;Drone2:1390;Drone3:1438,301.5021,formation_hold,local,
Drone1_e1431,Drone1,Drone1:1431;Drone2:1374;Drone3:1433,301.7190,relative_computed,local,
Drone3_e1439,Drone3,Drone1:1427;Drone2:1390;Drone3:1439,301.6093,formation_hold,local,
Drone3_e1440,Drone3,Drone1:1427;Drone2:1390;Drone3:1440,301.8626,formation_hold,local,
Drone1_e1432,Drone1,Drone1:1432;Drone2:1374;Drone3:1433,301.8865,formation_hold,local,
Drone1_e1433,Drone1,Drone1:1433;Drone2:1374;Drone3:1433,302.1567,formation_hold,local,
Drone2_e1398,Drone2,Drone1:1414;Drone2:1398;Drone3:1428,302.1445,position_measured,local,
Drone1_e1434,Drone1,Drone1:1434;Drone2:1374;Drone3:1433,302.3223,formation_hold,local,
Drone3_e1441,Drone3,Drone1:1429;Drone2:1390;Drone3:1441,302.0100,formation_hold,receive,Drone1
Drone1_e1435,Drone1,Drone1:1435;Drone2:1374;Drone3:1433,302.4414,formation_hold,local,
Drone1_e1436,Drone1,Drone1:1436;Drone2:1374;Drone3:1433,302.6858,formation_hold,local,
Drone2_e1399,Drone2,Drone1:1427;Drone2:1399;Drone3:1437,302.2763,position_measured,receive,Drone3
Drone3_e1442,Drone3,Drone1:1429;Drone2:1390;Drone3:1442,302.0966,idle,local,
Drone2_e1400,Drone2,Drone1:1427;Drone2:1400;Drone3:1437,302.4475,position_measured,local,
Drone2_e1401,Drone2,Drone1:1427;Drone2:1401;Drone3:1437,302.6315,position_measured,local,
Drone3_e1443,Drone3,Drone1:1429;Drone2:1390;Drone3:1443,302.2205,idle,send,Drone1
Drone1_e1437,Drone1,Drone1:1437;Drone2:1374;Drone3:1433,302.7846,formation_hold,local,
Drone3_e1444,Drone3,Drone1:1429;Drone2:1390;Drone3:1444,302.3762,idle,send,Drone2
Drone1_e1438,Drone1,Drone1:1438;Drone2:1390;Drone3:1443,302.8706,formation_hold,receive,Drone3
Drone1_e1439,Drone1,Drone1:1439;Drone2:1390;Drone3:1443,302.9402,formation_hold,send,Drone3
Drone2_e1402,Drone2,Drone1:1427;Drone2:1402;Drone3:1437,302.9298,position_sent,local,
Drone2_e1403,Drone2,Drone1:1427;Drone2:1403;Drone3:1437,303.1186,position_sent,local,
Drone3_e1445,Drone3,Drone1:1429;Drone2:1390;Drone3:1445,302.5047,idle,local,
Drone2_e1404,Drone2,Drone1:1427;Drone2:1404;Drone3:1437,303.2181,position_sent,local,
Drone3_e1446,Drone3,Drone1:1429;Drone2:1390;Drone3:1446,302.5955,idle,local,
Drone1_e1440,Drone1,Drone1:1440;Drone2:1390;Drone3:1443,302.9945,formation_hold,local,
Drone1_e1441,Drone1,Drone1:1441;Drone2:1390;Drone3:1443,303.1826,formation_hold,local,
Drone2_e1405,Drone2,Drone1:1429;Drone2:1405;Drone3:1444,303.4056,position_sent,receive,Drone3
Drone3_e1447,Drone3,Drone1:1429;Drone2:1390;Drone3:1447,302.7264,idle,local,
Drone1_e1442,Drone1,Drone1:1442;Drone2:1390;Drone3:1443,303.4416,idle,local,
Drone1_e1443,Drone1,Drone1:1443;Drone2:1390;Drone3:1443,303.5727,idle,local,
Drone3_e1448,Drone3,Drone1:1439;Drone2:1390;Drone3:1448,303.1709,idle,receive,Drone1
Drone3_e1449,Drone3,Drone1:1439;Drone2:1390;Drone3:1449,303.4527,idle,send,Drone1
Drone1_e1444,Drone1,Drone1:1444;Drone2:1390;Drone3:1449,303.8577,idle,receive,Drone3
Drone1_e1445,Drone1,Drone1:1445;Drone2:1390;Drone3:1449,304.1508,idle,send,Drone3
Drone2_e1406,Drone2,Drone1:1429;Drone2:1406;Drone3:1444,303.6433,position_sent,send,Drone3
Drone2_e1407,Drone2,Drone1:1429;Drone2:1407;Drone3:1444,303.7088,position_sent,local,
Drone2_e1408,Drone2,Drone1:1429;Drone2:1408;Drone3:1444,303.8578,position_sent,local,
Drone1_e1446,Drone1,Drone1:1446;Drone2:1390;Drone3:1449,304.2231,idle,local,
Drone1_e1447,Drone1,Drone1:1447;Drone2:1390;Drone3:1449,304.3019,idle,local,
Drone2_e1409,Drone2,Drone1:1429;Drone2:1409;Drone3:1444,304.0690,position_sent,send,Drone1
Drone3_e1450,Drone3,Drone1:1445;Drone2:1390;Drone3:1450,304.3204,idle,receive,Drone1
Drone1_e1448,Drone1,Drone1:1448;Drone2:1409;Drone3:1449,304.5894,idle,receive,Drone2
Drone1_e1449,Drone1,Drone1:1449;Drone2:1409;Drone3:1449,304.7202,idle,local,
Drone3_e1451,Drone3,Drone1:1445;Drone2:1390;Drone3:1451,304.3753,idle,local,
Drone2_e1410,Drone2,Drone1:1429;Drone2:1410;Drone3:1444,304.2864,position_sent,local,
Drone3_e1452,Drone3,Drone1:1445;Drone2:1390;Drone3:1452,304.4422,scanning,local,
Drone1_e1450,Drone1,Drone1:1450;Drone2:1409;Drone3:1449,304.8224,idle,local,
Drone3_e1453,Drone3,Drone1:1445;Drone2:1390;Drone3:1453,304.5796,scanning,local,
Drone1_e1451,Drone1,Drone1:1451;Drone2:1409;Drone3:1449,304.9644,idle,local,
Drone1_e1452,Drone1,Drone1:1452;Drone2:1409;Drone3:1449,305.0525,scanning,local,
Drone1_e1453,Drone1,Drone1:1453;Drone2:1409;Drone3:1449,305.2885,scanning,local,
Drone2_e1411,Drone2,Drone1:1429;Drone2:1411;Drone3:1444,304.4642,position_sent,send,Drone3
Drone1_e1454,Drone1,Drone1:1454;Drone2:1409;Drone3:1449,305.5271,scanning,local,
Drone2_e1412,Drone2,Drone1:1429;Drone2:1412;Drone3:1444,304.5959,processing,local,
Drone2_e1413,Drone2,Drone1:1429;Drone2:1413;Drone3:1444,304.8085,processing,local,
Drone2_e1414,Drone2,Drone1:1429;Drone2:1414;Drone3:1444,304.9097,processing,send,Drone3
Drone1_e1455,Drone1,Drone1:1455;Drone2:1409;Drone3:1449,305.7628,scanning,send,Drone2
Drone1_e1456,Drone1,Drone1:1456;Drone2:1409;Drone3:1449,306.0210,scanning,send,Drone3
Drone3_e1454,Drone3,Drone1:1445;Drone2:1406;Drone3:1454,304.7198,scanning,receive,Drone2
Drone1_e1457,Drone1,Drone1:1457;Drone2:1409;Drone3:1449,306.1285,scanning,local,
Drone2_e1415,Drone2,Drone1:1455;Drone2:1415;Drone3:1449,305.8903,processing,receive,Drone1
Drone1_e1458,Drone1,Drone1:1458;Drone2:1409;Drone3:1449,306.3936,scanning,local,
Drone1_e1459,Drone1,Drone1:1459;Drone2:1409;Drone3:1449,306.6235,scanning,local,
Drone3_e1455,Drone3,Drone1:1445;Drone2:1411;Drone3:1455,304.9203,scanning,receive,Drone2
Drone1_e1460,Drone1,Drone1:1460;Drone2:1409;Drone3:1449,306.7936,scanning,local,
Drone3_e1456,Drone3,Drone1:1456;Drone2:1411;Drone3:1456,306.0904,scanning,receive,Drone1
Drone1_e1461,Drone1,Drone1:1461;Drone2:1409;Drone3:1449,307.0568,scanning,local,
Drone3_e1457,Drone3,Drone1:1456;Drone2:1414;Drone3:1457,306.3771,scanning,receive,Drone2
Drone1_e1462,Drone1,Drone1:1462;Drone2:1409;Drone3:1449,307.2021,target_found,local,
Drone3_e1458,Drone3,Drone1:1456;Drone2:1414;Drone3:1458,306.4514,scanning,local,
Drone2_e1416,Drone2,Drone1:1455;Drone2:1416;Drone3:1449,306.1830,processing,send,Drone1
Drone3_e1459,Drone3,Drone1:1456;Drone2:1414;Drone3:1459,306.5205,scanning,local,
Drone2_e1417,Drone2,Drone1:1455;Drone2:1417;Drone3:1449,306.3074,processing,local,
Drone1_e1463,Drone1,Drone1:1463;Drone2:1409;Drone3:1449,307.3276,target_found,local,
Drone2_e1418,Drone2,Drone1:1455;Drone2:1418;Drone3:1449,306.5904,processing,local,
Drone1_e1464,Drone1,Drone1:1464;Drone2:1416;Drone3:1449,307.5977,target_found,receive,Drone2
Drone2_e1419,Drone2,Drone1:1455;Drone2:1419;Drone3:1449,306.6619,processing,send,Drone1
Drone1_e1465,Drone1,Drone1:1465;Drone2:1416;Drone3:1449,307.8693,target_found,local,
Drone3_e1460,Drone3,Drone1:1456;Drone2:1414;Drone3:1460,306.6380,scanning,local,
Drone3_e1461,Drone3,Drone1:1456;Drone2:1414;Drone3:1461,306.7038,scanning,local,
Drone3_e1462,Drone3,Drone1:1456;Drone2:1414;Drone3:1462,306.8532,target_found,send,Drone1
Drone2_e1420,Drone2,Drone1:1455;Drone2:1420;Drone3:1449,306.8201,processing,send,Drone3
Drone2_e1421,Drone2,Drone1:1455;Drone2:1421;Drone3:1449,307.1133,processing,local,
Drone3_e1463,Drone3,Drone1:1456;Drone2:1414;Drone3:1463,307.0673,target_found,local,
Drone2_e1422,Drone2,Drone1:1455;Drone2:1422;Drone3:1449,307.3430,relative_computed,local,
Drone1_e1466,Drone1,Drone1:1466;Drone2:1416;Drone3:1449,307.9254,target_found,local,
Drone2_e1423,Drone2,Drone1:1455;Drone2:1423;Drone3:1449,307.4400,relative_computed,local,
Drone3_e1464,Drone3,Drone1:1456;Drone2:1414;Drone3:1464,307.1178,target_found,local,
Drone3_e1465,Drone3,Drone1:1456;Drone2:1420;Drone3:1465,307.3076,target_found,receive,Drone2
Drone3_e1466,Drone3,Drone1:1456;Drone2:1420;Drone3:1466,307.4154,target_found,local,
Drone3_e1467,Drone3,Drone1:1456;Drone2:1420;Drone3:1467,307.4875,target_found,send,Drone2
Drone2_e1424,Drone2,Drone1:1455;Drone2:1424;Drone3:1449,307.6082,relative_computed,local,
Drone1_e1467,Drone1,Drone1:1467;Drone2:1416;Drone3:1462,308.1570,target_found,receive,Drone3
Drone3_e1468,Drone3,Drone1:1456;Drone2:1420;Drone3:1468,307.6393,target_found,send,Drone2
Drone3_e1469,Drone3,Drone1:1456;Drone2:1420;Drone3:1469,307.8062,target_found,local,
Drone2_e1425,Drone2,Drone1:1455;Drone2:1425;Drone3:1449,307.6951,relative_computed,local,
Drone3_e1470,Drone3,Drone1:1456;Drone2:1420;Drone3:1470,307.9798,target_found,local,
Drone3_e1471,Drone3,Drone1:1456;Drone2:1420;Drone3:1471,308.2701,target_found,local,
Drone1_e1468,Drone1,Drone1:1468;Drone2:1416;Drone3:1462,308.4282,target_found,local,
Drone2_e1426,Drone2,Drone1:1455;Drone2:1426;Drone3:1449,307.9064,relative_computed,local,
Drone2_e1427,Drone2,Drone1:1455;Drone2:1427;Drone3:1449,308.1719,relative_computed,local,
Drone1_e1469,Drone1,Drone1:1469;Drone2:1416;Drone3:1462,308.5640,target_found,local,
Drone3_e1472,Drone3,Drone1:1456;Drone2:1420;Drone3:1472,308.4552,position_measured,send,Drone2
Drone3_e1473,Drone3,Drone1:1456;Drone2:1420;Drone3:1473,308.7495,position_measured,send,Drone1
Drone1_e1470,Drone1,Drone1:1470;Drone2:1416;Drone3:1462,308.7131,target_found,local,
Drone2_e1428,Drone2,Drone1:1455;Drone2:1428;Drone3:1449,308.4695,relative_computed,local,
Drone3_e1474,Drone3,Drone1:1456;Drone2:1420;Drone3:1474,308.9434,position_measured,send,Drone1
Drone2_e1429,Drone2,Drone1:1455;Drone2:1429;Drone3:1449,308.6857,relative_computed,local,
Drone1_e1471,Drone1,Drone1:1471;Drone2:1416;Drone3:1462,308.9341,target_found,local,
Drone2_e1430,Drone2,Drone1:1455;Drone2:1430;Drone3:1449,308.8170,relative_computed,local,
Drone2_e1431,Drone2,Drone1:1455;Drone2:1431;Drone3:1449,308.9658,relative_computed,local,
Drone3_e1475,Drone3,Drone1:1456;Drone2:1420;Drone3:1475,309.0481,position_measured,local,
Drone2_e1432,Drone2,Drone1:1455;Drone2:1432;Drone3:1449,309.1877,formation_hold,local,
Drone1_e1472,Drone1,Drone1:1472;Drone2:1420;Drone3:1473,309.0230,position_measured,receive,Drone3
Drone3_e1476,Drone3,Drone1:1456;Drone2:1420;Drone3:1476,309.1452,position_measured,local,
Drone1_e1473,Drone1,Drone1:1473;Drone2:1420;Drone3:1473,309.3154,position_measured,local,
Drone1_e1474,Drone1,Drone1:1474;Drone2:1420;Drone3:1473,309.5943,position_measured,local,
Drone3_e1477,Drone3,Drone1:1456;Drone2:1420;Drone3:1477,309.2557,position_measured,local,
Drone2_e1433,Drone2,Drone1:1456;Drone2:1433;Drone3:1467,309.3732,formation_hold,receive,Drone3
Drone1_e1475,Drone1,Drone1:1475;Drone2:1420;Drone3:1473,309.6921,position_measured,local,
Drone1_e1476,Drone1,Drone1:1476;Drone2:1420;Drone3:1473,309.7938,position_measured,receive,Drone2
Drone3_e1478,Drone3,Drone1:1456;Drone2:1420;Drone3:1478,309.4188,position_measured,send,Drone2
Drone1_e1477,Drone1,Drone1:1477;Drone2:1420;Drone3:1473,309.9332,position_measured,local,
Drone2_e1434,Drone2,Drone1:1456;Drone2:1434;Drone3:1468,309.5090,formation_hold,receive,Drone3
Drone2_e1435,Drone2,Drone1:1456;Drone2:1435;Drone3:1472,309.7138,formation_hold,receive,Drone3
Drone2_e1436,Drone2,Drone1:1456;Drone2:1436;Drone3:1472,309.9122,formation_hold,local,
Drone3_e1479,Drone3,Drone1:1456;Drone2:1420;Drone3:1479,309.4767,position_measured,local,
Drone2_e1437,Drone2,Drone1:1456;Drone2:1437;Drone3:1478,310.1373,formation_hold,receive,Drone3
Drone2_e1438,Drone2,Drone1:1456;Drone2:1438;Drone3:1478,310.3798,formation_hold,local,
Drone2_e1439,Drone2,Drone1:1456;Drone2:1439;Drone3:1478,310.5848,formation_hold,local,
Drone2_e1440,Drone2,Drone1:1456;Drone2:1440;Drone3:1478,310.8060,formation_hold,local,
Drone1_e1478,Drone1,Drone1:1478;Drone2:1420;Drone3:1474,310.1730,position_measured,receive,Drone3
Drone1_e1479,Drone1,Drone1:1479;Drone2:1420;Drone3:1474,310.3589,position_measured,local,
Drone1_e1480,Drone1,Drone1:1480;Drone2:1420;Drone3:1474,310.5226,position_measured,send,Drone2
Drone3_e1480,Drone3,Drone1:1456;Drone2:1420;Drone3:1480,309.6776,position_measured,local,
Drone2_e1441,Drone2,Drone1:1480;Drone2:1441;Drone3:1478,310.9942,formation_hold,receive,Drone1
Drone3_e1481,Drone3,Drone1:1456;Drone2:1420;Drone3:1481,309.7818,position_measured,local,
Drone2_e1442,Drone2,Drone1:1480;Drone2:1442;Drone3:1478,311.1925,idle,send,Drone1
Drone3_e1482,Drone3,Drone1:1456;Drone2:1420;Drone3:1482,310.0656,position_sent,local,
Drone2_e1443,Drone2,Drone1:1480;Drone2:1443;Drone3:1478,311.3583,idle,send,Drone1
Drone3_e1483,Drone3,Drone1:1456;Drone2:1420;Drone3:1483,310.3160,position_sent,local,
Drone3_e1484,Drone3,Drone1:1456;Drone2:1420;Drone3:1484,310.3781,position_sent,local,
Drone3_e1485,Drone3,Drone1:1456;Drone2:1420;Drone3:1485,310.4716,position_sent,send,Drone2
Drone2_e1444,Drone2,Drone1:1480;Drone2:1444;Drone3:1485,311.4183,idle,receive,Drone3
Drone3_e1486,Drone3,Drone1:1456;Drone2:1420;Drone3:1486,310.5490,position_sent,local,
Drone1_e1481,Drone1,Drone1:1481;Drone2:1420;Drone3:1474,310.5918,position_measured,local,
Drone2_e1445,Drone2,Drone1:1480;Drone2:1445;Drone3:1485,311.4697,idle,local,
Drone3_e1487,Drone3,Drone1:1456;Drone2:1420;Drone3:1487,310.8254,position_sent,local,
Drone2_e1446,Drone2,Drone1:1480;Drone2:1446;Drone3:1485,311.5756,idle,send,Drone1
Drone3_e1488,Drone3,Drone1:1456;Drone2:1420;Drone3:1488,310.9987,position_sent,local,
Drone3_e1489,Drone3,Drone1:1456;Drone2:1420;Drone3:1489,311.2239,position_sent,local,
Drone1_e1482,Drone1,Drone1:1482;Drone2:1442;Drone3:1478,311.2755,position_sent,receive,Drone2
Drone3_e1490,Drone3,Drone1:1456;Drone2:1420;Drone3:1490,311.3834,position_sent,local,
Drone2_e1447,Drone2,Drone1:1480;Drone2:1447;Drone3:1485,311.7331,idle,local,
Drone3_e1491,Drone3,Drone1:1456;Drone2:1420;Drone3:1491,311.6069,position_sent,local,
Drone3_e1492,Drone3,Drone1:1456;Drone2:1420;Drone3:1492,311.7616,processing,local,
Drone1_e1483,Drone1,Drone1:1483;Drone2:1443;Drone3:1478,311.4251,position_sent,receive,Drone2
Drone1_e1484,Drone1,Drone1:1484;Drone2:1446;Drone3:1485,311.7442,position_sent,receive,Drone2
Drone3_e1493,Drone3,Drone1:1456;Drone2:1420;Drone3:1493,312.0382,processing,local,
Drone1_e1485,Drone1,Drone1:1485;Drone2:1446;Drone3:1485,311.8158,position_sent,send,Drone2
Drone1_e1486,Drone1,Drone1:1486;Drone2:1446;Drone3:1485,311.9773,position_sent,local,
Drone3_e1494,Drone3,Drone1:1456;Drone2:1420;Drone3:1494,312.1540,processing,local,
Drone1_e1487,Drone1,Drone1:1487;Drone2:1446;Drone3:1485,312.1914,position_sent,local,
Drone3_e1495,Drone3,Drone1:1456;Drone2:1420;Drone3:1495,312.3439,processing,local,
Drone1_e1488,Drone1,Drone1:1488;Drone2:1446;Drone3:1485,312.2747,position_sent,send,Drone3
Drone3_e1496,Drone3,Drone1:1488;Drone2:1446;Drone3:1496,312.4089,processing,receive,Drone1
Drone1_e1489,Drone1,Drone1:1489;Drone2:1446;Drone3:1485,312.4711,position_sent,send,Drone3
Drone1_e1490,Drone1,Drone1:1490;Drone2:1446;Drone3:1485,312.7240,position_sent,local,
Drone2_e1448,Drone2,Drone1:1480;Drone2:1448;Drone3:1485,311.9982,idle,local,
Drone1_e1491,Drone1,Drone1:1491;Drone2:1446;Drone3:1485,312.8935,position_sent,send,Drone3
Drone1_e1492,Drone1,Drone1:1492;Drone2:1446;Drone3:1485,313.0818,processing,send,Drone3
Drone3_e1497,Drone3,Drone1:1488;Drone2:1446;Drone3:1497,312.6598,processing,local,
Drone1_e1493,Drone1,Drone1:1493;Drone2:1446;Drone3:1485,313.3463,processing,local,
Drone1_e1494,Drone1,Drone1:1494;Drone2:1446;Drone3:1485,313.4133,processing,local,
Drone3_e1498,Drone3,Drone1:1488;Drone2:1446;Drone3:1498,312.7280,processing,local,
Drone1_e1495,Drone1,Drone1:1495;Drone2:1446;Drone3:1485,313.6732,processing,send,Drone3
Drone2_e1449,Drone2,Drone1:1480;Drone2:1449;Drone3:1485,312.2552,idle,local,
Drone2_e1450,Drone2,Drone1:1485;Drone2:1450;Drone3:1485,312.3159,idle,receive,Drone1
Drone2_e1451,Drone2,Drone1:1485;Drone2:1451;Drone3:1485,312.3728,idle,local,
Drone3_e1499,Drone3,Drone1:1488;Drone2:1446;Drone3:1499,312.8714,processing,local,
Drone2_e1452,Drone2,Drone1:1485;Drone2:1452;Drone3:1485,312.6396,scanning,local,
Drone3_e1500,Drone3,Drone1:1488;Drone2:1446;Drone3:1500,313.0413,processing,local,
Drone3_e1501,Drone3,Drone1:1488;Drone2:1446;Drone3:1501,313.2528,processing,local,
Drone3_e1502,Drone3,Drone1:1489;Drone2:1446;Drone3:1502,313.4270,relative_computed,receive,Drone1
Drone1_e1496,Drone1,Drone1:1496;Drone2:1446;Drone3:1485,313.7309,processing,local,
Drone1_e1497,Drone1,Drone1:1497;Drone2:1446;Drone3:1485,313.9571,processing,local,
Drone1_e1498,Drone1,Drone1:1498;Drone2:1446;Drone3:1485,314.0170,processing,local,
Drone2_e1453,Drone2,Drone1:1485;Drone2:1453;Drone3:1485,312.8057,scanning,local,
Drone2_e1454,Drone2,Drone1:1485;Drone2:1454;Drone3:1485,312.9895,scanning,local,
Drone2_e1455,Drone2,Drone1:1485;Drone2:1455;Drone3:1485,313.2534,scanning,local,
Drone2_e1456,Drone2,Drone1:1485;Drone2:1456;Drone3:1485,313.3999,scanning,local,
Drone3_e1503,Drone3,Drone1:1489;Drone2:1446;Drone3:1503,313.6171,relative_computed,local,
Drone3_e1504,Drone3,Drone1:1489;Drone2:1446;Drone3:1504,313.8323,relative_computed,local,
Drone3_e1505,Drone3,Drone1:1491;Drone2:1446;Drone3:1505,313.9051,relative_computed,receive,Drone1
Drone2_e1457,Drone2,Drone1:1485;Drone2:1457;Drone3:1485,313.5831,scanning,local,
Drone3_e1506,Drone3,Drone1:1491;Drone2:1446;Drone3:1506,314.0180,relative_computed,local,
Drone2_e1458,Drone2,Drone1:1485;Drone2:1458;Drone3:1485,313.8518,scanning,local,
Drone3_e1507,Drone3,Drone1:1491;Drone2:1446;Drone3:1507,314.1463,relative_computed,local,
Drone2_e1459,Drone2,Drone1:1485;Drone2:1459;Drone3:1485,314.0433,scanning,local,
Drone2_e1460,Drone2,Drone1:1485;Drone2:1460;Drone3:1485,314.1412,scanning,local,
Drone2_e1461,Drone2,Drone1:1485;Drone2:1461;Drone3:1485,314.2941,scanning,local,
Drone2_e1462,Drone2,Drone1:1485;Drone2:1462;Drone3:1485,314.5115,target_found,local,
Drone1_e1499,Drone1,Drone1:1499;Drone2:1446;Drone3:1485,314.2897,processing,local,
Drone1_e1500,Drone1,Drone1:1500;Drone2:1446;Drone3:1485,314.5118,processing,local,
Drone1_e1501,Drone1,Drone1:1501;Drone2:1446;Drone3:1485,314.6521,processing,local,
Drone3_e1508,Drone3,Drone1:1491;Drone2:1446;Drone3:1508,314.2474,relative_computed,local,
Drone2_e1463,Drone2,Drone1:1485;Drone2:1463;Drone3:1485,314.6049,target_found,local,
Drone3_e1509,Drone3,Drone1:1491;Drone2:1446;Drone3:1509,314.3702,relative_computed,local,
Drone1_e1502,Drone1,Drone1:1502;Drone2:1446;Drone3:1485,314.7479,relative_computed,send,Drone3
Drone3_e1510,Drone3,Drone1:1491;Drone2:1446;Drone3:1510,314.5140,relative_computed,local,
Drone2_e1464,Drone2,Drone1:1485;Drone2:1464;Drone3:1485,314.7226,target_found,local,
Drone3_e1511,Drone3,Drone1:1491;Drone2:1446;Drone3:1511,314.6493,relative_computed,local,
Drone2_e1465,Drone2,Drone1:1485;Drone2:1465;Drone3:1485,314.8357,target_found,local,
Drone2_e1466,Drone2,Drone1:1485;Drone2:1466;Drone3:1485,315.1317,target_found,local,
Drone1_e1503,Drone1,Drone1:1503;Drone2:1446;Drone3:1485,315.0299,relative_computed,send,Drone3
Drone2_e1467,Drone2,Drone1:1485;Drone2:1467;Drone3:1485,315.3193,target_found,local,
Drone2_e1468,Drone2,Drone1:1485;Drone2:1468;Drone3:1485,315.4745,target_found,local,
Drone2_e1469,Drone2,Drone1:1485;Drone2:1469;Drone3:1485,315.6815,target_found,send,Drone3
Drone2_e1470,Drone2,Drone1:1485;Drone2:1470;Drone3:1485,315.8506,target_found,local,
Drone2_e1471,Drone2,Drone1:1485;Drone2:1471;Drone3:1485,315.9355,target_found,local,
Drone1_e1504,Drone1,Drone1:1504;Drone2:1446;Drone3:1485,315.2802,relative_computed,local,
Drone1_e1505,Drone1,Drone1:1505;Drone2:1446;Drone3:1485,315.3995,relative_computed,send,Drone2
Drone3_e1512,Drone3,Drone1:1491;Drone2:1446;Drone3:1512,314.7312,formation_hold,local,
Drone1_e1506,Drone1,Drone1:1506;Drone2:1446;Drone3:1485,315.6212,relative_computed,local,
Drone1_e1507,Drone1,Drone1:1507;Drone2:1446;Drone3:1485,315.6737,relative_computed,send,Drone2
Drone2_e1472,Drone2,Drone1:1485;Drone2:1472;Drone3:1485,316.1654,position_measured,local,
Drone2_e1473,Drone2,Drone1:1485;Drone2:1473;Drone3:1485,316.2730,position_measured,local,
Drone3_e1513,Drone3,Drone1:1491;Drone2:1446;Drone3:1513,314.9691,formation_hold,local,
Drone3_e1514,Drone3,Drone1:1492;Drone2:1446;Drone3:1514,315.0571,formation_hold,receive,Drone1
Drone3_e1515,Drone3,Drone1:1492;Drone2:1446;Drone3:1515,315.2976,formation_hold,local,
Drone1_e1508,Drone1,Drone1:1508;Drone2:1446;Drone3:1485,315.9299,relative_computed,local,
Drone1_e1509,Drone1,Drone1:1509;Drone2:1446;Drone3:1485,315.9843,relative_computed,local,
Drone1_e1510,Drone1,Drone1:1510;Drone2:1446;Drone3:1485,316.2367,relative_computed,send,Drone3
Drone1_e1511,Drone1,Drone1:1511;Drone2:1446;Drone3:1485,316.3419,relative_computed,send,Drone3
Drone2_e1474,Drone2,Drone1:1485;Drone2:1474;Drone3:1485,316.5460,position_measured,local,
Drone1_e1512,Drone1,Drone1:1512;Drone2:1446;Drone3:1485,316.4516,formation_hold,send,Drone2
Drone2_e1475,Drone2,Drone1:1485;Drone2:1475;Drone3:1485,316.8112,position_measured,local,
Drone2_e1476,Drone2,Drone1:1485;Drone2:1476;Drone3:1485,316.9193,position_measured,local,
Drone1_e1513,Drone1,Drone1:1513;Drone2:1446;Drone3:1485,316.6127,formation_hold,local,
Drone1_e1514,Drone1,Drone1:1514;Drone2:1446;Drone3:1485,316.7588,formation_hold,local,
Drone3_e1516,Drone3,Drone1:1492;Drone2:1446;Drone3:1516,315.3534,formation_hold,local,
Drone2_e1477,Drone2,Drone1:1505;Drone2:1477;Drone3:1485,317.0784,position_measured,receive,Drone1
Drone3_e1517,Drone3,Drone1:1495;Drone2:1446;Drone3:1517,315.5282,formation_hold,receive,Drone1
Drone3_e1518,Drone3,Drone1:1495;Drone2:1469;Drone3:1518,315.8831,formation_hold,receive,Drone2
Drone2_e1478,Drone2,Drone1:1507;Drone2:1478;Drone3:1485,317.2787,position_measured,receive,Drone1
Drone3_e1519,Drone3,Drone1:1495;Drone2:1469;Drone3:1519,315.9752,formation_hold,local,
Drone2_e1479,Drone2,Drone1:1512;Drone2:1479;Drone3:1485,317.4170,position_measured,receive,Drone1
Drone2_e1480,Drone2,Drone1:1512;Drone2:1480;Drone3:1485,317.6916,position_measured,send,Drone3
Drone2_e1481,Drone2,Drone1:1512;Drone2:1481;Drone3:1485,317.8590,position_measured,local,
Drone1_e1515,Drone1,Drone1:1515;Drone2:1446;Drone3:1485,316.9496,formation_hold,local,
Drone3_e1520,Drone3,Drone1:1495;Drone2:1469;Drone3:1520,316.1383,formation_hold,local,
Drone1_e1516,Drone1,Drone1:1516;Drone2:1446;Drone3:1485,317.0859,formation_hold,local,
Drone2_e1482,Drone2,Drone1:1512;Drone2:1482;Drone3:1485,318.0901,position_sent,send,Drone3
Drone2_e1483,Drone2,Drone1:1512;Drone2:1483;Drone3:1485,318.2271,position_sent,send,Drone3
Drone2_e1484,Drone2,Drone1:1512;Drone2:1484;Drone3:1485,318.5264,position_sent,local,
Drone2_e1485,Drone2,Drone1:1512;Drone2:1485;Drone3:1485,318.7898,position_sent,send,Drone1
Drone3_e1521,Drone3,Drone1:1495;Drone2:1469;Drone3:1521,316.3210,formation_hold,local,
Drone1_e1517,Drone1,Drone1:1517;Drone2:1446;Drone3:1485,317.3807,formation_hold,local,
Drone2_e1486,Drone2,Drone1:1512;Drone2:1486;Drone3:1485,318.8623,position_sent,send,Drone1
Drone1_e1518,Drone1,Drone1:1518;Drone2:1485;Drone3:1485,318.9024,formation_hold,receive,Drone2
Drone3_e1522,Drone3,Drone1:1495;Drone2:1469;Drone3:1522,316.4843,idle,local,
Drone2_e1487,Drone2,Drone1:1512;Drone2:1487;Drone3:1485,318.9819,position_sent,send,Drone3
Drone1_e1519,Drone1,Drone1:1519;Drone2:1486;Drone3:1485,318.9941,formation_hold,receive,Drone2
Drone1_e1520,Drone1,Drone1:1520;Drone2:1486;Drone3:1485,319.1993,formation_hold,send,Drone2
Drone3_e1523,Drone3,Drone1:1495;Drone2:1469;Drone3:1523,316.7304,idle,local,
Drone3_e1524,Drone3,Drone1:1512;Drone2:1480;Drone3:1524,317.9771,idle,receive,Drone2
Drone1_e1521,Drone1,Drone1:1521;Drone2:1486;Drone3:1485,319.4000,formation_hold,send,Drone2
Drone1_e1522,Drone1,Drone1:1522;Drone2:1486;Drone3:1485,319.5172,idle,send,Drone2
Drone1_e1523,Drone1,Drone1:1523;Drone2:1486;Drone3:1485,319.7620,idle,local,
Drone3_e1525,Drone3,Drone1:1512;Drone2:1480;Drone3:1525,318.2079,idle,local,
Drone1_e1524,Drone1,Drone1:1524;Drone2:1486;Drone3:1485,319.8587,idle,local,
Drone1_e1525,Drone1,Drone1:1525;Drone2:1486;Drone3:1485,319.9516,idle,local,
Drone2_e1488,Drone2,Drone1:1512;Drone2:1488;Drone3:1485,319.0371,position_sent,local,
Drone3_e1526,Drone3,Drone1:1512;Drone2:1480;Drone3:1526,318.3564,idle,local,
Drone1_e1526,Drone1,Drone1:1526;Drone2:1486;Drone3:1485,320.2133,idle,send,Drone2
Drone1_e1527,Drone1,Drone1:1527;Drone2:1486;Drone3:1485,320.4719,idle,local,
Drone3_e1527,Drone3,Drone1:1512;Drone2:1480;Drone3:1527,318.5220,idle,local,
Drone2_e1489,Drone2,Drone1:1520;Drone2:1489;Drone3:1485,319.4277,position_sent,receive,Drone1
Drone1_e1528,Drone1,Drone1:1528;Drone2:1486;Drone3:1485,320.7105,idle,local,
Drone1_e1529,Drone1,Drone1:1529;Drone2:1486;Drone3:1485,320.7945,idle,local,
Drone2_e1490,Drone2,Drone1:1520;Drone2:1490;Drone3:1485,319.6774,position_sent,local,
Drone3_e1528,Drone3,Drone1:1512;Drone2:1480;Drone3:1528,318.7095,idle,local,
Drone3_e1529,Drone3,Drone1:1512;Drone2:1480;Drone3:1529,318.8908,idle,local,
Drone3_e1530,Drone3,Drone1:1512;Drone2:1480;Drone3:1530,319.0293,idle,local,
Drone3_e1531,Drone3,Drone1:1512;Drone2:1480;Drone3:1531,319.2887,idle,local,
Drone2_e1491,Drone2,Drone1:1520;Drone2:1491;Drone3:1485,319.8582,position_sent,local,
Drone2_e1492,Drone2,Drone1:1521;Drone2:1492;Drone3:1485,319.9398,processing,receive,Drone1
Drone1_e1530,Drone1,Drone1:1530;Drone2:1486;Drone3:1485,321.0549,idle,send,Drone3
Drone1_e1531,Drone1,Drone1:1531;Drone2:1486;Drone3:1485,321.2080,idle,local,
Drone2_e1493,Drone2,Drone1:1522;Drone2:1493;Drone3:1485,320.0684,processing,receive,Drone1
Drone1_e1532,Drone1,Drone1:1532;Drone2:1486;Drone3:1485,321.3119,scanning,local,
Drone3_e1532,Drone3,Drone1:1512;Drone2:1480;Drone3:1532,319.4512,scanning,local,
Drone3_e1533,Drone3,Drone1:1512;Drone2:1480;Drone3:1533,319.6885,scanning,local,
Drone3_e1534,Drone3,Drone1:1512;Drone2:1480;Drone3:1534,319.8376,scanning,local,
Drone1_e1533,Drone1,Drone1:1533;Drone2:1486;Drone3:1485,321.5879,scanning,send,Drone2
Drone2_e1494,Drone2,Drone1:1522;Drone2:1494;Drone3:1485,320.2350,processing,local,
Drone2_e1495,Drone2,Drone1:1526;Drone2:1495;Drone3:1485,320.4009,processing,receive,Drone1
Drone2_e1496,Drone2,Drone1:1526;Drone2:1496;Drone3:1485,320.5122,processing,local,
Drone1_e1534,Drone1,Drone1:1534;Drone2:1486;Drone3:1485,321.8685,scanning,local,
Drone2_e1497,Drone2,Drone1:1533;Drone2:1497;Drone3:1485,321.7541,processing,receive,Drone1
Drone2_e1498,Drone2,Drone1:1533;Drone2:1498;Drone3:1485,322.0222,processing,local,
Drone1_e1535,Drone1,Drone1:1535;Drone2:1486;Drone3:1485,322.0072,scanning,local,
Drone3_e1535,Drone3,Drone1:1512;Drone2:1480;Drone3:1535,319.8977,scanning,local,
Drone2_e1499,Drone2,Drone1:1533;Drone2:1499;Drone3:1485,322.1205,processing,send,Drone3
Drone3_e1536,Drone3,Drone1:1512;Drone2:1480;Drone3:1536,319.9842,scanning,receive,Drone1
Drone3_e1537,Drone3,Drone1:1512;Drone2:1480;Drone3:1537,320.0492,scanning,local,
Drone3_e1538,Drone3,Drone1:1512;Drone2:1482;Drone3:1538,320.1052,scanning,receive,Drone2
Drone2_e1500,Drone2,Drone1:1533;Drone2:1500;Drone3:1485,322.3238,processing,local,
Drone2_e1501,Drone2,Drone1:1533;Drone2:1501;Drone3:1485,322.4450,processing,local,
Drone1_e1536,Drone1,Drone1:1536;Drone2:1486;Drone3:1485,322.2036,scanning,local,
Drone2_e1502,Drone2,Drone1:1533;Drone2:1502;Drone3:1485,322.6033,relative_computed,local,
Drone3_e1539,Drone3,Drone1:1512;Drone2:1482;Drone3:1539,320.4049,scanning,receive,Drone1
Drone1_e1537,Drone1,Drone1:1537;Drone2:1486;Drone3:1485,322.3481,scanning,local,
Drone3_e1540,Drone3,Drone1:1512;Drone2:1482;Drone3:1540,320.6377,scanning,local,
Drone3_e1541,Drone3,Drone1:1512;Drone2:1482;Drone3:1541,320.8783,scanning,receive,Drone1
Drone1_e1538,Drone1,Drone1:1538;Drone2:1486;Drone3:1485,322.4671,scanning,send,Drone3
Drone1_e1539,Drone1,Drone1:1539;Drone2:1486;Drone3:1485,322.5201,scanning,send,Drone3
Drone1_e1540,Drone1,Drone1:1540;Drone2:1486;Drone3:1485,322.6745,scanning,send,Drone2
Drone1_e1541,Drone1,Drone1:1541;Drone2:1486;Drone3:1485,322.8665,scanning,local,
Drone1_e1542,Drone1,Drone1:1542;Drone2:1486;Drone3:1485,322.9574,target_found,send,Drone2
Drone1_e1543,Drone1,Drone1:1543;Drone2:1486;Drone3:1485,323.2041,target_found,send,Drone3
Drone1_e1544,Drone1,Drone1:1544;Drone2:1486;Drone3:1485,323.4994,target_found,local,
Drone3_e1542,Drone3,Drone1:1512;Drone2:1482;Drone3:1542,320.9482,target_found,local,
Drone2_e1503,Drone2,Drone1:1533;Drone2:1503;Drone3:1485,322.7390,relative_computed,local,
Drone3_e1543,Drone3,Drone1:1512;Drone2:1482;Drone3:1543,321.2109,target_found,local,
Drone2_e1504,Drone2,Drone1:1533;Drone2:1504;Drone3:1485,322.9260,relative_computed,local,
Drone3_e1544,Drone3,Drone1:1512;Drone2:1483;Drone3:1544,321.3926,target_found,receive,Drone2
Drone3_e1545,Drone3,Drone1:1512;Drone2:1483;Drone3:1545,321.6217,target_found,local,
Drone3_e1546,Drone3,Drone1:1512;Drone2:1483;Drone3:1546,321.8733,target_found,local,
Drone1_e1545,Drone1,Drone1:1545;Drone2:1486;Drone3:1485,323.6579,target_found,send,Drone2
Drone2_e1505,Drone2,Drone1:1540;Drone2:1505;Drone3:1485,323.1007,relative_computed,receive,Drone1
Drone3_e1547,Drone3,Drone1:1512;Drone2:1483;Drone3:1547,321.9361,target_found,local,
Drone3_e1548,Drone3,Drone1:1512;Drone2:1487;Drone3:1548,322.0127,target_found,receive,Drone2
Drone1_e1546,Drone1,Drone1:1546;Drone2:1486;Drone3:1485,323.9190,target_found,local,
Drone1_e1547,Drone1,Drone1:1547;Drone2:1486;Drone3:1485,324.0312,target_found,local,
Drone1_e1548,Drone1,Drone1:1548;Drone2:1486;Drone3:1485,324.2556,target_found,local,
Drone3_e1549,Drone3,Drone1:1533;Drone2:1499;Drone3:1549,322.2753,target_found,receive,Drone2
Drone2_e1506,Drone2,Drone1:1542;Drone2:1506;Drone3:1485,323.1913,relative_computed,receive,Drone1
Drone2_e1507,Drone2,Drone1:1542;Drone2:1507;Drone3:1485,323.4071,relative_computed,local,
Drone2_e1508,Drone2,Drone1:1542;Drone2:1508;Drone3:1485,323.4713,relative_computed,local,
Drone2_e1509,Drone2,Drone1:1542;Drone2:1509;Drone3:1485,323.5598,relative_computed,local,
Drone2_e1510,Drone2,Drone1:1542;Drone2:1510;Drone3:1485,323.6932,relative_computed,local,
Drone2_e1511,Drone2,Drone1:1545;Drone2:1511;Drone3:1485,323.8649,relative_computed,receive,Drone1
Drone2_e1512,Drone2,Drone1:1545;Drone2:1512;Drone3:1485,324.0140,formation_hold,local,
Drone1_e1549,Drone1,Drone1:1549;Drone2:1486;Drone3:1485,324.5179,target_found,local,
Drone2_e1513,Drone2,Drone1:1545;Drone2:1513;Drone3:1485,324.1480,formation_hold,send,Drone1
Drone3_e1550,Drone3,Drone1:1533;Drone2:1499;Drone3:1550,322.5386,target_found,receive,Drone1
Drone1_e1550,Drone1,Drone1:1550;Drone2:1513;Drone3:1485,324.6054,target_found,receive,Drone2
Drone2_e1514,Drone2,Drone1:1545;Drone2:1514;Drone3:1485,324.2211,formation_hold,local,
Drone3_e1551,Drone3,Drone1:1533;Drone2:1499;Drone3:1551,322.8366,target_found,local,
Drone1_e1551,Drone1,Drone1:1551;Drone2:1513;Drone3:1485,324.6636,target_found,local,
Drone2_e1515,Drone2,Drone1:1545;Drone2:1515;Drone3:1485,324.3628,formation_hold,local,
Drone3_e1552,Drone3,Drone1:1533;Drone2:1499;Drone3:1552,323.0616,position_measured,local,
Drone3_e1553,Drone3,Drone1:1533;Drone2:1499;Drone3:1553,323.1217,position_measured,local,
Drone2_e1516,Drone2,Drone1:1545;Drone2:1516;Drone3:1485,324.4225,formation_hold,local,
Drone3_e1554,Drone3,Drone1:1533;Drone2:1499;Drone3:1554,323.3253,position_measured,receive,Drone1
Drone1_e1552,Drone1,Drone1:1552;Drone2:1513;Drone3:1485,324.9379,position_measured,local,
Drone2_e1517,Drone2,Drone1:1545;Drone2:1517;Drone3:1485,324.6264,formation_hold,send,Drone3
Drone3_e1555,Drone3,Drone1:1545;Drone2:1517;Drone3:1555,324.7110,position_measured,receive,Drone2
Drone2_e1518,Drone2,Drone1:1545;Drone2:1518;Drone3:1485,324.7413,formation_hold,local,
Drone3_e1556,Drone3,Drone1:1545;Drone2:1517;Drone3:1556,324.8897,position_measured,local,
Drone2_e1519,Drone2,Drone1:1545;Drone2:1519;Drone3:1485,324.9636,formation_hold,local,
Drone1_e1553,Drone1,Drone1:1553;Drone2:1513;Drone3:1485,325.0725,position_measured,local,
Drone1_e1554,Drone1,Drone1:1554;Drone2:1513;Drone3:1485,325.3251,position_measured,local,
Drone2_e1520,Drone2,Drone1:1545;Drone2:1520;Drone3:1485,325.0902,formation_hold,local,
Drone3_e1557,Drone3,Drone1:1545;Drone2:1517;Drone3:1557,325.0400,position_measured,local,
Drone1_e1555,Drone1,Drone1:1555;Drone2:1513;Drone3:1485,325.5869,position_measured,local,
Drone3_e1558,Drone3,Drone1:1545;Drone2:1517;Drone3:1558,325.2053,position_measured,receive,Drone1
Drone3_e1559,Drone3,Drone1:1545;Drone2:1517;Drone3:1559,325.2700,position_measured,receive,Drone1
Drone1_e1556,Drone1,Drone1:1556;Drone2:1513;Drone3:1485,325.6684,position_measured,send,Drone3
Drone3_e1560,Drone3,Drone1:1545;Drone2:1517;Drone3:1560,325.4919,position_measured,receive,Drone1
Drone3_e1561,Drone3,Drone1:1556;Drone2:1517;Drone3:1561,325.8272,position_measured,receive,Drone1
Drone1_e1557,Drone1,Drone1:1557;Drone2:1513;Drone3:1485,325.8855,position_measured,local,
Drone3_e1562,Drone3,Drone1:1556;Drone2:1517;Drone3:1562,326.0242,position_sent,local,
Drone3_e1563,Drone3,Drone1:1556;Drone2:1517;Drone3:1563,326.2382,position_sent,send,Drone2
Drone2_e1521,Drone2,Drone1:1556;Drone2:1521;Drone3:1563,326.3745,formation_hold,receive,Drone3
Drone1_e1558,Drone1,Drone1:1558;Drone2:1513;Drone3:1485,326.0329,position_measured,send,Drone3
Drone2_e1522,Drone2,Drone1:1556;Drone2:1522;Drone3:1563,326.6661,idle,local,
Drone3_e1564,Drone3,Drone1:1556;Drone2:1517;Drone3:1564,326.4006,position_sent,local,
Drone2_e1523,Drone2,Drone1:1556;Drone2:1523;Drone3:1563,326.8930,idle,local,
Drone3_e1565,Drone3,Drone1:1558;Drone2:1517;Drone3:1565,326.4525,position_sent,receive,Drone1
Drone1_e1559,Drone1,Drone1:1559;Drone2:1513;Drone3:1485,326.1868,position_measured,local,
Drone2_e1524,Drone2,Drone1:1556;Drone2:1524;Drone3:1563,327.0266,idle,local,
Drone1_e1560,Drone1,Drone1:1560;Drone2:1513;Drone3:1485,326.2968,position_measured,local,
Drone3_e1566,Drone3,Drone1:1558;Drone2:1517;Drone3:1566,326.5719,position_sent,local,
Drone1_e1561,Drone1,Drone1:1561;Drone2:1513;Drone3:1485,326.4513,position_measured,local,
Drone1_e1562,Drone1,Drone1:1562;Drone2:1513;Drone3:1485,326.6791,position_sent,local,
Drone3_e1567,Drone3,Drone1:1558;Drone2:1517;Drone3:1567,326.6226,position_sent,local,
Drone2_e1525,Drone2,Drone1:1556;Drone2:1525;Drone3:1563,327.3189,idle,local,
Drone1_e1563,Drone1,Drone1:1563;Drone2:1513;Drone3:1485,326.8992,position_sent,send,Drone3
Drone3_e1568,Drone3,Drone1:1558;Drone2:1517;Drone3:1568,326.7410,position_sent,local,
Drone2_e1526,Drone2,Drone1:1556;Drone2:1526;Drone3:1563,327.6173,idle,local,
Drone3_e1569,Drone3,Drone1:1558;Drone2:1517;Drone3:1569,326.8401,position_sent,local,
Drone3_e1570,Drone3,Drone1:1558;Drone2:1517;Drone3:1570,327.0039,position_sent,local,
Drone3_e1571,Drone3,Drone1:1558;Drone2:1517;Drone3:1571,327.1264,position_sent,local,
Drone2_e1527,Drone2,Drone1:1556;Drone2:1527;Drone3:1563,327.6718,idle,send,Drone3
Drone3_e1572,Drone3,Drone1:1558;Drone2:1517;Drone3:1572,327.3744,processing,local,
Drone2_e1528,Drone2,Drone1:1556;Drone2:1528;Drone3:1563,327.8261,idle,local,
Drone2_e1529,Drone2,Drone1:1556;Drone2:1529;Drone3:1563,328.0283,idle,local,
Drone1_e1564,Drone1,Drone1:1564;Drone2:1513;Drone3:1485,327.1579,position_sent,local,
Drone1_e1565,Drone1,Drone1:1565;Drone2:1513;Drone3:1485,327.2830,position_sent,local,
Drone3_e1573,Drone3,Drone1:1558;Drone2:1517;Drone3:1573,327.6286,processing,local,
Drone3_e1574,Drone3,Drone1:1558;Drone2:1517;Drone3:1574,327.7421,processing,local,
Drone2_e1530,Drone2,Drone1:1556;Drone2:1530;Drone3:1563,328.0884,idle,send,Drone1
Drone2_e1531,Drone2,Drone1:1556;Drone2:1531;Drone3:1563,328.2459,idle,send,Drone1
Drone1_e1566,Drone1,Drone1:1566;Drone2:1513;Drone3:1485,327.4014,position_sent,local,
Drone3_e1575,Drone3,Drone1:1558;Drone2:1517;Drone3:1575,327.7962,processing,local,
Drone3_e1576,Drone3,Drone1:1558;Drone2:1517;Drone3:1576,328.0062,processing,local,
Drone2_e1532,Drone2,Drone1:1556;Drone2:1532;Drone3:1563,328.4618,scanning,local,
Drone2_e1533,Drone2,Drone1:1556;Drone2:1533;Drone3:1563,328.5651,scanning,local,
Drone3_e1577,Drone3,Drone1:1558;Drone2:1517;Drone3:1577,328.2511,processing,local,
Drone1_e1567,Drone1,Drone1:1567;Drone2:1513;Drone3:1485,327.5487,position_sent,local,
Drone3_e1578,Drone3,Drone1:1563;Drone2:1517;Drone3:1578,328.3047,processing,receive,Drone1
Drone2_e1534,Drone2,Drone1:1556;Drone2:1534;Drone3:1563,328.8518,scanning,send,Drone1
Drone1_e1568,Drone1,Drone1:1568;Drone2:1530;Drone3:1563,328.1807,position_sent,receive,Drone2
Drone2_e1535,Drone2,Drone1:1556;Drone2:1535;Drone3:1563,329.0057,scanning,local,
Drone2_e1536,Drone2,Drone1:1556;Drone2:1536;Drone3:1563,329.1460,scanning,send,Drone1
Drone2_e1537,Drone2,Drone1:1556;Drone2:1537;Drone3:1563,329.3316,scanning,local,
Drone3_e1579,Drone3,Drone1:1563;Drone2:1517;Drone3:1579,328.3737,processing,local,
Drone1_e1569,Drone1,Drone1:1569;Drone2:1530;Drone3:1563,328.4440,position_sent,local,
Drone1_e1570,Drone1,Drone1:1570;Drone2:1530;Drone3:1563,328.5104,position_sent,local,
Drone2_e1538,Drone2,Drone1:1556;Drone2:1538;Drone3:1563,329.4099,scanning,local,
Drone2_e1539,Drone2,Drone1:1556;Drone2:1539;Drone3:1563,329.5851,scanning,local,
Drone3_e1580,Drone3,Drone1:1563;Drone2:1517;Drone3:1580,328.4543,processing,local,
Drone3_e1581,Drone3,Drone1:1563;Drone2:1517;Drone3:1581,328.7006,processing,local,
Drone2_e1540,Drone2,Drone1:1556;Drone2:1540;Drone3:1563,329.7234,scanning,local,
Drone2_e1541,Drone2,Drone1:1556;Drone2:1541;Drone3:1563,329.9097,scanning,local,
Drone2_e1542,Drone2,Drone1:1556;Drone2:1542;Drone3:1563,330.1874,target_found,local,
Drone3_e1582,Drone3,Drone1:1563;Drone2:1517;Drone3:1582,328.9490,relative_computed,local,
Drone1_e1571,Drone1,Drone1:1571;Drone2:1530;Drone3:1563,328.6010,position_sent,local,
Drone2_e1543,Drone2,Drone1:1556;Drone2:1543;Drone3:1563,330.3571,target_found,send,Drone1
Drone3_e1583,Drone3,Drone1:1563;Drone2:1527;Drone3:1583,329.2123,relative_computed,receive,Drone2
Drone2_e1544,Drone2,Drone1:1556;Drone2:1544;Drone3:1563,330.4602,target_found,send,Drone3
Drone1_e1572,Drone1,Drone1:1572;Drone2:1530;Drone3:1563,328.7719,processing,local,
Drone3_e1584,Drone3,Drone1:1563;Drone2:1527;Drone3:1584,329.2791,relative_computed,local,
Drone3_e1585,Drone3,Drone1:1563;Drone2:1544;Drone3:1585,330.6496,relative_computed,receive,Drone2
Drone2_e1545,Drone2,Drone1:1556;Drone2:1545;Drone3:1563,330.6708,target_found,local,
Drone1_e1573,Drone1,Drone1:1573;Drone2:1530;Drone3:1563,328.8310,processing,local,
Drone1_e1574,Drone1,Drone1:1574;Drone2:1531;Drone3:1563,328.8853,processing,receive,Drone2
Drone3_e1586,Drone3,Drone1:1563;Drone2:1544;Drone3:1586,330.8617,relative_computed,local,
Drone2_e1546,Drone2,Drone1:1556;Drone2:1546;Drone3:1563,330.7227,target_found,local,
Drone2_e1547,Drone2,Drone1:1556;Drone2:1547;Drone3:1563,330.7940,target_found,local,
Drone1_e1575,Drone1,Drone1:1575;Drone2:1531;Drone3:1563,329.0756,processing,local,
Drone1_e1576,Drone1,Drone1:1576;Drone2:1531;Drone3:1563,329.2440,processing,local,
Drone3_e1587,Drone3,Drone1:1563;Drone2:1544;Drone3:1587,331.0932,relative_computed,local,
Drone2_e1548,Drone2,Drone1:1556;Drone2:1548;Drone3:1563,331.0405,target_found,send,Drone1
Drone3_e1588,Drone3,Drone1:1563;Drone2:1544;Drone3:1588,331.2212,relative_computed,local,
Drone2_e1549,Drone2,Drone1:1556;Drone2:1549;Drone3:1563,331.1043,target_found,send,Drone1
Drone2_e1550,Drone2,Drone1:1556;Drone2:1550;Drone3:1563,331.4039,target_found,local,
Drone3_e1589,Drone3,Drone1:1563;Drone2:1544;Drone3:1589,331.5210,relative_computed,send,Drone2
Drone2_e1551,Drone2,Drone1:1563;Drone2:1551;Drone3:1589,331.8164,target_found,receive,Drone3
Drone3_e1590,Drone3,Drone1:1563;Drone2:1544;Drone3:1590,331.6956,relative_computed,local,
Drone3_e1591,Drone3,Drone1:1563;Drone2:1544;Drone3:1591,331.7522,relative_computed,send,Drone1
Drone2_e1552,Drone2,Drone1:1563;Drone2:1552;Drone3:1589,332.0443,position_measured,local,
Drone1_e1577,Drone1,Drone1:1577;Drone2:1531;Drone3:1563,329.4447,processing,local,
Drone1_e1578,Drone1,Drone1:1578;Drone2:1534;Drone3:1563,329.7383,processing,receive,Drone2
Drone2_e1553,Drone2,Drone1:1563;Drone2:1553;Drone3:1589,332.1253,position_measured,local,
Drone3_e1592,Drone3,Drone1:1563;Drone2:1544;Drone3:1592,331.8600,formation_hold,send,Drone1
Drone2_e1554,Drone2,Drone1:1563;Drone2:1554;Drone3:1589,332.3654,position_measured,local,
Drone3_e1593,Drone3,Drone1:1563;Drone2:1544;Drone3:1593,331.9299,formation_hold,local,
Drone3_e1594,Drone3,Drone1:1563;Drone2:1544;Drone3:1594,332.1243,formation_hold,local,
Drone3_e1595,Drone3,Drone1:1563;Drone2:1544;Drone3:1595,332.4009,formation_hold,local,
Drone3_e1596,Drone3,Drone1:1563;Drone2:1544;Drone3:1596,332.6389,formation_hold,send,Drone2
Drone1_e1579,Drone1,Drone1:1579;Drone2:1544;Drone3:1591,331.8254,processing,receive,Drone3
Drone2_e1555,Drone2,Drone1:1563;Drone2:1555;Drone3:1596,332.7232,position_measured,receive,Drone3
Drone1_e1580,Drone1,Drone1:1580;Drone2:1544;Drone3:1591,332.0225,processing,local,
Drone1_e1581,Drone1,Drone1:1581;Drone2:1544;Drone3:1591,332.0831,processing,local,
Drone2_e1556,Drone2,Drone1:1563;Drone2:1556;Drone3:1596,332.7999,position_measured,local,
Drone1_e1582,Drone1,Drone1:1582;Drone2:1544;Drone3:1591,332.2734,relative_computed,local,
Drone1_e1583,Drone1,Drone1:1583;Drone2:1544;Drone3:1591,332.3697,relative_computed,receive,Drone2
Drone3_e1597,Drone3,Drone1:1563;Drone2:1544;Drone3:1597,332.7149,formation_hold,local,
Drone1_e1584,Drone1,Drone1:1584;Drone2:1544;Drone3:1591,332.6019,relative_computed,local,
Drone1_e1585,Drone1,Drone1:1585;Drone2:1544;Drone3:1591,332.8993,relative_computed,receive,Drone2
Drone1_e1586,Drone1,Drone1:1586;Drone2:1544;Drone3:1591,333.1680,relative_computed,local,
Drone3_e1598,Drone3,Drone1:1563;Drone2:1544;Drone3:1598,332.9590,formation_hold,local,
Drone1_e1587,Drone1,Drone1:1587;Drone2:1544;Drone3:1591,333.2775,relative_computed,local,
Drone2_e1557,Drone2,Drone1:1563;Drone2:1557;Drone3:1596,332.8980,position_measured,send,Drone3
Drone3_e1599,Drone3,Drone1:1563;Drone2:1557;Drone3:1599,333.1101,formation_hold,receive,Drone2
Drone3_e1600,Drone3,Drone1:1563;Drone2:1557;Drone3:1600,333.3047,formation_hold,local,
Drone2_e1558,Drone2,Drone1:1563;Drone2:1558;Drone3:1596,333.1247,position_measured,send,Drone1
Drone2_e1559,Drone2,Drone1:1563;Drone2:1559;Drone3:1596,333.2992,position_measured,local,
Drone1_e1588,Drone1,Drone1:1588;Drone2:1544;Drone3:1591,333.3753,relative_computed,local,
Drone2_e1560,Drone2,Drone1:1563;Drone2:1560;Drone3:1596,333.4933,position_measured,local,
Drone3_e1601,Drone3,Drone1:1563;Drone2:1557;Drone3:1601,333.5965,formation_hold,local,
Drone1_e1589,Drone1,Drone1:1589;Drone2:1548;Drone3:1591,333.4830,relative_computed,receive,Drone2
Drone1_e1590,Drone1,Drone1:1590;Drone2:1548;Drone3:1591,333.7158,relative_computed,local,
Drone3_e1602,Drone3,Drone1:1563;Drone2:1557;Drone3:1602,333.8878,idle,local,
Drone2_e1561,Drone2,Drone1:1563;Drone2:1561;Drone3:1596,333.6869,position_measured,local,
Drone3_e1603,Drone3,Drone1:1563;Drone2:1557;Drone3:1603,334.1453,idle,send,Drone1
Drone1_e1591,Drone1,Drone1:1591;Drone2:1548;Drone3:1591,333.8512,relative_computed,local,
Drone2_e1562,Drone2,Drone1:1563;Drone2:1562;Drone3:1596,333.9541,position_sent,send,Drone1
Drone2_e1563,Drone2,Drone1:1563;Drone2:1563;Drone3:1596,334.0988,position_sent,local,
Drone3_e1604,Drone3,Drone1:1563;Drone2:1557;Drone3:1604,334.3061,idle,local,
Drone1_e1592,Drone1,Drone1:1592;Drone2:1548;Drone3:1591,333.9377,formation_hold,local,
Drone2_e1564,Drone2,Drone1:1563;Drone2:1564;Drone3:1596,334.3663,position_sent,local,
Drone3_e1605,Drone3,Drone1:1563;Drone2:1557;Drone3:1605,334.5934,idle,send,Drone2
Drone2_e1565,Drone2,Drone1:1563;Drone2:1565;Drone3:1605,334.7517,position_sent,receive,Drone3
Drone1_e1593,Drone1,Drone1:1593;Drone2:1549;Drone3:1591,334.1747,formation_hold,receive,Drone2
Drone3_e1606,Drone3,Drone1:1563;Drone2:1557;Drone3:1606,334.6710,idle,send,Drone2
Drone2_e1566,Drone2,Drone1:1563;Drone2:1566;Drone3:1606,334.8460,position_sent,receive,Drone3
Drone1_e1594,Drone1,Drone1:1594;Drone2:1549;Drone3:1591,334.4154,formation_hold,local,
Drone1_e1595,Drone1,Drone1:1595;Drone2:1549;Drone3:1591,334.5524,formation_hold,local,
Drone3_e1607,Drone3,Drone1:1563;Drone2:1557;Drone3:1607,334.8931,idle,send,Drone1
Drone2_e1567,Drone2,Drone1:1563;Drone2:1567;Drone3:1606,335.1369,position_sent,local,
Drone2_e1568,Drone2,Drone1:1563;Drone2:1568;Drone3:1606,335.2964,position_sent,send,Drone1
Drone1_e1596,Drone1,Drone1:1596;Drone2:1558;Drone3:1596,334.7637,formation_hold,receive,Drone2
Drone2_e1569,Drone2,Drone1:1563;Drone2:1569;Drone3:1606,335.3739,position_sent,send,Drone1
Drone3_e1608,Drone3,Drone1:1563;Drone2:1557;Drone3:1608,335.0068,idle,local,
Drone1_e1597,Drone1,Drone1:1597;Drone2:1558;Drone3:1596,335.0003,formation_hold,receive,Drone3
Drone1_e1598,Drone1,Drone1:1598;Drone2:1562;Drone3:1596,335.1106,formation_hold,receive,Drone2
Drone2_e1570,Drone2,Drone1:1563;Drone2:1570;Drone3:1606,335.6133,position_sent,send,Drone1
Drone3_e1609,Drone3,Drone1:1563;Drone2:1557;Drone3:1609,335.2708,idle,local,
Drone3_e1610,Drone3,Drone1:1563;Drone2:1557;Drone3:1610,335.4533,idle,local,
Drone1_e1599,Drone1,Drone1:1599;Drone2:1562;Drone3:1596,335.4049,formation_hold,local,
Drone1_e1600,Drone1,Drone1:1600;Drone2:1568;Drone3:1606,335.5368,formation_hold,receive,Drone2
Drone3_e1611,Drone3,Drone1:1563;Drone2:1557;Drone3:1611,335.6082,idle,local,
Drone2_e1571,Drone2,Drone1:1563;Drone2:1571;Drone3:1606,335.7102,position_sent,send,Drone1
Drone3_e1612,Drone3,Drone1:1563;Drone2:1557;Drone3:1612,335.8492,scanning,local,
Drone2_e1572,Drone2,Drone1:1563;Drone2:1572;Drone3:1606,335.8281,processing,local,
Drone1_e1601,Drone1,Drone1:1601;Drone2:1568;Drone3:1606,335.7542,formation_hold,local,
Drone3_e1613,Drone3,Drone1:1563;Drone2:1557;Drone3:1613,335.9885,scanning,local,
Drone2_e1573,Drone2,Drone1:1563;Drone2:1573;Drone3:1606,335.9272,processing,local,
Drone1_e1602,Drone1,Drone1:1602;Drone2:1568;Drone3:1606,335.8935,idle,receive,Drone3
Drone1_e1603,Drone1,Drone1:1603;Drone2:1568;Drone3:1606,336.0667,idle,local,
Drone2_e1574,Drone2,Drone1:1563;Drone2:1574;Drone3:1606,335.9813,processing,local,
Drone1_e1604,Drone1,Drone1:1604;Drone2:1569;Drone3:1606,336.1746,idle,receive,Drone2
Drone1_e1605,Drone1,Drone1:1605;Drone2:1569;Drone3:1607,336.3583,idle,receive,Drone3
Drone3_e1614,Drone3,Drone1:1563;Drone2:1557;Drone3:1614,336.2181,scanning,send,Drone2
Drone1_e1606,Drone1,Drone1:1606;Drone2:1569;Drone3:1607,336.4629,idle,local,
Drone1_e1607,Drone1,Drone1:1607;Drone2:1570;Drone3:1607,336.7425,idle,receive,Drone2
Drone2_e1575,Drone2,Drone1:1563;Drone2:1575;Drone3:1614,336.4288,processing,receive,Drone3
Drone2_e1576,Drone2,Drone1:1563;Drone2:1576;Drone3:1614,336.5022,processing,local,
Drone1_e1608,Drone1,Drone1:1608;Drone2:1570;Drone3:1607,336.8159,idle,local,
Drone2_e1577,Drone2,Drone1:1563;Drone2:1577;Drone3:1614,336.6864,processing,local,
Drone3_e1615,Drone3,Drone1:1563;Drone2:1557;Drone3:1615,336.3284,scanning,local,
Drone2_e1578,Drone2,Drone1:1563;Drone2:1578;Drone3:1614,336.8717,processing,local,
Drone3_e1616,Drone3,Drone1:1563;Drone2:1557;Drone3:1616,336.5605,scanning,local,
Drone2_e1579,Drone2,Drone1:1563;Drone2:1579;Drone3:1614,336.9758,processing,local,
Drone2_e1580,Drone2,Drone1:1563;Drone2:1580;Drone3:1614,337.0508,processing,local,
Drone3_e1617,Drone3,Drone1:1563;Drone2:1557;Drone3:1617,336.8417,scanning,local,
Drone2_e1581,Drone2,Drone1:1563;Drone2:1581;Drone3:1614,337.3345,processing,send,Drone3
Drone2_e1582,Drone2,Drone1:1563;Drone2:1582;Drone3:1614,337.4255,relative_computed,local,
Drone3_e1618,Drone3,Drone1:1563;Drone2:1581;Drone3:1618,337.5513,scanning,receive,Drone2
Drone1_e1609,Drone1,Drone1:1609;Drone2:1571;Drone3:1607,336.9244,idle,receive,Drone2
Drone1_e1610,Drone1,Drone1:1610;Drone2:1571;Drone3:1607,337.0234,idle,local,
Drone1_e1611,Drone1,Drone1:1611;Drone2:1571;Drone3:1607,337.1886,idle,send,Drone3
Drone3_e1619,Drone3,Drone1:1563;Drone2:1581;Drone3:1619,337.7560,scanning,local,
Drone1_e1612,Drone1,Drone1:1612;Drone2:1571;Drone3:1607,337.3303,scanning,send,Drone2
Drone2_e1583,Drone2,Drone1:1563;Drone2:1583;Drone3:1614,337.5835,relative_computed,local,
Drone3_e1620,Drone3,Drone1:1611;Drone2:1581;Drone3:1620,337.9244,scanning,receive,Drone1
Drone1_e1613,Drone1,Drone1:1613;Drone2:1571;Drone3:1607,337.5135,scanning,send,Drone2
Drone3_e1621,Drone3,Drone1:1611;Drone2:1581;Drone3:1621,338.0795,scanning,local,
Drone1_e1614,Drone1,Drone1:1614;Drone2:1571;Drone3:1607,337.6165,scanning,local,
Drone1_e1615,Drone1,Drone1:1615;Drone2:1571;Drone3:1607,337.7751,scanning,local,
Drone3_e1622,Drone3,Drone1:1611;Drone2:1581;Drone3:1622,338.1960,target_found,local,
Drone3_e1623,Drone3,Drone1:1611;Drone2:1581;Drone3:1623,338.4670,target_found,local,
Drone3_e1624,Drone3,Drone1:1611;Drone2:1581;Drone3:1624,338.7500,target_found,local,
Drone3_e1625,Drone3,Drone1:1611;Drone2:1581;Drone3:1625,339.0216,target_found,local,
Drone1_e1616,Drone1,Drone1:1616;Drone2:1571;Drone3:1607,337.9737,scanning,local,
Drone3_e1626,Drone3,Drone1:1611;Drone2:1581;Drone3:1626,339.3100,target_found,local,
Drone2_e1584,Drone2,Drone1:1612;Drone2:1584;Drone3:1614,337.7033,relative_computed,receive,Drone1
Drone2_e1585,Drone2,Drone1:1612;Drone2:1585;Drone3:1614,337.9848,relative_computed,local,
Drone1_e1617,Drone1,Drone1:1617;Drone2:1571;Drone3:1607,338.1176,scanning,send,Drone3
Drone3_e1627,Drone3,Drone1:1611;Drone2:1581;Drone3:1627,339.3827,target_found,local,
Drone3_e1628,Drone3,Drone1:1617;Drone2:1581;Drone3:1628,339.6580,target_found,receive,Drone1
Drone1_e1618,Drone1,Drone1:1618;Drone2:1571;Drone3:1607,338.3010,scanning,local,
Drone1_e1619,Drone1,Drone1:1619;Drone2:1571;Drone3:1607,338.4496,scanning,local,
Drone3_e1629,Drone3,Drone1:1617;Drone2:1581;Drone3:1629,339.8924,target_found,local,
Drone1_e1620,Drone1,Drone1:1620;Drone2:1571;Drone3:1607,338.6344,scanning,send,Drone2
Drone1_e1621,Drone1,Drone1:1621;Drone2:1571;Drone3:1607,338.7445,scanning,local,
Drone1_e1622,Drone1,Drone1:1622;Drone2:1571;Drone3:1607,338.9462,target_found,local,
Drone1_e1623,Drone1,Drone1:1623;Drone2:1571;Drone3:1607,339.0810,target_found,send,Drone2
Drone3_e1630,Drone3,Drone1:1617;Drone2:1581;Drone3:1630,340.0254,target_found,send,Drone2
Drone1_e1624,Drone1,Drone1:1624;Drone2:1571;Drone3:1607,339.1420,target_found,local,
Drone2_e1586,Drone2,Drone1:1612;Drone2:1586;Drone3:1614,338.0862,relative_computed,local,
Drone1_e1625,Drone1,Drone1:1625;Drone2:1571;Drone3:1607,339.2143,target_found,local,
Drone1_e1626,Drone1,Drone1:1626;Drone2:1571;Drone3:1607,339.2822,target_found,local,
Drone3_e1631,Drone3,Drone1:1617;Drone2:1581;Drone3:1631,340.0954,target_found,local,
Drone2_e1587,Drone2,Drone1:1612;Drone2:1587;Drone3:1614,338.3065,relative_computed,local,
Drone2_e1588,Drone2,Drone1:1617;Drone2:1588;Drone3:1630,340.2704,relative_computed,receive,Drone3
Drone3_e1632,Drone3,Drone1:1617;Drone2:1581;Drone3:1632,340.3611,position_measured,local,
Drone3_e1633,Drone3,Drone1:1617;Drone2:1581;Drone3:1633,340.4524,position_measured,send,Drone2
Drone3_e1634,Drone3,Drone1:1617;Drone2:1581;Drone3:1634,340.6488,position_measured,local,
Drone1_e1627,Drone1,Drone1:1627;Drone2:1571;Drone3:1607,339.4524,target_found,local,
Drone1_e1628,Drone1,Drone1:1628;Drone2:1571;Drone3:1607,339.7260,target_found,local,
Drone3_e1635,Drone3,Drone1:1617;Drone2:1581;Drone3:1635,340.8957,position_measured,local,
Drone3_e1636,Drone3,Drone1:1617;Drone2:1581;Drone3:1636,340.9522,position_measured,local,
Drone1_e1629,Drone1,Drone1:1629;Drone2:1571;Drone3:1607,339.8542,target_found,local,
Drone3_e1637,Drone3,Drone1:1617;Drone2:1581;Drone3:1637,341.1903,position_measured,send,Drone2
Drone2_e1589,Drone2,Drone1:1617;Drone2:1589;Drone3:1633,340.6525,relative_computed,receive,Drone3
Drone3_e1638,Drone3,Drone1:1617;Drone2:1581;Drone3:1638,341.3121,position_measured,local,
Drone3_e1639,Drone3,Drone1:1617;Drone2:1581;Drone3:1639,341.3812,position_measured,local,
Drone1_e1630,Drone1,Drone1:1630;Drone2:1571;Drone3:1607,339.9764,target_found,local,
Drone3_e1640,Drone3,Drone1:1617;Drone2:1581;Drone3:1640,341.5098,position_measured,local,
Drone2_e1590,Drone2,Drone1:1617;Drone2:1590;Drone3:1633,340.8193,relative_computed,receive,Drone1
Drone1_e1631,Drone1,Drone1:1631;Drone2:1571;Drone3:1607,340.0271,target_found,local,
Drone2_e1591,Drone2,Drone1:1617;Drone2:1591;Drone3:1633,340.9638,relative_computed,local,
Drone3_e1641,Drone3,Drone1:1617;Drone2:1581;Drone3:1641,341.6501,position_measured,local,
Drone3_e1642,Drone3,Drone1:1617;Drone2:1581;Drone3:1642,341.8014,position_sent,send,Drone1
Drone3_e1643,Drone3,Drone1:1617;Drone2:1581;Drone3:1643,341.8887,position_sent,send,Drone2
Drone2_e1592,Drone2,Drone1:1617;Drone2:1592;Drone3:1633,341.2614,formation_hold,local,
Drone2_e1593,Drone2,Drone1:1617;Drone2:1593;Drone3:1633,341.4030,formation_hold,local,
Drone1_e1632,Drone1,Drone1:1632;Drone2:1571;Drone3:1607,340.1709,position_measured,local,
Drone1_e1633,Drone1,Drone1:1633;Drone2:1571;Drone3:1607,340.2308,position_measured,local,
Drone2_e1594,Drone2,Drone1:1617;Drone2:1594;Drone3:1637,341.5131,formation_hold,receive,Drone3
Drone3_e1644,Drone3,Drone1:1617;Drone2:1581;Drone3:1644,342.0783,position_sent,local,
Drone3_e1645,Drone3,Drone1:1617;Drone2:1581;Drone3:1645,342.3780,position_sent,local,
Drone3_e1646,Drone3,Drone1:1617;Drone2:1581;Drone3:1646,342.6663,position_sent,local,
Drone3_e1647,Drone3,Drone1:1617;Drone2:1581;Drone3:1647,342.7314,position_sent,send,Drone1
Drone1_e1634,Drone1,Drone1:1634;Drone2:1571;Drone3:1607,340.4971,position_measured,local,
Drone2_e1595,Drone2,Drone1:1617;Drone2:1595;Drone3:1637,341.5941,formation_hold,local,
Drone3_e1648,Drone3,Drone1:1617;Drone2:1581;Drone3:1648,342.9661,position_sent,local,
Drone2_e1596,Drone2,Drone1:1617;Drone2:1596;Drone3:1637,341.7088,formation_hold,local,
Drone3_e1649,Drone3,Drone1:1617;Drone2:1581;Drone3:1649,343.1407,position_sent,send,Drone2
Drone1_e1635,Drone1,Drone1:1635;Drone2:1571;Drone3:1607,340.6416,position_measured,local,
Drone1_e1636,Drone1,Drone1:1636;Drone2:1571;Drone3:1607,340.7077,position_measured,local,
Drone2_e1597,Drone2,Drone1:1617;Drone2:1597;Drone3:1643,341.9741,formation_hold,receive,Drone3
Drone2_e1598,Drone2,Drone1:1617;Drone2:1598;Drone3:1643,342.0979,formation_hold,local,
Drone1_e1637,Drone1,Drone1:1637;Drone2:1571;Drone3:1607,340.9190,position_measured,local,
Drone3_e1650,Drone3,Drone1:1617;Drone2:1581;Drone3:1650,343.2926,position_sent,local,
Drone1_e1638,Drone1,Drone1:1638;Drone2:1581;Drone3:1642,342.0405,position_measured,receive,Drone3
Drone1_e1639,Drone1,Drone1:1639;Drone2:1581;Drone3:1647,342.8349,position_measured,receive,Drone3
Drone2_e1599,Drone2,Drone1:1617;Drone2:1599;Drone3:1643,342.2109,formation_hold,local,
Drone2_e1600,Drone2,Drone1:1617;Drone2:1600;Drone3:1643,342.4664,formation_hold,local,
Drone2_e1601,Drone2,Drone1:1617;Drone2:1601;Drone3:1643,342.6743,formation_hold,local,
Drone1_e1640,Drone1,Drone1:1640;Drone2:1581;Drone3:1647,343.0725,position_measured,local,
Drone2_e1602,Drone2,Drone1:1617;Drone2:1602;Drone3:1643,342.7349,idle,local,
Drone2_e1603,Drone2,Drone1:1617;Drone2:1603;Drone3:1643,342.9651,idle,local,
Drone2_e1604,Drone2,Drone1:1617;Drone2:1604;Drone3:1649,343.2641,idle,receive,Drone3
Drone3_e1651,Drone3,Drone1:1617;Drone2:1581;Drone3:1651,343.4601,position_sent,send,Drone1
Drone2_e1605,Drone2,Drone1:1617;Drone2:1605;Drone3:1649,343.3841,idle,local,
Drone2_e1606,Drone2,Drone1:1617;Drone2:1606;Drone3:1649,343.6741,idle,local,
Drone3_e1652,Drone3,Drone1:1617;Drone2:1581;Drone3:1652,343.7396,processing,local,
Drone1_e1641,Drone1,Drone1:1641;Drone2:1581;Drone3:1647,343.2146,position_measured,local,
Drone3_e1653,Drone3,Drone1:1617;Drone2:1581;Drone3:1653,343.9193,processing,local,
Drone2_e1607,Drone2,Drone1:1620;Drone2:1607;Drone3:1649,343.8405,idle,receive,Drone1
Drone3_e1654,Drone3,Drone1:1617;Drone2:1581;Drone3:1654,343.9786,processing,send,Drone2
Drone3_e1655,Drone3,Drone1:1617;Drone2:1581;Drone3:1655,344.2769,processing,local,
Drone2_e1608,Drone2,Drone1:1620;Drone2:1608;Drone3:1654,344.0809,idle,receive,Drone3
Drone2_e1609,Drone2,Drone1:1623;Drone2:1609;Drone3:1654,344.2777,idle,receive,Drone1
Drone3_e1656,Drone3,Drone1:1617;Drone2:1581;Drone3:1656,344.5286,processing,send,Drone1
Drone1_e1642,Drone1,Drone1:1642;Drone2:1581;Drone3:1651,343.6416,position_sent,receive,Drone3
Drone3_e1657,Drone3,Drone1:1617;Drone2:1581;Drone3:1657,344.6095,processing,local,
Drone1_e1643,Drone1,Drone1:1643;Drone2:1581;Drone3:1651,343.7413,position_sent,local,
Drone3_e1658,Drone3,Drone1:1617;Drone2:1581;Drone3:1658,344.7827,processing,send,Drone1
Drone1_e1644,Drone1,Drone1:1644;Drone2:1581;Drone3:1651,343.8720,position_sent,local,
Drone1_e1645,Drone1,Drone1:1645;Drone2:1581;Drone3:1656,344.7923,position_sent,receive,Drone3
Drone3_e1659,Drone3,Drone1:1617;Drone2:1581;Drone3:1659,345.0622,processing,send,Drone1
Drone3_e1660,Drone3,Drone1:1617;Drone2:1581;Drone3:1660,345.2364,processing,local,
Drone2_e1610,Drone2,Drone1:1623;Drone2:1610;Drone3:1654,344.3515,idle,local,
Drone3_e1661,Drone3,Drone1:1617;Drone2:1581;Drone3:1661,345.4811,processing,local,
Drone3_e1662,Drone3,Drone1:1617;Drone2:1581;Drone3:1662,345.7541,relative_computed,local,
Drone1_e1646,Drone1,Drone1:1646;Drone2:1581;Drone3:1656,344.8945,position_sent,local,
Drone1_e1647,Drone1,Drone1:1647;Drone2:1581;Drone3:1656,344.9518,position_sent,local,
Drone1_e1648,Drone1,Drone1:1648;Drone2:1581;Drone3:1658,345.0298,position_sent,receive,Drone3
Drone1_e1649,Drone1,Drone1:1649;Drone2:1581;Drone3:1658,345.2108,position_sent,local,
Drone1_e1650,Drone1,Drone1:1650;Drone2:1581;Drone3:1659,345.3443,position_sent,receive,Drone3
Drone3_e1663,Drone3,Drone1:1617;Drone2:1581;Drone3:1663,345.8700,relative_computed,local,
Drone2_e1611,Drone2,Drone1:1623;Drone2:1611;Drone3:1654,344.5505,idle,local,
Drone3_e1664,Drone3,Drone1:1617;Drone2:1581;Drone3:1664,346.1492,relative_computed,local,
Drone3_e1665,Drone3,Drone1:1617;Drone2:1581;Drone3:1665,346.2971,relative_computed,local,
Drone3_e1666,Drone3,Drone1:1617;Drone2:1581;Drone3:1666,346.3806,relative_computed,local,
Drone1_e1651,Drone1,Drone1:1651;Drone2:1581;Drone3:1659,345.5964,position_sent,send,Drone2
Drone3_e1667,Drone3,Drone1:1617;Drone2:1581;Drone3:1667,346.5744,relative_computed,local,
Drone1_e1652,Drone1,Drone1:1652;Drone2:1581;Drone3:1659,345.7028,processing,local,
Drone2_e1612,Drone2,Drone1:1623;Drone2:1612;Drone3:1654,344.6862,scanning,local,
Drone1_e1653,Drone1,Drone1:1653;Drone2:1581;Drone3:1659,345.9420,processing,local,
Drone2_e1613,Drone2,Drone1:1651;Drone2:1613;Drone3:1659,345.8818,scanning,receive,Drone1
Drone3_e1668,Drone3,Drone1:1617;Drone2:1581;Drone3:1668,346.6614,relative_computed,local,
Drone1_e1654,Drone1,Drone1:1654;Drone2:1581;Drone3:1659,346.0758,processing,local,
Drone2_e1614,Drone2,Drone1:1651;Drone2:1614;Drone3:1659,346.1652,scanning,send,Drone3
Drone3_e1669,Drone3,Drone1:1617;Drone2:1581;Drone3:1669,346.8940,relative_computed,local,
Drone1_e1655,Drone1,Drone1:1655;Drone2:1581;Drone3:1659,346.2276,processing,local,
Drone3_e1670,Drone3,Drone1:1651;Drone2:1614;Drone3:1670,347.1017,relative_computed,receive,Drone2
Drone2_e1615,Drone2,Drone1:1651;Drone2:1615;Drone3:1659,346.3224,scanning,send,Drone3
Drone3_e1671,Drone3,Drone1:1651;Drone2:1615;Drone3:1671,347.1808,relative_computed,receive,Drone2
Drone1_e1656,Drone1,Drone1:1656;Drone2:1581;Drone3:1659,346.4892,processing,local,
Drone1_e1657,Drone1,Drone1:1657;Drone2:1581;Drone3:1659,346.7579,processing,local,
Drone1_e1658,Drone1,Drone1:1658;Drone2:1581;Drone3:1659,346.8587,processing,local,
Drone2_e1616,Drone2,Drone1:1651;Drone2:1616;Drone3:1659,346.5243,scanning,local,
Drone1_e1659,Drone1,Drone1:1659;Drone2:1581;Drone3:1659,347.0800,processing,local,
Drone1_e1660,Drone1,Drone1:1660;Drone2:1581;Drone3:1659,347.3162,processing,local,
Drone1_e1661,Drone1,Drone1:1661;Drone2:1581;Drone3:1659,347.5581,processing,local,
Drone2_e1617,Drone2,Drone1:1651;Drone2:1617;Drone3:1659,346.6632,scanning,local,
Drone2_e1618,Drone2,Drone1:1651;Drone2:1618;Drone3:1659,346.7591,scanning,local,
Drone3_e1672,Drone3,Drone1:1651;Drone2:1615;Drone3:1672,347.3369,formation_hold,send,Drone2
Drone3_e1673,Drone3,Drone1:1651;Drone2:1615;Drone3:1673,347.4226,formation_hold,local,
Drone1_e1662,Drone1,Drone1:1662;Drone2:1581;Drone3:1659,347.8160,relative_computed,local,
Drone2_e1619,Drone2,Drone1:1651;Drone2:1619;Drone3:1659,346.8191,scanning,local,
Drone1_e1663,Drone1,Drone1:1663;Drone2:1581;Drone3:1659,348.0046,relative_computed,local,
Drone3_e1674,Drone3,Drone1:1651;Drone2:1615;Drone3:1674,347.6676,formation_hold,local,
Drone2_e1620,Drone2,Drone1:1651;Drone2:1620;Drone3:1672,347.6026,scanning,receive,Drone3
Drone3_e1675,Drone3,Drone1:1651;Drone2:1615;Drone3:1675,347.8498,formation_hold,local,
Drone2_e1621,Drone2,Drone1:1651;Drone2:1621;Drone3:1672,347.8139,scanning,send,Drone1
Drone3_e1676,Drone3,Drone1:1651;Drone2:1615;Drone3:1676,347.9131,formation_hold,local,
Drone3_e1677,Drone3,Drone1:1651;Drone2:1615;Drone3:1677,348.1359,formation_hold,local,
Drone1_e1664,Drone1,Drone1:1664;Drone2:1581;Drone3:1659,348.0665,relative_computed,local,
Drone2_e1622,Drone2,Drone1:1651;Drone2:1622;Drone3:1672,348.0091,target_found,local,
Drone1_e1665,Drone1,Drone1:1665;Drone2:1581;Drone3:1659,348.1879,relative_computed,local,
Drone1_e1666,Drone1,Drone1:1666;Drone2:1581;Drone3:1659,348.4166,relative_computed,local,
Drone2_e1623,Drone2,Drone1:1651;Drone2:1623;Drone3:1672,348.2048,target_found,local,
Drone1_e1667,Drone1,Drone1:1667;Drone2:1581;Drone3:1659,348.6161,relative_computed,local,
Drone3_e1678,Drone3,Drone1:1651;Drone2:1615;Drone3:1678,348.3424,formation_hold,local,
Drone3_e1679,Drone3,Drone1:1651;Drone2:1615;Drone3:1679,348.4864,formation_hold,local,
Drone3_e1680,Drone3,Drone1:1651;Drone2:1615;Drone3:1680,348.5588,formation_hold,send,Drone2
Drone3_e1681,Drone3,Drone1:1651;Drone2:1615;Drone3:1681,348.7536,formation_hold,send,Drone2
Drone3_e1682,Drone3,Drone1:1651;Drone2:1615;Drone3:1682,348.8656,idle,local,
Drone2_e1624,Drone2,Drone1:1651;Drone2:1624;Drone3:1672,348.3284,target_found,local,
Drone3_e1683,Drone3,Drone1:1651;Drone2:1615;Drone3:1683,349.0580,idle,local,
Drone1_e1668,Drone1,Drone1:1668;Drone2:1581;Drone3:1659,348.8887,relative_computed,local,
Drone1_e1669,Drone1,Drone1:1669;Drone2:1621;Drone3:1672,349.0123,relative_computed,receive,Drone2
Drone1_e1670,Drone1,Drone1:1670;Drone2:1621;Drone3:1672,349.1698,relative_computed,local,
Drone3_e1684,Drone3,Drone1:1651;Drone2:1615;Drone3:1684,349.3424,idle,local,
Drone2_e1625,Drone2,Drone1:1651;Drone2:1625;Drone3:1672,348.3842,target_found,local,
Drone3_e1685,Drone3,Drone1:1651;Drone2:1615;Drone3:1685,349.4919,idle,local,
Drone1_e1671,Drone1,Drone1:1671;Drone2:1621;Drone3:1672,349.3242,relative_computed,local,
Drone1_e1672,Drone1,Drone1:1672;Drone2:1621;Drone3:1672,349.4177,formation_hold,local,
Drone1_e1673,Drone1,Drone1:1673;Drone2:1621;Drone3:1672,349.7034,formation_hold,local,
Drone3_e1686,Drone3,Drone1:1651;Drone2:1615;Drone3:1686,349.6233,idle,send,Drone1
Drone3_e1687,Drone3,Drone1:1651;Drone2:1615;Drone3:1687,349.7638,idle,local,
Drone1_e1674,Drone1,Drone1:1674;Drone2:1621;Drone3:1672,349.8835,formation_hold,local,
Drone3_e1688,Drone3,Drone1:1651;Drone2:1615;Drone3:1688,350.0030,idle,local,
Drone2_e1626,Drone2,Drone1:1651;Drone2:1626;Drone3:1672,348.6585,target_found,local,
Drone2_e1627,Drone2,Drone1:1651;Drone2:1627;Drone3:1672,348.7379,target_found,local,
Drone1_e1675,Drone1,Drone1:1675;Drone2:1621;Drone3:1672,350.0751,formation_hold,local,
Drone2_e1628,Drone2,Drone1:1651;Drone2:1628;Drone3:1680,348.8895,target_found,receive,Drone3
Drone2_e1629,Drone2,Drone1:1651;Drone2:1629;Drone3:1680,348.9761,target_found,local,
Drone3_e1689,Drone3,Drone1:1651;Drone2:1615;Drone3:1689,350.1963,idle,send,Drone2
Drone2_e1630,Drone2,Drone1:1651;Drone2:1630;Drone3:1680,349.0444,target_found,local,
Drone1_e1676,Drone1,Drone1:1676;Drone2:1621;Drone3:1686,350.3272,formation_hold,receive,Drone3
Drone1_e1677,Drone1,Drone1:1677;Drone2:1621;Drone3:1686,350.5487,formation_hold,local,
Drone1_e1678,Drone1,Drone1:1678;Drone2:1621;Drone3:1686,350.8005,formation_hold,local,
Drone2_e1631,Drone2,Drone1:1651;Drone2:1631;Drone3:1680,349.3395,target_found,local,
Drone2_e1632,Drone2,Drone1:1651;Drone2:1632;Drone3:1681,349.5771,position_measured,receive,Drone3
Drone2_e1633,Drone2,Drone1:1651;Drone2:1633;Drone3:1689,350.3092,position_measured,receive,Drone3
Drone2_fragile,Drone2,Drone1:1651;Drone2:1634;Drone3:1689,351.8005,late_beacon,local,
Drone1_fragile,Drone1,Drone1:1679;Drone2:1621;Drone3:1686,353.8005,early_beacon,local,
